system,run,method,calib,sparsity,scope,scope_key,pruned_directions,repaired,source_system,direction,into_english,in_scope,n_segments,comet,bleu,chrf,comet_minus_dense,bleu_minus_dense,chrf_minus_dense,comet_minus_multi,off_target_rate,repetition_rate,budget_hit_rate,truncation_rate,empty_rate,length_ratio,source_copy_rate,unverifiable_rate,off_target_rate_open,source_language_rate,wasted_token_fraction,bleu_token_length_ratio
alma-7b,alma-7b__alma10-greedy-300__63d55369fea1,dense,,0,,,,False,,cs-en,True,True,300,0.852433,41.9853,63.3345,0,0,0,,0.0067,0,0,0,0,0.9877,0.0033,0.0033,0.0067,0.0067,0.0051,1.0069
alma-7b,alma-7b__alma10-greedy-300__63d55369fea1,dense,,0,,,,False,,de-en,True,True,300,0.83921,31.3168,53.7946,0,0,0,,0.0067,0,0,0,0,0.9442,0,0.0033,0.01,0.0067,0.0073,0.9656
alma-7b,alma-7b__alma10-greedy-300__63d55369fea1,dense,,0,,,,False,,is-en,True,True,300,0.862663,38.2493,58.4969,0,0,0,,0.0033,0,0,0,0,0.9448,0,0,0.0033,0.0033,0.0057,0.9724
alma-7b,alma-7b__alma10-greedy-300__63d55369fea1,dense,,0,,,,False,,ru-en,True,True,300,0.846423,36.937,60.4107,0,0,0,,0,0,0,0,0,0.9766,0.0033,0.0067,0.0233,0,0.0079,0.9916
alma-7b,alma-7b__alma10-greedy-300__63d55369fea1,dense,,0,,,,False,,zh-en,True,True,300,0.796135,19.842,48.3065,0,0,0,,0,0,0,0,0,0.9486,0,0.01,0.01,0,0.0045,0.9706
alma-7b,alma-7b__alma10-greedy-300__63d55369fea1,dense,,0,,,,False,,en-cs,False,True,300,0.870304,24.9305,48.3848,0,0,0,,0,0,0,0,0,0.9411,0,0.0233,0.02,0,0.0067,0.9703
alma-7b,alma-7b__alma10-greedy-300__63d55369fea1,dense,,0,,,,False,,en-de,False,True,300,0.852964,27.9915,54.7341,0,0,0,,0.01,0,0,0,0,0.9856,0.01,0.0033,0.0133,0.01,0.0123,1.0032
alma-7b,alma-7b__alma10-greedy-300__63d55369fea1,dense,,0,,,,False,,en-is,False,True,300,0.841839,23.7506,49.2784,0,0,0,,0,0,0,0,0,0.9612,0,0,0,0,0.0044,0.9721
alma-7b,alma-7b__alma10-greedy-300__63d55369fea1,dense,,0,,,,False,,en-ru,False,True,300,0.861081,25.006,48.4155,0,0,0,,0,0,0,0,0,0.9802,0,0.0133,0.0533,0,0.0092,1.0151
alma-7b,alma-7b__alma10-greedy-300__63d55369fea1,dense,,0,,,,False,,en-zh,False,True,300,0.850735,33.5024,26.234,0,0,0,,0,0,0,0,0,0.972,0,0.1633,0.0167,0,0,1.0015
alma-7b-s2-slimgpt20-ref-multi,alma-7b-s2-slimgpt20-ref-multi__alma10-greedy-300__2224000a5f78,slimgpt,ref,20,multi,,cs-en+de-en+is-en+ru-en+zh-en+en-cs+en-de+en-is+en-ru+en-zh,False,,cs-en,True,True,300,0.841234,38.1116,60.5547,-0.011199,-3.8737,-2.7798,0,0.0067,0,0,0,0,0.9807,0.0033,0.0033,0.0067,0.0067,0.005,0.9931
alma-7b-s2-slimgpt20-ref-multi,alma-7b-s2-slimgpt20-ref-multi__alma10-greedy-300__2224000a5f78,slimgpt,ref,20,multi,,cs-en+de-en+is-en+ru-en+zh-en+en-cs+en-de+en-is+en-ru+en-zh,False,,de-en,True,True,300,0.830569,28.2469,51.5509,-0.008641,-3.0699,-2.2437,0,0.0067,0,0,0,0,0.9264,0,0,0.0133,0.0067,0.0068,0.9413
alma-7b-s2-slimgpt20-ref-multi,alma-7b-s2-slimgpt20-ref-multi__alma10-greedy-300__2224000a5f78,slimgpt,ref,20,multi,,cs-en+de-en+is-en+ru-en+zh-en+en-cs+en-de+en-is+en-ru+en-zh,False,,is-en,True,True,300,0.859762,36.233,57.2231,-0.002901,-2.0163,-1.2738,0,0.0033,0,0,0,0,0.9567,0,0,0.0133,0.0033,0.0062,0.9785
alma-7b-s2-slimgpt20-ref-multi,alma-7b-s2-slimgpt20-ref-multi__alma10-greedy-300__2224000a5f78,slimgpt,ref,20,multi,,cs-en+de-en+is-en+ru-en+zh-en+en-cs+en-de+en-is+en-ru+en-zh,False,,ru-en,True,True,300,0.835729,34.9805,58.8371,-0.010694,-1.9565,-1.5736,0,0,0,0,0,0,0.9841,0.0033,0.0067,0.0167,0,0.0066,0.9931
alma-7b-s2-slimgpt20-ref-multi,alma-7b-s2-slimgpt20-ref-multi__alma10-greedy-300__2224000a5f78,slimgpt,ref,20,multi,,cs-en+de-en+is-en+ru-en+zh-en+en-cs+en-de+en-is+en-ru+en-zh,False,,zh-en,True,True,300,0.790137,18.008,46.0083,-0.005998,-1.834,-2.2982,0,0,0,0,0,0,0.8996,0,0.0067,0.0133,0,0.0049,0.9223
alma-7b-s2-slimgpt20-ref-multi,alma-7b-s2-slimgpt20-ref-multi__alma10-greedy-300__2224000a5f78,slimgpt,ref,20,multi,,cs-en+de-en+is-en+ru-en+zh-en+en-cs+en-de+en-is+en-ru+en-zh,False,,en-cs,False,True,300,0.851424,22.83,46.1382,-0.01888,-2.1005,-2.2466,0,0.0067,0.0033,0.0033,0.0033,0,0.9706,0.0067,0.0267,0.0233,0.0067,0.0061,0.9994
alma-7b-s2-slimgpt20-ref-multi,alma-7b-s2-slimgpt20-ref-multi__alma10-greedy-300__2224000a5f78,slimgpt,ref,20,multi,,cs-en+de-en+is-en+ru-en+zh-en+en-cs+en-de+en-is+en-ru+en-zh,False,,en-de,False,True,300,0.843187,24.5596,52.2187,-0.009777,-3.4319,-2.5154,0,0.02,0,0,0,0,0.9792,0.02,0,0.02,0.02,0.0132,0.9991
alma-7b-s2-slimgpt20-ref-multi,alma-7b-s2-slimgpt20-ref-multi__alma10-greedy-300__2224000a5f78,slimgpt,ref,20,multi,,cs-en+de-en+is-en+ru-en+zh-en+en-cs+en-de+en-is+en-ru+en-zh,False,,en-is,False,True,300,0.826012,21.4293,46.7699,-0.015827,-2.3213,-2.5085,0,0,0,0,0,0,0.9556,0,0,0,0,0.0043,0.9756
alma-7b-s2-slimgpt20-ref-multi,alma-7b-s2-slimgpt20-ref-multi__alma10-greedy-300__2224000a5f78,slimgpt,ref,20,multi,,cs-en+de-en+is-en+ru-en+zh-en+en-cs+en-de+en-is+en-ru+en-zh,False,,en-ru,False,True,300,0.844857,22.6013,46.1395,-0.016224,-2.4047,-2.276,0,0,0,0,0,0,0.9724,0,0.01,0.05,0,0.0107,1.0078
alma-7b-s2-slimgpt20-ref-multi,alma-7b-s2-slimgpt20-ref-multi__alma10-greedy-300__2224000a5f78,slimgpt,ref,20,multi,,cs-en+de-en+is-en+ru-en+zh-en+en-cs+en-de+en-is+en-ru+en-zh,False,,en-zh,False,True,300,0.837186,30.2734,25.239,-0.013549,-3.229,-0.995,0,0,0,0,0,0,0.9952,0,0.1767,0.0233,0,0,1.0103
alma-7b-s2-slimgpt30-ref-multi,alma-7b-s2-slimgpt30-ref-multi__alma10-greedy-300__015ddfde4c72,slimgpt,ref,30,multi,,cs-en+de-en+is-en+ru-en+zh-en+en-cs+en-de+en-is+en-ru+en-zh,False,,cs-en,True,True,300,0.836635,35.5754,58.5073,-0.015798,-6.4099,-4.8272,0,0.0033,0,0,0,0,0.9647,0,0,0.0033,0.0033,0.0042,0.9795
alma-7b-s2-slimgpt30-ref-multi,alma-7b-s2-slimgpt30-ref-multi__alma10-greedy-300__015ddfde4c72,slimgpt,ref,30,multi,,cs-en+de-en+is-en+ru-en+zh-en+en-cs+en-de+en-is+en-ru+en-zh,False,,de-en,True,True,300,0.8299,26.7463,50.3802,-0.00931,-4.5705,-3.4144,0,0.0033,0,0,0,0,0.92,0,0.0033,0.0067,0.0033,0.0064,0.93
alma-7b-s2-slimgpt30-ref-multi,alma-7b-s2-slimgpt30-ref-multi__alma10-greedy-300__015ddfde4c72,slimgpt,ref,30,multi,,cs-en+de-en+is-en+ru-en+zh-en+en-cs+en-de+en-is+en-ru+en-zh,False,,is-en,True,True,300,0.846745,33.1032,54.8213,-0.015918,-5.1461,-3.6756,0,0.0033,0,0,0,0,0.949,0,0,0.0167,0.0033,0.0056,0.9726
alma-7b-s2-slimgpt30-ref-multi,alma-7b-s2-slimgpt30-ref-multi__alma10-greedy-300__015ddfde4c72,slimgpt,ref,30,multi,,cs-en+de-en+is-en+ru-en+zh-en+en-cs+en-de+en-is+en-ru+en-zh,False,,ru-en,True,True,300,0.828466,32.7285,57.152,-0.017957,-4.2085,-3.2587,0,0,0,0,0,0,0.9706,0.0033,0.0067,0.0167,0,0.0071,0.9834
alma-7b-s2-slimgpt30-ref-multi,alma-7b-s2-slimgpt30-ref-multi__alma10-greedy-300__015ddfde4c72,slimgpt,ref,30,multi,,cs-en+de-en+is-en+ru-en+zh-en+en-cs+en-de+en-is+en-ru+en-zh,False,,zh-en,True,True,300,0.771364,17.189,44.2479,-0.024771,-2.653,-4.0586,0,0,0,0.0033,0.0033,0,0.9081,0,0.0067,0.0133,0,0.0036,0.9335
alma-7b-s2-slimgpt30-ref-multi,alma-7b-s2-slimgpt30-ref-multi__alma10-greedy-300__015ddfde4c72,slimgpt,ref,30,multi,,cs-en+de-en+is-en+ru-en+zh-en+en-cs+en-de+en-is+en-ru+en-zh,False,,en-cs,False,True,300,0.838387,20.0809,44.0929,-0.031917,-4.8496,-4.2919,0,0.0067,0,0,0,0,0.9515,0.0033,0.02,0.0133,0.0067,0.0064,0.9761
alma-7b-s2-slimgpt30-ref-multi,alma-7b-s2-slimgpt30-ref-multi__alma10-greedy-300__015ddfde4c72,slimgpt,ref,30,multi,,cs-en+de-en+is-en+ru-en+zh-en+en-cs+en-de+en-is+en-ru+en-zh,False,,en-de,False,True,300,0.829019,23.1737,51.0021,-0.023945,-4.8178,-3.732,0,0.0167,0,0,0,0,0.9811,0.0167,0,0.0167,0.0167,0.0121,1.0149
alma-7b-s2-slimgpt30-ref-multi,alma-7b-s2-slimgpt30-ref-multi__alma10-greedy-300__015ddfde4c72,slimgpt,ref,30,multi,,cs-en+de-en+is-en+ru-en+zh-en+en-cs+en-de+en-is+en-ru+en-zh,False,,en-is,False,True,300,0.803927,18.6268,43.5543,-0.037912,-5.1238,-5.7241,0,0.0033,0,0,0,0,0.9437,0,0,0.0067,0.0033,0.0045,0.973
alma-7b-s2-slimgpt30-ref-multi,alma-7b-s2-slimgpt30-ref-multi__alma10-greedy-300__015ddfde4c72,slimgpt,ref,30,multi,,cs-en+de-en+is-en+ru-en+zh-en+en-cs+en-de+en-is+en-ru+en-zh,False,,en-ru,False,True,300,0.826054,20.5119,43.6068,-0.035027,-4.4941,-4.8087,0,0,0,0,0,0,0.9587,0,0.01,0.0567,0,0.0108,1.0052
alma-7b-s2-slimgpt30-ref-multi,alma-7b-s2-slimgpt30-ref-multi__alma10-greedy-300__015ddfde4c72,slimgpt,ref,30,multi,,cs-en+de-en+is-en+ru-en+zh-en+en-cs+en-de+en-is+en-ru+en-zh,False,,en-zh,False,True,300,0.81295,28.2289,22.6916,-0.037785,-5.2735,-3.5424,0,0,0,0.0033,0.0033,0,0.9803,0,0.1867,0.0167,0,0,0.9934
alma-7b-s2-slimgpt40-ref-multi,alma-7b-s2-slimgpt40-ref-multi__alma10-greedy-300__df5470df22f3,slimgpt,ref,40,multi,,cs-en+de-en+is-en+ru-en+zh-en+en-cs+en-de+en-is+en-ru+en-zh,False,,cs-en,True,True,300,0.825251,33.9017,56.7456,-0.027182,-8.0836,-6.5889,0,0.0033,0,0,0,0,0.9494,0,0,0.0033,0.0033,0.0034,0.965
alma-7b-s2-slimgpt40-ref-multi,alma-7b-s2-slimgpt40-ref-multi__alma10-greedy-300__df5470df22f3,slimgpt,ref,40,multi,,cs-en+de-en+is-en+ru-en+zh-en+en-cs+en-de+en-is+en-ru+en-zh,False,,de-en,True,True,300,0.821479,25.63,49.7251,-0.017731,-5.6868,-4.0695,0,0.0067,0,0,0,0,0.9159,0,0.0033,0.0133,0.0067,0.0069,0.9218
alma-7b-s2-slimgpt40-ref-multi,alma-7b-s2-slimgpt40-ref-multi__alma10-greedy-300__df5470df22f3,slimgpt,ref,40,multi,,cs-en+de-en+is-en+ru-en+zh-en+en-cs+en-de+en-is+en-ru+en-zh,False,,is-en,True,True,300,0.842236,31.7858,53.6708,-0.020427,-6.4635,-4.8261,0,0.0033,0,0,0,0,0.9331,0,0,0.0167,0.0033,0.0059,0.9564
alma-7b-s2-slimgpt40-ref-multi,alma-7b-s2-slimgpt40-ref-multi__alma10-greedy-300__df5470df22f3,slimgpt,ref,40,multi,,cs-en+de-en+is-en+ru-en+zh-en+en-cs+en-de+en-is+en-ru+en-zh,False,,ru-en,True,True,300,0.813417,30.4791,55.5907,-0.033006,-6.4579,-4.82,0,0,0.0033,0.0033,0.0033,0,0.9991,0.0033,0.0067,0.0167,0,0.007,1.0211
alma-7b-s2-slimgpt40-ref-multi,alma-7b-s2-slimgpt40-ref-multi__alma10-greedy-300__df5470df22f3,slimgpt,ref,40,multi,,cs-en+de-en+is-en+ru-en+zh-en+en-cs+en-de+en-is+en-ru+en-zh,False,,zh-en,True,True,300,0.753118,15.5378,42.1822,-0.043017,-4.3042,-6.1243,0,0,0,0,0,0,0.8709,0,0.0067,0.0067,0,0.003,0.9012
alma-7b-s2-slimgpt40-ref-multi,alma-7b-s2-slimgpt40-ref-multi__alma10-greedy-300__df5470df22f3,slimgpt,ref,40,multi,,cs-en+de-en+is-en+ru-en+zh-en+en-cs+en-de+en-is+en-ru+en-zh,False,,en-cs,False,True,300,0.782147,17.7296,41.1081,-0.088157,-7.2009,-7.2767,0,0,0,0.0033,0.0033,0,0.9421,0,0.01,0.0267,0,0.0075,0.9718
alma-7b-s2-slimgpt40-ref-multi,alma-7b-s2-slimgpt40-ref-multi__alma10-greedy-300__df5470df22f3,slimgpt,ref,40,multi,,cs-en+de-en+is-en+ru-en+zh-en+en-cs+en-de+en-is+en-ru+en-zh,False,,en-de,False,True,300,0.801697,20.7515,47.426,-0.051267,-7.24,-7.3081,0,0.0167,0,0.0033,0.0033,0,0.9713,0.0167,0,0.02,0.0167,0.0123,0.9995
alma-7b-s2-slimgpt40-ref-multi,alma-7b-s2-slimgpt40-ref-multi__alma10-greedy-300__df5470df22f3,slimgpt,ref,40,multi,,cs-en+de-en+is-en+ru-en+zh-en+en-cs+en-de+en-is+en-ru+en-zh,False,,en-is,False,True,300,0.757451,15.7378,40.6969,-0.084388,-8.0128,-8.5815,0,0,0.0033,0.0033,0.0033,0,0.9606,0,0,0.0033,0,0.0046,1.0156
alma-7b-s2-slimgpt40-ref-multi,alma-7b-s2-slimgpt40-ref-multi__alma10-greedy-300__df5470df22f3,slimgpt,ref,40,multi,,cs-en+de-en+is-en+ru-en+zh-en+en-cs+en-de+en-is+en-ru+en-zh,False,,en-ru,False,True,300,0.800328,17.791,41.0656,-0.060753,-7.215,-7.3499,0,0,0,0.0033,0.0033,0,0.9766,0,0.01,0.04,0,0.0122,1.0207
alma-7b-s2-slimgpt40-ref-multi,alma-7b-s2-slimgpt40-ref-multi__alma10-greedy-300__df5470df22f3,slimgpt,ref,40,multi,,cs-en+de-en+is-en+ru-en+zh-en+en-cs+en-de+en-is+en-ru+en-zh,False,,en-zh,False,True,300,0.756583,23.0224,19.6903,-0.094152,-10.48,-6.5437,0,0,0,0.01,0.01,0,0.9508,0,0.1733,0.0267,0,0.0011,0.9612
alma-7b-s2-slimgpt20-ref-pair-cs,alma-7b-s2-slimgpt20-ref-pair-cs__alma10-greedy-300__5403e7fdba3e,slimgpt,ref,20,pair,cs,cs-en+en-cs,False,,cs-en,True,True,300,0.844978,38.302,60.411,-0.007455,-3.6833,-2.9235,0.003744,0.0067,0,0,0,0,0.9659,0.0033,0,0.0067,0.0067,0.0046,0.9796
alma-7b-s2-slimgpt20-ref-pair-cs,alma-7b-s2-slimgpt20-ref-pair-cs__alma10-greedy-300__5403e7fdba3e,slimgpt,ref,20,pair,cs,cs-en+en-cs,False,,de-en,True,False,300,0.827702,28.5558,51.695,-0.011508,-2.761,-2.0996,-0.002867,0.0033,0,0,0,0,0.9408,0,0,0.01,0.0033,0.0067,0.9499
alma-7b-s2-slimgpt20-ref-pair-cs,alma-7b-s2-slimgpt20-ref-pair-cs__alma10-greedy-300__5403e7fdba3e,slimgpt,ref,20,pair,cs,cs-en+en-cs,False,,is-en,True,False,300,0.858745,35.7558,57.2654,-0.003918,-2.4935,-1.2315,-0.001017,0.0067,0,0,0,0,0.9541,0,0,0.0133,0.0067,0.0059,0.9752
alma-7b-s2-slimgpt20-ref-pair-cs,alma-7b-s2-slimgpt20-ref-pair-cs__alma10-greedy-300__5403e7fdba3e,slimgpt,ref,20,pair,cs,cs-en+en-cs,False,,ru-en,True,False,300,0.830764,35.4104,58.6356,-0.015659,-1.5266,-1.7751,-0.004965,0,0,0,0,0,0.9828,0.0033,0.0067,0.0167,0,0.0075,0.9936
alma-7b-s2-slimgpt20-ref-pair-cs,alma-7b-s2-slimgpt20-ref-pair-cs__alma10-greedy-300__5403e7fdba3e,slimgpt,ref,20,pair,cs,cs-en+en-cs,False,,zh-en,True,False,300,0.784444,17.2696,45.371,-0.011691,-2.5724,-2.9355,-0.005693,0,0,0,0,0,0.932,0,0.0033,0.0067,0,0.0042,0.9573
alma-7b-s2-slimgpt20-ref-pair-cs,alma-7b-s2-slimgpt20-ref-pair-cs__alma10-greedy-300__5403e7fdba3e,slimgpt,ref,20,pair,cs,cs-en+en-cs,False,,en-cs,False,True,300,0.861263,22.6674,46.1757,-0.009041,-2.2631,-2.2091,0.009839,0,0,0,0,0,0.936,0,0.0233,0.0233,0,0.006,0.9631
alma-7b-s2-slimgpt20-ref-pair-cs,alma-7b-s2-slimgpt20-ref-pair-cs__alma10-greedy-300__5403e7fdba3e,slimgpt,ref,20,pair,cs,cs-en+en-cs,False,,en-de,False,False,300,0.830362,23.9351,51.3944,-0.022602,-4.0564,-3.3397,-0.012825,0.0067,0,0,0,0,0.9976,0.0033,0.0033,0.01,0.0067,0.0125,1.0157
alma-7b-s2-slimgpt20-ref-pair-cs,alma-7b-s2-slimgpt20-ref-pair-cs__alma10-greedy-300__5403e7fdba3e,slimgpt,ref,20,pair,cs,cs-en+en-cs,False,,en-is,False,False,300,0.788349,16.9971,42.5225,-0.05349,-6.7535,-6.7559,-0.037663,0.0033,0,0,0,0,0.9704,0.0033,0,0.0033,0.0033,0.0036,0.9971
alma-7b-s2-slimgpt20-ref-pair-cs,alma-7b-s2-slimgpt20-ref-pair-cs__alma10-greedy-300__5403e7fdba3e,slimgpt,ref,20,pair,cs,cs-en+en-cs,False,,en-ru,False,False,300,0.829018,21.0378,43.6398,-0.032063,-3.9682,-4.7757,-0.015839,0,0,0,0,0,0.9402,0,0.01,0.0433,0,0.0102,0.9811
alma-7b-s2-slimgpt20-ref-pair-cs,alma-7b-s2-slimgpt20-ref-pair-cs__alma10-greedy-300__5403e7fdba3e,slimgpt,ref,20,pair,cs,cs-en+en-cs,False,,en-zh,False,False,300,0.70561,21.1066,16.1408,-0.145125,-12.3958,-10.0932,-0.131576,0.0033,0,0.07,0.07,0,1.3831,0,0.1833,0.0633,0.0033,0.1683,0.816
alma-7b-s2-slimgpt20-ref-pair-de,alma-7b-s2-slimgpt20-ref-pair-de__alma10-greedy-300__7aa2b594f7c3,slimgpt,ref,20,pair,de,de-en+en-de,False,,cs-en,True,False,300,0.846806,39.4247,61.4257,-0.005627,-2.5606,-1.9088,0.005572,0.0033,0,0,0,0,0.9868,0.0033,0,0.0033,0.0033,0.005,1.0013
alma-7b-s2-slimgpt20-ref-pair-de,alma-7b-s2-slimgpt20-ref-pair-de__alma10-greedy-300__7aa2b594f7c3,slimgpt,ref,20,pair,de,de-en+en-de,False,,de-en,True,True,300,0.83469,28.2137,52.09,-0.00452,-3.1031,-1.7046,0.004121,0.0067,0,0,0,0,0.9422,0,0.0033,0.0067,0.0067,0.0065,0.9532
alma-7b-s2-slimgpt20-ref-pair-de,alma-7b-s2-slimgpt20-ref-pair-de__alma10-greedy-300__7aa2b594f7c3,slimgpt,ref,20,pair,de,de-en+en-de,False,,is-en,True,False,300,0.855616,35.9385,57.0286,-0.007047,-2.3108,-1.4683,-0.004146,0,0,0,0,0,0.9616,0,0,0.0067,0,0.0064,0.9845
alma-7b-s2-slimgpt20-ref-pair-de,alma-7b-s2-slimgpt20-ref-pair-de__alma10-greedy-300__7aa2b594f7c3,slimgpt,ref,20,pair,de,de-en+en-de,False,,ru-en,True,False,300,0.835017,34.957,58.7122,-0.011406,-1.98,-1.6985,-0.000712,0,0,0,0,0,0.9886,0.0033,0.0067,0.0133,0,0.0081,0.9977
alma-7b-s2-slimgpt20-ref-pair-de,alma-7b-s2-slimgpt20-ref-pair-de__alma10-greedy-300__7aa2b594f7c3,slimgpt,ref,20,pair,de,de-en+en-de,False,,zh-en,True,False,300,0.784391,16.8333,45.0153,-0.011744,-3.0087,-3.2912,-0.005746,0,0,0,0,0,0.9149,0,0.0067,0.0133,0,0.0045,0.9432
alma-7b-s2-slimgpt20-ref-pair-de,alma-7b-s2-slimgpt20-ref-pair-de__alma10-greedy-300__7aa2b594f7c3,slimgpt,ref,20,pair,de,de-en+en-de,False,,en-cs,False,False,300,0.821078,17.7129,42.438,-0.049226,-7.2176,-5.9468,-0.030346,0.0133,0.0033,0.01,0.01,0,1.0084,0.0167,0.0233,0.0267,0.0133,0.0063,1.0254
alma-7b-s2-slimgpt20-ref-pair-de,alma-7b-s2-slimgpt20-ref-pair-de__alma10-greedy-300__7aa2b594f7c3,slimgpt,ref,20,pair,de,de-en+en-de,False,,en-de,False,True,300,0.843059,25.4762,52.5981,-0.009905,-2.5153,-2.136,-0.000128,0.0233,0,0,0,0,0.981,0.0233,0,0.0233,0.0233,0.0129,1.0053
alma-7b-s2-slimgpt20-ref-pair-de,alma-7b-s2-slimgpt20-ref-pair-de__alma10-greedy-300__7aa2b594f7c3,slimgpt,ref,20,pair,de,de-en+en-de,False,,en-is,False,False,300,0.788477,17.2239,42.9506,-0.053362,-6.5267,-6.3278,-0.037535,0.0033,0.0033,0.0033,0.0033,0,0.9778,0.0033,0,0.0067,0.0033,0.0044,0.9958
alma-7b-s2-slimgpt20-ref-pair-de,alma-7b-s2-slimgpt20-ref-pair-de__alma10-greedy-300__7aa2b594f7c3,slimgpt,ref,20,pair,de,de-en+en-de,False,,en-ru,False,False,300,0.831777,20.6947,43.4001,-0.029304,-4.3113,-5.0154,-0.01308,0,0,0.0033,0.0033,0,0.9798,0,0.01,0.04,0,0.0104,1.0303
alma-7b-s2-slimgpt20-ref-pair-de,alma-7b-s2-slimgpt20-ref-pair-de__alma10-greedy-300__7aa2b594f7c3,slimgpt,ref,20,pair,de,de-en+en-de,False,,en-zh,False,False,300,0.677188,16.8857,15.091,-0.173547,-16.6167,-11.143,-0.159998,0,0,0.06,0.06,0,1.2979,0,0.24,0.0533,0,0.1763,0.7307
alma-7b-s2-slimgpt20-ref-pair-is,alma-7b-s2-slimgpt20-ref-pair-is__alma10-greedy-300__ad09f3ab421a,slimgpt,ref,20,pair,is,en-is+is-en,False,,cs-en,True,False,300,0.841746,37.6788,60.1696,-0.010687,-4.3065,-3.1649,0.000512,0.0033,0,0,0,0,0.9734,0.0033,0,0.0033,0.0033,0.0053,0.9828
alma-7b-s2-slimgpt20-ref-pair-is,alma-7b-s2-slimgpt20-ref-pair-is__alma10-greedy-300__ad09f3ab421a,slimgpt,ref,20,pair,is,en-is+is-en,False,,de-en,True,False,300,0.829083,26.8127,50.2306,-0.010127,-4.5041,-3.564,-0.001486,0.0033,0.0033,0.0033,0.0033,0,0.9965,0,0,0.0067,0.0033,0.0068,0.9888
alma-7b-s2-slimgpt20-ref-pair-is,alma-7b-s2-slimgpt20-ref-pair-is__alma10-greedy-300__ad09f3ab421a,slimgpt,ref,20,pair,is,en-is+is-en,False,,is-en,True,True,300,0.858562,35.3987,56.5305,-0.004101,-2.8506,-1.9664,-0.0012,0.0033,0,0,0,0,0.9541,0,0,0.0167,0.0033,0.006,0.9756
alma-7b-s2-slimgpt20-ref-pair-is,alma-7b-s2-slimgpt20-ref-pair-is__alma10-greedy-300__ad09f3ab421a,slimgpt,ref,20,pair,is,en-is+is-en,False,,ru-en,True,False,300,0.830916,34.5593,57.6532,-0.015507,-2.3777,-2.7575,-0.004813,0,0,0,0,0,0.9658,0.0033,0.0067,0.0133,0,0.008,0.9735
alma-7b-s2-slimgpt20-ref-pair-is,alma-7b-s2-slimgpt20-ref-pair-is__alma10-greedy-300__ad09f3ab421a,slimgpt,ref,20,pair,is,en-is+is-en,False,,zh-en,True,False,300,0.779317,16.9386,44.2744,-0.016818,-2.9034,-4.0321,-0.01082,0,0,0,0,0,0.8865,0,0.0067,0.0133,0,0.0047,0.912
alma-7b-s2-slimgpt20-ref-pair-is,alma-7b-s2-slimgpt20-ref-pair-is__alma10-greedy-300__ad09f3ab421a,slimgpt,ref,20,pair,is,en-is+is-en,False,,en-cs,False,False,300,0.831163,18.0884,42.5104,-0.039141,-6.8421,-5.8744,-0.020261,0.01,0,0,0,0,0.9751,0.0033,0.0233,0.03,0.01,0.0074,0.9873
alma-7b-s2-slimgpt20-ref-pair-is,alma-7b-s2-slimgpt20-ref-pair-is__alma10-greedy-300__ad09f3ab421a,slimgpt,ref,20,pair,is,en-is+is-en,False,,en-de,False,False,300,0.825451,22.3427,50.2447,-0.027513,-5.6488,-4.4894,-0.017736,0.0167,0,0,0,0,1.0117,0.0167,0,0.0167,0.0167,0.0129,1.0299
alma-7b-s2-slimgpt20-ref-pair-is,alma-7b-s2-slimgpt20-ref-pair-is__alma10-greedy-300__ad09f3ab421a,slimgpt,ref,20,pair,is,en-is+is-en,False,,en-is,False,True,300,0.833079,22.6005,47.8727,-0.00876,-1.1501,-1.4057,0.007067,0,0,0,0,0,0.9638,0,0,0.0033,0,0.0041,0.9717
alma-7b-s2-slimgpt20-ref-pair-is,alma-7b-s2-slimgpt20-ref-pair-is__alma10-greedy-300__ad09f3ab421a,slimgpt,ref,20,pair,is,en-is+is-en,False,,en-ru,False,False,300,0.827637,20.1541,42.9061,-0.033444,-4.8519,-5.5094,-0.01722,0.0033,0,0,0,0,0.9628,0.0033,0.0067,0.0467,0.0033,0.0088,1.0044
alma-7b-s2-slimgpt20-ref-pair-is,alma-7b-s2-slimgpt20-ref-pair-is__alma10-greedy-300__ad09f3ab421a,slimgpt,ref,20,pair,is,en-is+is-en,False,,en-zh,False,False,300,0.687737,18.9893,15.2708,-0.162998,-14.5131,-10.9632,-0.149449,0,0,0.0533,0.0533,0,1.2449,0,0.2367,0.0367,0,0.1479,0.7779
alma-7b-s2-slimgpt20-ref-pair-ru,alma-7b-s2-slimgpt20-ref-pair-ru__alma10-greedy-300__e700e013b7c0,slimgpt,ref,20,pair,ru,en-ru+ru-en,False,,cs-en,True,False,300,0.844017,36.4287,59.4832,-0.008416,-5.5566,-3.8513,0.002783,0.0067,0,0,0,0,0.9752,0,0,0.0067,0.0067,0.0048,0.9918
alma-7b-s2-slimgpt20-ref-pair-ru,alma-7b-s2-slimgpt20-ref-pair-ru__alma10-greedy-300__e700e013b7c0,slimgpt,ref,20,pair,ru,en-ru+ru-en,False,,de-en,True,False,300,0.834032,28.9011,52.6583,-0.005178,-2.4157,-1.1363,0.003463,0.0033,0,0,0,0,0.9393,0,0.0033,0.0067,0.0033,0.0059,0.9567
alma-7b-s2-slimgpt20-ref-pair-ru,alma-7b-s2-slimgpt20-ref-pair-ru__alma10-greedy-300__e700e013b7c0,slimgpt,ref,20,pair,ru,en-ru+ru-en,False,,is-en,True,False,300,0.853762,35.837,56.9816,-0.008901,-2.4123,-1.5153,-0.006,0.0067,0,0,0,0,0.957,0,0,0.0167,0.0067,0.0064,0.979
alma-7b-s2-slimgpt20-ref-pair-ru,alma-7b-s2-slimgpt20-ref-pair-ru__alma10-greedy-300__e700e013b7c0,slimgpt,ref,20,pair,ru,en-ru+ru-en,False,,ru-en,True,True,300,0.835292,35.2469,58.6846,-0.011131,-1.6901,-1.7261,-0.000437,0,0,0,0,0,0.9876,0.0033,0.0067,0.0167,0,0.0061,0.9985
alma-7b-s2-slimgpt20-ref-pair-ru,alma-7b-s2-slimgpt20-ref-pair-ru__alma10-greedy-300__e700e013b7c0,slimgpt,ref,20,pair,ru,en-ru+ru-en,False,,zh-en,True,False,300,0.781481,17.6074,45.284,-0.014654,-2.2346,-3.0225,-0.008656,0,0,0,0,0,0.9105,0,0.0133,0.0067,0,0.0037,0.9378
alma-7b-s2-slimgpt20-ref-pair-ru,alma-7b-s2-slimgpt20-ref-pair-ru__alma10-greedy-300__e700e013b7c0,slimgpt,ref,20,pair,ru,en-ru+ru-en,False,,en-cs,False,False,300,0.832188,19.0083,42.8537,-0.038116,-5.9222,-5.5311,-0.019236,0.0033,0,0.0033,0.0033,0,0.9851,0,0.0167,0.02,0.0033,0.0064,0.9897
alma-7b-s2-slimgpt20-ref-pair-ru,alma-7b-s2-slimgpt20-ref-pair-ru__alma10-greedy-300__e700e013b7c0,slimgpt,ref,20,pair,ru,en-ru+ru-en,False,,en-de,False,False,300,0.822382,22.6343,49.9841,-0.030582,-5.3572,-4.75,-0.020805,0.02,0,0,0,0,1.0023,0.02,0.0033,0.02,0.02,0.0127,1.0147
alma-7b-s2-slimgpt20-ref-pair-ru,alma-7b-s2-slimgpt20-ref-pair-ru__alma10-greedy-300__e700e013b7c0,slimgpt,ref,20,pair,ru,en-ru+ru-en,False,,en-is,False,False,300,0.758793,15.1148,39.913,-0.083046,-8.6358,-9.3654,-0.067219,0.0067,0.0033,0.01,0.01,0,0.9877,0,0,0.02,0.0067,0.0043,1.0018
alma-7b-s2-slimgpt20-ref-pair-ru,alma-7b-s2-slimgpt20-ref-pair-ru__alma10-greedy-300__e700e013b7c0,slimgpt,ref,20,pair,ru,en-ru+ru-en,False,,en-ru,False,True,300,0.848962,22.1588,45.8806,-0.012119,-2.8472,-2.5349,0.004105,0,0,0.0033,0.0033,0,0.9906,0,0.0133,0.0267,0,0.0099,1.0249
alma-7b-s2-slimgpt20-ref-pair-ru,alma-7b-s2-slimgpt20-ref-pair-ru__alma10-greedy-300__e700e013b7c0,slimgpt,ref,20,pair,ru,en-ru+ru-en,False,,en-zh,False,False,300,0.788352,25.9982,20.7411,-0.062383,-7.5042,-5.4929,-0.048834,0.0033,0,0,0,0,1.0001,0,0.1767,0.0167,0.0033,0.0178,0.9388
alma-7b-s2-slimgpt20-ref-pair-zh,alma-7b-s2-slimgpt20-ref-pair-zh__alma10-greedy-300__5f0ef1b792bb,slimgpt,ref,20,pair,zh,en-zh+zh-en,False,,cs-en,True,False,300,0.840654,38.4693,60.9409,-0.011779,-3.516,-2.3936,-0.00058,0.0033,0,0,0,0,0.9891,0,0.0033,0.0033,0.0033,0.0047,1.0022
alma-7b-s2-slimgpt20-ref-pair-zh,alma-7b-s2-slimgpt20-ref-pair-zh__alma10-greedy-300__5f0ef1b792bb,slimgpt,ref,20,pair,zh,en-zh+zh-en,False,,de-en,True,False,300,0.831708,28.5348,51.7482,-0.007502,-2.782,-2.0464,0.001139,0.0033,0.0033,0.0033,0.0033,0,0.9937,0,0,0.01,0.0033,0.0062,0.9909
alma-7b-s2-slimgpt20-ref-pair-zh,alma-7b-s2-slimgpt20-ref-pair-zh__alma10-greedy-300__5f0ef1b792bb,slimgpt,ref,20,pair,zh,en-zh+zh-en,False,,is-en,True,False,300,0.848596,33.7363,55.2185,-0.014067,-4.513,-3.2784,-0.011166,0.0033,0,0,0,0,0.9443,0,0,0.0133,0.0033,0.0061,0.9677
alma-7b-s2-slimgpt20-ref-pair-zh,alma-7b-s2-slimgpt20-ref-pair-zh__alma10-greedy-300__5f0ef1b792bb,slimgpt,ref,20,pair,zh,en-zh+zh-en,False,,ru-en,True,False,300,0.83266,36.3925,59.9431,-0.013763,-0.5445,-0.4676,-0.003069,0,0,0,0,0,0.9897,0.0033,0.0067,0.0233,0,0.0067,1.0069
alma-7b-s2-slimgpt20-ref-pair-zh,alma-7b-s2-slimgpt20-ref-pair-zh__alma10-greedy-300__5f0ef1b792bb,slimgpt,ref,20,pair,zh,en-zh+zh-en,False,,zh-en,True,True,300,0.786217,18.1477,46.4866,-0.009918,-1.6943,-1.8199,-0.00392,0,0,0,0,0,0.9084,0,0.01,0.0067,0,0.0045,0.9355
alma-7b-s2-slimgpt20-ref-pair-zh,alma-7b-s2-slimgpt20-ref-pair-zh__alma10-greedy-300__5f0ef1b792bb,slimgpt,ref,20,pair,zh,en-zh+zh-en,False,,en-cs,False,False,300,0.74543,13.5226,37.5902,-0.124874,-11.4079,-10.7946,-0.105994,0.02,0.0067,0.0067,0.0067,0,0.9702,0.01,0.0267,0.0367,0.02,0.0068,0.9739
alma-7b-s2-slimgpt20-ref-pair-zh,alma-7b-s2-slimgpt20-ref-pair-zh__alma10-greedy-300__5f0ef1b792bb,slimgpt,ref,20,pair,zh,en-zh+zh-en,False,,en-de,False,False,300,0.784256,18.5871,47.1497,-0.068708,-9.4044,-7.5844,-0.058931,0.04,0,0,0,0,0.994,0.03,0,0.04,0.04,0.013,1.0333
alma-7b-s2-slimgpt20-ref-pair-zh,alma-7b-s2-slimgpt20-ref-pair-zh__alma10-greedy-300__5f0ef1b792bb,slimgpt,ref,20,pair,zh,en-zh+zh-en,False,,en-is,False,False,300,0.695375,12.3606,37.4715,-0.146464,-11.39,-11.8069,-0.130637,0.0133,0,0.01,0.01,0,0.9477,0,0,0.0167,0.0133,0.0041,0.992
alma-7b-s2-slimgpt20-ref-pair-zh,alma-7b-s2-slimgpt20-ref-pair-zh__alma10-greedy-300__5f0ef1b792bb,slimgpt,ref,20,pair,zh,en-zh+zh-en,False,,en-ru,False,False,300,0.798009,17.8578,43.0217,-0.063072,-7.1482,-5.3938,-0.046848,0,0,0,0,0,0.9565,0,0,0.0633,0,0.011,0.991
alma-7b-s2-slimgpt20-ref-pair-zh,alma-7b-s2-slimgpt20-ref-pair-zh__alma10-greedy-300__5f0ef1b792bb,slimgpt,ref,20,pair,zh,en-zh+zh-en,False,,en-zh,False,True,300,0.834044,30.4804,25.4954,-0.016691,-3.022,-0.7386,-0.003142,0,0,0.0033,0.0033,0,1.0003,0,0.1667,0.0267,0,0,1.0102
alma-7b-s2-slimgpt30-ref-pair-cs,alma-7b-s2-slimgpt30-ref-pair-cs__alma10-greedy-300__092a9c0db9cb,slimgpt,ref,30,pair,cs,cs-en+en-cs,False,,cs-en,True,True,300,0.837195,36.2436,58.6246,-0.015238,-5.7417,-4.7099,0.00056,0.0067,0,0,0,0,0.9549,0,0,0.0067,0.0067,0.0049,0.9733
alma-7b-s2-slimgpt30-ref-pair-cs,alma-7b-s2-slimgpt30-ref-pair-cs__alma10-greedy-300__092a9c0db9cb,slimgpt,ref,30,pair,cs,cs-en+en-cs,False,,de-en,True,False,300,0.82566,26.7466,50.5089,-0.01355,-4.5702,-3.2857,-0.00424,0.0067,0,0,0,0,0.9209,0,0.0033,0.0067,0.0067,0.0054,0.9309
alma-7b-s2-slimgpt30-ref-pair-cs,alma-7b-s2-slimgpt30-ref-pair-cs__alma10-greedy-300__092a9c0db9cb,slimgpt,ref,30,pair,cs,cs-en+en-cs,False,,is-en,True,False,300,0.84945,33.888,55.6904,-0.013213,-4.3613,-2.8065,0.002705,0.01,0,0,0,0,0.9519,0,0,0.0167,0.01,0.0067,0.9809
alma-7b-s2-slimgpt30-ref-pair-cs,alma-7b-s2-slimgpt30-ref-pair-cs__alma10-greedy-300__092a9c0db9cb,slimgpt,ref,30,pair,cs,cs-en+en-cs,False,,ru-en,True,False,300,0.828543,33.0907,57.3429,-0.01788,-3.8463,-3.0678,7.7e-05,0,0,0,0,0,0.9828,0.0033,0.01,0.0167,0,0.0074,0.9938
alma-7b-s2-slimgpt30-ref-pair-cs,alma-7b-s2-slimgpt30-ref-pair-cs__alma10-greedy-300__092a9c0db9cb,slimgpt,ref,30,pair,cs,cs-en+en-cs,False,,zh-en,True,False,300,0.774356,16.2826,43.4748,-0.021779,-3.5594,-4.8317,0.002992,0.0033,0,0,0,0,0.9255,0,0.0033,0.0033,0.0033,0.0033,0.9564
alma-7b-s2-slimgpt30-ref-pair-cs,alma-7b-s2-slimgpt30-ref-pair-cs__alma10-greedy-300__092a9c0db9cb,slimgpt,ref,30,pair,cs,cs-en+en-cs,False,,en-cs,False,True,300,0.848568,20.0373,44.2167,-0.021736,-4.8932,-4.1681,0.010181,0.01,0,0,0,0,0.9409,0.0033,0.0233,0.0267,0.01,0.0061,0.9694
alma-7b-s2-slimgpt30-ref-pair-cs,alma-7b-s2-slimgpt30-ref-pair-cs__alma10-greedy-300__092a9c0db9cb,slimgpt,ref,30,pair,cs,cs-en+en-cs,False,,en-de,False,False,300,0.794739,19.5038,47.47,-0.058225,-8.4877,-7.2641,-0.03428,0.0233,0,0,0,0,0.9921,0.02,0,0.0267,0.0233,0.0133,1.0152
alma-7b-s2-slimgpt30-ref-pair-cs,alma-7b-s2-slimgpt30-ref-pair-cs__alma10-greedy-300__092a9c0db9cb,slimgpt,ref,30,pair,cs,cs-en+en-cs,False,,en-is,False,False,300,0.703545,13.8539,37.4584,-0.138294,-9.8967,-11.82,-0.100382,0.01,0,0,0,0,0.9429,0.0033,0,0.0133,0.01,0.0049,0.9864
alma-7b-s2-slimgpt30-ref-pair-cs,alma-7b-s2-slimgpt30-ref-pair-cs__alma10-greedy-300__092a9c0db9cb,slimgpt,ref,30,pair,cs,cs-en+en-cs,False,,en-ru,False,False,300,0.80791,18.7018,40.7383,-0.053171,-6.3042,-7.6772,-0.018144,0.0033,0,0,0,0,0.945,0.0033,0.01,0.0533,0.0033,0.012,0.9823
alma-7b-s2-slimgpt30-ref-pair-cs,alma-7b-s2-slimgpt30-ref-pair-cs__alma10-greedy-300__092a9c0db9cb,slimgpt,ref,30,pair,cs,cs-en+en-cs,False,,en-zh,False,False,300,0.581104,9.7184,9.54,-0.269631,-23.784,-16.694,-0.231846,0,0,0.07,0.07,0,1.2469,0,0.3167,0.04,0,0.2524,0.5452
alma-7b-s2-slimgpt30-ref-pair-de,alma-7b-s2-slimgpt30-ref-pair-de__alma10-greedy-300__1c556c8fea52,slimgpt,ref,30,pair,de,de-en+en-de,False,,cs-en,True,False,300,0.838788,37.7887,60.328,-0.013645,-4.1966,-3.0065,0.002153,0.0033,0,0,0,0,0.9904,0.0033,0,0.0033,0.0033,0.0058,1.0046
alma-7b-s2-slimgpt30-ref-pair-de,alma-7b-s2-slimgpt30-ref-pair-de__alma10-greedy-300__1c556c8fea52,slimgpt,ref,30,pair,de,de-en+en-de,False,,de-en,True,True,300,0.828417,27.7416,51.2022,-0.010793,-3.5752,-2.5924,-0.001483,0.0067,0,0,0,0,0.9314,0,0,0.01,0.0067,0.0066,0.9422
alma-7b-s2-slimgpt30-ref-pair-de,alma-7b-s2-slimgpt30-ref-pair-de__alma10-greedy-300__1c556c8fea52,slimgpt,ref,30,pair,de,de-en+en-de,False,,is-en,True,False,300,0.848022,33.8714,55.4971,-0.014641,-4.3779,-2.9998,0.001277,0.0033,0,0,0,0,0.9656,0,0,0.0133,0.0033,0.0067,0.9904
alma-7b-s2-slimgpt30-ref-pair-de,alma-7b-s2-slimgpt30-ref-pair-de__alma10-greedy-300__1c556c8fea52,slimgpt,ref,30,pair,de,de-en+en-de,False,,ru-en,True,False,300,0.826629,34.7236,58.5011,-0.019794,-2.2134,-1.9096,-0.001837,0,0,0,0,0,0.9896,0.0033,0.0067,0.0133,0,0.0078,1.0012
alma-7b-s2-slimgpt30-ref-pair-de,alma-7b-s2-slimgpt30-ref-pair-de__alma10-greedy-300__1c556c8fea52,slimgpt,ref,30,pair,de,de-en+en-de,False,,zh-en,True,False,300,0.766115,15.5641,42.7529,-0.03002,-4.2779,-5.5536,-0.005249,0,0,0.0033,0.0033,0,0.9253,0,0.01,0.0067,0,0.0041,0.9532
alma-7b-s2-slimgpt30-ref-pair-de,alma-7b-s2-slimgpt30-ref-pair-de__alma10-greedy-300__1c556c8fea52,slimgpt,ref,30,pair,de,de-en+en-de,False,,en-cs,False,False,300,0.76544,14.9919,38.3546,-0.104864,-9.9386,-10.0302,-0.072947,0.0167,0.0033,0.0033,0.0033,0,0.9778,0.01,0.0167,0.0233,0.0167,0.0072,0.989
alma-7b-s2-slimgpt30-ref-pair-de,alma-7b-s2-slimgpt30-ref-pair-de__alma10-greedy-300__1c556c8fea52,slimgpt,ref,30,pair,de,de-en+en-de,False,,en-de,False,True,300,0.829776,23.9064,51.3441,-0.023188,-4.0851,-3.39,0.000757,0.0167,0.0033,0.0033,0.0033,0,0.9977,0.0133,0,0.0167,0.0167,0.012,1.0232
alma-7b-s2-slimgpt30-ref-pair-de,alma-7b-s2-slimgpt30-ref-pair-de__alma10-greedy-300__1c556c8fea52,slimgpt,ref,30,pair,de,de-en+en-de,False,,en-is,False,False,300,0.678622,12.7545,36.4617,-0.163217,-10.9961,-12.8167,-0.125305,0.0133,0.0067,0.0167,0.0167,0,0.9716,0.0033,0,0.0133,0.0133,0.0047,1.0101
alma-7b-s2-slimgpt30-ref-pair-de,alma-7b-s2-slimgpt30-ref-pair-de__alma10-greedy-300__1c556c8fea52,slimgpt,ref,30,pair,de,de-en+en-de,False,,en-ru,False,False,300,0.796482,17.7274,39.8004,-0.064599,-7.2786,-8.6151,-0.029572,0.0067,0,0,0,0,0.9447,0.0033,0.0133,0.0433,0.0067,0.0117,1.0213
alma-7b-s2-slimgpt30-ref-pair-de,alma-7b-s2-slimgpt30-ref-pair-de__alma10-greedy-300__1c556c8fea52,slimgpt,ref,30,pair,de,de-en+en-de,False,,en-zh,False,False,300,0.550994,7.6578,8.085,-0.299741,-25.8446,-18.149,-0.261956,0,0,0.1433,0.1433,0,1.7194,0,0.28,0.0867,0,0.3233,0.5076
alma-7b-s2-slimgpt30-ref-pair-is,alma-7b-s2-slimgpt30-ref-pair-is__alma10-greedy-300__6f19379cbda2,slimgpt,ref,30,pair,is,en-is+is-en,False,,cs-en,True,False,300,0.83825,36.1882,59.3309,-0.014183,-5.7971,-4.0036,0.001615,0.0033,0,0,0,0,0.9744,0.0033,0,0.0033,0.0033,0.005,0.9826
alma-7b-s2-slimgpt30-ref-pair-is,alma-7b-s2-slimgpt30-ref-pair-is__alma10-greedy-300__6f19379cbda2,slimgpt,ref,30,pair,is,en-is+is-en,False,,de-en,True,False,300,0.827215,26.1048,50.2307,-0.011995,-5.212,-3.5639,-0.002685,0.0033,0,0,0,0,0.9203,0,0,0.0067,0.0033,0.0062,0.9283
alma-7b-s2-slimgpt30-ref-pair-is,alma-7b-s2-slimgpt30-ref-pair-is__alma10-greedy-300__6f19379cbda2,slimgpt,ref,30,pair,is,en-is+is-en,False,,is-en,True,True,300,0.848047,32.1885,54.4756,-0.014616,-6.0608,-4.0213,0.001302,0.0033,0,0,0,0,0.9434,0,0,0.0133,0.0033,0.0075,0.9608
alma-7b-s2-slimgpt30-ref-pair-is,alma-7b-s2-slimgpt30-ref-pair-is__alma10-greedy-300__6f19379cbda2,slimgpt,ref,30,pair,is,en-is+is-en,False,,ru-en,True,False,300,0.821464,32.3708,56.3285,-0.024959,-4.5662,-4.0822,-0.007002,0,0,0,0,0,0.9619,0.0033,0.0067,0.02,0,0.0074,0.969
alma-7b-s2-slimgpt30-ref-pair-is,alma-7b-s2-slimgpt30-ref-pair-is__alma10-greedy-300__6f19379cbda2,slimgpt,ref,30,pair,is,en-is+is-en,False,,zh-en,True,False,300,0.766799,14.6168,41.6771,-0.029336,-5.2252,-6.6294,-0.004565,0,0,0,0,0,0.8837,0,0.0033,0.01,0,0.0043,0.9072
alma-7b-s2-slimgpt30-ref-pair-is,alma-7b-s2-slimgpt30-ref-pair-is__alma10-greedy-300__6f19379cbda2,slimgpt,ref,30,pair,is,en-is+is-en,False,,en-cs,False,False,300,0.767851,14.5429,38.7045,-0.102453,-10.3876,-9.6803,-0.070536,0.0033,0,0.0067,0.0067,0,0.9986,0,0.0233,0.0233,0.0033,0.0076,1.0021
alma-7b-s2-slimgpt30-ref-pair-is,alma-7b-s2-slimgpt30-ref-pair-is__alma10-greedy-300__6f19379cbda2,slimgpt,ref,30,pair,is,en-is+is-en,False,,en-de,False,False,300,0.799804,18.9784,46.889,-0.05316,-9.0131,-7.8451,-0.029215,0.0133,0,0,0,0,1.0068,0.0133,0,0.0267,0.0133,0.0118,1.0301
alma-7b-s2-slimgpt30-ref-pair-is,alma-7b-s2-slimgpt30-ref-pair-is__alma10-greedy-300__6f19379cbda2,slimgpt,ref,30,pair,is,en-is+is-en,False,,en-is,False,True,300,0.822579,19.7931,46.1054,-0.01926,-3.9575,-3.173,0.018652,0,0,0,0,0,0.952,0,0,0,0,0.0043,0.9671
alma-7b-s2-slimgpt30-ref-pair-is,alma-7b-s2-slimgpt30-ref-pair-is__alma10-greedy-300__6f19379cbda2,slimgpt,ref,30,pair,is,en-is+is-en,False,,en-ru,False,False,300,0.776659,15.3993,37.8725,-0.084422,-9.6067,-10.543,-0.049395,0,0.0033,0.0067,0.0067,0,0.9458,0,0.01,0.0633,0,0.013,1.0012
alma-7b-s2-slimgpt30-ref-pair-is,alma-7b-s2-slimgpt30-ref-pair-is__alma10-greedy-300__6f19379cbda2,slimgpt,ref,30,pair,is,en-is+is-en,False,,en-zh,False,False,300,0.559587,8.8039,9.6463,-0.291148,-24.6985,-16.5877,-0.253363,0,0,0.08,0.08,0,1.1888,0,0.3233,0.0467,0,0.2448,0.5375
alma-7b-s2-slimgpt30-ref-pair-ru,alma-7b-s2-slimgpt30-ref-pair-ru__alma10-greedy-300__0160198cedbe,slimgpt,ref,30,pair,ru,en-ru+ru-en,False,,cs-en,True,False,300,0.836306,36.0975,59.0979,-0.016127,-5.8878,-4.2366,-0.000329,0.0033,0,0,0,0,0.9762,0.0033,0.0033,0.0033,0.0033,0.0048,0.9913
alma-7b-s2-slimgpt30-ref-pair-ru,alma-7b-s2-slimgpt30-ref-pair-ru__alma10-greedy-300__0160198cedbe,slimgpt,ref,30,pair,ru,en-ru+ru-en,False,,de-en,True,False,300,0.824725,27.7251,51.2267,-0.014485,-3.5917,-2.5679,-0.005175,0.0033,0,0,0,0,0.9328,0,0.0033,0.0067,0.0033,0.0055,0.9483
alma-7b-s2-slimgpt30-ref-pair-ru,alma-7b-s2-slimgpt30-ref-pair-ru__alma10-greedy-300__0160198cedbe,slimgpt,ref,30,pair,ru,en-ru+ru-en,False,,is-en,True,False,300,0.843796,33.5548,55.1125,-0.018867,-4.6945,-3.3844,-0.002949,0.0033,0,0,0,0,0.9477,0,0,0.0133,0.0033,0.0062,0.9699
alma-7b-s2-slimgpt30-ref-pair-ru,alma-7b-s2-slimgpt30-ref-pair-ru__alma10-greedy-300__0160198cedbe,slimgpt,ref,30,pair,ru,en-ru+ru-en,False,,ru-en,True,True,300,0.828362,34.6643,58.2746,-0.018061,-2.2727,-2.1361,-0.000104,0,0,0,0,0,0.9832,0.0033,0.0067,0.0167,0,0.0069,0.9971
alma-7b-s2-slimgpt30-ref-pair-ru,alma-7b-s2-slimgpt30-ref-pair-ru__alma10-greedy-300__0160198cedbe,slimgpt,ref,30,pair,ru,en-ru+ru-en,False,,zh-en,True,False,300,0.770853,16.1402,42.7118,-0.025282,-3.7018,-5.5947,-0.000511,0,0,0.0033,0.0033,0,0.8961,0,0.0033,0.01,0,0.0045,0.9274
alma-7b-s2-slimgpt30-ref-pair-ru,alma-7b-s2-slimgpt30-ref-pair-ru__alma10-greedy-300__0160198cedbe,slimgpt,ref,30,pair,ru,en-ru+ru-en,False,,en-cs,False,False,300,0.784113,16.0387,39.5664,-0.086191,-8.8918,-8.8184,-0.054274,0.0033,0,0,0,0,0.9636,0,0.0233,0.0133,0.0033,0.0085,0.9845
alma-7b-s2-slimgpt30-ref-pair-ru,alma-7b-s2-slimgpt30-ref-pair-ru__alma10-greedy-300__0160198cedbe,slimgpt,ref,30,pair,ru,en-ru+ru-en,False,,en-de,False,False,300,0.790131,20.8784,47.7792,-0.062833,-7.1131,-6.9549,-0.038888,0.02,0,0,0,0,0.9967,0.0167,0,0.02,0.02,0.0134,1.0173
alma-7b-s2-slimgpt30-ref-pair-ru,alma-7b-s2-slimgpt30-ref-pair-ru__alma10-greedy-300__0160198cedbe,slimgpt,ref,30,pair,ru,en-ru+ru-en,False,,en-is,False,False,300,0.630539,11.1307,34.0823,-0.2113,-12.6199,-15.1961,-0.173388,0.0267,0.0067,0.0133,0.0133,0,0.9651,0.01,0,0.0267,0.0267,0.0042,1.0415
alma-7b-s2-slimgpt30-ref-pair-ru,alma-7b-s2-slimgpt30-ref-pair-ru__alma10-greedy-300__0160198cedbe,slimgpt,ref,30,pair,ru,en-ru+ru-en,False,,en-ru,False,True,300,0.830119,21.0683,44.2894,-0.030962,-3.9377,-4.1261,0.004065,0,0,0,0,0,0.9693,0,0.0167,0.0533,0,0.0104,1.0022
alma-7b-s2-slimgpt30-ref-pair-ru,alma-7b-s2-slimgpt30-ref-pair-ru__alma10-greedy-300__0160198cedbe,slimgpt,ref,30,pair,ru,en-ru+ru-en,False,,en-zh,False,False,300,0.71434,19.8058,15.3332,-0.136395,-13.6966,-10.9008,-0.09861,0,0,0.0367,0.0367,0,1.1273,0,0.2033,0.0367,0,0.0951,0.848
alma-7b-s2-slimgpt30-ref-pair-zh,alma-7b-s2-slimgpt30-ref-pair-zh__alma10-greedy-300__a726d979a6b6,slimgpt,ref,30,pair,zh,en-zh+zh-en,False,,cs-en,True,False,300,0.827664,33.6998,57.5858,-0.024769,-8.2855,-5.7487,-0.008971,0.0033,0,0,0,0,0.9689,0,0.0067,0.0067,0.0033,0.0046,0.98
alma-7b-s2-slimgpt30-ref-pair-zh,alma-7b-s2-slimgpt30-ref-pair-zh__alma10-greedy-300__a726d979a6b6,slimgpt,ref,30,pair,zh,en-zh+zh-en,False,,de-en,True,False,300,0.82884,25.9931,50.4523,-0.01037,-5.3237,-3.3423,-0.00106,0.0033,0,0,0,0,0.9325,0,0.0033,0.0033,0.0033,0.0066,0.9439
alma-7b-s2-slimgpt30-ref-pair-zh,alma-7b-s2-slimgpt30-ref-pair-zh__alma10-greedy-300__a726d979a6b6,slimgpt,ref,30,pair,zh,en-zh+zh-en,False,,is-en,True,False,300,0.833653,30.0112,52.7201,-0.02901,-8.2381,-5.7768,-0.013092,0.0033,0,0,0,0,0.9439,0,0,0.0133,0.0033,0.0061,0.9675
alma-7b-s2-slimgpt30-ref-pair-zh,alma-7b-s2-slimgpt30-ref-pair-zh__alma10-greedy-300__a726d979a6b6,slimgpt,ref,30,pair,zh,en-zh+zh-en,False,,ru-en,True,False,300,0.821769,33.1152,57.3672,-0.024654,-3.8218,-3.0435,-0.006697,0,0,0,0,0,0.9724,0.0033,0.0067,0.0133,0,0.0063,0.9859
alma-7b-s2-slimgpt30-ref-pair-zh,alma-7b-s2-slimgpt30-ref-pair-zh__alma10-greedy-300__a726d979a6b6,slimgpt,ref,30,pair,zh,en-zh+zh-en,False,,zh-en,True,True,300,0.774725,18.3642,45.733,-0.02141,-1.4778,-2.5735,0.003361,0,0.0033,0.0033,0.0033,0,0.9251,0,0.0033,0.0067,0,0.0036,0.9589
alma-7b-s2-slimgpt30-ref-pair-zh,alma-7b-s2-slimgpt30-ref-pair-zh__alma10-greedy-300__a726d979a6b6,slimgpt,ref,30,pair,zh,en-zh+zh-en,False,,en-cs,False,False,300,0.668299,9.5659,33.5858,-0.202005,-15.3646,-14.799,-0.170088,0.0267,0.0067,0.0133,0.0133,0,1.0021,0.0233,0.02,0.0367,0.0267,0.0116,1.0254
alma-7b-s2-slimgpt30-ref-pair-zh,alma-7b-s2-slimgpt30-ref-pair-zh__alma10-greedy-300__a726d979a6b6,slimgpt,ref,30,pair,zh,en-zh+zh-en,False,,en-de,False,False,300,0.700884,12.4904,41.7849,-0.15208,-15.5011,-12.9492,-0.128135,0.0733,0.01,0.01,0.01,0,1.0707,0.0333,0,0.0767,0.0733,0.0105,1.168
alma-7b-s2-slimgpt30-ref-pair-zh,alma-7b-s2-slimgpt30-ref-pair-zh__alma10-greedy-300__a726d979a6b6,slimgpt,ref,30,pair,zh,en-zh+zh-en,False,,en-is,False,False,300,0.481763,5.3122,25.1987,-0.360076,-18.4384,-24.0797,-0.322164,0.0933,0.0367,0.1133,0.1133,0,1.0959,0.0167,0.0067,0.1033,0.0933,0.0039,1.2472
alma-7b-s2-slimgpt30-ref-pair-zh,alma-7b-s2-slimgpt30-ref-pair-zh__alma10-greedy-300__a726d979a6b6,slimgpt,ref,30,pair,zh,en-zh+zh-en,False,,en-ru,False,False,300,0.74485,14.2059,38.9697,-0.116231,-10.8001,-9.4458,-0.081204,0,0,0.0033,0.0033,0,0.9509,0,0.01,0.05,0,0.0124,0.9914
alma-7b-s2-slimgpt30-ref-pair-zh,alma-7b-s2-slimgpt30-ref-pair-zh__alma10-greedy-300__a726d979a6b6,slimgpt,ref,30,pair,zh,en-zh+zh-en,False,,en-zh,False,True,300,0.820039,26.8089,22.6578,-0.030696,-6.6935,-3.5762,0.007089,0,0,0.0067,0.0067,0,1.0048,0,0.1567,0.0267,0,0,1.0251
alma-7b-s2-slimgpt40-ref-pair-cs,alma-7b-s2-slimgpt40-ref-pair-cs__alma10-greedy-300__7fb8eeb0225a,slimgpt,ref,40,pair,cs,cs-en+en-cs,False,,cs-en,True,True,300,0.83267,33.8456,57.0785,-0.019763,-8.1397,-6.256,0.007419,0.0033,0,0,0,0,0.9494,0,0,0.0033,0.0033,0.0031,0.9664
alma-7b-s2-slimgpt40-ref-pair-cs,alma-7b-s2-slimgpt40-ref-pair-cs__alma10-greedy-300__7fb8eeb0225a,slimgpt,ref,40,pair,cs,cs-en+en-cs,False,,de-en,True,False,300,0.815843,25.1251,49.5385,-0.023367,-6.1917,-4.2561,-0.005636,0.0033,0,0,0,0,0.9247,0,0.0033,0.0033,0.0033,0.006,0.9389
alma-7b-s2-slimgpt40-ref-pair-cs,alma-7b-s2-slimgpt40-ref-pair-cs__alma10-greedy-300__7fb8eeb0225a,slimgpt,ref,40,pair,cs,cs-en+en-cs,False,,is-en,True,False,300,0.832551,31.5539,53.184,-0.030112,-6.6954,-5.3129,-0.009685,0.0067,0,0,0,0,0.9384,0,0,0.0133,0.0067,0.0057,0.9686
alma-7b-s2-slimgpt40-ref-pair-cs,alma-7b-s2-slimgpt40-ref-pair-cs__alma10-greedy-300__7fb8eeb0225a,slimgpt,ref,40,pair,cs,cs-en+en-cs,False,,ru-en,True,False,300,0.8108,30.832,55.4224,-0.035623,-6.105,-4.9883,-0.002617,0,0,0,0,0,0.976,0.0033,0.0067,0.0133,0,0.0065,0.9914
alma-7b-s2-slimgpt40-ref-pair-cs,alma-7b-s2-slimgpt40-ref-pair-cs__alma10-greedy-300__7fb8eeb0225a,slimgpt,ref,40,pair,cs,cs-en+en-cs,False,,zh-en,True,False,300,0.743339,13.2229,39.7813,-0.052796,-6.6191,-8.5252,-0.009779,0,0.0033,0.0067,0.0067,0,0.9476,0,0,0.0033,0,0.0034,0.9931
alma-7b-s2-slimgpt40-ref-pair-cs,alma-7b-s2-slimgpt40-ref-pair-cs__alma10-greedy-300__7fb8eeb0225a,slimgpt,ref,40,pair,cs,cs-en+en-cs,False,,en-cs,False,True,300,0.8134,19.1559,42.3589,-0.056904,-5.7746,-6.0259,0.031253,0.0033,0,0,0,0,0.9307,0,0.02,0.0167,0.0033,0.0066,0.9649
alma-7b-s2-slimgpt40-ref-pair-cs,alma-7b-s2-slimgpt40-ref-pair-cs__alma10-greedy-300__7fb8eeb0225a,slimgpt,ref,40,pair,cs,cs-en+en-cs,False,,en-de,False,False,300,0.749262,16.0032,43.6385,-0.103702,-11.9883,-11.0956,-0.052435,0.03,0.0033,0.0033,0.0033,0,1.0019,0.0167,0,0.0367,0.03,0.014,1.0304
alma-7b-s2-slimgpt40-ref-pair-cs,alma-7b-s2-slimgpt40-ref-pair-cs__alma10-greedy-300__7fb8eeb0225a,slimgpt,ref,40,pair,cs,cs-en+en-cs,False,,en-is,False,False,300,0.552901,9.4524,30.5065,-0.288938,-14.2982,-18.7719,-0.20455,0.02,0,0.0067,0.0067,0,0.8836,0,0,0.02,0.02,0.0056,0.9418
alma-7b-s2-slimgpt40-ref-pair-cs,alma-7b-s2-slimgpt40-ref-pair-cs__alma10-greedy-300__7fb8eeb0225a,slimgpt,ref,40,pair,cs,cs-en+en-cs,False,,en-ru,False,False,300,0.766722,14.7665,36.3659,-0.094359,-10.2395,-12.0496,-0.033606,0,0,0,0,0,0.9074,0,0.0233,0.0567,0,0.0142,0.9522
alma-7b-s2-slimgpt40-ref-pair-cs,alma-7b-s2-slimgpt40-ref-pair-cs__alma10-greedy-300__7fb8eeb0225a,slimgpt,ref,40,pair,cs,cs-en+en-cs,False,,en-zh,False,False,300,0.464501,3.7009,5.6758,-0.386234,-29.8015,-20.5582,-0.292082,0,0,0.0633,0.0633,0,0.9399,0,0.5233,0.06,0,0.2485,0.4455
alma-7b-s2-slimgpt40-ref-pair-de,alma-7b-s2-slimgpt40-ref-pair-de__alma10-greedy-300__8c2272acefbd,slimgpt,ref,40,pair,de,de-en+en-de,False,,cs-en,True,False,300,0.822627,33.861,57.2991,-0.029806,-8.1243,-6.0354,-0.002624,0.0033,0,0,0,0,0.9756,0.0033,0.0033,0.0033,0.0033,0.0037,0.9931
alma-7b-s2-slimgpt40-ref-pair-de,alma-7b-s2-slimgpt40-ref-pair-de__alma10-greedy-300__8c2272acefbd,slimgpt,ref,40,pair,de,de-en+en-de,False,,de-en,True,True,300,0.819173,25.5915,49.686,-0.020037,-5.7253,-4.1086,-0.002306,0.0067,0,0,0,0,0.9264,0,0.0033,0.0067,0.0067,0.0065,0.9402
alma-7b-s2-slimgpt40-ref-pair-de,alma-7b-s2-slimgpt40-ref-pair-de__alma10-greedy-300__8c2272acefbd,slimgpt,ref,40,pair,de,de-en+en-de,False,,is-en,True,False,300,0.832474,31.9922,53.0871,-0.030189,-6.2571,-5.4098,-0.009762,0.01,0,0,0,0,0.9679,0,0,0.0167,0.01,0.0064,0.9968
alma-7b-s2-slimgpt40-ref-pair-de,alma-7b-s2-slimgpt40-ref-pair-de__alma10-greedy-300__8c2272acefbd,slimgpt,ref,40,pair,de,de-en+en-de,False,,ru-en,True,False,300,0.811812,31.8782,56.1146,-0.034611,-5.0588,-4.2961,-0.001605,0,0,0,0,0,0.9816,0.0033,0.0067,0.0167,0,0.0075,1.001
alma-7b-s2-slimgpt40-ref-pair-de,alma-7b-s2-slimgpt40-ref-pair-de__alma10-greedy-300__8c2272acefbd,slimgpt,ref,40,pair,de,de-en+en-de,False,,zh-en,True,False,300,0.737522,13.7823,39.0225,-0.058613,-6.0597,-9.284,-0.015596,0,0.0067,0.01,0.01,0,0.9253,0,0,0.0133,0,0.0038,0.9818
alma-7b-s2-slimgpt40-ref-pair-de,alma-7b-s2-slimgpt40-ref-pair-de__alma10-greedy-300__8c2272acefbd,slimgpt,ref,40,pair,de,de-en+en-de,False,,en-cs,False,False,300,0.62079,9.2355,30.1206,-0.249514,-15.695,-18.2642,-0.161357,0.02,0.0067,0.04,0.04,0,1.0712,0.0033,0.03,0.0533,0.02,0.0083,1.0921
alma-7b-s2-slimgpt40-ref-pair-de,alma-7b-s2-slimgpt40-ref-pair-de__alma10-greedy-300__8c2272acefbd,slimgpt,ref,40,pair,de,de-en+en-de,False,,en-de,False,True,300,0.814321,22.1524,49.3017,-0.038643,-5.8391,-5.4324,0.012624,0.0267,0,0,0,0,0.9588,0.0267,0,0.0267,0.0267,0.0129,0.9915
alma-7b-s2-slimgpt40-ref-pair-de,alma-7b-s2-slimgpt40-ref-pair-de__alma10-greedy-300__8c2272acefbd,slimgpt,ref,40,pair,de,de-en+en-de,False,,en-is,False,False,300,0.513647,8.1509,28.6445,-0.328192,-15.5997,-20.6339,-0.243804,0.0067,0.01,0.0467,0.0467,0,0.9696,0,0,0.03,0.0067,0.0057,1.0333
alma-7b-s2-slimgpt40-ref-pair-de,alma-7b-s2-slimgpt40-ref-pair-de__alma10-greedy-300__8c2272acefbd,slimgpt,ref,40,pair,de,de-en+en-de,False,,en-ru,False,False,300,0.721838,14.0446,35.1973,-0.139243,-10.9614,-13.2182,-0.07849,0.0033,0,0,0,0,0.8758,0.0033,0.02,0.0633,0.0033,0.0148,0.9532
alma-7b-s2-slimgpt40-ref-pair-de,alma-7b-s2-slimgpt40-ref-pair-de__alma10-greedy-300__8c2272acefbd,slimgpt,ref,40,pair,de,de-en+en-de,False,,en-zh,False,False,300,0.473809,4.1727,5.5632,-0.376926,-29.3297,-20.6708,-0.282774,0,0,0.17,0.17,0,1.7575,0,0.43,0.1133,0,0.3336,0.5302
alma-7b-s2-slimgpt40-ref-pair-is,alma-7b-s2-slimgpt40-ref-pair-is__alma10-greedy-300__9763490e4c9f,slimgpt,ref,40,pair,is,en-is+is-en,False,,cs-en,True,False,300,0.811452,30.4465,54.9399,-0.040981,-11.5388,-8.3946,-0.013799,0.0067,0,0,0,0,0.9632,0.0033,0.0033,0.01,0.0067,0.0042,0.9721
alma-7b-s2-slimgpt40-ref-pair-is,alma-7b-s2-slimgpt40-ref-pair-is__alma10-greedy-300__9763490e4c9f,slimgpt,ref,40,pair,is,en-is+is-en,False,,de-en,True,False,300,0.814665,22.7508,47.6716,-0.024545,-8.566,-6.123,-0.006814,0.0033,0,0,0,0,0.9082,0,0,0.0033,0.0033,0.0058,0.9232
alma-7b-s2-slimgpt40-ref-pair-is,alma-7b-s2-slimgpt40-ref-pair-is__alma10-greedy-300__9763490e4c9f,slimgpt,ref,40,pair,is,en-is+is-en,False,,is-en,True,True,300,0.834311,29.1075,52.1717,-0.028352,-9.1418,-6.3252,-0.007925,0.0033,0,0,0,0,0.9419,0,0,0.0133,0.0033,0.0068,0.9638
alma-7b-s2-slimgpt40-ref-pair-is,alma-7b-s2-slimgpt40-ref-pair-is__alma10-greedy-300__9763490e4c9f,slimgpt,ref,40,pair,is,en-is+is-en,False,,ru-en,True,False,300,0.806951,28.6603,53.6608,-0.039472,-8.2767,-6.7499,-0.006466,0,0,0,0,0,0.9582,0.0033,0.0067,0.02,0,0.008,0.9713
alma-7b-s2-slimgpt40-ref-pair-is,alma-7b-s2-slimgpt40-ref-pair-is__alma10-greedy-300__9763490e4c9f,slimgpt,ref,40,pair,is,en-is+is-en,False,,zh-en,True,False,300,0.724586,11.7266,36.679,-0.071549,-8.1154,-11.6275,-0.028532,0,0.0233,0.0233,0.0233,0,1.0458,0,0,0.0067,0,0.0027,1.0843
alma-7b-s2-slimgpt40-ref-pair-is,alma-7b-s2-slimgpt40-ref-pair-is__alma10-greedy-300__9763490e4c9f,slimgpt,ref,40,pair,is,en-is+is-en,False,,en-cs,False,False,300,0.650277,10.194,32.2956,-0.220027,-14.7365,-16.0892,-0.13187,0.0133,0.0033,0.0133,0.0133,0,1.0187,0.0033,0.0133,0.0333,0.0133,0.009,1.0343
alma-7b-s2-slimgpt40-ref-pair-is,alma-7b-s2-slimgpt40-ref-pair-is__alma10-greedy-300__9763490e4c9f,slimgpt,ref,40,pair,is,en-is+is-en,False,,en-de,False,False,300,0.748302,16.6133,43.5366,-0.104662,-11.3782,-11.1975,-0.053395,0.03,0,0.0067,0.0067,0,1.0083,0.02,0,0.03,0.03,0.0121,1.0063
alma-7b-s2-slimgpt40-ref-pair-is,alma-7b-s2-slimgpt40-ref-pair-is__alma10-greedy-300__9763490e4c9f,slimgpt,ref,40,pair,is,en-is+is-en,False,,en-is,False,True,300,0.788315,17.7021,42.9139,-0.053524,-6.0485,-6.3645,0.030864,0,0,0.0033,0.0033,0,0.9449,0,0,0.0033,0,0.0036,0.972
alma-7b-s2-slimgpt40-ref-pair-is,alma-7b-s2-slimgpt40-ref-pair-is__alma10-greedy-300__9763490e4c9f,slimgpt,ref,40,pair,is,en-is+is-en,False,,en-ru,False,False,300,0.662898,10.3467,29.5929,-0.198183,-14.6593,-18.8226,-0.13743,0.0067,0,0,0,0,0.7716,0.0033,0.04,0.0667,0.0067,0.0197,0.8266
alma-7b-s2-slimgpt40-ref-pair-is,alma-7b-s2-slimgpt40-ref-pair-is__alma10-greedy-300__9763490e4c9f,slimgpt,ref,40,pair,is,en-is+is-en,False,,en-zh,False,False,300,0.442167,3.6112,4.62,-0.408568,-29.8912,-21.614,-0.314416,0,0,0.1333,0.1333,0,1.3834,0,0.53,0.0667,0,0.3256,0.4929
alma-7b-s2-slimgpt40-ref-pair-ru,alma-7b-s2-slimgpt40-ref-pair-ru__alma10-greedy-300__7907288944b5,slimgpt,ref,40,pair,ru,en-ru+ru-en,False,,cs-en,True,False,300,0.824114,34.1218,57.4269,-0.028319,-7.8635,-5.9076,-0.001137,0.0033,0,0,0,0,0.9707,0.0033,0,0.0033,0.0033,0.0043,0.9842
alma-7b-s2-slimgpt40-ref-pair-ru,alma-7b-s2-slimgpt40-ref-pair-ru__alma10-greedy-300__7907288944b5,slimgpt,ref,40,pair,ru,en-ru+ru-en,False,,de-en,True,False,300,0.823459,26.4719,50.5726,-0.015751,-4.8449,-3.222,0.00198,0.0033,0,0,0,0,0.9309,0,0.0033,0.0067,0.0033,0.0061,0.9486
alma-7b-s2-slimgpt40-ref-pair-ru,alma-7b-s2-slimgpt40-ref-pair-ru__alma10-greedy-300__7907288944b5,slimgpt,ref,40,pair,ru,en-ru+ru-en,False,,is-en,True,False,300,0.826718,30.7808,52.5424,-0.035945,-7.4685,-5.9545,-0.015518,0,0,0,0,0,0.9493,0,0,0.01,0,0.0067,0.9795
alma-7b-s2-slimgpt40-ref-pair-ru,alma-7b-s2-slimgpt40-ref-pair-ru__alma10-greedy-300__7907288944b5,slimgpt,ref,40,pair,ru,en-ru+ru-en,False,,ru-en,True,True,300,0.814006,31.2401,56.0979,-0.032417,-5.6969,-4.3128,0.000589,0,0.0033,0.0033,0.0033,0,0.996,0.0033,0.0067,0.02,0,0.0069,1.0245
alma-7b-s2-slimgpt40-ref-pair-ru,alma-7b-s2-slimgpt40-ref-pair-ru__alma10-greedy-300__7907288944b5,slimgpt,ref,40,pair,ru,en-ru+ru-en,False,,zh-en,True,False,300,0.738699,13.2298,39.0951,-0.057436,-6.6122,-9.2114,-0.014419,0,0,0.0033,0.0033,0,0.8935,0,0,0.0033,0,0.0041,0.9398
alma-7b-s2-slimgpt40-ref-pair-ru,alma-7b-s2-slimgpt40-ref-pair-ru__alma10-greedy-300__7907288944b5,slimgpt,ref,40,pair,ru,en-ru+ru-en,False,,en-cs,False,False,300,0.683629,11.5136,33.7965,-0.186675,-13.4169,-14.5883,-0.098518,0.01,0,0.0133,0.0133,0,0.9973,0.0033,0.02,0.02,0.01,0.0087,0.9966
alma-7b-s2-slimgpt40-ref-pair-ru,alma-7b-s2-slimgpt40-ref-pair-ru__alma10-greedy-300__7907288944b5,slimgpt,ref,40,pair,ru,en-ru+ru-en,False,,en-de,False,False,300,0.709075,16.2983,43.1345,-0.143889,-11.6932,-11.5996,-0.092622,0.0367,0.0033,0.0167,0.0167,0,1.0631,0.0267,0,0.0367,0.0367,0.0136,1.0841
alma-7b-s2-slimgpt40-ref-pair-ru,alma-7b-s2-slimgpt40-ref-pair-ru__alma10-greedy-300__7907288944b5,slimgpt,ref,40,pair,ru,en-ru+ru-en,False,,en-is,False,False,300,0.436943,5.0708,23.5172,-0.404896,-18.6798,-25.7612,-0.320508,0.0767,0.0167,0.0533,0.0533,0,0.9343,0.0067,0,0.0867,0.0767,0.0058,1.0952
alma-7b-s2-slimgpt40-ref-pair-ru,alma-7b-s2-slimgpt40-ref-pair-ru__alma10-greedy-300__7907288944b5,slimgpt,ref,40,pair,ru,en-ru+ru-en,False,,en-ru,False,True,300,0.808848,19.4557,42.661,-0.052233,-5.5503,-5.7545,0.00852,0,0,0,0,0,0.9585,0,0.0133,0.0433,0,0.012,0.998
alma-7b-s2-slimgpt40-ref-pair-ru,alma-7b-s2-slimgpt40-ref-pair-ru__alma10-greedy-300__7907288944b5,slimgpt,ref,40,pair,ru,en-ru+ru-en,False,,en-zh,False,False,300,0.546714,9.523,9.0142,-0.304021,-23.9794,-17.2198,-0.209869,0,0,0.0533,0.0533,0,1.228,0,0.2933,0.0767,0,0.2256,0.6126
alma-7b-s2-slimgpt40-ref-pair-zh,alma-7b-s2-slimgpt40-ref-pair-zh__alma10-greedy-300__deeafb7353c9,slimgpt,ref,40,pair,zh,en-zh+zh-en,False,,cs-en,True,False,300,0.807377,30.5097,54.8359,-0.045056,-11.4756,-8.4986,-0.017874,0.0033,0,0,0,0,0.9545,0,0.0033,0.01,0.0033,0.0059,0.9738
alma-7b-s2-slimgpt40-ref-pair-zh,alma-7b-s2-slimgpt40-ref-pair-zh__alma10-greedy-300__deeafb7353c9,slimgpt,ref,40,pair,zh,en-zh+zh-en,False,,de-en,True,False,300,0.813988,25.2175,49.0487,-0.025222,-6.0993,-4.7459,-0.007491,0,0,0,0,0,0.9269,0,0.0033,0,0,0.0062,0.9369
alma-7b-s2-slimgpt40-ref-pair-zh,alma-7b-s2-slimgpt40-ref-pair-zh__alma10-greedy-300__deeafb7353c9,slimgpt,ref,40,pair,zh,en-zh+zh-en,False,,is-en,True,False,300,0.804513,26.6824,49.2491,-0.05815,-11.5669,-9.2478,-0.037723,0.0033,0,0,0,0,0.9487,0,0,0.01,0.0033,0.0074,0.9823
alma-7b-s2-slimgpt40-ref-pair-zh,alma-7b-s2-slimgpt40-ref-pair-zh__alma10-greedy-300__deeafb7353c9,slimgpt,ref,40,pair,zh,en-zh+zh-en,False,,ru-en,True,False,300,0.803015,31.258,55.5552,-0.043408,-5.679,-4.8555,-0.010402,0,0,0,0,0,0.9594,0.0033,0.01,0.0167,0,0.0085,0.9718
alma-7b-s2-slimgpt40-ref-pair-zh,alma-7b-s2-slimgpt40-ref-pair-zh__alma10-greedy-300__deeafb7353c9,slimgpt,ref,40,pair,zh,en-zh+zh-en,False,,zh-en,True,True,300,0.755196,16.1468,43.8167,-0.040939,-3.6952,-4.4898,0.002078,0,0,0.0033,0.0033,0,0.9132,0,0.01,0.01,0,0.0036,0.9376
alma-7b-s2-slimgpt40-ref-pair-zh,alma-7b-s2-slimgpt40-ref-pair-zh__alma10-greedy-300__deeafb7353c9,slimgpt,ref,40,pair,zh,en-zh+zh-en,False,,en-cs,False,False,300,0.53299,4.7138,25.1194,-0.337314,-20.2167,-23.2654,-0.249157,0.0767,0.0067,0.0233,0.0233,0,0.9657,0.03,0.0567,0.0833,0.0767,0.0133,0.9963
alma-7b-s2-slimgpt40-ref-pair-zh,alma-7b-s2-slimgpt40-ref-pair-zh__alma10-greedy-300__deeafb7353c9,slimgpt,ref,40,pair,zh,en-zh+zh-en,False,,en-de,False,False,300,0.587253,7.4539,30.9975,-0.265711,-20.5376,-23.7366,-0.214444,0.2433,0.0133,0.0167,0.0167,0,0.9963,0.0567,0.0167,0.25,0.2433,0.0121,1.1318
alma-7b-s2-slimgpt40-ref-pair-zh,alma-7b-s2-slimgpt40-ref-pair-zh__alma10-greedy-300__deeafb7353c9,slimgpt,ref,40,pair,zh,en-zh+zh-en,False,,en-is,False,False,300,0.459686,1.8174,11.4042,-0.382153,-21.9332,-37.8742,-0.297765,0.6833,0.0267,0.0667,0.0667,0,0.7744,0.0767,0.0267,0.7333,0.6833,0.005,0.8548
alma-7b-s2-slimgpt40-ref-pair-zh,alma-7b-s2-slimgpt40-ref-pair-zh__alma10-greedy-300__deeafb7353c9,slimgpt,ref,40,pair,zh,en-zh+zh-en,False,,en-ru,False,False,300,0.670775,11.1187,34.6898,-0.190306,-13.8873,-13.7257,-0.129553,0.0067,0,0,0,0,0.8968,0,0.0167,0.0733,0.0067,0.0151,0.9526
alma-7b-s2-slimgpt40-ref-pair-zh,alma-7b-s2-slimgpt40-ref-pair-zh__alma10-greedy-300__deeafb7353c9,slimgpt,ref,40,pair,zh,en-zh+zh-en,False,,en-zh,False,True,300,0.786815,25.6536,21.8291,-0.06392,-7.8488,-4.4049,0.030232,0,0,0.0033,0.0033,0,0.974,0,0.1633,0.03,0,0,0.9905
alma-7b-s2-slimgpt20-ref-dir-cs-en,alma-7b-s2-slimgpt20-ref-dir-cs-en__alma10-greedy-300__9e15865599d7,slimgpt,ref,20,dir,cs-en,cs-en,False,,cs-en,True,True,300,0.84567,38.1667,60.5099,-0.006763,-3.8186,-2.8246,0.004436,0.0033,0,0,0,0,0.9885,0.0033,0,0.0033,0.0033,0.0042,1.0016
alma-7b-s2-slimgpt20-ref-dir-cs-en,alma-7b-s2-slimgpt20-ref-dir-cs-en__alma10-greedy-300__9e15865599d7,slimgpt,ref,20,dir,cs-en,cs-en,False,,de-en,True,False,300,0.827583,27.2516,50.8805,-0.011627,-4.0652,-2.9141,-0.002986,0.0033,0,0,0,0,0.9281,0,0,0.01,0.0033,0.0062,0.936
alma-7b-s2-slimgpt20-ref-dir-cs-en,alma-7b-s2-slimgpt20-ref-dir-cs-en__alma10-greedy-300__9e15865599d7,slimgpt,ref,20,dir,cs-en,cs-en,False,,is-en,True,False,300,0.85637,36.1862,57.3867,-0.006293,-2.0631,-1.1102,-0.003392,0,0,0,0,0,0.9536,0,0,0.01,0,0.0065,0.9801
alma-7b-s2-slimgpt20-ref-dir-cs-en,alma-7b-s2-slimgpt20-ref-dir-cs-en__alma10-greedy-300__9e15865599d7,slimgpt,ref,20,dir,cs-en,cs-en,False,,ru-en,True,False,300,0.831469,35.3006,58.6731,-0.014954,-1.6364,-1.7376,-0.00426,0,0,0,0,0,0.9919,0.0033,0.0067,0.0167,0,0.0072,1.0037
alma-7b-s2-slimgpt20-ref-dir-cs-en,alma-7b-s2-slimgpt20-ref-dir-cs-en__alma10-greedy-300__9e15865599d7,slimgpt,ref,20,dir,cs-en,cs-en,False,,zh-en,True,False,300,0.783217,17.0449,44.9712,-0.012918,-2.7971,-3.3353,-0.00692,0,0,0,0,0,0.9299,0,0.0067,0.0067,0,0.0044,0.9545
alma-7b-s2-slimgpt20-ref-dir-cs-en,alma-7b-s2-slimgpt20-ref-dir-cs-en__alma10-greedy-300__9e15865599d7,slimgpt,ref,20,dir,cs-en,cs-en,False,,en-cs,False,False,300,0.855551,22.5795,46.0306,-0.014753,-2.351,-2.3542,0.004127,0.0033,0,0,0,0,0.9337,0,0.0233,0.02,0.0033,0.0062,0.9623
alma-7b-s2-slimgpt20-ref-dir-cs-en,alma-7b-s2-slimgpt20-ref-dir-cs-en__alma10-greedy-300__9e15865599d7,slimgpt,ref,20,dir,cs-en,cs-en,False,,en-de,False,False,300,0.825125,22.9289,49.914,-0.027839,-5.0626,-4.8201,-0.018062,0.03,0,0,0,0,0.9783,0.02,0,0.0367,0.03,0.0125,1.0003
alma-7b-s2-slimgpt20-ref-dir-cs-en,alma-7b-s2-slimgpt20-ref-dir-cs-en__alma10-greedy-300__9e15865599d7,slimgpt,ref,20,dir,cs-en,cs-en,False,,en-is,False,False,300,0.786808,16.8337,41.9993,-0.055031,-6.9169,-7.2791,-0.039204,0.01,0,0.0067,0.0067,0,0.9693,0.0067,0,0.01,0.01,0.0039,0.9965
alma-7b-s2-slimgpt20-ref-dir-cs-en,alma-7b-s2-slimgpt20-ref-dir-cs-en__alma10-greedy-300__9e15865599d7,slimgpt,ref,20,dir,cs-en,cs-en,False,,en-ru,False,False,300,0.82735,20.1847,42.5393,-0.033731,-4.8213,-5.8762,-0.017507,0,0,0,0,0,0.9411,0,0.01,0.0533,0,0.0109,0.9885
alma-7b-s2-slimgpt20-ref-dir-cs-en,alma-7b-s2-slimgpt20-ref-dir-cs-en__alma10-greedy-300__9e15865599d7,slimgpt,ref,20,dir,cs-en,cs-en,False,,en-zh,False,False,300,0.683743,17.4888,15.2963,-0.166992,-16.0136,-10.9377,-0.153443,0,0,0.0733,0.0733,0,1.3959,0,0.1833,0.03,0,0.1958,0.7423
alma-7b-s2-slimgpt20-ref-dir-de-en,alma-7b-s2-slimgpt20-ref-dir-de-en__alma10-greedy-300__118d106fa524,slimgpt,ref,20,dir,de-en,de-en,False,,cs-en,True,False,300,0.840579,38.3728,60.9106,-0.011854,-3.6125,-2.4239,-0.000655,0.0033,0,0,0,0,0.9923,0.0033,0,0.0033,0.0033,0.0047,1.0104
alma-7b-s2-slimgpt20-ref-dir-de-en,alma-7b-s2-slimgpt20-ref-dir-de-en__alma10-greedy-300__118d106fa524,slimgpt,ref,20,dir,de-en,de-en,False,,de-en,True,True,300,0.830278,27.3187,51.245,-0.008932,-3.9981,-2.5496,-0.000291,0.0033,0,0,0,0,0.925,0,0,0.0067,0.0033,0.0063,0.936
alma-7b-s2-slimgpt20-ref-dir-de-en,alma-7b-s2-slimgpt20-ref-dir-de-en__alma10-greedy-300__118d106fa524,slimgpt,ref,20,dir,de-en,de-en,False,,is-en,True,False,300,0.858263,36.7612,57.6713,-0.0044,-1.4881,-0.8256,-0.001499,0.0033,0,0,0,0,0.9546,0,0,0.0133,0.0033,0.0063,0.9783
alma-7b-s2-slimgpt20-ref-dir-de-en,alma-7b-s2-slimgpt20-ref-dir-de-en__alma10-greedy-300__118d106fa524,slimgpt,ref,20,dir,de-en,de-en,False,,ru-en,True,False,300,0.83359,35.7231,59.2557,-0.012833,-1.2139,-1.155,-0.002139,0,0,0,0,0,0.9859,0.0033,0.01,0.02,0,0.0073,0.9973
alma-7b-s2-slimgpt20-ref-dir-de-en,alma-7b-s2-slimgpt20-ref-dir-de-en__alma10-greedy-300__118d106fa524,slimgpt,ref,20,dir,de-en,de-en,False,,zh-en,True,False,300,0.783266,16.8056,44.745,-0.012869,-3.0364,-3.5615,-0.006871,0,0,0,0,0,0.9128,0,0.0067,0.01,0,0.0045,0.9406
alma-7b-s2-slimgpt20-ref-dir-de-en,alma-7b-s2-slimgpt20-ref-dir-de-en__alma10-greedy-300__118d106fa524,slimgpt,ref,20,dir,de-en,de-en,False,,en-cs,False,False,300,0.815057,17.7314,41.304,-0.055247,-7.1991,-7.0808,-0.036367,0.0133,0,0.0033,0.0033,0,0.9711,0.0133,0.02,0.0367,0.0133,0.0069,0.9881
alma-7b-s2-slimgpt20-ref-dir-de-en,alma-7b-s2-slimgpt20-ref-dir-de-en__alma10-greedy-300__118d106fa524,slimgpt,ref,20,dir,de-en,de-en,False,,en-de,False,False,300,0.847008,26.2472,52.7981,-0.005956,-1.7443,-1.936,0.003821,0.01,0,0,0,0,0.9718,0.01,0,0.01,0.01,0.0136,0.9976
alma-7b-s2-slimgpt20-ref-dir-de-en,alma-7b-s2-slimgpt20-ref-dir-de-en__alma10-greedy-300__118d106fa524,slimgpt,ref,20,dir,de-en,de-en,False,,en-is,False,False,300,0.782531,17.7545,42.6256,-0.059308,-5.9961,-6.6528,-0.043481,0.01,0,0,0,0,0.9664,0.0067,0,0.01,0.01,0.0043,0.9934
alma-7b-s2-slimgpt20-ref-dir-de-en,alma-7b-s2-slimgpt20-ref-dir-de-en__alma10-greedy-300__118d106fa524,slimgpt,ref,20,dir,de-en,de-en,False,,en-ru,False,False,300,0.818985,19.635,41.6666,-0.042096,-5.371,-6.7489,-0.025872,0.0033,0,0,0,0,0.9519,0.0033,0.0067,0.0433,0.0033,0.0109,1.0181
alma-7b-s2-slimgpt20-ref-dir-de-en,alma-7b-s2-slimgpt20-ref-dir-de-en__alma10-greedy-300__118d106fa524,slimgpt,ref,20,dir,de-en,de-en,False,,en-zh,False,False,300,0.661713,18.3619,14.1089,-0.189022,-15.1405,-12.1251,-0.175473,0.0033,0,0.1167,0.1167,0,1.7363,0,0.18,0.04,0.0033,0.2492,0.7996
alma-7b-s2-slimgpt20-ref-dir-is-en,alma-7b-s2-slimgpt20-ref-dir-is-en__alma10-greedy-300__869a986b73e2,slimgpt,ref,20,dir,is-en,is-en,False,,cs-en,True,False,300,0.842182,36.5905,59.3478,-0.010251,-5.3948,-3.9867,0.000948,0.0033,0,0,0,0,0.9665,0,0.0033,0.0033,0.0033,0.0052,0.9782
alma-7b-s2-slimgpt20-ref-dir-is-en,alma-7b-s2-slimgpt20-ref-dir-is-en__alma10-greedy-300__869a986b73e2,slimgpt,ref,20,dir,is-en,is-en,False,,de-en,True,False,300,0.834831,27.239,51.0058,-0.004379,-4.0778,-2.7888,0.004262,0.0033,0,0,0,0,0.921,0,0.0033,0.01,0.0033,0.0069,0.9347
alma-7b-s2-slimgpt20-ref-dir-is-en,alma-7b-s2-slimgpt20-ref-dir-is-en__alma10-greedy-300__869a986b73e2,slimgpt,ref,20,dir,is-en,is-en,False,,is-en,True,True,300,0.860079,34.7722,56.4202,-0.002584,-3.4771,-2.0767,0.000317,0.0033,0,0,0,0,0.9458,0,0,0.0167,0.0033,0.0072,0.9673
alma-7b-s2-slimgpt20-ref-dir-is-en,alma-7b-s2-slimgpt20-ref-dir-is-en__alma10-greedy-300__869a986b73e2,slimgpt,ref,20,dir,is-en,is-en,False,,ru-en,True,False,300,0.827752,32.3229,55.8078,-0.018671,-4.6141,-4.6029,-0.007977,0,0,0,0,0,0.9483,0.0033,0.0067,0.0167,0,0.0082,0.9581
alma-7b-s2-slimgpt20-ref-dir-is-en,alma-7b-s2-slimgpt20-ref-dir-is-en__alma10-greedy-300__869a986b73e2,slimgpt,ref,20,dir,is-en,is-en,False,,zh-en,True,False,300,0.779891,16.2268,43.3881,-0.016244,-3.6152,-4.9184,-0.010246,0,0,0,0,0,0.8873,0,0.01,0.0133,0,0.0037,0.9106
alma-7b-s2-slimgpt20-ref-dir-is-en,alma-7b-s2-slimgpt20-ref-dir-is-en__alma10-greedy-300__869a986b73e2,slimgpt,ref,20,dir,is-en,is-en,False,,en-cs,False,False,300,0.816032,18.745,42.367,-0.054272,-6.1855,-6.0178,-0.035392,0.0067,0,0,0,0,0.9601,0.0033,0.0267,0.0233,0.0067,0.007,0.9841
alma-7b-s2-slimgpt20-ref-dir-is-en,alma-7b-s2-slimgpt20-ref-dir-is-en__alma10-greedy-300__869a986b73e2,slimgpt,ref,20,dir,is-en,is-en,False,,en-de,False,False,300,0.810197,20.5959,48.5525,-0.042767,-7.3956,-6.1816,-0.03299,0.0267,0.0033,0.0067,0.0067,0,1.0515,0.0133,0,0.04,0.0267,0.012,1.0603
alma-7b-s2-slimgpt20-ref-dir-is-en,alma-7b-s2-slimgpt20-ref-dir-is-en__alma10-greedy-300__869a986b73e2,slimgpt,ref,20,dir,is-en,is-en,False,,en-is,False,False,300,0.825986,20.8439,46.3387,-0.015853,-2.9067,-2.9397,-2.6e-05,0.0067,0,0,0,0,0.9543,0.0033,0,0.0067,0.0067,0.0038,0.9761
alma-7b-s2-slimgpt20-ref-dir-is-en,alma-7b-s2-slimgpt20-ref-dir-is-en__alma10-greedy-300__869a986b73e2,slimgpt,ref,20,dir,is-en,is-en,False,,en-ru,False,False,300,0.812381,19.9044,41.4352,-0.0487,-5.1016,-6.9803,-0.032476,0.0167,0,0,0,0,0.9468,0.0067,0.0067,0.0733,0.0167,0.0099,0.998
alma-7b-s2-slimgpt20-ref-dir-is-en,alma-7b-s2-slimgpt20-ref-dir-is-en__alma10-greedy-300__869a986b73e2,slimgpt,ref,20,dir,is-en,is-en,False,,en-zh,False,False,300,0.676076,16.9286,15.2508,-0.174659,-16.5738,-10.9832,-0.16111,0,0,0.05,0.05,0,1.192,0,0.22,0.0333,0,0.1689,0.7065
alma-7b-s2-slimgpt20-ref-dir-ru-en,alma-7b-s2-slimgpt20-ref-dir-ru-en__alma10-greedy-300__b75b942f689f,slimgpt,ref,20,dir,ru-en,ru-en,False,,cs-en,True,False,300,0.840865,37.0949,59.561,-0.011568,-4.8904,-3.7735,-0.000369,0.0033,0,0,0,0,0.9665,0.0033,0,0.0033,0.0033,0.0051,0.9811
alma-7b-s2-slimgpt20-ref-dir-ru-en,alma-7b-s2-slimgpt20-ref-dir-ru-en__alma10-greedy-300__b75b942f689f,slimgpt,ref,20,dir,ru-en,ru-en,False,,de-en,True,False,300,0.833578,28.6865,52.0852,-0.005632,-2.6303,-1.7094,0.003009,0.0033,0,0,0,0,0.9326,0,0.0033,0.01,0.0033,0.0066,0.9486
alma-7b-s2-slimgpt20-ref-dir-ru-en,alma-7b-s2-slimgpt20-ref-dir-ru-en__alma10-greedy-300__b75b942f689f,slimgpt,ref,20,dir,ru-en,ru-en,False,,is-en,True,False,300,0.851451,35.4295,56.5858,-0.011212,-2.8198,-1.9111,-0.008311,0.0067,0,0,0,0,0.9492,0,0,0.01,0.0067,0.0064,0.9713
alma-7b-s2-slimgpt20-ref-dir-ru-en,alma-7b-s2-slimgpt20-ref-dir-ru-en__alma10-greedy-300__b75b942f689f,slimgpt,ref,20,dir,ru-en,ru-en,False,,ru-en,True,True,300,0.833643,35.376,58.4023,-0.01278,-1.561,-2.0084,-0.002086,0,0,0,0,0,0.9761,0.0033,0.0067,0.0167,0,0.0074,0.9859
alma-7b-s2-slimgpt20-ref-dir-ru-en,alma-7b-s2-slimgpt20-ref-dir-ru-en__alma10-greedy-300__b75b942f689f,slimgpt,ref,20,dir,ru-en,ru-en,False,,zh-en,True,False,300,0.778203,16.5491,43.4828,-0.017932,-3.2929,-4.8237,-0.011934,0,0,0,0,0,0.8743,0,0.0067,0.0067,0,0.0046,0.9037
alma-7b-s2-slimgpt20-ref-dir-ru-en,alma-7b-s2-slimgpt20-ref-dir-ru-en__alma10-greedy-300__b75b942f689f,slimgpt,ref,20,dir,ru-en,ru-en,False,,en-cs,False,False,300,0.830186,18.4025,42.4977,-0.040118,-6.528,-5.8871,-0.021238,0.0067,0,0,0,0,0.9646,0,0.0133,0.03,0.0067,0.0072,0.9769
alma-7b-s2-slimgpt20-ref-dir-ru-en,alma-7b-s2-slimgpt20-ref-dir-ru-en__alma10-greedy-300__b75b942f689f,slimgpt,ref,20,dir,ru-en,ru-en,False,,en-de,False,False,300,0.810068,22.1387,49.3626,-0.042896,-5.8528,-5.3715,-0.033119,0.0433,0,0,0,0,0.9908,0.0367,0,0.05,0.0433,0.0131,1.0089
alma-7b-s2-slimgpt20-ref-dir-ru-en,alma-7b-s2-slimgpt20-ref-dir-ru-en__alma10-greedy-300__b75b942f689f,slimgpt,ref,20,dir,ru-en,ru-en,False,,en-is,False,False,300,0.74984,14.1727,39.4436,-0.091999,-9.5779,-9.8348,-0.076172,0.0267,0,0.01,0.01,0,0.9725,0.0033,0,0.0267,0.0267,0.0042,1.0189
alma-7b-s2-slimgpt20-ref-dir-ru-en,alma-7b-s2-slimgpt20-ref-dir-ru-en__alma10-greedy-300__b75b942f689f,slimgpt,ref,20,dir,ru-en,ru-en,False,,en-ru,False,False,300,0.849397,23.2824,46.2304,-0.011684,-1.7236,-2.1851,0.00454,0,0,0,0,0,0.9603,0,0.01,0.0467,0,0.0099,0.9982
alma-7b-s2-slimgpt20-ref-dir-ru-en,alma-7b-s2-slimgpt20-ref-dir-ru-en__alma10-greedy-300__b75b942f689f,slimgpt,ref,20,dir,ru-en,ru-en,False,,en-zh,False,False,300,0.778437,24.1947,18.6949,-0.072298,-9.3077,-7.5391,-0.058749,0.0033,0,0.0167,0.0167,0,1.0933,0,0.1833,0.03,0.0033,0.0649,0.9022
alma-7b-s2-slimgpt20-ref-dir-zh-en,alma-7b-s2-slimgpt20-ref-dir-zh-en__alma10-greedy-300__6acff349ca0c,slimgpt,ref,20,dir,zh-en,zh-en,False,,cs-en,True,False,300,0.835883,37.5197,60.1559,-0.01655,-4.4656,-3.1786,-0.005351,0.0033,0,0,0,0,0.9798,0,0.0067,0.0033,0.0033,0.0042,0.9931
alma-7b-s2-slimgpt20-ref-dir-zh-en,alma-7b-s2-slimgpt20-ref-dir-zh-en__alma10-greedy-300__6acff349ca0c,slimgpt,ref,20,dir,zh-en,zh-en,False,,de-en,True,False,300,0.830479,27.9108,51.9025,-0.008731,-3.406,-1.8921,-9e-05,0.0067,0,0,0,0,0.9228,0,0,0.0133,0.0067,0.0065,0.9347
alma-7b-s2-slimgpt20-ref-dir-zh-en,alma-7b-s2-slimgpt20-ref-dir-zh-en__alma10-greedy-300__6acff349ca0c,slimgpt,ref,20,dir,zh-en,zh-en,False,,is-en,True,False,300,0.846633,33.5423,55.3894,-0.01603,-4.707,-3.1075,-0.013129,0.0033,0,0,0,0,0.9424,0,0,0.01,0.0033,0.0062,0.968
alma-7b-s2-slimgpt20-ref-dir-zh-en,alma-7b-s2-slimgpt20-ref-dir-zh-en__alma10-greedy-300__6acff349ca0c,slimgpt,ref,20,dir,zh-en,zh-en,False,,ru-en,True,False,300,0.828315,33.6273,58.0417,-0.018108,-3.3097,-2.369,-0.007414,0,0,0,0,0,0.9927,0.0033,0.0067,0.02,0,0.0065,1.0029
alma-7b-s2-slimgpt20-ref-dir-zh-en,alma-7b-s2-slimgpt20-ref-dir-zh-en__alma10-greedy-300__6acff349ca0c,slimgpt,ref,20,dir,zh-en,zh-en,False,,zh-en,True,True,300,0.78423,18.1076,46.2081,-0.011905,-1.7344,-2.0984,-0.005907,0,0,0,0,0,0.9001,0,0.01,0.0067,0,0.0049,0.9227
alma-7b-s2-slimgpt20-ref-dir-zh-en,alma-7b-s2-slimgpt20-ref-dir-zh-en__alma10-greedy-300__6acff349ca0c,slimgpt,ref,20,dir,zh-en,zh-en,False,,en-cs,False,False,300,0.74788,12.0666,36.8142,-0.122424,-12.8639,-11.5706,-0.103544,0.0367,0,0,0,0,0.9294,0.02,0.0267,0.0433,0.0367,0.0076,0.9524
alma-7b-s2-slimgpt20-ref-dir-zh-en,alma-7b-s2-slimgpt20-ref-dir-zh-en__alma10-greedy-300__6acff349ca0c,slimgpt,ref,20,dir,zh-en,zh-en,False,,en-de,False,False,300,0.74405,15.9732,43.3654,-0.108914,-12.0183,-11.3687,-0.099137,0.1267,0,0.0033,0.0033,0,0.9889,0.08,0,0.1267,0.1267,0.0116,1.0285
alma-7b-s2-slimgpt20-ref-dir-zh-en,alma-7b-s2-slimgpt20-ref-dir-zh-en__alma10-greedy-300__6acff349ca0c,slimgpt,ref,20,dir,zh-en,zh-en,False,,en-is,False,False,300,0.596377,6.037,25.1027,-0.245462,-17.7136,-24.1757,-0.229635,0.5567,0,0,0,0,0.9414,0.2733,0,0.5633,0.5567,0.0051,1.0127
alma-7b-s2-slimgpt20-ref-dir-zh-en,alma-7b-s2-slimgpt20-ref-dir-zh-en__alma10-greedy-300__6acff349ca0c,slimgpt,ref,20,dir,zh-en,zh-en,False,,en-ru,False,False,300,0.779777,16.7952,42.1962,-0.081304,-8.2108,-6.2193,-0.06508,0.0033,0,0,0,0,0.9554,0.0033,0.01,0.08,0.0033,0.0107,0.9898
alma-7b-s2-slimgpt20-ref-dir-zh-en,alma-7b-s2-slimgpt20-ref-dir-zh-en__alma10-greedy-300__6acff349ca0c,slimgpt,ref,20,dir,zh-en,zh-en,False,,en-zh,False,False,300,0.835094,30.908,25.1665,-0.015641,-2.5944,-1.0675,-0.002092,0,0,0.0033,0.0033,0,0.9895,0,0.17,0.0333,0,0.0001,0.9877
alma-7b-s2-slimgpt20-ref-dir-en-cs,alma-7b-s2-slimgpt20-ref-dir-en-cs__alma10-greedy-300__64707eddc38b,slimgpt,ref,20,dir,en-cs,en-cs,False,,cs-en,True,False,300,0.842212,37.7227,60.1283,-0.010221,-4.2626,-3.2062,0.000978,0.0033,0,0,0,0,0.9811,0.0033,0,0.0033,0.0033,0.0049,0.9893
alma-7b-s2-slimgpt20-ref-dir-en-cs,alma-7b-s2-slimgpt20-ref-dir-en-cs__alma10-greedy-300__64707eddc38b,slimgpt,ref,20,dir,en-cs,en-cs,False,,de-en,True,False,300,0.8308,28.4891,52.3096,-0.00841,-2.8277,-1.485,0.000231,0.0033,0,0,0,0,0.9407,0,0,0.01,0.0033,0.0068,0.9519
alma-7b-s2-slimgpt20-ref-dir-en-cs,alma-7b-s2-slimgpt20-ref-dir-en-cs__alma10-greedy-300__64707eddc38b,slimgpt,ref,20,dir,en-cs,en-cs,False,,is-en,True,False,300,0.855923,36.1062,57.3264,-0.00674,-2.1431,-1.1705,-0.003839,0.01,0,0,0,0,0.9742,0,0,0.0133,0.01,0.0058,0.9928
alma-7b-s2-slimgpt20-ref-dir-en-cs,alma-7b-s2-slimgpt20-ref-dir-en-cs__alma10-greedy-300__64707eddc38b,slimgpt,ref,20,dir,en-cs,en-cs,False,,ru-en,True,False,300,0.831009,36.5095,59.7106,-0.015414,-0.4275,-0.7001,-0.00472,0,0,0,0,0,0.9992,0.0033,0.01,0.0133,0,0.0077,1.006
alma-7b-s2-slimgpt20-ref-dir-en-cs,alma-7b-s2-slimgpt20-ref-dir-en-cs__alma10-greedy-300__64707eddc38b,slimgpt,ref,20,dir,en-cs,en-cs,False,,zh-en,True,False,300,0.779099,16.3547,45.1591,-0.017036,-3.4873,-3.1474,-0.011038,0,0.0033,0.0067,0.0067,0,1.0032,0,0.0067,0.0133,0,0.0043,1.0223
alma-7b-s2-slimgpt20-ref-dir-en-cs,alma-7b-s2-slimgpt20-ref-dir-en-cs__alma10-greedy-300__64707eddc38b,slimgpt,ref,20,dir,en-cs,en-cs,False,,en-cs,False,True,300,0.854937,23.7752,46.9136,-0.015367,-1.1553,-1.4712,0.003513,0.0033,0,0,0,0,0.9386,0,0.0267,0.0233,0.0033,0.006,0.9672
alma-7b-s2-slimgpt20-ref-dir-en-cs,alma-7b-s2-slimgpt20-ref-dir-en-cs__alma10-greedy-300__64707eddc38b,slimgpt,ref,20,dir,en-cs,en-cs,False,,en-de,False,False,300,0.828303,24.0306,51.3418,-0.024661,-3.9609,-3.3923,-0.014884,0.0067,0,0,0,0,0.9866,0.0067,0,0.0133,0.0067,0.013,0.9962
alma-7b-s2-slimgpt20-ref-dir-en-cs,alma-7b-s2-slimgpt20-ref-dir-en-cs__alma10-greedy-300__64707eddc38b,slimgpt,ref,20,dir,en-cs,en-cs,False,,en-is,False,False,300,0.787664,17.6559,43.1017,-0.054175,-6.0947,-6.1767,-0.038348,0.0033,0,0.0033,0.0033,0,0.981,0.0033,0,0.0033,0.0033,0.0041,0.9864
alma-7b-s2-slimgpt20-ref-dir-en-cs,alma-7b-s2-slimgpt20-ref-dir-en-cs__alma10-greedy-300__64707eddc38b,slimgpt,ref,20,dir,en-cs,en-cs,False,,en-ru,False,False,300,0.835955,21.6685,44.5404,-0.025126,-3.3375,-3.8751,-0.008902,0,0,0,0,0,0.9459,0,0.0067,0.0533,0,0.0103,0.9783
alma-7b-s2-slimgpt20-ref-dir-en-cs,alma-7b-s2-slimgpt20-ref-dir-en-cs__alma10-greedy-300__64707eddc38b,slimgpt,ref,20,dir,en-cs,en-cs,False,,en-zh,False,False,300,0.687784,19.4007,16.1319,-0.162951,-14.1017,-10.1021,-0.149402,0,0,0.0633,0.0633,0,1.344,0,0.19,0.04,0,0.1755,0.7718
alma-7b-s2-slimgpt20-ref-dir-en-de,alma-7b-s2-slimgpt20-ref-dir-en-de__alma10-greedy-300__3590d0af0bf3,slimgpt,ref,20,dir,en-de,en-de,False,,cs-en,True,False,300,0.845317,38.8582,61.6346,-0.007116,-3.1271,-1.6999,0.004083,0.0033,0,0,0,0,0.9953,0.0033,0,0.0033,0.0033,0.0044,1.0079
alma-7b-s2-slimgpt20-ref-dir-en-de,alma-7b-s2-slimgpt20-ref-dir-en-de__alma10-greedy-300__3590d0af0bf3,slimgpt,ref,20,dir,en-de,en-de,False,,de-en,True,False,300,0.836485,28.9746,52.6395,-0.002725,-2.3422,-1.1551,0.005916,0.0067,0,0,0,0,0.9473,0,0,0.01,0.0067,0.0073,0.9581
alma-7b-s2-slimgpt20-ref-dir-en-de,alma-7b-s2-slimgpt20-ref-dir-en-de__alma10-greedy-300__3590d0af0bf3,slimgpt,ref,20,dir,en-de,en-de,False,,is-en,True,False,300,0.858318,35.894,57.4084,-0.004345,-2.3553,-1.0885,-0.001444,0.0033,0,0,0,0,0.9752,0,0,0.01,0.0033,0.0057,0.9963
alma-7b-s2-slimgpt20-ref-dir-en-de,alma-7b-s2-slimgpt20-ref-dir-en-de__alma10-greedy-300__3590d0af0bf3,slimgpt,ref,20,dir,en-de,en-de,False,,ru-en,True,False,300,0.834437,36.1843,59.8946,-0.011986,-0.7527,-0.5161,-0.001292,0,0,0,0,0,0.9951,0.0033,0.0067,0.0167,0,0.0073,1.0082
alma-7b-s2-slimgpt20-ref-dir-en-de,alma-7b-s2-slimgpt20-ref-dir-en-de__alma10-greedy-300__3590d0af0bf3,slimgpt,ref,20,dir,en-de,en-de,False,,zh-en,True,False,300,0.78488,18.0051,45.9485,-0.011255,-1.8369,-2.358,-0.005257,0,0.0033,0.0033,0.0033,0,0.9681,0,0.0067,0.01,0,0.0044,0.9845
alma-7b-s2-slimgpt20-ref-dir-en-de,alma-7b-s2-slimgpt20-ref-dir-en-de__alma10-greedy-300__3590d0af0bf3,slimgpt,ref,20,dir,en-de,en-de,False,,en-cs,False,False,300,0.822139,18.1759,41.4653,-0.048165,-6.7546,-6.9195,-0.029285,0.01,0,0.0033,0.0033,0,0.9921,0.01,0.03,0.0233,0.01,0.0069,1.0067
alma-7b-s2-slimgpt20-ref-dir-en-de,alma-7b-s2-slimgpt20-ref-dir-en-de__alma10-greedy-300__3590d0af0bf3,slimgpt,ref,20,dir,en-de,en-de,False,,en-de,False,True,300,0.841572,25.8545,52.6971,-0.011392,-2.137,-2.037,-0.001615,0.02,0,0,0,0,0.9925,0.02,0.0033,0.02,0.02,0.0123,1.0091
alma-7b-s2-slimgpt20-ref-dir-en-de,alma-7b-s2-slimgpt20-ref-dir-en-de__alma10-greedy-300__3590d0af0bf3,slimgpt,ref,20,dir,en-de,en-de,False,,en-is,False,False,300,0.790027,18.4948,43.6716,-0.051812,-5.2558,-5.6068,-0.035985,0.0033,0.0033,0.01,0.01,0,0.9812,0.0033,0,0.0033,0.0033,0.0047,0.99
alma-7b-s2-slimgpt20-ref-dir-en-de,alma-7b-s2-slimgpt20-ref-dir-en-de__alma10-greedy-300__3590d0af0bf3,slimgpt,ref,20,dir,en-de,en-de,False,,en-ru,False,False,300,0.828922,20.4668,43.7338,-0.032159,-4.5392,-4.6817,-0.015935,0,0,0.0033,0.0033,0,0.974,0,0.0067,0.0367,0,0.01,1.0193
alma-7b-s2-slimgpt20-ref-dir-en-de,alma-7b-s2-slimgpt20-ref-dir-en-de__alma10-greedy-300__3590d0af0bf3,slimgpt,ref,20,dir,en-de,en-de,False,,en-zh,False,False,300,0.66806,18.3785,13.8049,-0.182675,-15.1239,-12.4291,-0.169126,0,0,0.09,0.09,0,1.5151,0,0.1833,0.0467,0,0.1919,0.8281
alma-7b-s2-slimgpt20-ref-dir-en-is,alma-7b-s2-slimgpt20-ref-dir-en-is__alma10-greedy-300__81871a1c270d,slimgpt,ref,20,dir,en-is,en-is,False,,cs-en,True,False,300,0.840621,37.2888,60.4268,-0.011812,-4.6965,-2.9077,-0.000613,0.0033,0,0,0,0,0.9933,0.0033,0.0033,0.0033,0.0033,0.0048,1.0005
alma-7b-s2-slimgpt20-ref-dir-en-is,alma-7b-s2-slimgpt20-ref-dir-en-is__alma10-greedy-300__81871a1c270d,slimgpt,ref,20,dir,en-is,en-is,False,,de-en,True,False,300,0.833367,27.9759,51.8495,-0.005843,-3.3409,-1.9451,0.002798,0,0,0,0,0,0.9462,0,0.0033,0.0033,0,0.0066,0.9455
alma-7b-s2-slimgpt20-ref-dir-en-is,alma-7b-s2-slimgpt20-ref-dir-en-is__alma10-greedy-300__81871a1c270d,slimgpt,ref,20,dir,en-is,en-is,False,,is-en,True,False,300,0.860267,35.2848,56.9755,-0.002396,-2.9645,-1.5214,0.000505,0.01,0,0,0,0,0.9611,0,0,0.02,0.01,0.0055,0.975
alma-7b-s2-slimgpt20-ref-dir-en-is,alma-7b-s2-slimgpt20-ref-dir-en-is__alma10-greedy-300__81871a1c270d,slimgpt,ref,20,dir,en-is,en-is,False,,ru-en,True,False,300,0.829411,34.4847,58.2112,-0.017012,-2.4523,-2.1995,-0.006318,0,0,0,0,0,0.9832,0.0033,0.01,0.0167,0,0.007,0.9898
alma-7b-s2-slimgpt20-ref-dir-en-is,alma-7b-s2-slimgpt20-ref-dir-en-is__alma10-greedy-300__81871a1c270d,slimgpt,ref,20,dir,en-is,en-is,False,,zh-en,True,False,300,0.781041,17.7765,45.5306,-0.015094,-2.0655,-2.7759,-0.009096,0.0033,0,0,0,0,0.9238,0,0,0.0133,0.0033,0.0049,0.9439
alma-7b-s2-slimgpt20-ref-dir-en-is,alma-7b-s2-slimgpt20-ref-dir-en-is__alma10-greedy-300__81871a1c270d,slimgpt,ref,20,dir,en-is,en-is,False,,en-cs,False,False,300,0.829232,18.6787,43.0054,-0.041072,-6.2518,-5.3794,-0.022192,0.0033,0,0.0033,0.0033,0,0.9864,0.0067,0.0267,0.0167,0.0033,0.0061,1.0058
alma-7b-s2-slimgpt20-ref-dir-en-is,alma-7b-s2-slimgpt20-ref-dir-en-is__alma10-greedy-300__81871a1c270d,slimgpt,ref,20,dir,en-is,en-is,False,,en-de,False,False,300,0.832748,22.2066,50.3836,-0.020216,-5.7849,-4.3505,-0.010439,0.0167,0,0,0,0,1.0029,0.0133,0.0033,0.0167,0.0167,0.0129,1.0152
alma-7b-s2-slimgpt20-ref-dir-en-is,alma-7b-s2-slimgpt20-ref-dir-en-is__alma10-greedy-300__81871a1c270d,slimgpt,ref,20,dir,en-is,en-is,False,,en-is,False,True,300,0.829851,22.5449,47.7684,-0.011988,-1.2057,-1.51,0.003839,0,0,0,0,0,0.9644,0,0,0.0033,0,0.0043,0.9752
alma-7b-s2-slimgpt20-ref-dir-en-is,alma-7b-s2-slimgpt20-ref-dir-en-is__alma10-greedy-300__81871a1c270d,slimgpt,ref,20,dir,en-is,en-is,False,,en-ru,False,False,300,0.826526,20.0663,43.3706,-0.034555,-4.9397,-5.0449,-0.018331,0,0,0,0,0,0.9621,0,0.0067,0.0667,0,0.01,1.0008
alma-7b-s2-slimgpt20-ref-dir-en-is,alma-7b-s2-slimgpt20-ref-dir-en-is__alma10-greedy-300__81871a1c270d,slimgpt,ref,20,dir,en-is,en-is,False,,en-zh,False,False,300,0.695688,18.9938,14.5592,-0.155047,-14.5086,-11.6748,-0.141498,0,0,0.0467,0.0467,0,1.1703,0,0.1933,0.0433,0,0.1424,0.7655
alma-7b-s2-slimgpt20-ref-dir-en-ru,alma-7b-s2-slimgpt20-ref-dir-en-ru__alma10-greedy-300__093ca594935a,slimgpt,ref,20,dir,en-ru,en-ru,False,,cs-en,True,False,300,0.844061,38.4173,60.7468,-0.008372,-3.568,-2.5877,0.002827,0.0067,0,0,0,0,0.9877,0.0033,0,0.0067,0.0067,0.0049,0.9989
alma-7b-s2-slimgpt20-ref-dir-en-ru,alma-7b-s2-slimgpt20-ref-dir-en-ru__alma10-greedy-300__093ca594935a,slimgpt,ref,20,dir,en-ru,en-ru,False,,de-en,True,False,300,0.832866,28.4586,52.4022,-0.006344,-2.8582,-1.3924,0.002297,0.0067,0,0,0,0,0.9363,0,0.0033,0.01,0.0067,0.0073,0.9481
alma-7b-s2-slimgpt20-ref-dir-en-ru,alma-7b-s2-slimgpt20-ref-dir-en-ru__alma10-greedy-300__093ca594935a,slimgpt,ref,20,dir,en-ru,en-ru,False,,is-en,True,False,300,0.852088,35.3757,56.8035,-0.010575,-2.8736,-1.6934,-0.007674,0.0067,0,0,0,0,0.9558,0,0,0.0133,0.0067,0.0064,0.9841
alma-7b-s2-slimgpt20-ref-dir-en-ru,alma-7b-s2-slimgpt20-ref-dir-en-ru__alma10-greedy-300__093ca594935a,slimgpt,ref,20,dir,en-ru,en-ru,False,,ru-en,True,False,300,0.832437,36.2626,59.4802,-0.013986,-0.6744,-0.9305,-0.003292,0,0,0,0,0,0.9891,0.0033,0.0067,0.0167,0,0.0067,1.0015
alma-7b-s2-slimgpt20-ref-dir-en-ru,alma-7b-s2-slimgpt20-ref-dir-en-ru__alma10-greedy-300__093ca594935a,slimgpt,ref,20,dir,en-ru,en-ru,False,,zh-en,True,False,300,0.782673,16.9191,44.9143,-0.013462,-2.9229,-3.3922,-0.007464,0,0.0033,0.0033,0.0033,0,0.9425,0,0.0067,0.0133,0,0.0039,0.9764
alma-7b-s2-slimgpt20-ref-dir-en-ru,alma-7b-s2-slimgpt20-ref-dir-en-ru__alma10-greedy-300__093ca594935a,slimgpt,ref,20,dir,en-ru,en-ru,False,,en-cs,False,False,300,0.833936,18.2079,42.044,-0.036368,-6.7226,-6.3408,-0.017488,0.0067,0,0.0033,0.0033,0,0.9731,0.0067,0.0167,0.02,0.0067,0.0068,0.981
alma-7b-s2-slimgpt20-ref-dir-en-ru,alma-7b-s2-slimgpt20-ref-dir-en-ru__alma10-greedy-300__093ca594935a,slimgpt,ref,20,dir,en-ru,en-ru,False,,en-de,False,False,300,0.829739,23.0735,50.6597,-0.023225,-4.918,-4.0744,-0.013448,0.0233,0,0,0,0,0.9992,0.0233,0,0.0233,0.0233,0.0131,1.0154
alma-7b-s2-slimgpt20-ref-dir-en-ru,alma-7b-s2-slimgpt20-ref-dir-en-ru__alma10-greedy-300__093ca594935a,slimgpt,ref,20,dir,en-ru,en-ru,False,,en-is,False,False,300,0.750758,15.2891,40.1802,-0.091081,-8.4615,-9.0982,-0.075254,0.0067,0,0.0133,0.0133,0,1.0121,0,0,0.0133,0.0067,0.0045,1.0307
alma-7b-s2-slimgpt20-ref-dir-en-ru,alma-7b-s2-slimgpt20-ref-dir-en-ru__alma10-greedy-300__093ca594935a,slimgpt,ref,20,dir,en-ru,en-ru,False,,en-ru,False,True,300,0.844246,21.8486,45.4604,-0.016835,-3.1574,-2.9551,-0.000611,0,0,0,0,0,0.9646,0,0.0133,0.0467,0,0.0107,0.9958
alma-7b-s2-slimgpt20-ref-dir-en-ru,alma-7b-s2-slimgpt20-ref-dir-en-ru__alma10-greedy-300__093ca594935a,slimgpt,ref,20,dir,en-ru,en-ru,False,,en-zh,False,False,300,0.770259,24.5716,18.7629,-0.080476,-8.9308,-7.4711,-0.066927,0.0067,0,0.01,0.01,0,1.0475,0.0033,0.17,0.0467,0.0067,0.0542,0.9084
alma-7b-s2-slimgpt20-ref-dir-en-zh,alma-7b-s2-slimgpt20-ref-dir-en-zh__alma10-greedy-300__954f4eb637a7,slimgpt,ref,20,dir,en-zh,en-zh,False,,cs-en,True,False,300,0.837677,36.7474,59.6766,-0.014756,-5.2379,-3.6579,-0.003557,0.0033,0,0,0,0,0.9752,0.0033,0,0.0033,0.0033,0.0045,0.9897
alma-7b-s2-slimgpt20-ref-dir-en-zh,alma-7b-s2-slimgpt20-ref-dir-en-zh__alma10-greedy-300__954f4eb637a7,slimgpt,ref,20,dir,en-zh,en-zh,False,,de-en,True,False,300,0.831164,27.7353,51.6657,-0.008046,-3.5815,-2.1289,0.000595,0.0033,0,0,0,0,0.9293,0,0,0.0067,0.0033,0.0068,0.9441
alma-7b-s2-slimgpt20-ref-dir-en-zh,alma-7b-s2-slimgpt20-ref-dir-en-zh__alma10-greedy-300__954f4eb637a7,slimgpt,ref,20,dir,en-zh,en-zh,False,,is-en,True,False,300,0.845557,32.3036,54.5755,-0.017106,-5.9457,-3.9214,-0.014205,0.0033,0,0,0,0,0.9391,0,0,0.01,0.0033,0.0051,0.9629
alma-7b-s2-slimgpt20-ref-dir-en-zh,alma-7b-s2-slimgpt20-ref-dir-en-zh__alma10-greedy-300__954f4eb637a7,slimgpt,ref,20,dir,en-zh,en-zh,False,,ru-en,True,False,300,0.830211,36.1761,59.6674,-0.016212,-0.7609,-0.7433,-0.005518,0,0,0,0,0,0.9852,0.0033,0.0067,0.02,0,0.0079,0.9973
alma-7b-s2-slimgpt20-ref-dir-en-zh,alma-7b-s2-slimgpt20-ref-dir-en-zh__alma10-greedy-300__954f4eb637a7,slimgpt,ref,20,dir,en-zh,en-zh,False,,zh-en,True,False,300,0.783636,17.3345,45.7821,-0.012499,-2.5075,-2.5244,-0.006501,0,0.0033,0.0033,0.0033,0,0.9016,0,0.0033,0.0067,0,0.0042,0.9198
alma-7b-s2-slimgpt20-ref-dir-en-zh,alma-7b-s2-slimgpt20-ref-dir-en-zh__alma10-greedy-300__954f4eb637a7,slimgpt,ref,20,dir,en-zh,en-zh,False,,en-cs,False,False,300,0.757138,13.5447,37.4882,-0.113166,-11.3858,-10.8966,-0.094286,0.0233,0,0,0,0,0.9496,0.01,0.0267,0.0333,0.0233,0.0068,0.9765
alma-7b-s2-slimgpt20-ref-dir-en-zh,alma-7b-s2-slimgpt20-ref-dir-en-zh__alma10-greedy-300__954f4eb637a7,slimgpt,ref,20,dir,en-zh,en-zh,False,,en-de,False,False,300,0.786299,17.6083,47.0928,-0.066665,-10.3832,-7.6413,-0.056888,0.0333,0.0033,0.0033,0.0033,0,1.0245,0.0233,0,0.0367,0.0333,0.0116,1.0641
alma-7b-s2-slimgpt20-ref-dir-en-zh,alma-7b-s2-slimgpt20-ref-dir-en-zh__alma10-greedy-300__954f4eb637a7,slimgpt,ref,20,dir,en-zh,en-zh,False,,en-is,False,False,300,0.682403,12.0225,36.9511,-0.159436,-11.7281,-12.3273,-0.143609,0.01,0,0.01,0.01,0,0.9604,0.0033,0,0.0167,0.01,0.0042,0.9948
alma-7b-s2-slimgpt20-ref-dir-en-zh,alma-7b-s2-slimgpt20-ref-dir-en-zh__alma10-greedy-300__954f4eb637a7,slimgpt,ref,20,dir,en-zh,en-zh,False,,en-ru,False,False,300,0.796986,18.2469,42.847,-0.064095,-6.7591,-5.5685,-0.047871,0,0,0,0,0,0.9624,0,0.01,0.0633,0,0.0108,0.9962
alma-7b-s2-slimgpt20-ref-dir-en-zh,alma-7b-s2-slimgpt20-ref-dir-en-zh__alma10-greedy-300__954f4eb637a7,slimgpt,ref,20,dir,en-zh,en-zh,False,,en-zh,False,True,300,0.838803,31.5782,26.5065,-0.011932,-1.9242,0.2725,0.001617,0,0,0,0,0,0.9821,0,0.16,0.0167,0,0,0.9989
alma-7b-s2-slimgpt30-ref-dir-cs-en,alma-7b-s2-slimgpt30-ref-dir-cs-en__alma10-greedy-300__c23377eb04b5,slimgpt,ref,30,dir,cs-en,cs-en,False,,cs-en,True,True,300,0.840628,36.4873,59.1401,-0.011805,-5.498,-4.1944,0.003993,0.0033,0,0,0,0,0.955,0.0033,0,0.0033,0.0033,0.0042,0.9675
alma-7b-s2-slimgpt30-ref-dir-cs-en,alma-7b-s2-slimgpt30-ref-dir-cs-en__alma10-greedy-300__c23377eb04b5,slimgpt,ref,30,dir,cs-en,cs-en,False,,de-en,True,False,300,0.826761,26.8161,50.7657,-0.012449,-4.5007,-3.0289,-0.003139,0.0033,0,0,0,0,0.9326,0,0,0.0067,0.0033,0.0058,0.9426
alma-7b-s2-slimgpt30-ref-dir-cs-en,alma-7b-s2-slimgpt30-ref-dir-cs-en__alma10-greedy-300__c23377eb04b5,slimgpt,ref,30,dir,cs-en,cs-en,False,,is-en,True,False,300,0.849525,33.854,55.2921,-0.013138,-4.3953,-3.2048,0.00278,0.0033,0,0,0,0,0.9504,0,0,0.01,0.0033,0.0064,0.9796
alma-7b-s2-slimgpt30-ref-dir-cs-en,alma-7b-s2-slimgpt30-ref-dir-cs-en__alma10-greedy-300__c23377eb04b5,slimgpt,ref,30,dir,cs-en,cs-en,False,,ru-en,True,False,300,0.82249,31.9086,56.4043,-0.023933,-5.0284,-4.0064,-0.005976,0,0,0,0,0,0.9847,0.0033,0.01,0.0133,0,0.0073,0.9968
alma-7b-s2-slimgpt30-ref-dir-cs-en,alma-7b-s2-slimgpt30-ref-dir-cs-en__alma10-greedy-300__c23377eb04b5,slimgpt,ref,30,dir,cs-en,cs-en,False,,zh-en,True,False,300,0.771328,15.188,42.6057,-0.024807,-4.654,-5.7008,-3.6e-05,0,0,0,0,0,0.9222,0,0.0033,0.0033,0,0.0036,0.9502
alma-7b-s2-slimgpt30-ref-dir-cs-en,alma-7b-s2-slimgpt30-ref-dir-cs-en__alma10-greedy-300__c23377eb04b5,slimgpt,ref,30,dir,cs-en,cs-en,False,,en-cs,False,False,300,0.842124,19.7066,43.3879,-0.02818,-5.2239,-4.9969,0.003737,0.0033,0,0,0,0,0.9256,0,0.0267,0.02,0.0033,0.006,0.9605
alma-7b-s2-slimgpt30-ref-dir-cs-en,alma-7b-s2-slimgpt30-ref-dir-cs-en__alma10-greedy-300__c23377eb04b5,slimgpt,ref,30,dir,cs-en,cs-en,False,,en-de,False,False,300,0.786049,19.5062,46.1752,-0.066915,-8.4853,-8.5589,-0.04297,0.04,0,0,0,0,0.9711,0.0267,0,0.0433,0.04,0.0135,1.0027
alma-7b-s2-slimgpt30-ref-dir-cs-en,alma-7b-s2-slimgpt30-ref-dir-cs-en__alma10-greedy-300__c23377eb04b5,slimgpt,ref,30,dir,cs-en,cs-en,False,,en-is,False,False,300,0.676108,12.2074,35.8097,-0.165731,-11.5432,-13.4687,-0.127819,0.0733,0,0.0033,0.0033,0,0.9496,0.02,0,0.0767,0.0733,0.0048,1.017
alma-7b-s2-slimgpt30-ref-dir-cs-en,alma-7b-s2-slimgpt30-ref-dir-cs-en__alma10-greedy-300__c23377eb04b5,slimgpt,ref,30,dir,cs-en,cs-en,False,,en-ru,False,False,300,0.807037,18.0857,39.6882,-0.054044,-6.9203,-8.7273,-0.019017,0.0133,0,0,0,0,0.9444,0.0067,0.0067,0.0833,0.0133,0.0134,0.992
alma-7b-s2-slimgpt30-ref-dir-cs-en,alma-7b-s2-slimgpt30-ref-dir-cs-en__alma10-greedy-300__c23377eb04b5,slimgpt,ref,30,dir,cs-en,cs-en,False,,en-zh,False,False,300,0.563107,9.3483,10.5591,-0.287628,-24.1541,-15.6749,-0.249843,0.0033,0,0.0467,0.0467,0,1.0537,0,0.3433,0.0633,0.0033,0.2053,0.5488
alma-7b-s2-slimgpt30-ref-dir-de-en,alma-7b-s2-slimgpt30-ref-dir-de-en__alma10-greedy-300__653638979287,slimgpt,ref,30,dir,de-en,de-en,False,,cs-en,True,False,300,0.83585,37.1423,59.8682,-0.016583,-4.843,-3.4663,-0.000785,0.0033,0,0,0,0,0.9849,0.0033,0,0.0033,0.0033,0.0054,0.9994
alma-7b-s2-slimgpt30-ref-dir-de-en,alma-7b-s2-slimgpt30-ref-dir-de-en__alma10-greedy-300__653638979287,slimgpt,ref,30,dir,de-en,de-en,False,,de-en,True,True,300,0.830864,27.115,50.686,-0.008346,-4.2018,-3.1086,0.000964,0.0033,0,0,0,0,0.9225,0,0.0033,0.0067,0.0033,0.0065,0.9349
alma-7b-s2-slimgpt30-ref-dir-de-en,alma-7b-s2-slimgpt30-ref-dir-de-en__alma10-greedy-300__653638979287,slimgpt,ref,30,dir,de-en,de-en,False,,is-en,True,False,300,0.851323,34.4052,56.1177,-0.01134,-3.8441,-2.3792,0.004578,0.0033,0,0,0,0,0.9629,0,0,0.0133,0.0033,0.0057,0.9801
alma-7b-s2-slimgpt30-ref-dir-de-en,alma-7b-s2-slimgpt30-ref-dir-de-en__alma10-greedy-300__653638979287,slimgpt,ref,30,dir,de-en,de-en,False,,ru-en,True,False,300,0.823895,33.5956,57.7775,-0.022528,-3.3414,-2.6332,-0.004571,0,0,0,0,0,0.9872,0.0033,0.01,0.02,0,0.0086,0.9953
alma-7b-s2-slimgpt30-ref-dir-de-en,alma-7b-s2-slimgpt30-ref-dir-de-en__alma10-greedy-300__653638979287,slimgpt,ref,30,dir,de-en,de-en,False,,zh-en,True,False,300,0.769328,15.3755,42.9104,-0.026807,-4.4665,-5.3961,-0.002036,0,0,0,0,0,0.9022,0,0.0067,0.01,0,0.0038,0.9362
alma-7b-s2-slimgpt30-ref-dir-de-en,alma-7b-s2-slimgpt30-ref-dir-de-en__alma10-greedy-300__653638979287,slimgpt,ref,30,dir,de-en,de-en,False,,en-cs,False,False,300,0.760997,14.6859,38.0747,-0.109307,-10.2446,-10.3101,-0.07739,0.02,0,0,0,0,0.931,0.0067,0.0233,0.0433,0.02,0.0081,0.9569
alma-7b-s2-slimgpt30-ref-dir-de-en,alma-7b-s2-slimgpt30-ref-dir-de-en__alma10-greedy-300__653638979287,slimgpt,ref,30,dir,de-en,de-en,False,,en-de,False,False,300,0.828865,24.127,50.8185,-0.024099,-3.8645,-3.9156,-0.000154,0.0167,0,0,0,0,0.9711,0.0167,0,0.0167,0.0167,0.013,0.9991
alma-7b-s2-slimgpt30-ref-dir-de-en,alma-7b-s2-slimgpt30-ref-dir-de-en__alma10-greedy-300__653638979287,slimgpt,ref,30,dir,de-en,de-en,False,,en-is,False,False,300,0.662782,11.4582,34.7751,-0.179057,-12.2924,-14.5033,-0.141145,0.0367,0.0033,0.0033,0.0033,0,0.9344,0.0133,0,0.0433,0.0367,0.0051,0.9997
alma-7b-s2-slimgpt30-ref-dir-de-en,alma-7b-s2-slimgpt30-ref-dir-de-en__alma10-greedy-300__653638979287,slimgpt,ref,30,dir,de-en,de-en,False,,en-ru,False,False,300,0.78332,17.0008,38.6775,-0.077761,-8.0052,-9.738,-0.042734,0.02,0,0,0,0,0.9491,0.02,0.0067,0.0667,0.02,0.0112,1.0259
alma-7b-s2-slimgpt30-ref-dir-de-en,alma-7b-s2-slimgpt30-ref-dir-de-en__alma10-greedy-300__653638979287,slimgpt,ref,30,dir,de-en,de-en,False,,en-zh,False,False,300,0.53857,7.0869,7.5107,-0.312165,-26.4155,-18.7233,-0.27438,0.0133,0,0.12,0.12,0,1.4875,0.0033,0.32,0.1,0.0133,0.307,0.4903
alma-7b-s2-slimgpt30-ref-dir-is-en,alma-7b-s2-slimgpt30-ref-dir-is-en__alma10-greedy-300__99de0e7dcf94,slimgpt,ref,30,dir,is-en,is-en,False,,cs-en,True,False,300,0.831057,32.9959,56.7421,-0.021376,-8.9894,-6.5924,-0.005578,0.0033,0,0,0,0,0.9547,0,0,0.0067,0.0033,0.0049,0.9658
alma-7b-s2-slimgpt30-ref-dir-is-en,alma-7b-s2-slimgpt30-ref-dir-is-en__alma10-greedy-300__99de0e7dcf94,slimgpt,ref,30,dir,is-en,is-en,False,,de-en,True,False,300,0.823344,24.0536,48.8888,-0.015866,-7.2632,-4.9058,-0.006556,0.0033,0,0,0,0,0.9202,0,0,0.0067,0.0033,0.0062,0.9302
alma-7b-s2-slimgpt30-ref-dir-is-en,alma-7b-s2-slimgpt30-ref-dir-is-en__alma10-greedy-300__99de0e7dcf94,slimgpt,ref,30,dir,is-en,is-en,False,,is-en,True,True,300,0.846112,31.2534,54.0377,-0.016551,-6.9959,-4.4592,-0.000633,0.0033,0,0,0,0,0.9335,0,0,0.01,0.0033,0.0068,0.9546
alma-7b-s2-slimgpt30-ref-dir-is-en,alma-7b-s2-slimgpt30-ref-dir-is-en__alma10-greedy-300__99de0e7dcf94,slimgpt,ref,30,dir,is-en,is-en,False,,ru-en,True,False,300,0.817128,29.6222,53.5882,-0.029295,-7.3148,-6.8225,-0.011338,0,0,0,0,0,0.9394,0.0033,0.0067,0.02,0,0.0079,0.9572
alma-7b-s2-slimgpt30-ref-dir-is-en,alma-7b-s2-slimgpt30-ref-dir-is-en__alma10-greedy-300__99de0e7dcf94,slimgpt,ref,30,dir,is-en,is-en,False,,zh-en,True,False,300,0.764012,14.1628,40.1337,-0.032123,-5.6792,-8.1728,-0.007352,0,0,0,0,0,0.8478,0,0.0033,0.01,0,0.0043,0.8752
alma-7b-s2-slimgpt30-ref-dir-is-en,alma-7b-s2-slimgpt30-ref-dir-is-en__alma10-greedy-300__99de0e7dcf94,slimgpt,ref,30,dir,is-en,is-en,False,,en-cs,False,False,300,0.747236,13.0429,36.3391,-0.123068,-11.8876,-12.0457,-0.091151,0.0167,0,0.0033,0.0033,0,0.9838,0,0.02,0.0433,0.0167,0.0079,0.9873
alma-7b-s2-slimgpt30-ref-dir-is-en,alma-7b-s2-slimgpt30-ref-dir-is-en__alma10-greedy-300__99de0e7dcf94,slimgpt,ref,30,dir,is-en,is-en,False,,en-de,False,False,300,0.787851,17.3629,44.6079,-0.065113,-10.6286,-10.1262,-0.041168,0.0567,0.0033,0.0033,0.0033,0,0.9918,0.03,0,0.07,0.0567,0.0126,1.0248
alma-7b-s2-slimgpt30-ref-dir-is-en,alma-7b-s2-slimgpt30-ref-dir-is-en__alma10-greedy-300__99de0e7dcf94,slimgpt,ref,30,dir,is-en,is-en,False,,en-is,False,False,300,0.810649,18.0261,43.5915,-0.03119,-5.7245,-5.6869,0.006722,0.0167,0,0,0,0,0.9275,0.0033,0,0.0167,0.0167,0.004,0.9625
alma-7b-s2-slimgpt30-ref-dir-is-en,alma-7b-s2-slimgpt30-ref-dir-is-en__alma10-greedy-300__99de0e7dcf94,slimgpt,ref,30,dir,is-en,is-en,False,,en-ru,False,False,300,0.759116,15.0451,35.0565,-0.101965,-9.9609,-13.359,-0.066938,0.0467,0,0,0,0,0.9091,0.0167,0.02,0.1233,0.0467,0.0126,0.9759
alma-7b-s2-slimgpt30-ref-dir-is-en,alma-7b-s2-slimgpt30-ref-dir-is-en__alma10-greedy-300__99de0e7dcf94,slimgpt,ref,30,dir,is-en,is-en,False,,en-zh,False,False,300,0.543866,6.1803,8.1811,-0.306869,-27.3221,-18.0529,-0.269084,0,0,0.1,0.1,0,1.3065,0,0.37,0.0467,0,0.2824,0.4858
alma-7b-s2-slimgpt30-ref-dir-ru-en,alma-7b-s2-slimgpt30-ref-dir-ru-en__alma10-greedy-300__09856d7dbf17,slimgpt,ref,30,dir,ru-en,ru-en,False,,cs-en,True,False,300,0.8375,35.6562,58.5107,-0.014933,-6.3291,-4.8238,0.000865,0.0033,0,0,0,0,0.9772,0.0033,0,0.0033,0.0033,0.0049,0.9927
alma-7b-s2-slimgpt30-ref-dir-ru-en,alma-7b-s2-slimgpt30-ref-dir-ru-en__alma10-greedy-300__09856d7dbf17,slimgpt,ref,30,dir,ru-en,ru-en,False,,de-en,True,False,300,0.824676,27.0362,50.4255,-0.014534,-4.2806,-3.3691,-0.005224,0.0067,0,0,0,0,0.9231,0,0,0.0067,0.0067,0.007,0.9351
alma-7b-s2-slimgpt30-ref-dir-ru-en,alma-7b-s2-slimgpt30-ref-dir-ru-en__alma10-greedy-300__09856d7dbf17,slimgpt,ref,30,dir,ru-en,ru-en,False,,is-en,True,False,300,0.843857,33.5629,55.0179,-0.018806,-4.6864,-3.479,-0.002888,0.0067,0,0,0,0,0.9535,0,0,0.0233,0.0067,0.0065,0.9779
alma-7b-s2-slimgpt30-ref-dir-ru-en,alma-7b-s2-slimgpt30-ref-dir-ru-en__alma10-greedy-300__09856d7dbf17,slimgpt,ref,30,dir,ru-en,ru-en,False,,ru-en,True,True,300,0.825737,33.4163,57.6244,-0.020686,-3.5207,-2.7863,-0.002729,0,0,0,0,0,0.985,0.0033,0.0067,0.02,0,0.0062,0.997
alma-7b-s2-slimgpt30-ref-dir-ru-en,alma-7b-s2-slimgpt30-ref-dir-ru-en__alma10-greedy-300__09856d7dbf17,slimgpt,ref,30,dir,ru-en,ru-en,False,,zh-en,True,False,300,0.768315,15.6639,42.0183,-0.02782,-4.1781,-6.2882,-0.003049,0,0,0,0,0,0.8718,0,0.0067,0.0133,0,0.0037,0.9103
alma-7b-s2-slimgpt30-ref-dir-ru-en,alma-7b-s2-slimgpt30-ref-dir-ru-en__alma10-greedy-300__09856d7dbf17,slimgpt,ref,30,dir,ru-en,ru-en,False,,en-cs,False,False,300,0.773591,14.0043,37.1711,-0.096713,-10.9262,-11.2137,-0.064796,0.01,0,0,0,0,0.9293,0.0033,0.0167,0.0367,0.01,0.008,0.9439
alma-7b-s2-slimgpt30-ref-dir-ru-en,alma-7b-s2-slimgpt30-ref-dir-ru-en__alma10-greedy-300__09856d7dbf17,slimgpt,ref,30,dir,ru-en,ru-en,False,,en-de,False,False,300,0.76974,18.0664,45.0615,-0.083224,-9.9251,-9.6726,-0.059279,0.0533,0,0,0,0,0.9742,0.0467,0,0.0533,0.0533,0.0145,1.0104
alma-7b-s2-slimgpt30-ref-dir-ru-en,alma-7b-s2-slimgpt30-ref-dir-ru-en__alma10-greedy-300__09856d7dbf17,slimgpt,ref,30,dir,ru-en,ru-en,False,,en-is,False,False,300,0.612882,9.1347,30.8828,-0.228957,-14.6159,-18.3956,-0.191045,0.0733,0.0067,0.0233,0.0233,0,0.9459,0.0167,0,0.0733,0.0733,0.005,1.0349
alma-7b-s2-slimgpt30-ref-dir-ru-en,alma-7b-s2-slimgpt30-ref-dir-ru-en__alma10-greedy-300__09856d7dbf17,slimgpt,ref,30,dir,ru-en,ru-en,False,,en-ru,False,False,300,0.835302,20.8279,44,-0.025779,-4.1781,-4.4155,0.009248,0,0,0,0,0,0.9503,0,0.0133,0.07,0,0.0099,0.996
alma-7b-s2-slimgpt30-ref-dir-ru-en,alma-7b-s2-slimgpt30-ref-dir-ru-en__alma10-greedy-300__09856d7dbf17,slimgpt,ref,30,dir,ru-en,ru-en,False,,en-zh,False,False,300,0.711466,19.4575,15.5566,-0.139269,-14.0449,-10.6774,-0.101484,0,0,0.02,0.02,0,1.0443,0,0.1867,0.02,0,0.0804,0.821
alma-7b-s2-slimgpt30-ref-dir-zh-en,alma-7b-s2-slimgpt30-ref-dir-zh-en__alma10-greedy-300__50758aa30ccf,slimgpt,ref,30,dir,zh-en,zh-en,False,,cs-en,True,False,300,0.825165,32.9765,57.4217,-0.027268,-9.0088,-5.9128,-0.01147,0.0033,0,0,0,0,0.967,0,0.0033,0.0067,0.0033,0.0046,0.9743
alma-7b-s2-slimgpt30-ref-dir-zh-en,alma-7b-s2-slimgpt30-ref-dir-zh-en__alma10-greedy-300__50758aa30ccf,slimgpt,ref,30,dir,zh-en,zh-en,False,,de-en,True,False,300,0.82526,26.8559,50.7506,-0.01395,-4.4609,-3.044,-0.00464,0.0033,0,0,0,0,0.9245,0,0.0033,0.0067,0.0033,0.0065,0.9347
alma-7b-s2-slimgpt30-ref-dir-zh-en,alma-7b-s2-slimgpt30-ref-dir-zh-en__alma10-greedy-300__50758aa30ccf,slimgpt,ref,30,dir,zh-en,zh-en,False,,is-en,True,False,300,0.838119,31.1437,53.5857,-0.024544,-7.1056,-4.9112,-0.008626,0.0033,0,0,0,0,0.9462,0,0,0.0133,0.0033,0.0067,0.9669
alma-7b-s2-slimgpt30-ref-dir-zh-en,alma-7b-s2-slimgpt30-ref-dir-zh-en__alma10-greedy-300__50758aa30ccf,slimgpt,ref,30,dir,zh-en,zh-en,False,,ru-en,True,False,300,0.823218,32.9854,57.4075,-0.023205,-3.9516,-3.0032,-0.005248,0,0,0,0,0,0.9708,0.0033,0.0067,0.0133,0,0.0074,0.9758
alma-7b-s2-slimgpt30-ref-dir-zh-en,alma-7b-s2-slimgpt30-ref-dir-zh-en__alma10-greedy-300__50758aa30ccf,slimgpt,ref,30,dir,zh-en,zh-en,False,,zh-en,True,True,300,0.773794,18.0788,45.8825,-0.022341,-1.7632,-2.424,0.00243,0,0,0,0,0,0.9026,0,0.01,0.0067,0,0.0039,0.9267
alma-7b-s2-slimgpt30-ref-dir-zh-en,alma-7b-s2-slimgpt30-ref-dir-zh-en__alma10-greedy-300__50758aa30ccf,slimgpt,ref,30,dir,zh-en,zh-en,False,,en-cs,False,False,300,0.646386,7.8997,31.0501,-0.223918,-17.0308,-17.3347,-0.192001,0.07,0,0.02,0.02,0,0.975,0.0333,0.0333,0.08,0.07,0.006,0.9925
alma-7b-s2-slimgpt30-ref-dir-zh-en,alma-7b-s2-slimgpt30-ref-dir-zh-en__alma10-greedy-300__50758aa30ccf,slimgpt,ref,30,dir,zh-en,zh-en,False,,en-de,False,False,300,0.671871,9.7129,35.5939,-0.181093,-18.2786,-19.1402,-0.157148,0.24,0.0133,0.0133,0.0133,0,1.0301,0.0767,0,0.24,0.24,0.0097,1.1357
alma-7b-s2-slimgpt30-ref-dir-zh-en,alma-7b-s2-slimgpt30-ref-dir-zh-en__alma10-greedy-300__50758aa30ccf,slimgpt,ref,30,dir,zh-en,zh-en,False,,en-is,False,False,300,0.514945,2.2592,19.0031,-0.326894,-21.4914,-30.2753,-0.288982,0.73,0.0033,0.0167,0.0167,0,0.9742,0.2433,0,0.7367,0.73,0.007,1.0703
alma-7b-s2-slimgpt30-ref-dir-zh-en,alma-7b-s2-slimgpt30-ref-dir-zh-en__alma10-greedy-300__50758aa30ccf,slimgpt,ref,30,dir,zh-en,zh-en,False,,en-ru,False,False,300,0.728824,13.4111,37.508,-0.132257,-11.5949,-10.9075,-0.09723,0.04,0,0,0,0,0.9162,0.0333,0.0133,0.1,0.04,0.0126,0.962
alma-7b-s2-slimgpt30-ref-dir-zh-en,alma-7b-s2-slimgpt30-ref-dir-zh-en__alma10-greedy-300__50758aa30ccf,slimgpt,ref,30,dir,zh-en,zh-en,False,,en-zh,False,False,300,0.811263,27.3142,23.144,-0.039472,-6.1882,-3.09,-0.001687,0.0033,0,0.01,0.01,0,1.0075,0.0033,0.1567,0.0233,0.0033,0.0001,0.9993
alma-7b-s2-slimgpt30-ref-dir-en-cs,alma-7b-s2-slimgpt30-ref-dir-en-cs__alma10-greedy-300__4eb4e9fe78ad,slimgpt,ref,30,dir,en-cs,en-cs,False,,cs-en,True,False,300,0.833625,34.9656,58.0737,-0.018808,-7.0197,-5.2608,-0.00301,0.0033,0,0,0,0,0.9674,0.0033,0,0.0033,0.0033,0.0052,0.9741
alma-7b-s2-slimgpt30-ref-dir-en-cs,alma-7b-s2-slimgpt30-ref-dir-en-cs__alma10-greedy-300__4eb4e9fe78ad,slimgpt,ref,30,dir,en-cs,en-cs,False,,de-en,True,False,300,0.825297,27.2491,51.0255,-0.013913,-4.0677,-2.7691,-0.004603,0.0033,0,0,0,0,0.9356,0,0.0033,0.0067,0.0033,0.0067,0.9472
alma-7b-s2-slimgpt30-ref-dir-en-cs,alma-7b-s2-slimgpt30-ref-dir-en-cs__alma10-greedy-300__4eb4e9fe78ad,slimgpt,ref,30,dir,en-cs,en-cs,False,,is-en,True,False,300,0.84697,33.8265,55.3644,-0.015693,-4.4228,-3.1325,0.000225,0.0067,0,0,0,0,0.9555,0,0,0.0167,0.0067,0.0059,0.9774
alma-7b-s2-slimgpt30-ref-dir-en-cs,alma-7b-s2-slimgpt30-ref-dir-en-cs__alma10-greedy-300__4eb4e9fe78ad,slimgpt,ref,30,dir,en-cs,en-cs,False,,ru-en,True,False,300,0.818838,31.9774,56.9292,-0.027585,-4.9596,-3.4815,-0.009628,0,0,0,0,0,0.9878,0.0033,0.01,0.0233,0,0.0077,0.9886
alma-7b-s2-slimgpt30-ref-dir-en-cs,alma-7b-s2-slimgpt30-ref-dir-en-cs__alma10-greedy-300__4eb4e9fe78ad,slimgpt,ref,30,dir,en-cs,en-cs,False,,zh-en,True,False,300,0.767161,14.2129,41.792,-0.028974,-5.6291,-6.5145,-0.004203,0,0.0033,0.0033,0.0033,0,0.9254,0,0.0033,0.0033,0,0.0046,0.9634
alma-7b-s2-slimgpt30-ref-dir-en-cs,alma-7b-s2-slimgpt30-ref-dir-en-cs__alma10-greedy-300__4eb4e9fe78ad,slimgpt,ref,30,dir,en-cs,en-cs,False,,en-cs,False,True,300,0.848242,21.5105,45.062,-0.022062,-3.42,-3.3228,0.009855,0,0,0,0,0,0.9365,0,0.0233,0.0133,0,0.0066,0.967
alma-7b-s2-slimgpt30-ref-dir-en-cs,alma-7b-s2-slimgpt30-ref-dir-en-cs__alma10-greedy-300__4eb4e9fe78ad,slimgpt,ref,30,dir,en-cs,en-cs,False,,en-de,False,False,300,0.794392,19.8066,47.3059,-0.058572,-8.1849,-7.4282,-0.034627,0.0233,0,0,0,0,0.9855,0.0233,0,0.0233,0.0233,0.0132,1.0026
alma-7b-s2-slimgpt30-ref-dir-en-cs,alma-7b-s2-slimgpt30-ref-dir-en-cs__alma10-greedy-300__4eb4e9fe78ad,slimgpt,ref,30,dir,en-cs,en-cs,False,,en-is,False,False,300,0.691916,13.4305,36.8815,-0.149923,-10.3201,-12.3969,-0.112011,0.0067,0.0033,0.01,0.01,0,0.9642,0.0033,0,0.0133,0.0067,0.0048,1.0087
alma-7b-s2-slimgpt30-ref-dir-en-cs,alma-7b-s2-slimgpt30-ref-dir-en-cs__alma10-greedy-300__4eb4e9fe78ad,slimgpt,ref,30,dir,en-cs,en-cs,False,,en-ru,False,False,300,0.812009,18.8082,41.6979,-0.049072,-6.1978,-6.7176,-0.014045,0.0033,0,0,0,0,0.948,0.0033,0.0033,0.0533,0.0033,0.0104,0.9815
alma-7b-s2-slimgpt30-ref-dir-en-cs,alma-7b-s2-slimgpt30-ref-dir-en-cs__alma10-greedy-300__4eb4e9fe78ad,slimgpt,ref,30,dir,en-cs,en-cs,False,,en-zh,False,False,300,0.594002,10.8967,11.289,-0.256733,-22.6057,-14.945,-0.218948,0.0033,0,0.0533,0.0533,0,1.0807,0.0033,0.28,0.0533,0.0033,0.2035,0.5635
alma-7b-s2-slimgpt30-ref-dir-en-de,alma-7b-s2-slimgpt30-ref-dir-en-de__alma10-greedy-300__9bd72043fff7,slimgpt,ref,30,dir,en-de,en-de,False,,cs-en,True,False,300,0.833934,37.1364,60.1017,-0.018499,-4.8489,-3.2328,-0.002701,0.0033,0,0,0,0,0.9924,0.0033,0,0.0033,0.0033,0.0048,1.011
alma-7b-s2-slimgpt30-ref-dir-en-de,alma-7b-s2-slimgpt30-ref-dir-en-de__alma10-greedy-300__9bd72043fff7,slimgpt,ref,30,dir,en-de,en-de,False,,de-en,True,False,300,0.8302,28.0585,51.7084,-0.00901,-3.2583,-2.0862,0.0003,0,0,0,0,0,0.9255,0,0,0.0033,0,0.0067,0.9355
alma-7b-s2-slimgpt30-ref-dir-en-de,alma-7b-s2-slimgpt30-ref-dir-en-de__alma10-greedy-300__9bd72043fff7,slimgpt,ref,30,dir,en-de,en-de,False,,is-en,True,False,300,0.846841,33.6991,55.5321,-0.015822,-4.5502,-2.9648,9.6e-05,0.0067,0,0,0,0,0.9637,0,0,0.0167,0.0067,0.0067,0.9882
alma-7b-s2-slimgpt30-ref-dir-en-de,alma-7b-s2-slimgpt30-ref-dir-en-de__alma10-greedy-300__9bd72043fff7,slimgpt,ref,30,dir,en-de,en-de,False,,ru-en,True,False,300,0.824472,34.8894,58.4697,-0.021951,-2.0476,-1.941,-0.003994,0,0,0,0,0,0.9923,0.0033,0.0067,0.02,0,0.0081,1.0023
alma-7b-s2-slimgpt30-ref-dir-en-de,alma-7b-s2-slimgpt30-ref-dir-en-de__alma10-greedy-300__9bd72043fff7,slimgpt,ref,30,dir,en-de,en-de,False,,zh-en,True,False,300,0.760579,15.8098,42.5885,-0.035556,-4.0322,-5.718,-0.010785,0,0.0033,0.0067,0.0067,0,0.9325,0,0.0033,0.0067,0,0.0046,0.9626
alma-7b-s2-slimgpt30-ref-dir-en-de,alma-7b-s2-slimgpt30-ref-dir-en-de__alma10-greedy-300__9bd72043fff7,slimgpt,ref,30,dir,en-de,en-de,False,,en-cs,False,False,300,0.771819,15.0225,38.5781,-0.098485,-9.908,-9.8067,-0.066568,0.0133,0,0,0,0,0.9679,0.0067,0.0233,0.0333,0.0133,0.0073,0.9987
alma-7b-s2-slimgpt30-ref-dir-en-de,alma-7b-s2-slimgpt30-ref-dir-en-de__alma10-greedy-300__9bd72043fff7,slimgpt,ref,30,dir,en-de,en-de,False,,en-de,False,True,300,0.836558,24.6796,51.5956,-0.016406,-3.3119,-3.1385,0.007539,0.0133,0,0,0,0,0.9783,0.0133,0.0033,0.0133,0.0133,0.0126,0.9998
alma-7b-s2-slimgpt30-ref-dir-en-de,alma-7b-s2-slimgpt30-ref-dir-en-de__alma10-greedy-300__9bd72043fff7,slimgpt,ref,30,dir,en-de,en-de,False,,en-is,False,False,300,0.699096,14.0165,38.1561,-0.142743,-9.7341,-11.1223,-0.104831,0.0067,0.0033,0.0067,0.0067,0,0.9555,0.0067,0,0.0133,0.0067,0.005,1.0027
alma-7b-s2-slimgpt30-ref-dir-en-de,alma-7b-s2-slimgpt30-ref-dir-en-de__alma10-greedy-300__9bd72043fff7,slimgpt,ref,30,dir,en-de,en-de,False,,en-ru,False,False,300,0.79876,16.9094,39.2549,-0.062321,-8.0966,-9.1606,-0.027294,0.0133,0,0,0,0,0.9473,0.0067,0.01,0.07,0.0133,0.011,1.0056
alma-7b-s2-slimgpt30-ref-dir-en-de,alma-7b-s2-slimgpt30-ref-dir-en-de__alma10-greedy-300__9bd72043fff7,slimgpt,ref,30,dir,en-de,en-de,False,,en-zh,False,False,300,0.552987,8.1824,8.2946,-0.297748,-25.32,-17.9394,-0.259963,0.0033,0,0.1433,0.1433,0,1.6684,0,0.35,0.0667,0.0033,0.3197,0.5355
alma-7b-s2-slimgpt30-ref-dir-en-is,alma-7b-s2-slimgpt30-ref-dir-en-is__alma10-greedy-300__17d0a77d04c5,slimgpt,ref,30,dir,en-is,en-is,False,,cs-en,True,False,300,0.835431,34.8385,58.6273,-0.017002,-7.1468,-4.7072,-0.001204,0.0033,0,0,0,0,0.9772,0.0033,0,0.0033,0.0033,0.0044,0.9789
alma-7b-s2-slimgpt30-ref-dir-en-is,alma-7b-s2-slimgpt30-ref-dir-en-is__alma10-greedy-300__17d0a77d04c5,slimgpt,ref,30,dir,en-is,en-is,False,,de-en,True,False,300,0.831618,27.4134,51.2135,-0.007592,-3.9034,-2.5811,0.001718,0.0033,0,0,0,0,0.9334,0,0,0.0067,0.0033,0.0059,0.9382
alma-7b-s2-slimgpt30-ref-dir-en-is,alma-7b-s2-slimgpt30-ref-dir-en-is__alma10-greedy-300__17d0a77d04c5,slimgpt,ref,30,dir,en-is,en-is,False,,is-en,True,False,300,0.850961,32.3542,54.9845,-0.011702,-5.8951,-3.5124,0.004216,0.0067,0,0,0,0,0.9535,0,0,0.0167,0.0067,0.0055,0.965
alma-7b-s2-slimgpt30-ref-dir-en-is,alma-7b-s2-slimgpt30-ref-dir-en-is__alma10-greedy-300__17d0a77d04c5,slimgpt,ref,30,dir,en-is,en-is,False,,ru-en,True,False,300,0.823815,31.8504,56.4387,-0.022608,-5.0866,-3.972,-0.004651,0,0,0,0,0,0.9715,0.0033,0.0067,0.0233,0,0.0077,0.978
alma-7b-s2-slimgpt30-ref-dir-en-is,alma-7b-s2-slimgpt30-ref-dir-en-is__alma10-greedy-300__17d0a77d04c5,slimgpt,ref,30,dir,en-is,en-is,False,,zh-en,True,False,300,0.761278,15.1725,41.8589,-0.034857,-4.6695,-6.4476,-0.010086,0,0.0067,0.0067,0.0067,0,0.9588,0,0,0.01,0,0.0035,0.9899
alma-7b-s2-slimgpt30-ref-dir-en-is,alma-7b-s2-slimgpt30-ref-dir-en-is__alma10-greedy-300__17d0a77d04c5,slimgpt,ref,30,dir,en-is,en-is,False,,en-cs,False,False,300,0.774298,15.1093,39.7296,-0.096006,-9.8212,-8.6552,-0.064089,0.0033,0,0.0033,0.0033,0,1.0068,0,0.02,0.0233,0.0033,0.0078,1.0198
alma-7b-s2-slimgpt30-ref-dir-en-is,alma-7b-s2-slimgpt30-ref-dir-en-is__alma10-greedy-300__17d0a77d04c5,slimgpt,ref,30,dir,en-is,en-is,False,,en-de,False,False,300,0.799903,19.0428,47.6483,-0.053061,-8.9487,-7.0858,-0.029116,0.0167,0,0,0,0,1.0168,0.0167,0,0.0333,0.0167,0.0126,1.0357
alma-7b-s2-slimgpt30-ref-dir-en-is,alma-7b-s2-slimgpt30-ref-dir-en-is__alma10-greedy-300__17d0a77d04c5,slimgpt,ref,30,dir,en-is,en-is,False,,en-is,False,True,300,0.824993,19.9339,45.7222,-0.016846,-3.8167,-3.5562,0.021066,0,0,0,0,0,0.9573,0,0,0,0,0.0046,0.9787
alma-7b-s2-slimgpt30-ref-dir-en-is,alma-7b-s2-slimgpt30-ref-dir-en-is__alma10-greedy-300__17d0a77d04c5,slimgpt,ref,30,dir,en-is,en-is,False,,en-ru,False,False,300,0.785285,16.838,39.5539,-0.075796,-8.168,-8.8616,-0.040769,0.0033,0,0,0,0,0.9242,0.0033,0.02,0.0567,0.0033,0.011,0.9681
alma-7b-s2-slimgpt30-ref-dir-en-is,alma-7b-s2-slimgpt30-ref-dir-en-is__alma10-greedy-300__17d0a77d04c5,slimgpt,ref,30,dir,en-is,en-is,False,,en-zh,False,False,300,0.56029,7.2356,8.5771,-0.290445,-26.2668,-17.6569,-0.25266,0,0,0.0733,0.0733,0,1.1212,0,0.3333,0.0367,0,0.2508,0.4956
alma-7b-s2-slimgpt30-ref-dir-en-ru,alma-7b-s2-slimgpt30-ref-dir-en-ru__alma10-greedy-300__0a725e15afe2,slimgpt,ref,30,dir,en-ru,en-ru,False,,cs-en,True,False,300,0.832664,35.8492,59.0099,-0.019769,-6.1361,-4.3246,-0.003971,0.0033,0,0,0,0,0.9818,0,0.0033,0.0067,0.0033,0.0054,0.994
alma-7b-s2-slimgpt30-ref-dir-en-ru,alma-7b-s2-slimgpt30-ref-dir-en-ru__alma10-greedy-300__0a725e15afe2,slimgpt,ref,30,dir,en-ru,en-ru,False,,de-en,True,False,300,0.824945,27.3456,50.8523,-0.014265,-3.9712,-2.9423,-0.004955,0.0067,0.0033,0.0033,0.0033,0,0.9798,0.0033,0.0033,0.0067,0.0067,0.0065,0.9859
alma-7b-s2-slimgpt30-ref-dir-en-ru,alma-7b-s2-slimgpt30-ref-dir-en-ru__alma10-greedy-300__0a725e15afe2,slimgpt,ref,30,dir,en-ru,en-ru,False,,is-en,True,False,300,0.8446,32.7913,54.6946,-0.018063,-5.458,-3.8023,-0.002145,0.0067,0,0,0,0,0.9582,0,0,0.0167,0.0067,0.0059,0.9857
alma-7b-s2-slimgpt30-ref-dir-en-ru,alma-7b-s2-slimgpt30-ref-dir-en-ru__alma10-greedy-300__0a725e15afe2,slimgpt,ref,30,dir,en-ru,en-ru,False,,ru-en,True,False,300,0.823761,33.1928,57.8248,-0.022662,-3.7442,-2.5859,-0.004705,0,0.0033,0.0033,0.0033,0,0.9975,0.0033,0.0067,0.02,0,0.0062,1.0352
alma-7b-s2-slimgpt30-ref-dir-en-ru,alma-7b-s2-slimgpt30-ref-dir-en-ru__alma10-greedy-300__0a725e15afe2,slimgpt,ref,30,dir,en-ru,en-ru,False,,zh-en,True,False,300,0.765301,15.4692,42.7615,-0.030834,-4.3728,-5.545,-0.006063,0,0.0033,0.0033,0.0033,0,0.922,0,0.01,0.0133,0,0.0044,0.9671
alma-7b-s2-slimgpt30-ref-dir-en-ru,alma-7b-s2-slimgpt30-ref-dir-en-ru__alma10-greedy-300__0a725e15afe2,slimgpt,ref,30,dir,en-ru,en-ru,False,,en-cs,False,False,300,0.779897,16.049,39.6312,-0.090407,-8.8815,-8.7536,-0.05849,0.0033,0.0033,0.0067,0.0067,0,0.9934,0.0033,0.0167,0.02,0.0033,0.007,1.005
alma-7b-s2-slimgpt30-ref-dir-en-ru,alma-7b-s2-slimgpt30-ref-dir-en-ru__alma10-greedy-300__0a725e15afe2,slimgpt,ref,30,dir,en-ru,en-ru,False,,en-de,False,False,300,0.788698,21.681,48.2229,-0.064266,-6.3105,-6.5112,-0.040321,0.0367,0,0.0033,0.0033,0,0.9955,0.0233,0,0.0367,0.0367,0.0138,1.0063
alma-7b-s2-slimgpt30-ref-dir-en-ru,alma-7b-s2-slimgpt30-ref-dir-en-ru__alma10-greedy-300__0a725e15afe2,slimgpt,ref,30,dir,en-ru,en-ru,False,,en-is,False,False,300,0.630442,10.924,33.7297,-0.211397,-12.8266,-15.5487,-0.173485,0.0233,0.0033,0.02,0.02,0,0.9826,0,0,0.04,0.0233,0.0048,1.0341
alma-7b-s2-slimgpt30-ref-dir-en-ru,alma-7b-s2-slimgpt30-ref-dir-en-ru__alma10-greedy-300__0a725e15afe2,slimgpt,ref,30,dir,en-ru,en-ru,False,,en-ru,False,True,300,0.831102,20.6832,44.1277,-0.029979,-4.3228,-4.2878,0.005048,0,0,0,0,0,0.9778,0,0.0133,0.05,0,0.0104,1.0106
alma-7b-s2-slimgpt30-ref-dir-en-ru,alma-7b-s2-slimgpt30-ref-dir-en-ru__alma10-greedy-300__0a725e15afe2,slimgpt,ref,30,dir,en-ru,en-ru,False,,en-zh,False,False,300,0.706695,18.8872,15.8856,-0.14404,-14.6152,-10.3484,-0.106255,0,0,0.0167,0.0167,0,0.987,0,0.22,0.0333,0,0.0669,0.806
alma-7b-s2-slimgpt30-ref-dir-en-zh,alma-7b-s2-slimgpt30-ref-dir-en-zh__alma10-greedy-300__e6a091992cb7,slimgpt,ref,30,dir,en-zh,en-zh,False,,cs-en,True,False,300,0.824399,33.3332,57.0747,-0.028034,-8.6521,-6.2598,-0.012236,0.0067,0,0,0,0,0.976,0,0,0.0067,0.0067,0.0054,0.9915
alma-7b-s2-slimgpt30-ref-dir-en-zh,alma-7b-s2-slimgpt30-ref-dir-en-zh__alma10-greedy-300__e6a091992cb7,slimgpt,ref,30,dir,en-zh,en-zh,False,,de-en,True,False,300,0.823617,25.8924,50.1368,-0.015593,-5.4244,-3.6578,-0.006283,0.0067,0,0,0,0,0.927,0,0.0033,0.01,0.0067,0.0071,0.9431
alma-7b-s2-slimgpt30-ref-dir-en-zh,alma-7b-s2-slimgpt30-ref-dir-en-zh__alma10-greedy-300__e6a091992cb7,slimgpt,ref,30,dir,en-zh,en-zh,False,,is-en,True,False,300,0.83754,29.8725,52.622,-0.025123,-8.3768,-5.8749,-0.009205,0,0,0,0,0,0.9528,0,0,0.0033,0,0.0055,0.9764
alma-7b-s2-slimgpt30-ref-dir-en-zh,alma-7b-s2-slimgpt30-ref-dir-en-zh__alma10-greedy-300__e6a091992cb7,slimgpt,ref,30,dir,en-zh,en-zh,False,,ru-en,True,False,300,0.817809,32.7294,57.1167,-0.028614,-4.2076,-3.294,-0.010657,0,0,0,0,0,0.9815,0.0033,0.0067,0.02,0,0.0079,0.9945
alma-7b-s2-slimgpt30-ref-dir-en-zh,alma-7b-s2-slimgpt30-ref-dir-en-zh__alma10-greedy-300__e6a091992cb7,slimgpt,ref,30,dir,en-zh,en-zh,False,,zh-en,True,False,300,0.775479,17.4625,45.1036,-0.020656,-2.3795,-3.2029,0.004115,0,0,0,0,0,0.9003,0,0.0033,0.01,0,0.0044,0.9264
alma-7b-s2-slimgpt30-ref-dir-en-zh,alma-7b-s2-slimgpt30-ref-dir-en-zh__alma10-greedy-300__e6a091992cb7,slimgpt,ref,30,dir,en-zh,en-zh,False,,en-cs,False,False,300,0.647477,8.2327,31.6228,-0.222827,-16.6978,-16.762,-0.19091,0.0267,0,0.01,0.01,0,0.9928,0.0167,0.0267,0.0367,0.0267,0.0061,1.0129
alma-7b-s2-slimgpt30-ref-dir-en-zh,alma-7b-s2-slimgpt30-ref-dir-en-zh__alma10-greedy-300__e6a091992cb7,slimgpt,ref,30,dir,en-zh,en-zh,False,,en-de,False,False,300,0.70195,12.6107,42.6284,-0.151014,-15.3808,-12.1057,-0.127069,0.0433,0.01,0.0167,0.0167,0,1.1031,0.0267,0,0.0433,0.0433,0.0107,1.1634
alma-7b-s2-slimgpt30-ref-dir-en-zh,alma-7b-s2-slimgpt30-ref-dir-en-zh__alma10-greedy-300__e6a091992cb7,slimgpt,ref,30,dir,en-zh,en-zh,False,,en-is,False,False,300,0.475411,4.9699,25.7267,-0.366428,-18.7807,-23.5517,-0.328516,0.0133,0.0333,0.13,0.13,0,1.1375,0.0033,0,0.0267,0.0133,0.0038,1.3163
alma-7b-s2-slimgpt30-ref-dir-en-zh,alma-7b-s2-slimgpt30-ref-dir-en-zh__alma10-greedy-300__e6a091992cb7,slimgpt,ref,30,dir,en-zh,en-zh,False,,en-ru,False,False,300,0.760852,14.8478,39.9213,-0.100229,-10.1582,-8.4942,-0.065202,0,0,0,0,0,0.9428,0,0.0067,0.0433,0,0.0119,0.9865
alma-7b-s2-slimgpt30-ref-dir-en-zh,alma-7b-s2-slimgpt30-ref-dir-en-zh__alma10-greedy-300__e6a091992cb7,slimgpt,ref,30,dir,en-zh,en-zh,False,,en-zh,False,True,300,0.824276,28.0025,23.5462,-0.026459,-5.4999,-2.6878,0.011326,0,0,0.0067,0.0067,0,1.0046,0,0.1533,0.01,0,0.0003,1.0323
alma-7b-s2-slimgpt40-ref-dir-cs-en,alma-7b-s2-slimgpt40-ref-dir-cs-en__alma10-greedy-300__c53b696897d0,slimgpt,ref,40,dir,cs-en,cs-en,False,,cs-en,True,True,300,0.829852,34.936,57.3284,-0.022581,-7.0493,-6.0061,0.004601,0.0033,0,0,0,0,0.9511,0,0.0033,0.0033,0.0033,0.0037,0.9735
alma-7b-s2-slimgpt40-ref-dir-cs-en,alma-7b-s2-slimgpt40-ref-dir-cs-en__alma10-greedy-300__c53b696897d0,slimgpt,ref,40,dir,cs-en,cs-en,False,,de-en,True,False,300,0.822214,26.9264,50.2286,-0.016996,-4.3904,-3.566,0.000735,0,0,0,0,0,0.9217,0,0.0033,0.0033,0,0.0057,0.9402
alma-7b-s2-slimgpt40-ref-dir-cs-en,alma-7b-s2-slimgpt40-ref-dir-cs-en__alma10-greedy-300__c53b696897d0,slimgpt,ref,40,dir,cs-en,cs-en,False,,is-en,True,False,300,0.830425,31.8061,53.364,-0.032238,-6.4432,-5.1329,-0.011811,0.01,0,0,0,0,0.9505,0,0,0.0167,0.01,0.0059,0.9766
alma-7b-s2-slimgpt40-ref-dir-cs-en,alma-7b-s2-slimgpt40-ref-dir-cs-en__alma10-greedy-300__c53b696897d0,slimgpt,ref,40,dir,cs-en,cs-en,False,,ru-en,True,False,300,0.814278,30.0601,54.5506,-0.032145,-6.8769,-5.8601,0.000861,0,0,0,0,0,0.9726,0.0033,0.0067,0.0167,0,0.0064,0.9888
alma-7b-s2-slimgpt40-ref-dir-cs-en,alma-7b-s2-slimgpt40-ref-dir-cs-en__alma10-greedy-300__c53b696897d0,slimgpt,ref,40,dir,cs-en,cs-en,False,,zh-en,True,False,300,0.746358,13.1529,39.8278,-0.049777,-6.6891,-8.4787,-0.00676,0,0,0,0,0,0.9031,0,0,0,0,0.0041,0.9435
alma-7b-s2-slimgpt40-ref-dir-cs-en,alma-7b-s2-slimgpt40-ref-dir-cs-en__alma10-greedy-300__c53b696897d0,slimgpt,ref,40,dir,cs-en,cs-en,False,,en-cs,False,False,300,0.802786,16.6606,40.2978,-0.067518,-8.2699,-8.087,0.020639,0.0033,0,0,0,0,0.907,0,0.02,0.02,0.0033,0.006,0.9457
alma-7b-s2-slimgpt40-ref-dir-cs-en,alma-7b-s2-slimgpt40-ref-dir-cs-en__alma10-greedy-300__c53b696897d0,slimgpt,ref,40,dir,cs-en,cs-en,False,,en-de,False,False,300,0.719197,14.1458,41.1571,-0.133767,-13.8457,-13.577,-0.0825,0.0733,0.0033,0.0033,0.0033,0,0.9888,0.05,0,0.08,0.0733,0.0129,1.0275
alma-7b-s2-slimgpt40-ref-dir-cs-en,alma-7b-s2-slimgpt40-ref-dir-cs-en__alma10-greedy-300__c53b696897d0,slimgpt,ref,40,dir,cs-en,cs-en,False,,en-is,False,False,300,0.530011,7.2422,26.9343,-0.311828,-16.5084,-22.3441,-0.22744,0.22,0.0033,0.01,0.01,0,0.906,0.04,0,0.2233,0.22,0.007,0.9957
alma-7b-s2-slimgpt40-ref-dir-cs-en,alma-7b-s2-slimgpt40-ref-dir-cs-en__alma10-greedy-300__c53b696897d0,slimgpt,ref,40,dir,cs-en,cs-en,False,,en-ru,False,False,300,0.57183,5.7197,14.8844,-0.289251,-19.2863,-33.5311,-0.228498,0.6233,0,0,0,0,0.9059,0.24,0.01,0.6467,0.6233,0.0105,1.0309
alma-7b-s2-slimgpt40-ref-dir-cs-en,alma-7b-s2-slimgpt40-ref-dir-cs-en__alma10-greedy-300__c53b696897d0,slimgpt,ref,40,dir,cs-en,cs-en,False,,en-zh,False,False,300,0.470437,3.2337,5.4912,-0.380298,-30.2687,-20.7428,-0.286146,0.0233,0.0033,0.0667,0.0667,0,0.9561,0.0033,0.5367,0.0667,0.0233,0.2707,0.383
alma-7b-s2-slimgpt40-ref-dir-de-en,alma-7b-s2-slimgpt40-ref-dir-de-en__alma10-greedy-300__52d9c16af22b,slimgpt,ref,40,dir,de-en,de-en,False,,cs-en,True,False,300,0.824545,34.153,57.3805,-0.027888,-7.8323,-5.954,-0.000706,0.0033,0,0,0,0,0.9704,0,0,0.0033,0.0033,0.0052,0.9886
alma-7b-s2-slimgpt40-ref-dir-de-en,alma-7b-s2-slimgpt40-ref-dir-de-en__alma10-greedy-300__52d9c16af22b,slimgpt,ref,40,dir,de-en,de-en,False,,de-en,True,True,300,0.823821,25.9533,49.7941,-0.015389,-5.3635,-4.0005,0.002342,0.0067,0,0,0,0,0.9191,0,0.0033,0.0067,0.0067,0.0057,0.9311
alma-7b-s2-slimgpt40-ref-dir-de-en,alma-7b-s2-slimgpt40-ref-dir-de-en__alma10-greedy-300__52d9c16af22b,slimgpt,ref,40,dir,de-en,de-en,False,,is-en,True,False,300,0.837033,32.655,54.197,-0.02563,-5.5943,-4.2999,-0.005203,0.0067,0,0,0,0,0.9709,0,0,0.02,0.0067,0.0065,0.9912
alma-7b-s2-slimgpt40-ref-dir-de-en,alma-7b-s2-slimgpt40-ref-dir-de-en__alma10-greedy-300__52d9c16af22b,slimgpt,ref,40,dir,de-en,de-en,False,,ru-en,True,False,300,0.813663,30.5297,55.492,-0.03276,-6.4073,-4.9187,0.000246,0,0.0033,0.0033,0.0033,0,1.0023,0.0033,0.0067,0.0167,0,0.0074,1.0248
alma-7b-s2-slimgpt40-ref-dir-de-en,alma-7b-s2-slimgpt40-ref-dir-de-en__alma10-greedy-300__52d9c16af22b,slimgpt,ref,40,dir,de-en,de-en,False,,zh-en,True,False,300,0.741872,13.861,39.9395,-0.054263,-5.981,-8.367,-0.011246,0,0.0067,0.0067,0.0067,0,0.9232,0,0.0033,0.0067,0,0.0037,0.9698
alma-7b-s2-slimgpt40-ref-dir-de-en,alma-7b-s2-slimgpt40-ref-dir-de-en__alma10-greedy-300__52d9c16af22b,slimgpt,ref,40,dir,de-en,de-en,False,,en-cs,False,False,300,0.597185,9.2026,29.58,-0.273119,-15.7279,-18.8048,-0.184962,0.0333,0.0067,0.0133,0.0133,0,0.9597,0.01,0.0267,0.0567,0.0333,0.0097,1.0106
alma-7b-s2-slimgpt40-ref-dir-de-en,alma-7b-s2-slimgpt40-ref-dir-de-en__alma10-greedy-300__52d9c16af22b,slimgpt,ref,40,dir,de-en,de-en,False,,en-de,False,False,300,0.807342,20.4987,47.7118,-0.045622,-7.4928,-7.0223,0.005645,0.0333,0,0,0,0,0.954,0.0333,0,0.0367,0.0333,0.0137,0.992
alma-7b-s2-slimgpt40-ref-dir-de-en,alma-7b-s2-slimgpt40-ref-dir-de-en__alma10-greedy-300__52d9c16af22b,slimgpt,ref,40,dir,de-en,de-en,False,,en-is,False,False,300,0.522769,6.7906,26.947,-0.31907,-16.96,-22.3314,-0.234682,0.16,0.0067,0.01,0.01,0,0.9252,0.0333,0,0.1733,0.16,0.0065,1.0279
alma-7b-s2-slimgpt40-ref-dir-de-en,alma-7b-s2-slimgpt40-ref-dir-de-en__alma10-greedy-300__52d9c16af22b,slimgpt,ref,40,dir,de-en,de-en,False,,en-ru,False,False,300,0.67563,12.3807,30.1621,-0.185451,-12.6253,-18.2534,-0.124698,0.1233,0,0,0,0,0.8577,0.0767,0.0233,0.16,0.1233,0.0144,0.9548
alma-7b-s2-slimgpt40-ref-dir-de-en,alma-7b-s2-slimgpt40-ref-dir-de-en__alma10-greedy-300__52d9c16af22b,slimgpt,ref,40,dir,de-en,de-en,False,,en-zh,False,False,300,0.462319,2.8625,4.8553,-0.388416,-30.6399,-21.3787,-0.294264,0.0167,0,0.1133,0.1133,0,1.3698,0.0067,0.5233,0.12,0.0167,0.3156,0.4008
alma-7b-s2-slimgpt40-ref-dir-is-en,alma-7b-s2-slimgpt40-ref-dir-is-en__alma10-greedy-300__32880ffb018b,slimgpt,ref,40,dir,is-en,is-en,False,,cs-en,True,False,300,0.809753,30.9368,54.4985,-0.04268,-11.0485,-8.836,-0.015498,0.0033,0,0,0,0,0.9597,0,0.0033,0.0067,0.0033,0.0049,0.976
alma-7b-s2-slimgpt40-ref-dir-is-en,alma-7b-s2-slimgpt40-ref-dir-is-en__alma10-greedy-300__32880ffb018b,slimgpt,ref,40,dir,is-en,is-en,False,,de-en,True,False,300,0.814231,22.7675,47.4826,-0.024979,-8.5493,-6.312,-0.007248,0.0067,0,0,0,0,0.9068,0,0,0.01,0.0067,0.006,0.9229
alma-7b-s2-slimgpt40-ref-dir-is-en,alma-7b-s2-slimgpt40-ref-dir-is-en__alma10-greedy-300__32880ffb018b,slimgpt,ref,40,dir,is-en,is-en,False,,is-en,True,True,300,0.83409,29.1714,52.0392,-0.028573,-9.0779,-6.4577,-0.008146,0,0,0,0,0,0.933,0,0,0.0067,0,0.0069,0.9573
alma-7b-s2-slimgpt40-ref-dir-is-en,alma-7b-s2-slimgpt40-ref-dir-is-en__alma10-greedy-300__32880ffb018b,slimgpt,ref,40,dir,is-en,is-en,False,,ru-en,True,False,300,0.803863,27.6352,52.2365,-0.04256,-9.3018,-8.1742,-0.009554,0,0.0033,0.0033,0.0033,0,0.9657,0,0.0067,0.0167,0,0.0079,0.9911
alma-7b-s2-slimgpt40-ref-dir-is-en,alma-7b-s2-slimgpt40-ref-dir-is-en__alma10-greedy-300__32880ffb018b,slimgpt,ref,40,dir,is-en,is-en,False,,zh-en,True,False,300,0.730796,12.3352,36.0941,-0.065339,-7.5068,-12.2124,-0.022322,0,0.0233,0.01,0.01,0,0.9381,0,0.0033,0.0067,0,0.0037,0.9913
alma-7b-s2-slimgpt40-ref-dir-is-en,alma-7b-s2-slimgpt40-ref-dir-is-en__alma10-greedy-300__32880ffb018b,slimgpt,ref,40,dir,is-en,is-en,False,,en-cs,False,False,300,0.627231,8.6837,28.7246,-0.243073,-16.2468,-19.6602,-0.154916,0.0367,0,0.0067,0.0067,0,0.9451,0.0033,0.0167,0.06,0.0367,0.0094,0.9897
alma-7b-s2-slimgpt40-ref-dir-is-en,alma-7b-s2-slimgpt40-ref-dir-is-en__alma10-greedy-300__32880ffb018b,slimgpt,ref,40,dir,is-en,is-en,False,,en-de,False,False,300,0.688339,12.4402,38.1863,-0.164625,-15.5513,-16.5478,-0.113358,0.09,0,0.0067,0.0067,0,1.0054,0.0267,0,0.09,0.09,0.0124,1.0349
alma-7b-s2-slimgpt40-ref-dir-is-en,alma-7b-s2-slimgpt40-ref-dir-is-en__alma10-greedy-300__32880ffb018b,slimgpt,ref,40,dir,is-en,is-en,False,,en-is,False,False,300,0.771232,15.6813,40.0954,-0.070607,-8.0693,-9.183,0.013781,0.03,0,0,0,0,0.905,0.01,0,0.0333,0.03,0.0043,0.9608
alma-7b-s2-slimgpt40-ref-dir-is-en,alma-7b-s2-slimgpt40-ref-dir-is-en__alma10-greedy-300__32880ffb018b,slimgpt,ref,40,dir,is-en,is-en,False,,en-ru,False,False,300,0.540276,4.4672,12.0897,-0.320805,-20.5388,-36.3258,-0.260052,0.5933,0,0,0,0,0.8599,0.1433,0.0367,0.6467,0.5933,0.0142,0.9885
alma-7b-s2-slimgpt40-ref-dir-is-en,alma-7b-s2-slimgpt40-ref-dir-is-en__alma10-greedy-300__32880ffb018b,slimgpt,ref,40,dir,is-en,is-en,False,,en-zh,False,False,300,0.455321,2.5045,4.7278,-0.395414,-30.9979,-21.5062,-0.301262,0.02,0.0033,0.05,0.05,0,0.9399,0.0033,0.5433,0.0667,0.02,0.2593,0.4101
alma-7b-s2-slimgpt40-ref-dir-ru-en,alma-7b-s2-slimgpt40-ref-dir-ru-en__alma10-greedy-300__c240ad02728a,slimgpt,ref,40,dir,ru-en,ru-en,False,,cs-en,True,False,300,0.822508,32.6917,56.2515,-0.029925,-9.2936,-7.083,-0.002743,0.0033,0,0,0,0,0.9595,0,0,0.0033,0.0033,0.0038,0.9759
alma-7b-s2-slimgpt40-ref-dir-ru-en,alma-7b-s2-slimgpt40-ref-dir-ru-en__alma10-greedy-300__c240ad02728a,slimgpt,ref,40,dir,ru-en,ru-en,False,,de-en,True,False,300,0.815516,25.4479,49.2252,-0.023694,-5.8689,-4.5694,-0.005963,0.0033,0,0,0,0,0.9172,0,0.0033,0.0067,0.0033,0.0065,0.9338
alma-7b-s2-slimgpt40-ref-dir-ru-en,alma-7b-s2-slimgpt40-ref-dir-ru-en__alma10-greedy-300__c240ad02728a,slimgpt,ref,40,dir,ru-en,ru-en,False,,is-en,True,False,300,0.825216,30.0641,51.8546,-0.037447,-8.1852,-6.6423,-0.01702,0.0033,0.0033,0.0033,0.0033,0,0.9934,0,0,0.01,0.0033,0.0061,1.0151
alma-7b-s2-slimgpt40-ref-dir-ru-en,alma-7b-s2-slimgpt40-ref-dir-ru-en__alma10-greedy-300__c240ad02728a,slimgpt,ref,40,dir,ru-en,ru-en,False,,ru-en,True,True,300,0.812914,31.0488,55.4479,-0.033509,-5.8882,-4.9628,-0.000503,0,0,0,0,0,0.9759,0.0033,0.0067,0.0133,0,0.0072,0.995
alma-7b-s2-slimgpt40-ref-dir-ru-en,alma-7b-s2-slimgpt40-ref-dir-ru-en__alma10-greedy-300__c240ad02728a,slimgpt,ref,40,dir,ru-en,ru-en,False,,zh-en,True,False,300,0.742748,14.0327,39.2119,-0.053387,-5.8093,-9.0946,-0.01037,0,0.0033,0.0067,0.0067,0,0.9034,0,0.0033,0.0067,0,0.0034,0.9329
alma-7b-s2-slimgpt40-ref-dir-ru-en,alma-7b-s2-slimgpt40-ref-dir-ru-en__alma10-greedy-300__c240ad02728a,slimgpt,ref,40,dir,ru-en,ru-en,False,,en-cs,False,False,300,0.660827,9.7205,30.7045,-0.209477,-15.21,-17.6803,-0.12132,0.0133,0.0033,0.0033,0.0033,0,0.8907,0.0067,0.0167,0.0467,0.0133,0.0095,0.9274
alma-7b-s2-slimgpt40-ref-dir-ru-en,alma-7b-s2-slimgpt40-ref-dir-ru-en__alma10-greedy-300__c240ad02728a,slimgpt,ref,40,dir,ru-en,ru-en,False,,en-de,False,False,300,0.67975,11.5681,39.0183,-0.173214,-16.4234,-15.7158,-0.121947,0.08,0.0067,0.0133,0.0133,0,1.0608,0.0467,0,0.08,0.08,0.0137,1.1716
alma-7b-s2-slimgpt40-ref-dir-ru-en,alma-7b-s2-slimgpt40-ref-dir-ru-en__alma10-greedy-300__c240ad02728a,slimgpt,ref,40,dir,ru-en,ru-en,False,,en-is,False,False,300,0.455767,4.6928,22.6123,-0.386072,-19.0578,-26.6661,-0.301684,0.2267,0.0067,0.0133,0.0133,0,0.8504,0.0167,0,0.25,0.2267,0.0069,0.982
alma-7b-s2-slimgpt40-ref-dir-ru-en,alma-7b-s2-slimgpt40-ref-dir-ru-en__alma10-greedy-300__c240ad02728a,slimgpt,ref,40,dir,ru-en,ru-en,False,,en-ru,False,False,300,0.804438,18.9633,41.2131,-0.056643,-6.0427,-7.2024,0.00411,0.0033,0,0,0,0,0.9313,0,0.0133,0.07,0.0033,0.0117,0.9859
alma-7b-s2-slimgpt40-ref-dir-ru-en,alma-7b-s2-slimgpt40-ref-dir-ru-en__alma10-greedy-300__c240ad02728a,slimgpt,ref,40,dir,ru-en,ru-en,False,,en-zh,False,False,300,0.549634,8.9218,9.7742,-0.301101,-24.5806,-16.4598,-0.206949,0.0033,0,0.0467,0.0467,0,1.0386,0,0.32,0.07,0.0033,0.1991,0.5542
alma-7b-s2-slimgpt40-ref-dir-zh-en,alma-7b-s2-slimgpt40-ref-dir-zh-en__alma10-greedy-300__03f2896d267f,slimgpt,ref,40,dir,zh-en,zh-en,False,,cs-en,True,False,300,0.803532,28.7984,53.7951,-0.048901,-13.1869,-9.5394,-0.021719,0.0033,0,0,0,0,0.9464,0,0,0.0067,0.0033,0.0036,0.956
alma-7b-s2-slimgpt40-ref-dir-zh-en,alma-7b-s2-slimgpt40-ref-dir-zh-en__alma10-greedy-300__03f2896d267f,slimgpt,ref,40,dir,zh-en,zh-en,False,,de-en,True,False,300,0.807045,23.9575,48.355,-0.032165,-7.3593,-5.4396,-0.014434,0.0033,0,0,0,0,0.9175,0,0.0033,0.0033,0.0033,0.0057,0.9313
alma-7b-s2-slimgpt40-ref-dir-zh-en,alma-7b-s2-slimgpt40-ref-dir-zh-en__alma10-greedy-300__03f2896d267f,slimgpt,ref,40,dir,zh-en,zh-en,False,,is-en,True,False,300,0.798287,25.9148,48.4826,-0.064376,-12.3345,-10.0143,-0.043949,0,0.0033,0,0,0,0.9482,0,0,0.0033,0,0.006,0.9943
alma-7b-s2-slimgpt40-ref-dir-zh-en,alma-7b-s2-slimgpt40-ref-dir-zh-en__alma10-greedy-300__03f2896d267f,slimgpt,ref,40,dir,zh-en,zh-en,False,,ru-en,True,False,300,0.797934,30.2788,54.8754,-0.048489,-6.6582,-5.5353,-0.015483,0,0.0033,0,0,0,0.9594,0.0033,0.0067,0.0233,0,0.0074,0.9846
alma-7b-s2-slimgpt40-ref-dir-zh-en,alma-7b-s2-slimgpt40-ref-dir-zh-en__alma10-greedy-300__03f2896d267f,slimgpt,ref,40,dir,zh-en,zh-en,False,,zh-en,True,True,300,0.760265,16.0806,43.2466,-0.03587,-3.7614,-5.0599,0.007147,0,0.0033,0.0033,0.0033,0,0.9019,0,0.0033,0.01,0,0.0037,0.9218
alma-7b-s2-slimgpt40-ref-dir-zh-en,alma-7b-s2-slimgpt40-ref-dir-zh-en__alma10-greedy-300__03f2896d267f,slimgpt,ref,40,dir,zh-en,zh-en,False,,en-cs,False,False,300,0.527938,3.6868,21.8411,-0.342366,-21.2437,-26.5437,-0.254209,0.21,0.0033,0.02,0.02,0,0.911,0.05,0.0467,0.2233,0.21,0.0092,0.9405
alma-7b-s2-slimgpt40-ref-dir-zh-en,alma-7b-s2-slimgpt40-ref-dir-zh-en__alma10-greedy-300__03f2896d267f,slimgpt,ref,40,dir,zh-en,zh-en,False,,en-de,False,False,300,0.597308,4.5414,24.2853,-0.255656,-23.4501,-30.4488,-0.204389,0.5967,0.01,0.0067,0.0067,0,0.9346,0.1633,0.0033,0.5967,0.5967,0.0111,1.0822
alma-7b-s2-slimgpt40-ref-dir-zh-en,alma-7b-s2-slimgpt40-ref-dir-zh-en__alma10-greedy-300__03f2896d267f,slimgpt,ref,40,dir,zh-en,zh-en,False,,en-is,False,False,300,0.527489,1.4964,16.0312,-0.31435,-22.2542,-33.2472,-0.229962,1,0,0,0,0,0.9403,0.2933,0,1,1,0.0082,1.0165
alma-7b-s2-slimgpt40-ref-dir-zh-en,alma-7b-s2-slimgpt40-ref-dir-zh-en__alma10-greedy-300__03f2896d267f,slimgpt,ref,40,dir,zh-en,zh-en,False,,en-ru,False,False,300,0.643079,9.712,32.5102,-0.218002,-15.294,-15.9053,-0.157249,0.1567,0,0,0,0,0.8924,0.11,0.0133,0.18,0.1567,0.0161,0.953
alma-7b-s2-slimgpt40-ref-dir-zh-en,alma-7b-s2-slimgpt40-ref-dir-zh-en__alma10-greedy-300__03f2896d267f,slimgpt,ref,40,dir,zh-en,zh-en,False,,en-zh,False,False,300,0.764724,23.0543,19.537,-0.086011,-10.4481,-6.697,0.008141,0.0167,0,0.0167,0.0167,0,1.0234,0.0067,0.1667,0.0433,0.0167,0.0002,0.964
alma-7b-s2-slimgpt40-ref-dir-en-cs,alma-7b-s2-slimgpt40-ref-dir-en-cs__alma10-greedy-300__197b5ce7b1d0,slimgpt,ref,40,dir,en-cs,en-cs,False,,cs-en,True,False,300,0.822725,32.2236,55.6396,-0.029708,-9.7617,-7.6949,-0.002526,0.0033,0,0,0,0,0.9592,0.0033,0.0033,0.0033,0.0033,0.0029,0.9806
alma-7b-s2-slimgpt40-ref-dir-en-cs,alma-7b-s2-slimgpt40-ref-dir-en-cs__alma10-greedy-300__197b5ce7b1d0,slimgpt,ref,40,dir,en-cs,en-cs,False,,de-en,True,False,300,0.816527,24.6764,49.8039,-0.022683,-6.6404,-3.9907,-0.004952,0.0033,0,0,0,0,0.936,0,0.0033,0.01,0.0033,0.0053,0.947
alma-7b-s2-slimgpt40-ref-dir-en-cs,alma-7b-s2-slimgpt40-ref-dir-en-cs__alma10-greedy-300__197b5ce7b1d0,slimgpt,ref,40,dir,en-cs,en-cs,False,,is-en,True,False,300,0.823498,30.1596,51.9992,-0.039165,-8.0897,-6.4977,-0.018738,0.0167,0,0,0,0,0.9395,0,0,0.0233,0.0167,0.005,0.967
alma-7b-s2-slimgpt40-ref-dir-en-cs,alma-7b-s2-slimgpt40-ref-dir-en-cs__alma10-greedy-300__197b5ce7b1d0,slimgpt,ref,40,dir,en-cs,en-cs,False,,ru-en,True,False,300,0.810049,31.7642,56.2305,-0.036374,-5.1728,-4.1802,-0.003368,0,0,0,0,0,0.9876,0.0033,0.0067,0.0167,0,0.0076,1.0012
alma-7b-s2-slimgpt40-ref-dir-en-cs,alma-7b-s2-slimgpt40-ref-dir-en-cs__alma10-greedy-300__197b5ce7b1d0,slimgpt,ref,40,dir,en-cs,en-cs,False,,zh-en,True,False,300,0.744284,12.7915,39.1033,-0.051851,-7.0505,-9.2032,-0.008834,0,0.0067,0.01,0.01,0,0.9839,0,0.0033,0.0133,0,0.0029,1.0153
alma-7b-s2-slimgpt40-ref-dir-en-cs,alma-7b-s2-slimgpt40-ref-dir-en-cs__alma10-greedy-300__197b5ce7b1d0,slimgpt,ref,40,dir,en-cs,en-cs,False,,en-cs,False,True,300,0.825169,19.9586,43.6676,-0.045135,-4.9719,-4.7172,0.043022,0.0033,0,0,0,0,0.9391,0,0.02,0.02,0.0033,0.0067,0.9672
alma-7b-s2-slimgpt40-ref-dir-en-cs,alma-7b-s2-slimgpt40-ref-dir-en-cs__alma10-greedy-300__197b5ce7b1d0,slimgpt,ref,40,dir,en-cs,en-cs,False,,en-de,False,False,300,0.737327,16.6601,43.2516,-0.115637,-11.3314,-11.4825,-0.06437,0.0267,0,0,0,0,0.9821,0.01,0,0.0367,0.0267,0.0128,1.008
alma-7b-s2-slimgpt40-ref-dir-en-cs,alma-7b-s2-slimgpt40-ref-dir-en-cs__alma10-greedy-300__197b5ce7b1d0,slimgpt,ref,40,dir,en-cs,en-cs,False,,en-is,False,False,300,0.557127,9.6421,30.2132,-0.284712,-14.1085,-19.0652,-0.200324,0.0133,0.0067,0.0267,0.0267,0,0.9297,0,0,0.0267,0.0133,0.0048,0.9935
alma-7b-s2-slimgpt40-ref-dir-en-cs,alma-7b-s2-slimgpt40-ref-dir-en-cs__alma10-greedy-300__197b5ce7b1d0,slimgpt,ref,40,dir,en-cs,en-cs,False,,en-ru,False,False,300,0.774543,14.8033,37.1558,-0.086538,-10.2027,-11.2597,-0.025785,0.0033,0,0.0033,0.0033,0,0.9487,0,0.01,0.0667,0.0033,0.0114,0.9797
alma-7b-s2-slimgpt40-ref-dir-en-cs,alma-7b-s2-slimgpt40-ref-dir-en-cs__alma10-greedy-300__197b5ce7b1d0,slimgpt,ref,40,dir,en-cs,en-cs,False,,en-zh,False,False,300,0.476764,4.2347,6.8839,-0.373971,-29.2677,-19.3501,-0.279819,0,0,0.0433,0.0433,0,0.7804,0,0.55,0.0367,0,0.1973,0.4429
alma-7b-s2-slimgpt40-ref-dir-en-de,alma-7b-s2-slimgpt40-ref-dir-en-de__alma10-greedy-300__5079c3f50b35,slimgpt,ref,40,dir,en-de,en-de,False,,cs-en,True,False,300,0.82781,34.482,57.7195,-0.024623,-7.5033,-5.615,0.002559,0.0033,0,0,0,0,0.9872,0.0033,0,0.0033,0.0033,0.0047,1.0063
alma-7b-s2-slimgpt40-ref-dir-en-de,alma-7b-s2-slimgpt40-ref-dir-en-de__alma10-greedy-300__5079c3f50b35,slimgpt,ref,40,dir,en-de,en-de,False,,de-en,True,False,300,0.817098,26.1069,49.6374,-0.022112,-5.2099,-4.1572,-0.004381,0.0133,0,0,0,0,0.9158,0.01,0.0033,0.0133,0.0133,0.0062,0.9252
alma-7b-s2-slimgpt40-ref-dir-en-de,alma-7b-s2-slimgpt40-ref-dir-en-de__alma10-greedy-300__5079c3f50b35,slimgpt,ref,40,dir,en-de,en-de,False,,is-en,True,False,300,0.825005,30.433,52.2318,-0.037658,-7.8163,-6.2651,-0.017231,0.0233,0,0,0,0,0.9611,0.0033,0,0.04,0.0233,0.0053,0.9898
alma-7b-s2-slimgpt40-ref-dir-en-de,alma-7b-s2-slimgpt40-ref-dir-en-de__alma10-greedy-300__5079c3f50b35,slimgpt,ref,40,dir,en-de,en-de,False,,ru-en,True,False,300,0.810598,31.5499,56.2367,-0.035825,-5.3871,-4.174,-0.002819,0,0,0,0,0,0.997,0.0033,0.0067,0.02,0,0.0084,1.0161
alma-7b-s2-slimgpt40-ref-dir-en-de,alma-7b-s2-slimgpt40-ref-dir-en-de__alma10-greedy-300__5079c3f50b35,slimgpt,ref,40,dir,en-de,en-de,False,,zh-en,True,False,300,0.735133,11.895,38.0833,-0.061002,-7.947,-10.2232,-0.017985,0,0.0167,0.0167,0.0167,0,1.0076,0,0,0.0067,0,0.0038,1.0529
alma-7b-s2-slimgpt40-ref-dir-en-de,alma-7b-s2-slimgpt40-ref-dir-en-de__alma10-greedy-300__5079c3f50b35,slimgpt,ref,40,dir,en-de,en-de,False,,en-cs,False,False,300,0.591875,1.7743,15.4426,-0.278429,-23.1562,-32.9422,-0.190272,0.53,0.0067,0.01,0.01,0,1.1478,0.0067,0.01,0.73,0.53,0.0124,1.1295
alma-7b-s2-slimgpt40-ref-dir-en-de,alma-7b-s2-slimgpt40-ref-dir-en-de__alma10-greedy-300__5079c3f50b35,slimgpt,ref,40,dir,en-de,en-de,False,,en-de,False,True,300,0.816018,22.4255,49.3458,-0.036946,-5.566,-5.3883,0.014321,0.0267,0,0,0,0,0.9602,0.0267,0.0033,0.0267,0.0267,0.0119,0.9932
alma-7b-s2-slimgpt40-ref-dir-en-de,alma-7b-s2-slimgpt40-ref-dir-en-de__alma10-greedy-300__5079c3f50b35,slimgpt,ref,40,dir,en-de,en-de,False,,en-is,False,False,300,0.560892,2.4647,18.5088,-0.280947,-21.2859,-30.7696,-0.196559,0.6033,0.0033,0.0167,0.0167,0,1.0751,0.0033,0,0.7767,0.6033,0.0076,1.0549
alma-7b-s2-slimgpt40-ref-dir-en-de,alma-7b-s2-slimgpt40-ref-dir-en-de__alma10-greedy-300__5079c3f50b35,slimgpt,ref,40,dir,en-de,en-de,False,,en-ru,False,False,300,0.583037,2.8624,7.1459,-0.278044,-22.1436,-41.2696,-0.217291,0.75,0,0,0,0,1.0507,0.0267,0.0133,0.8133,0.75,0.0144,1.0916
alma-7b-s2-slimgpt40-ref-dir-en-de,alma-7b-s2-slimgpt40-ref-dir-en-de__alma10-greedy-300__5079c3f50b35,slimgpt,ref,40,dir,en-de,en-de,False,,en-zh,False,False,300,0.528117,1.8313,5.2179,-0.322618,-31.6711,-21.0161,-0.228466,0.4467,0.0033,0.04,0.04,0,2.5479,0.0067,0.34,0.5267,0.4467,0.1327,0.5977
alma-7b-s2-slimgpt40-ref-dir-en-is,alma-7b-s2-slimgpt40-ref-dir-en-is__alma10-greedy-300__2913eecb84e5,slimgpt,ref,40,dir,en-is,en-is,False,,cs-en,True,False,300,0.813038,29.9096,54.4716,-0.039395,-12.0757,-8.8629,-0.012213,0.0033,0,0,0,0,0.9603,0.0033,0,0.0067,0.0033,0.0044,0.9713
alma-7b-s2-slimgpt40-ref-dir-en-is,alma-7b-s2-slimgpt40-ref-dir-en-is__alma10-greedy-300__2913eecb84e5,slimgpt,ref,40,dir,en-is,en-is,False,,de-en,True,False,300,0.814265,23.9234,48.5178,-0.024945,-7.3934,-5.2768,-0.007214,0.0133,0,0,0,0,0.9225,0.0067,0,0.0133,0.0133,0.0053,0.9413
alma-7b-s2-slimgpt40-ref-dir-en-is,alma-7b-s2-slimgpt40-ref-dir-en-is__alma10-greedy-300__2913eecb84e5,slimgpt,ref,40,dir,en-is,en-is,False,,is-en,True,False,300,0.829117,28.5959,51.7529,-0.033546,-9.6534,-6.744,-0.013119,0.0133,0,0,0,0,0.947,0,0,0.02,0.0133,0.0055,0.9618
alma-7b-s2-slimgpt40-ref-dir-en-is,alma-7b-s2-slimgpt40-ref-dir-en-is__alma10-greedy-300__2913eecb84e5,slimgpt,ref,40,dir,en-is,en-is,False,,ru-en,True,False,300,0.800796,27.3308,52.6393,-0.045627,-9.6062,-7.7714,-0.012621,0,0.0033,0.0033,0.0033,0,1.0223,0.0033,0.0067,0.0233,0,0.008,1.0191
alma-7b-s2-slimgpt40-ref-dir-en-is,alma-7b-s2-slimgpt40-ref-dir-en-is__alma10-greedy-300__2913eecb84e5,slimgpt,ref,40,dir,en-is,en-is,False,,zh-en,True,False,300,0.731893,12.9819,38.0961,-0.064242,-6.8601,-10.2104,-0.021225,0,0.0067,0.0067,0.0067,0,0.9361,0,0.0033,0.01,0,0.004,0.9664
alma-7b-s2-slimgpt40-ref-dir-en-is,alma-7b-s2-slimgpt40-ref-dir-en-is__alma10-greedy-300__2913eecb84e5,slimgpt,ref,40,dir,en-is,en-is,False,,en-cs,False,False,300,0.626923,9.5721,31.3578,-0.243381,-15.3584,-17.027,-0.155224,0.01,0.0033,0.0167,0.0167,0,0.9994,0.0067,0.03,0.0233,0.01,0.0101,1.0282
alma-7b-s2-slimgpt40-ref-dir-en-is,alma-7b-s2-slimgpt40-ref-dir-en-is__alma10-greedy-300__2913eecb84e5,slimgpt,ref,40,dir,en-is,en-is,False,,en-de,False,False,300,0.735331,15.7728,43.5174,-0.117633,-12.2187,-11.2167,-0.066366,0.0433,0,0.0033,0.0033,0,1.0203,0.04,0,0.0433,0.0433,0.0127,1.0391
alma-7b-s2-slimgpt40-ref-dir-en-is,alma-7b-s2-slimgpt40-ref-dir-en-is__alma10-greedy-300__2913eecb84e5,slimgpt,ref,40,dir,en-is,en-is,False,,en-is,False,True,300,0.788646,17.4065,43.0149,-0.053193,-6.3441,-6.2635,0.031195,0,0,0,0,0,0.9257,0,0,0.0033,0,0.0045,0.96
alma-7b-s2-slimgpt40-ref-dir-en-is,alma-7b-s2-slimgpt40-ref-dir-en-is__alma10-greedy-300__2913eecb84e5,slimgpt,ref,40,dir,en-is,en-is,False,,en-ru,False,False,300,0.646145,10.1994,27.6689,-0.214936,-14.8066,-20.7466,-0.154183,0.04,0,0,0,0,0.7597,0.0133,0.04,0.1567,0.04,0.0187,0.8276
alma-7b-s2-slimgpt40-ref-dir-en-is,alma-7b-s2-slimgpt40-ref-dir-en-is__alma10-greedy-300__2913eecb84e5,slimgpt,ref,40,dir,en-is,en-is,False,,en-zh,False,False,300,0.449411,2.6717,4.6086,-0.401324,-30.8307,-21.6254,-0.307172,0,0,0.1233,0.1233,0,1.2957,0,0.58,0.0633,0,0.3327,0.3931
alma-7b-s2-slimgpt40-ref-dir-en-ru,alma-7b-s2-slimgpt40-ref-dir-en-ru__alma10-greedy-300__a15ee95de035,slimgpt,ref,40,dir,en-ru,en-ru,False,,cs-en,True,False,300,0.823077,32.2524,56.1615,-0.029356,-9.7329,-7.173,-0.002174,0.0067,0,0,0,0,0.9696,0,0,0.0067,0.0067,0.0055,0.9792
alma-7b-s2-slimgpt40-ref-dir-en-ru,alma-7b-s2-slimgpt40-ref-dir-en-ru__alma10-greedy-300__a15ee95de035,slimgpt,ref,40,dir,en-ru,en-ru,False,,de-en,True,False,300,0.816575,25.5044,49.7494,-0.022635,-5.8124,-4.0452,-0.004904,0.01,0,0,0,0,0.9186,0.0033,0.0033,0.0133,0.01,0.0062,0.9322
alma-7b-s2-slimgpt40-ref-dir-en-ru,alma-7b-s2-slimgpt40-ref-dir-en-ru__alma10-greedy-300__a15ee95de035,slimgpt,ref,40,dir,en-ru,en-ru,False,,is-en,True,False,300,0.820647,30.1626,52.1917,-0.042016,-8.0867,-6.3052,-0.021589,0.0167,0,0,0,0,0.9533,0,0,0.02,0.0167,0.0051,0.9834
alma-7b-s2-slimgpt40-ref-dir-en-ru,alma-7b-s2-slimgpt40-ref-dir-en-ru__alma10-greedy-300__a15ee95de035,slimgpt,ref,40,dir,en-ru,en-ru,False,,ru-en,True,False,300,0.81196,32.2492,56.5146,-0.034463,-4.6878,-3.8961,-0.001457,0,0,0,0,0,0.9778,0.0033,0.0067,0.0167,0,0.0081,0.995
alma-7b-s2-slimgpt40-ref-dir-en-ru,alma-7b-s2-slimgpt40-ref-dir-en-ru__alma10-greedy-300__a15ee95de035,slimgpt,ref,40,dir,en-ru,en-ru,False,,zh-en,True,False,300,0.74525,13.6144,39.5622,-0.050885,-6.2276,-8.7443,-0.007868,0.0033,0.0033,0.0033,0.0033,0,0.9155,0,0.0033,0.0133,0.0033,0.0037,0.9569
alma-7b-s2-slimgpt40-ref-dir-en-ru,alma-7b-s2-slimgpt40-ref-dir-en-ru__alma10-greedy-300__a15ee95de035,slimgpt,ref,40,dir,en-ru,en-ru,False,,en-cs,False,False,300,0.694559,11.7204,34.8696,-0.175745,-13.2101,-13.5152,-0.087588,0.0033,0,0,0,0,0.932,0,0.03,0.0133,0.0033,0.0092,0.9616
alma-7b-s2-slimgpt40-ref-dir-en-ru,alma-7b-s2-slimgpt40-ref-dir-en-ru__alma10-greedy-300__a15ee95de035,slimgpt,ref,40,dir,en-ru,en-ru,False,,en-de,False,False,300,0.733437,17.6937,43.4086,-0.119527,-10.2978,-11.3255,-0.06826,0.02,0.0033,0.0033,0.0033,0,0.9771,0.0167,0,0.0233,0.02,0.0153,1.0046
alma-7b-s2-slimgpt40-ref-dir-en-ru,alma-7b-s2-slimgpt40-ref-dir-en-ru__alma10-greedy-300__a15ee95de035,slimgpt,ref,40,dir,en-ru,en-ru,False,,en-is,False,False,300,0.457434,6.2694,24.6563,-0.384405,-17.4812,-24.6221,-0.300017,0.0533,0.0233,0.0433,0.0433,0,0.9281,0.0033,0,0.0833,0.0533,0.0051,1.0507
alma-7b-s2-slimgpt40-ref-dir-en-ru,alma-7b-s2-slimgpt40-ref-dir-en-ru__alma10-greedy-300__a15ee95de035,slimgpt,ref,40,dir,en-ru,en-ru,False,,en-ru,False,True,300,0.816842,19.7185,42.9195,-0.044239,-5.2875,-5.496,0.016514,0,0,0,0,0,0.9657,0,0.01,0.03,0,0.0125,1.0082
alma-7b-s2-slimgpt40-ref-dir-en-ru,alma-7b-s2-slimgpt40-ref-dir-en-ru__alma10-greedy-300__a15ee95de035,slimgpt,ref,40,dir,en-ru,en-ru,False,,en-zh,False,False,300,0.551722,5.6982,6.57,-0.299013,-27.8042,-19.664,-0.204861,0.01,0,0.03,0.03,0,1.8031,0,0.2833,0.3567,0.01,0.1788,0.5587
alma-7b-s2-slimgpt40-ref-dir-en-zh,alma-7b-s2-slimgpt40-ref-dir-en-zh__alma10-greedy-300__8fadb9598f16,slimgpt,ref,40,dir,en-zh,en-zh,False,,cs-en,True,False,300,0.797444,28.5279,53.0382,-0.054989,-13.4574,-10.2963,-0.027807,0.0033,0,0,0,0,0.9703,0,0,0.0033,0.0033,0.0052,0.9885
alma-7b-s2-slimgpt40-ref-dir-en-zh,alma-7b-s2-slimgpt40-ref-dir-en-zh__alma10-greedy-300__8fadb9598f16,slimgpt,ref,40,dir,en-zh,en-zh,False,,de-en,True,False,300,0.811682,23.8713,48.8233,-0.027528,-7.4455,-4.9713,-0.009797,0.0033,0,0,0,0,0.9539,0,0.0033,0.0067,0.0033,0.0057,0.9709
alma-7b-s2-slimgpt40-ref-dir-en-zh,alma-7b-s2-slimgpt40-ref-dir-en-zh__alma10-greedy-300__8fadb9598f16,slimgpt,ref,40,dir,en-zh,en-zh,False,,is-en,True,False,300,0.803285,25.4637,48.6858,-0.059378,-12.7856,-9.8111,-0.038951,0.0067,0,0,0,0,0.9691,0,0,0.0067,0.0067,0.006,1.0027
alma-7b-s2-slimgpt40-ref-dir-en-zh,alma-7b-s2-slimgpt40-ref-dir-en-zh__alma10-greedy-300__8fadb9598f16,slimgpt,ref,40,dir,en-zh,en-zh,False,,ru-en,True,False,300,0.792607,29.6045,53.9646,-0.053816,-7.3325,-6.4461,-0.02081,0.0033,0,0,0,0,0.9733,0,0.0067,0.02,0.0033,0.0076,0.9921
alma-7b-s2-slimgpt40-ref-dir-en-zh,alma-7b-s2-slimgpt40-ref-dir-en-zh__alma10-greedy-300__8fadb9598f16,slimgpt,ref,40,dir,en-zh,en-zh,False,,zh-en,True,False,300,0.754994,15.5008,42.4177,-0.041141,-4.3412,-5.8888,0.001876,0.0167,0,0,0,0,0.878,0,0.0067,0.02,0.0167,0.0034,0.9066
alma-7b-s2-slimgpt40-ref-dir-en-zh,alma-7b-s2-slimgpt40-ref-dir-en-zh__alma10-greedy-300__8fadb9598f16,slimgpt,ref,40,dir,en-zh,en-zh,False,,en-cs,False,False,300,0.512977,4.5822,23.1414,-0.357327,-20.3483,-25.2434,-0.26917,0.0733,0.0067,0.0467,0.0467,0,1.0362,0.0267,0.05,0.0867,0.0733,0.007,1.0468
alma-7b-s2-slimgpt40-ref-dir-en-zh,alma-7b-s2-slimgpt40-ref-dir-en-zh__alma10-greedy-300__8fadb9598f16,slimgpt,ref,40,dir,en-zh,en-zh,False,,en-de,False,False,300,0.565762,7.6238,30.9715,-0.287202,-20.3677,-23.7626,-0.235935,0.2,0.0133,0.02,0.02,0,0.9888,0.0367,0.0133,0.2167,0.2,0.0112,1.066
alma-7b-s2-slimgpt40-ref-dir-en-zh,alma-7b-s2-slimgpt40-ref-dir-en-zh__alma10-greedy-300__8fadb9598f16,slimgpt,ref,40,dir,en-zh,en-zh,False,,en-is,False,False,300,0.483898,0.256,5.1147,-0.357941,-23.4946,-44.1637,-0.273553,0.8833,0.01,0.0267,0.0267,0,0.4264,0.0067,0.0067,0.9,0.8833,0.0025,0.2916
alma-7b-s2-slimgpt40-ref-dir-en-zh,alma-7b-s2-slimgpt40-ref-dir-en-zh__alma10-greedy-300__8fadb9598f16,slimgpt,ref,40,dir,en-zh,en-zh,False,,en-ru,False,False,300,0.666407,9.3491,31.9392,-0.194674,-15.6569,-16.4763,-0.133921,0.0733,0,0,0,0,0.8449,0,0.02,0.1467,0.0733,0.0141,0.8698
alma-7b-s2-slimgpt40-ref-dir-en-zh,alma-7b-s2-slimgpt40-ref-dir-en-zh__alma10-greedy-300__8fadb9598f16,slimgpt,ref,40,dir,en-zh,en-zh,False,,en-zh,False,True,300,0.78606,24.5334,21.4821,-0.064675,-8.969,-4.7519,0.029477,0,0,0.0033,0.0033,0,1.0006,0,0.1567,0.0233,0,0.0004,1.0173
