system,run,method,calib,sparsity,scope,scope_key,pruned_directions,repaired,source_system,direction,into_english,in_scope,n_segments,comet,bleu,chrf,comet_minus_dense,bleu_minus_dense,chrf_minus_dense,comet_minus_multi,off_target_rate,repetition_rate,budget_hit_rate,truncation_rate,empty_rate,length_ratio,source_copy_rate,unverifiable_rate,off_target_rate_open,source_language_rate,wasted_token_fraction,bleu_token_length_ratio
alma-7b,alma-7b__alma10-greedy-300__63d55369fea1,dense,,0,,,,False,,cs-en,True,True,300,0.852433,41.9853,63.3345,0,0,0,,0.0067,0,0,0,0,0.9877,0.0033,0.0033,0.0067,0.0067,0.0051,1.0069
alma-7b,alma-7b__alma10-greedy-300__63d55369fea1,dense,,0,,,,False,,de-en,True,True,300,0.83921,31.3168,53.7946,0,0,0,,0.0067,0,0,0,0,0.9442,0,0.0033,0.01,0.0067,0.0073,0.9656
alma-7b,alma-7b__alma10-greedy-300__63d55369fea1,dense,,0,,,,False,,is-en,True,True,300,0.862663,38.2493,58.4969,0,0,0,,0.0033,0,0,0,0,0.9448,0,0,0.0033,0.0033,0.0057,0.9724
alma-7b,alma-7b__alma10-greedy-300__63d55369fea1,dense,,0,,,,False,,ru-en,True,True,300,0.846423,36.937,60.4107,0,0,0,,0,0,0,0,0,0.9766,0.0033,0.0067,0.0233,0,0.0079,0.9916
alma-7b,alma-7b__alma10-greedy-300__63d55369fea1,dense,,0,,,,False,,zh-en,True,True,300,0.796135,19.842,48.3065,0,0,0,,0,0,0,0,0,0.9486,0,0.01,0.01,0,0.0045,0.9706
alma-7b,alma-7b__alma10-greedy-300__63d55369fea1,dense,,0,,,,False,,en-cs,False,True,300,0.870304,24.9305,48.3848,0,0,0,,0,0,0,0,0,0.9411,0,0.0233,0.02,0,0.0067,0.9703
alma-7b,alma-7b__alma10-greedy-300__63d55369fea1,dense,,0,,,,False,,en-de,False,True,300,0.852964,27.9915,54.7341,0,0,0,,0.01,0,0,0,0,0.9856,0.01,0.0033,0.0133,0.01,0.0123,1.0032
alma-7b,alma-7b__alma10-greedy-300__63d55369fea1,dense,,0,,,,False,,en-is,False,True,300,0.841839,23.7506,49.2784,0,0,0,,0,0,0,0,0,0.9612,0,0,0,0,0.0044,0.9721
alma-7b,alma-7b__alma10-greedy-300__63d55369fea1,dense,,0,,,,False,,en-ru,False,True,300,0.861081,25.006,48.4155,0,0,0,,0,0,0,0,0,0.9802,0,0.0133,0.0533,0,0.0092,1.0151
alma-7b,alma-7b__alma10-greedy-300__63d55369fea1,dense,,0,,,,False,,en-zh,False,True,300,0.850735,33.5024,26.234,0,0,0,,0,0,0,0,0,0.972,0,0.1633,0.0167,0,0,1.0015
alma-7b-slimgpt20-ref-multi,alma-7b-slimgpt20-ref-multi__alma10-greedy-300__b08030daebba,slimgpt,ref,20,multi,,cs-en+de-en+is-en+ru-en+zh-en+en-cs+en-de+en-is+en-ru+en-zh,False,,cs-en,True,True,300,0.842343,37.2708,60.0575,-0.01009,-4.7145,-3.277,0,0.0067,0.0033,0.0033,0.0033,0,0.999,0.0033,0,0.0067,0.0067,0.0043,1.0185
alma-7b-slimgpt20-ref-multi,alma-7b-slimgpt20-ref-multi__alma10-greedy-300__b08030daebba,slimgpt,ref,20,multi,,cs-en+de-en+is-en+ru-en+zh-en+en-cs+en-de+en-is+en-ru+en-zh,False,,de-en,True,True,300,0.833607,27.9064,51.722,-0.005603,-3.4104,-2.0726,0,0.0033,0,0,0,0,0.9252,0,0,0.0167,0.0033,0.006,0.9346
alma-7b-slimgpt20-ref-multi,alma-7b-slimgpt20-ref-multi__alma10-greedy-300__b08030daebba,slimgpt,ref,20,multi,,cs-en+de-en+is-en+ru-en+zh-en+en-cs+en-de+en-is+en-ru+en-zh,False,,is-en,True,True,300,0.85903,35.9947,56.8873,-0.003633,-2.2546,-1.6096,0,0.0033,0,0,0,0,0.9511,0,0,0.01,0.0033,0.0063,0.9737
alma-7b-slimgpt20-ref-multi,alma-7b-slimgpt20-ref-multi__alma10-greedy-300__b08030daebba,slimgpt,ref,20,multi,,cs-en+de-en+is-en+ru-en+zh-en+en-cs+en-de+en-is+en-ru+en-zh,False,,ru-en,True,True,300,0.835967,34.0035,58.0478,-0.010456,-2.9335,-2.3629,0,0,0,0,0,0,0.9769,0.0033,0.0067,0.0133,0,0.0063,0.9857
alma-7b-slimgpt20-ref-multi,alma-7b-slimgpt20-ref-multi__alma10-greedy-300__b08030daebba,slimgpt,ref,20,multi,,cs-en+de-en+is-en+ru-en+zh-en+en-cs+en-de+en-is+en-ru+en-zh,False,,zh-en,True,True,300,0.789121,18.5362,46.0797,-0.007014,-1.3058,-2.2268,0,0,0,0.0033,0.0033,0,0.9244,0,0.0033,0.0133,0,0.004,0.9558
alma-7b-slimgpt20-ref-multi,alma-7b-slimgpt20-ref-multi__alma10-greedy-300__b08030daebba,slimgpt,ref,20,multi,,cs-en+de-en+is-en+ru-en+zh-en+en-cs+en-de+en-is+en-ru+en-zh,False,,en-cs,False,True,300,0.851923,22.39,45.4308,-0.018381,-2.5405,-2.954,0,0.0033,0,0,0,0,0.9495,0.01,0.0267,0.02,0.0033,0.0068,0.9713
alma-7b-slimgpt20-ref-multi,alma-7b-slimgpt20-ref-multi__alma10-greedy-300__b08030daebba,slimgpt,ref,20,multi,,cs-en+de-en+is-en+ru-en+zh-en+en-cs+en-de+en-is+en-ru+en-zh,False,,en-de,False,True,300,0.844488,25.6348,52.5098,-0.008476,-2.3567,-2.2243,0,0.02,0,0,0,0,0.9836,0.02,0,0.0233,0.02,0.0121,1.0014
alma-7b-slimgpt20-ref-multi,alma-7b-slimgpt20-ref-multi__alma10-greedy-300__b08030daebba,slimgpt,ref,20,multi,,cs-en+de-en+is-en+ru-en+zh-en+en-cs+en-de+en-is+en-ru+en-zh,False,,en-is,False,True,300,0.827813,21.53,47.0195,-0.014026,-2.2206,-2.2589,0,0,0,0,0,0,0.9615,0,0,0.0033,0,0.0043,0.9822
alma-7b-slimgpt20-ref-multi,alma-7b-slimgpt20-ref-multi__alma10-greedy-300__b08030daebba,slimgpt,ref,20,multi,,cs-en+de-en+is-en+ru-en+zh-en+en-cs+en-de+en-is+en-ru+en-zh,False,,en-ru,False,True,300,0.849308,22.9737,46.538,-0.011773,-2.0323,-1.8775,0,0,0,0,0,0,0.9778,0,0.01,0.05,0,0.0103,1.0113
alma-7b-slimgpt20-ref-multi,alma-7b-slimgpt20-ref-multi__alma10-greedy-300__b08030daebba,slimgpt,ref,20,multi,,cs-en+de-en+is-en+ru-en+zh-en+en-cs+en-de+en-is+en-ru+en-zh,False,,en-zh,False,True,300,0.839914,30.9184,26.0375,-0.010821,-2.584,-0.1965,0,0,0,0,0,0,0.9973,0,0.1733,0.02,0,0,1.0047
alma-7b-slimgpt20-gen-multi,alma-7b-slimgpt20-gen-multi__alma10-greedy-300__a3835251c44e,slimgpt,gen,20,multi,,cs-en+de-en+is-en+ru-en+zh-en+en-cs+en-de+en-is+en-ru+en-zh,False,,cs-en,True,True,300,0.843638,37.2083,60.48,-0.008795,-4.777,-2.8545,0,0.0033,0.0033,0.0033,0.0033,0,1.0031,0.0033,0.0033,0.0033,0.0033,0.0044,1.0211
alma-7b-slimgpt20-gen-multi,alma-7b-slimgpt20-gen-multi__alma10-greedy-300__a3835251c44e,slimgpt,gen,20,multi,,cs-en+de-en+is-en+ru-en+zh-en+en-cs+en-de+en-is+en-ru+en-zh,False,,de-en,True,True,300,0.833091,28.3053,52.1762,-0.006119,-3.0115,-1.6184,0,0.0033,0,0,0,0,0.9292,0,0,0.0133,0.0033,0.0066,0.9395
alma-7b-slimgpt20-gen-multi,alma-7b-slimgpt20-gen-multi__alma10-greedy-300__a3835251c44e,slimgpt,gen,20,multi,,cs-en+de-en+is-en+ru-en+zh-en+en-cs+en-de+en-is+en-ru+en-zh,False,,is-en,True,True,300,0.857115,35.762,56.6336,-0.005548,-2.4873,-1.8633,0,0.0033,0,0,0,0,0.9429,0,0,0.0167,0.0033,0.0067,0.9681
alma-7b-slimgpt20-gen-multi,alma-7b-slimgpt20-gen-multi__alma10-greedy-300__a3835251c44e,slimgpt,gen,20,multi,,cs-en+de-en+is-en+ru-en+zh-en+en-cs+en-de+en-is+en-ru+en-zh,False,,ru-en,True,True,300,0.836968,35.0538,58.6438,-0.009455,-1.8832,-1.7669,0,0,0,0,0,0,0.9773,0.0033,0.0067,0.02,0,0.0065,0.9899
alma-7b-slimgpt20-gen-multi,alma-7b-slimgpt20-gen-multi__alma10-greedy-300__a3835251c44e,slimgpt,gen,20,multi,,cs-en+de-en+is-en+ru-en+zh-en+en-cs+en-de+en-is+en-ru+en-zh,False,,zh-en,True,True,300,0.78948,18.3963,46.1716,-0.006655,-1.4457,-2.1349,0,0,0,0,0,0,0.9042,0,0.0067,0.0133,0,0.0045,0.9253
alma-7b-slimgpt20-gen-multi,alma-7b-slimgpt20-gen-multi__alma10-greedy-300__a3835251c44e,slimgpt,gen,20,multi,,cs-en+de-en+is-en+ru-en+zh-en+en-cs+en-de+en-is+en-ru+en-zh,False,,en-cs,False,True,300,0.843245,22.1834,45.1672,-0.027059,-2.7471,-3.2176,0,0.0033,0,0,0,0,0.9487,0.01,0.0233,0.02,0.0033,0.0069,0.9789
alma-7b-slimgpt20-gen-multi,alma-7b-slimgpt20-gen-multi__alma10-greedy-300__a3835251c44e,slimgpt,gen,20,multi,,cs-en+de-en+is-en+ru-en+zh-en+en-cs+en-de+en-is+en-ru+en-zh,False,,en-de,False,True,300,0.845981,24.3397,52.119,-0.006983,-3.6518,-2.6151,0,0.02,0,0,0,0,0.9869,0.02,0,0.02,0.02,0.012,1.0053
alma-7b-slimgpt20-gen-multi,alma-7b-slimgpt20-gen-multi__alma10-greedy-300__a3835251c44e,slimgpt,gen,20,multi,,cs-en+de-en+is-en+ru-en+zh-en+en-cs+en-de+en-is+en-ru+en-zh,False,,en-is,False,True,300,0.828234,21.1111,46.6404,-0.013605,-2.6395,-2.638,0,0,0,0.0033,0.0033,0,0.9715,0,0,0.0033,0,0.0041,0.9862
alma-7b-slimgpt20-gen-multi,alma-7b-slimgpt20-gen-multi__alma10-greedy-300__a3835251c44e,slimgpt,gen,20,multi,,cs-en+de-en+is-en+ru-en+zh-en+en-cs+en-de+en-is+en-ru+en-zh,False,,en-ru,False,True,300,0.845132,22.3815,46.013,-0.015949,-2.6245,-2.4025,0,0,0,0.0033,0.0033,0,0.9933,0,0.01,0.03,0,0.0102,1.0287
alma-7b-slimgpt20-gen-multi,alma-7b-slimgpt20-gen-multi__alma10-greedy-300__a3835251c44e,slimgpt,gen,20,multi,,cs-en+de-en+is-en+ru-en+zh-en+en-cs+en-de+en-is+en-ru+en-zh,False,,en-zh,False,True,300,0.837332,30.4451,25.3018,-0.013403,-3.0573,-0.9322,0,0,0,0,0,0,0.9995,0,0.1767,0.0267,0,0,1.0053
alma-7b-flap20-ref-multi,alma-7b-flap20-ref-multi__alma10-greedy-300__506eace231c2,flap,ref,20,multi,,cs-en+de-en+is-en+ru-en+zh-en+en-cs+en-de+en-is+en-ru+en-zh,False,,cs-en,True,True,300,0.839844,37.8187,60.1723,-0.012589,-4.1666,-3.1622,0,0.0033,0,0,0,0,0.9631,0,0,0.0033,0.0033,0.0056,0.9792
alma-7b-flap20-ref-multi,alma-7b-flap20-ref-multi__alma10-greedy-300__506eace231c2,flap,ref,20,multi,,cs-en+de-en+is-en+ru-en+zh-en+en-cs+en-de+en-is+en-ru+en-zh,False,,de-en,True,True,300,0.833894,29.3841,52.4708,-0.005316,-1.9327,-1.3238,0,0,0,0,0,0,0.9367,0,0,0.0067,0,0.0066,0.9521
alma-7b-flap20-ref-multi,alma-7b-flap20-ref-multi__alma10-greedy-300__506eace231c2,flap,ref,20,multi,,cs-en+de-en+is-en+ru-en+zh-en+en-cs+en-de+en-is+en-ru+en-zh,False,,is-en,True,True,300,0.855995,35.5071,56.5709,-0.006668,-2.7422,-1.926,0,0.0033,0,0,0,0,0.9447,0,0,0.0167,0.0033,0.0061,0.972
alma-7b-flap20-ref-multi,alma-7b-flap20-ref-multi__alma10-greedy-300__506eace231c2,flap,ref,20,multi,,cs-en+de-en+is-en+ru-en+zh-en+en-cs+en-de+en-is+en-ru+en-zh,False,,ru-en,True,True,300,0.829396,35.1863,58.0771,-0.017027,-1.7507,-2.3336,0,0,0,0,0,0,0.9822,0.0033,0.0067,0.0233,0,0.0085,0.9987
alma-7b-flap20-ref-multi,alma-7b-flap20-ref-multi__alma10-greedy-300__506eace231c2,flap,ref,20,multi,,cs-en+de-en+is-en+ru-en+zh-en+en-cs+en-de+en-is+en-ru+en-zh,False,,zh-en,True,True,300,0.776619,17.5183,45.5503,-0.019516,-2.3237,-2.7562,0,0,0,0.0033,0.0033,0,0.9459,0,0.0167,0.0067,0,0.0051,0.9877
alma-7b-flap20-ref-multi,alma-7b-flap20-ref-multi__alma10-greedy-300__506eace231c2,flap,ref,20,multi,,cs-en+de-en+is-en+ru-en+zh-en+en-cs+en-de+en-is+en-ru+en-zh,False,,en-cs,False,True,300,0.834501,21.6406,44.2205,-0.035803,-3.2899,-4.1643,0,0.01,0,0,0,0,0.941,0,0.0233,0.03,0.01,0.0068,0.9737
alma-7b-flap20-ref-multi,alma-7b-flap20-ref-multi__alma10-greedy-300__506eace231c2,flap,ref,20,multi,,cs-en+de-en+is-en+ru-en+zh-en+en-cs+en-de+en-is+en-ru+en-zh,False,,en-de,False,True,300,0.823089,24.3341,50.7104,-0.029875,-3.6574,-4.0237,0,0.01,0,0,0,0,0.9636,0.01,0.0033,0.0133,0.01,0.013,0.9945
alma-7b-flap20-ref-multi,alma-7b-flap20-ref-multi__alma10-greedy-300__506eace231c2,flap,ref,20,multi,,cs-en+de-en+is-en+ru-en+zh-en+en-cs+en-de+en-is+en-ru+en-zh,False,,en-is,False,True,300,0.781707,17.3737,42.8581,-0.060132,-6.3769,-6.4203,0,0,0,0,0,0,0.9355,0,0,0,0,0.0045,0.9703
alma-7b-flap20-ref-multi,alma-7b-flap20-ref-multi__alma10-greedy-300__506eace231c2,flap,ref,20,multi,,cs-en+de-en+is-en+ru-en+zh-en+en-cs+en-de+en-is+en-ru+en-zh,False,,en-ru,False,True,300,0.834358,21.7211,44.1372,-0.026723,-3.2849,-4.2783,0,0,0,0,0,0,0.9554,0,0.01,0.0633,0,0.0104,1.0074
alma-7b-flap20-ref-multi,alma-7b-flap20-ref-multi__alma10-greedy-300__506eace231c2,flap,ref,20,multi,,cs-en+de-en+is-en+ru-en+zh-en+en-cs+en-de+en-is+en-ru+en-zh,False,,en-zh,False,True,300,0.811748,27.6248,24.1303,-0.038987,-5.8776,-2.1037,0,0,0,0.0033,0.0033,0,0.9739,0,0.1833,0.0133,0,0.0004,0.9957
alma-7b-flap20-gen-multi,alma-7b-flap20-gen-multi__alma10-greedy-300__b8cd83633a82,flap,gen,20,multi,,cs-en+de-en+is-en+ru-en+zh-en+en-cs+en-de+en-is+en-ru+en-zh,False,,cs-en,True,True,300,0.839643,37.8872,60.148,-0.01279,-4.0981,-3.1865,0,0.0033,0,0,0,0,0.962,0,0,0.0033,0.0033,0.0053,0.9814
alma-7b-flap20-gen-multi,alma-7b-flap20-gen-multi__alma10-greedy-300__b8cd83633a82,flap,gen,20,multi,,cs-en+de-en+is-en+ru-en+zh-en+en-cs+en-de+en-is+en-ru+en-zh,False,,de-en,True,True,300,0.833724,29.4478,52.3878,-0.005486,-1.869,-1.4068,0,0,0,0,0,0,0.9372,0,0.0033,0.0067,0,0.0072,0.9519
alma-7b-flap20-gen-multi,alma-7b-flap20-gen-multi__alma10-greedy-300__b8cd83633a82,flap,gen,20,multi,,cs-en+de-en+is-en+ru-en+zh-en+en-cs+en-de+en-is+en-ru+en-zh,False,,is-en,True,True,300,0.8559,35.4122,56.5682,-0.006763,-2.8371,-1.9287,0,0.0033,0,0,0,0,0.9535,0,0,0.0167,0.0033,0.0062,0.983
alma-7b-flap20-gen-multi,alma-7b-flap20-gen-multi__alma10-greedy-300__b8cd83633a82,flap,gen,20,multi,,cs-en+de-en+is-en+ru-en+zh-en+en-cs+en-de+en-is+en-ru+en-zh,False,,ru-en,True,True,300,0.831917,34.8445,58.2768,-0.014506,-2.0925,-2.1339,0,0,0,0,0,0,0.9868,0.0033,0.0067,0.02,0,0.0082,1.0059
alma-7b-flap20-gen-multi,alma-7b-flap20-gen-multi__alma10-greedy-300__b8cd83633a82,flap,gen,20,multi,,cs-en+de-en+is-en+ru-en+zh-en+en-cs+en-de+en-is+en-ru+en-zh,False,,zh-en,True,True,300,0.774656,17.0621,45.066,-0.021479,-2.7799,-3.2405,0,0,0,0.0067,0.0067,0,0.952,0,0.0133,0.0067,0,0.0048,0.9913
alma-7b-flap20-gen-multi,alma-7b-flap20-gen-multi__alma10-greedy-300__b8cd83633a82,flap,gen,20,multi,,cs-en+de-en+is-en+ru-en+zh-en+en-cs+en-de+en-is+en-ru+en-zh,False,,en-cs,False,True,300,0.830992,20.6196,43.4974,-0.039312,-4.3109,-4.8874,0,0.0033,0,0.0033,0.0033,0,0.9476,0,0.03,0.0233,0.0033,0.0072,0.9767
alma-7b-flap20-gen-multi,alma-7b-flap20-gen-multi__alma10-greedy-300__b8cd83633a82,flap,gen,20,multi,,cs-en+de-en+is-en+ru-en+zh-en+en-cs+en-de+en-is+en-ru+en-zh,False,,en-de,False,True,300,0.826849,24.7562,50.7352,-0.026115,-3.2353,-3.9989,0,0.01,0,0,0,0,0.9633,0.01,0.0033,0.0133,0.01,0.0128,0.9927
alma-7b-flap20-gen-multi,alma-7b-flap20-gen-multi__alma10-greedy-300__b8cd83633a82,flap,gen,20,multi,,cs-en+de-en+is-en+ru-en+zh-en+en-cs+en-de+en-is+en-ru+en-zh,False,,en-is,False,True,300,0.775038,17.7614,42.9622,-0.066801,-5.9892,-6.3162,0,0,0,0,0,0,0.9334,0,0,0,0,0.0046,0.9632
alma-7b-flap20-gen-multi,alma-7b-flap20-gen-multi__alma10-greedy-300__b8cd83633a82,flap,gen,20,multi,,cs-en+de-en+is-en+ru-en+zh-en+en-cs+en-de+en-is+en-ru+en-zh,False,,en-ru,False,True,300,0.833168,21.3816,43.9767,-0.027913,-3.6244,-4.4388,0,0,0.0033,0.0033,0.0033,0,0.9781,0,0.0133,0.0567,0,0.0103,1.0269
alma-7b-flap20-gen-multi,alma-7b-flap20-gen-multi__alma10-greedy-300__b8cd83633a82,flap,gen,20,multi,,cs-en+de-en+is-en+ru-en+zh-en+en-cs+en-de+en-is+en-ru+en-zh,False,,en-zh,False,True,300,0.806897,27.8723,24.1324,-0.043838,-5.6301,-2.1016,0,0,0,0.0033,0.0033,0,0.9894,0,0.1733,0.02,0,0.0001,1.0051
alma-7b-slimgpt30-ref-multi,alma-7b-slimgpt30-ref-multi__alma10-greedy-300__644e1b7555df,slimgpt,ref,30,multi,,cs-en+de-en+is-en+ru-en+zh-en+en-cs+en-de+en-is+en-ru+en-zh,False,,cs-en,True,True,300,0.836672,35.5561,58.3726,-0.015761,-6.4292,-4.9619,0,0.0033,0,0,0,0,0.954,0.0033,0.0033,0.0033,0.0033,0.0046,0.9688
alma-7b-slimgpt30-ref-multi,alma-7b-slimgpt30-ref-multi__alma10-greedy-300__644e1b7555df,slimgpt,ref,30,multi,,cs-en+de-en+is-en+ru-en+zh-en+en-cs+en-de+en-is+en-ru+en-zh,False,,de-en,True,True,300,0.823656,27.0774,50.6873,-0.015554,-4.2394,-3.1073,0,0.0033,0,0,0,0,0.9352,0,0.0033,0.0033,0.0033,0.0061,0.9446
alma-7b-slimgpt30-ref-multi,alma-7b-slimgpt30-ref-multi__alma10-greedy-300__644e1b7555df,slimgpt,ref,30,multi,,cs-en+de-en+is-en+ru-en+zh-en+en-cs+en-de+en-is+en-ru+en-zh,False,,is-en,True,True,300,0.850379,33.8999,55.1848,-0.012284,-4.3494,-3.3121,0,0.0033,0,0,0,0,0.9489,0,0,0.0133,0.0033,0.0061,0.9744
alma-7b-slimgpt30-ref-multi,alma-7b-slimgpt30-ref-multi__alma10-greedy-300__644e1b7555df,slimgpt,ref,30,multi,,cs-en+de-en+is-en+ru-en+zh-en+en-cs+en-de+en-is+en-ru+en-zh,False,,ru-en,True,True,300,0.82937,33.61,57.5994,-0.017053,-3.327,-2.8113,0,0,0,0,0,0,0.9829,0.0033,0.0067,0.02,0,0.0062,0.9913
alma-7b-slimgpt30-ref-multi,alma-7b-slimgpt30-ref-multi__alma10-greedy-300__644e1b7555df,slimgpt,ref,30,multi,,cs-en+de-en+is-en+ru-en+zh-en+en-cs+en-de+en-is+en-ru+en-zh,False,,zh-en,True,True,300,0.776733,16.6821,44.6631,-0.019402,-3.1599,-3.6434,0,0,0,0,0,0,0.8911,0,0.0067,0.0133,0,0.0043,0.9214
alma-7b-slimgpt30-ref-multi,alma-7b-slimgpt30-ref-multi__alma10-greedy-300__644e1b7555df,slimgpt,ref,30,multi,,cs-en+de-en+is-en+ru-en+zh-en+en-cs+en-de+en-is+en-ru+en-zh,False,,en-cs,False,True,300,0.841779,19.7304,43.6699,-0.028525,-5.2001,-4.7149,0,0.0033,0,0,0,0,0.9469,0.0033,0.0233,0.0167,0.0033,0.0072,0.9618
alma-7b-slimgpt30-ref-multi,alma-7b-slimgpt30-ref-multi__alma10-greedy-300__644e1b7555df,slimgpt,ref,30,multi,,cs-en+de-en+is-en+ru-en+zh-en+en-cs+en-de+en-is+en-ru+en-zh,False,,en-de,False,True,300,0.824654,22.6073,50.3092,-0.02831,-5.3842,-4.4249,0,0.0133,0,0.0033,0.0033,0,1.0037,0.0133,0,0.0133,0.0133,0.0119,1.0232
alma-7b-slimgpt30-ref-multi,alma-7b-slimgpt30-ref-multi__alma10-greedy-300__644e1b7555df,slimgpt,ref,30,multi,,cs-en+de-en+is-en+ru-en+zh-en+en-cs+en-de+en-is+en-ru+en-zh,False,,en-is,False,True,300,0.804778,18.7012,43.7571,-0.037061,-5.0494,-5.5213,0,0,0,0.0033,0.0033,0,0.9417,0,0,0.0033,0,0.005,0.9656
alma-7b-slimgpt30-ref-multi,alma-7b-slimgpt30-ref-multi__alma10-greedy-300__644e1b7555df,slimgpt,ref,30,multi,,cs-en+de-en+is-en+ru-en+zh-en+en-cs+en-de+en-is+en-ru+en-zh,False,,en-ru,False,True,300,0.822991,20.0948,43.5441,-0.03809,-4.9112,-4.8714,0,0,0,0.0033,0.0033,0,0.992,0,0.0167,0.0567,0,0.0111,1.0309
alma-7b-slimgpt30-ref-multi,alma-7b-slimgpt30-ref-multi__alma10-greedy-300__644e1b7555df,slimgpt,ref,30,multi,,cs-en+de-en+is-en+ru-en+zh-en+en-cs+en-de+en-is+en-ru+en-zh,False,,en-zh,False,True,300,0.807891,27.4336,23.0434,-0.042844,-6.0688,-3.1906,0,0,0,0.0033,0.0033,0,0.9761,0,0.18,0.02,0,0.0003,0.9808
alma-7b-slimgpt30-gen-multi,alma-7b-slimgpt30-gen-multi__alma10-greedy-300__bc0d5fbe80b2,slimgpt,gen,30,multi,,cs-en+de-en+is-en+ru-en+zh-en+en-cs+en-de+en-is+en-ru+en-zh,False,,cs-en,True,True,300,0.837756,36.9217,59.568,-0.014677,-5.0636,-3.7665,0,0.0033,0,0,0,0,0.978,0.0033,0.0033,0.0033,0.0033,0.0045,0.9918
alma-7b-slimgpt30-gen-multi,alma-7b-slimgpt30-gen-multi__alma10-greedy-300__bc0d5fbe80b2,slimgpt,gen,30,multi,,cs-en+de-en+is-en+ru-en+zh-en+en-cs+en-de+en-is+en-ru+en-zh,False,,de-en,True,True,300,0.826162,27.3571,51.0508,-0.013048,-3.9597,-2.7438,0,0.0033,0,0,0,0,0.933,0,0.0033,0.0067,0.0033,0.0063,0.9437
alma-7b-slimgpt30-gen-multi,alma-7b-slimgpt30-gen-multi__alma10-greedy-300__bc0d5fbe80b2,slimgpt,gen,30,multi,,cs-en+de-en+is-en+ru-en+zh-en+en-cs+en-de+en-is+en-ru+en-zh,False,,is-en,True,True,300,0.849629,33.4894,55.1941,-0.013034,-4.7599,-3.3028,0,0.0033,0,0,0,0,0.9466,0,0,0.0133,0.0033,0.0058,0.971
alma-7b-slimgpt30-gen-multi,alma-7b-slimgpt30-gen-multi__alma10-greedy-300__bc0d5fbe80b2,slimgpt,gen,30,multi,,cs-en+de-en+is-en+ru-en+zh-en+en-cs+en-de+en-is+en-ru+en-zh,False,,ru-en,True,True,300,0.828318,34.0184,57.7016,-0.018105,-2.9186,-2.7091,0,0,0,0,0,0,0.9791,0.0033,0.0067,0.0167,0,0.0059,0.9911
alma-7b-slimgpt30-gen-multi,alma-7b-slimgpt30-gen-multi__alma10-greedy-300__bc0d5fbe80b2,slimgpt,gen,30,multi,,cs-en+de-en+is-en+ru-en+zh-en+en-cs+en-de+en-is+en-ru+en-zh,False,,zh-en,True,True,300,0.7817,17.0871,45.2725,-0.014435,-2.7549,-3.034,0,0,0,0,0,0,0.9038,0,0.0067,0.01,0,0.0042,0.9339
alma-7b-slimgpt30-gen-multi,alma-7b-slimgpt30-gen-multi__alma10-greedy-300__bc0d5fbe80b2,slimgpt,gen,30,multi,,cs-en+de-en+is-en+ru-en+zh-en+en-cs+en-de+en-is+en-ru+en-zh,False,,en-cs,False,True,300,0.831222,20.1008,44.117,-0.039082,-4.8297,-4.2678,0,0.0033,0,0,0,0,0.9429,0.0033,0.0333,0.02,0.0033,0.0063,0.9664
alma-7b-slimgpt30-gen-multi,alma-7b-slimgpt30-gen-multi__alma10-greedy-300__bc0d5fbe80b2,slimgpt,gen,30,multi,,cs-en+de-en+is-en+ru-en+zh-en+en-cs+en-de+en-is+en-ru+en-zh,False,,en-de,False,True,300,0.833183,23.1119,50.9858,-0.019781,-4.8796,-3.7483,0,0.0167,0,0,0,0,0.9796,0.0167,0,0.0167,0.0167,0.0125,1.006
alma-7b-slimgpt30-gen-multi,alma-7b-slimgpt30-gen-multi__alma10-greedy-300__bc0d5fbe80b2,slimgpt,gen,30,multi,,cs-en+de-en+is-en+ru-en+zh-en+en-cs+en-de+en-is+en-ru+en-zh,False,,en-is,False,True,300,0.801631,18.657,44.2388,-0.040208,-5.0936,-5.0396,0,0,0,0,0,0,0.9494,0,0,0.0033,0,0.0043,0.9831
alma-7b-slimgpt30-gen-multi,alma-7b-slimgpt30-gen-multi__alma10-greedy-300__bc0d5fbe80b2,slimgpt,gen,30,multi,,cs-en+de-en+is-en+ru-en+zh-en+en-cs+en-de+en-is+en-ru+en-zh,False,,en-ru,False,True,300,0.826809,19.8209,43.9501,-0.034272,-5.1851,-4.4654,0,0,0,0.0067,0.0067,0,1.0109,0,0.0133,0.05,0,0.0101,1.0563
alma-7b-slimgpt30-gen-multi,alma-7b-slimgpt30-gen-multi__alma10-greedy-300__bc0d5fbe80b2,slimgpt,gen,30,multi,,cs-en+de-en+is-en+ru-en+zh-en+en-cs+en-de+en-is+en-ru+en-zh,False,,en-zh,False,True,300,0.812635,28.199,23.7078,-0.0381,-5.3034,-2.5262,0,0,0,0,0,0,0.9707,0,0.17,0.03,0,0.0005,0.9747
alma-7b-flap30-ref-multi,alma-7b-flap30-ref-multi__alma10-greedy-300__ab4c32976d21,flap,ref,30,multi,,cs-en+de-en+is-en+ru-en+zh-en+en-cs+en-de+en-is+en-ru+en-zh,False,,cs-en,True,True,300,0.823473,36.0601,58.0571,-0.02896,-5.9252,-5.2774,0,0.0067,0.0033,0.0033,0.0033,0,0.9784,0.0033,0,0.01,0.0067,0.0049,0.9951
alma-7b-flap30-ref-multi,alma-7b-flap30-ref-multi__alma10-greedy-300__ab4c32976d21,flap,ref,30,multi,,cs-en+de-en+is-en+ru-en+zh-en+en-cs+en-de+en-is+en-ru+en-zh,False,,de-en,True,True,300,0.820741,28.3332,50.6128,-0.018469,-2.9836,-3.1818,0,0.0033,0.0033,0.0033,0.0033,0,0.9798,0,0,0.01,0.0033,0.0067,0.989
alma-7b-flap30-ref-multi,alma-7b-flap30-ref-multi__alma10-greedy-300__ab4c32976d21,flap,ref,30,multi,,cs-en+de-en+is-en+ru-en+zh-en+en-cs+en-de+en-is+en-ru+en-zh,False,,is-en,True,True,300,0.835123,32.4255,54.2272,-0.02754,-5.8238,-4.2697,0,0.0067,0.0033,0.0033,0.0033,0,0.9888,0,0,0.0133,0.0067,0.0058,1.0293
alma-7b-flap30-ref-multi,alma-7b-flap30-ref-multi__alma10-greedy-300__ab4c32976d21,flap,ref,30,multi,,cs-en+de-en+is-en+ru-en+zh-en+en-cs+en-de+en-is+en-ru+en-zh,False,,ru-en,True,True,300,0.813054,31.3536,55.4751,-0.033369,-5.5834,-4.9356,0,0,0.0033,0.0033,0.0033,0,1.026,0.0033,0.01,0.02,0,0.0076,1.031
alma-7b-flap30-ref-multi,alma-7b-flap30-ref-multi__alma10-greedy-300__ab4c32976d21,flap,ref,30,multi,,cs-en+de-en+is-en+ru-en+zh-en+en-cs+en-de+en-is+en-ru+en-zh,False,,zh-en,True,True,300,0.752004,14.9779,42.3407,-0.044131,-4.8641,-5.9658,0,0.0033,0.0133,0.0167,0.0167,0,1.0097,0,0.0067,0.01,0.0033,0.0055,1.0707
alma-7b-flap30-ref-multi,alma-7b-flap30-ref-multi__alma10-greedy-300__ab4c32976d21,flap,ref,30,multi,,cs-en+de-en+is-en+ru-en+zh-en+en-cs+en-de+en-is+en-ru+en-zh,False,,en-cs,False,True,300,0.783311,19.9298,41.8425,-0.086993,-5.0007,-6.5423,0,0.0033,0,0,0,0,0.9335,0,0.0333,0.0233,0.0033,0.0071,0.9733
alma-7b-flap30-ref-multi,alma-7b-flap30-ref-multi__alma10-greedy-300__ab4c32976d21,flap,ref,30,multi,,cs-en+de-en+is-en+ru-en+zh-en+en-cs+en-de+en-is+en-ru+en-zh,False,,en-de,False,True,300,0.798705,21.8409,48.0717,-0.054259,-6.1506,-6.6624,0,0.0133,0,0,0,0,0.9581,0.0133,0.0033,0.0167,0.0133,0.0138,0.992
alma-7b-flap30-ref-multi,alma-7b-flap30-ref-multi__alma10-greedy-300__ab4c32976d21,flap,ref,30,multi,,cs-en+de-en+is-en+ru-en+zh-en+en-cs+en-de+en-is+en-ru+en-zh,False,,en-is,False,True,300,0.680525,13.9265,37.0391,-0.161314,-9.8241,-12.2393,0,0,0.02,0.0267,0.0267,0,0.9458,0,0,0.0033,0,0.0044,1.0288
alma-7b-flap30-ref-multi,alma-7b-flap30-ref-multi__alma10-greedy-300__ab4c32976d21,flap,ref,30,multi,,cs-en+de-en+is-en+ru-en+zh-en+en-cs+en-de+en-is+en-ru+en-zh,False,,en-ru,False,True,300,0.793786,18.253,40.8024,-0.067295,-6.753,-7.6131,0,0,0,0.0033,0.0033,0,0.9632,0,0.0133,0.04,0,0.013,1.0344
alma-7b-flap30-ref-multi,alma-7b-flap30-ref-multi__alma10-greedy-300__ab4c32976d21,flap,ref,30,multi,,cs-en+de-en+is-en+ru-en+zh-en+en-cs+en-de+en-is+en-ru+en-zh,False,,en-zh,False,True,300,0.721779,19.4719,17.1117,-0.128956,-14.0305,-9.1223,0,0,0,0.0267,0.0267,0,0.9931,0,0.2033,0.0233,0,0.027,0.9443
alma-7b-flap30-gen-multi,alma-7b-flap30-gen-multi__alma10-greedy-300__ee5b90d3e197,flap,gen,30,multi,,cs-en+de-en+is-en+ru-en+zh-en+en-cs+en-de+en-is+en-ru+en-zh,False,,cs-en,True,True,300,0.827789,36.0458,58.379,-0.024644,-5.9395,-4.9555,0,0.0067,0,0,0,0,0.962,0.0033,0,0.01,0.0067,0.0052,0.9907
alma-7b-flap30-gen-multi,alma-7b-flap30-gen-multi__alma10-greedy-300__ee5b90d3e197,flap,gen,30,multi,,cs-en+de-en+is-en+ru-en+zh-en+en-cs+en-de+en-is+en-ru+en-zh,False,,de-en,True,True,300,0.818417,28.7081,50.7714,-0.020793,-2.6087,-3.0232,0,0.0033,0.0033,0.0033,0.0033,0,0.9799,0,0,0.0067,0.0033,0.0062,0.9892
alma-7b-flap30-gen-multi,alma-7b-flap30-gen-multi__alma10-greedy-300__ee5b90d3e197,flap,gen,30,multi,,cs-en+de-en+is-en+ru-en+zh-en+en-cs+en-de+en-is+en-ru+en-zh,False,,is-en,True,True,300,0.834012,33.0264,54.2796,-0.028651,-5.2229,-4.2173,0,0.0067,0.0033,0.0033,0.0033,0,0.9859,0,0,0.0133,0.0067,0.0057,1.0239
alma-7b-flap30-gen-multi,alma-7b-flap30-gen-multi__alma10-greedy-300__ee5b90d3e197,flap,gen,30,multi,,cs-en+de-en+is-en+ru-en+zh-en+en-cs+en-de+en-is+en-ru+en-zh,False,,ru-en,True,True,300,0.814894,32.3517,55.9046,-0.031529,-4.5853,-4.5061,0,0,0,0,0,0,0.9781,0.0033,0.01,0.0167,0,0.0075,0.9988
alma-7b-flap30-gen-multi,alma-7b-flap30-gen-multi__alma10-greedy-300__ee5b90d3e197,flap,gen,30,multi,,cs-en+de-en+is-en+ru-en+zh-en+en-cs+en-de+en-is+en-ru+en-zh,False,,zh-en,True,True,300,0.757614,15.6045,42.7436,-0.038521,-4.2375,-5.5629,0,0.0033,0.0067,0.01,0.01,0,0.9668,0,0.0067,0.0133,0.0033,0.006,1.0231
alma-7b-flap30-gen-multi,alma-7b-flap30-gen-multi__alma10-greedy-300__ee5b90d3e197,flap,gen,30,multi,,cs-en+de-en+is-en+ru-en+zh-en+en-cs+en-de+en-is+en-ru+en-zh,False,,en-cs,False,True,300,0.785922,20.1516,42.0649,-0.084382,-4.7789,-6.3199,0,0.0033,0,0.0033,0.0033,0,0.9583,0,0.0267,0.0267,0.0033,0.0069,1.0032
alma-7b-flap30-gen-multi,alma-7b-flap30-gen-multi__alma10-greedy-300__ee5b90d3e197,flap,gen,30,multi,,cs-en+de-en+is-en+ru-en+zh-en+en-cs+en-de+en-is+en-ru+en-zh,False,,en-de,False,True,300,0.794904,22.2339,48.0224,-0.05806,-5.7576,-6.7117,0,0.0133,0,0,0,0,0.9562,0.0133,0.0033,0.0133,0.0133,0.0131,0.9901
alma-7b-flap30-gen-multi,alma-7b-flap30-gen-multi__alma10-greedy-300__ee5b90d3e197,flap,gen,30,multi,,cs-en+de-en+is-en+ru-en+zh-en+en-cs+en-de+en-is+en-ru+en-zh,False,,en-is,False,True,300,0.680196,14.1461,37.3911,-0.161643,-9.6045,-11.8873,0,0,0.01,0.04,0.04,0,1.0043,0,0,0.0033,0,0.0044,1.0768
alma-7b-flap30-gen-multi,alma-7b-flap30-gen-multi__alma10-greedy-300__ee5b90d3e197,flap,gen,30,multi,,cs-en+de-en+is-en+ru-en+zh-en+en-cs+en-de+en-is+en-ru+en-zh,False,,en-ru,False,True,300,0.797331,17.8047,41.0015,-0.06375,-7.2013,-7.414,0,0,0.0033,0.0033,0.0033,0,0.98,0,0.0133,0.04,0,0.0123,1.0484
alma-7b-flap30-gen-multi,alma-7b-flap30-gen-multi__alma10-greedy-300__ee5b90d3e197,flap,gen,30,multi,,cs-en+de-en+is-en+ru-en+zh-en+en-cs+en-de+en-is+en-ru+en-zh,False,,en-zh,False,True,300,0.718663,19.6265,17.3065,-0.132072,-13.8759,-8.9275,0,0,0,0.0333,0.0333,0,1.0159,0,0.1967,0.04,0,0.0386,0.9301
alma-7b-slimgpt40-ref-multi,alma-7b-slimgpt40-ref-multi__alma10-greedy-300__e429d68241cf,slimgpt,ref,40,multi,,cs-en+de-en+is-en+ru-en+zh-en+en-cs+en-de+en-is+en-ru+en-zh,False,,cs-en,True,True,300,0.822288,32.8511,55.6421,-0.030145,-9.1342,-7.6924,0,0.0067,0.0033,0.0033,0.0033,0,0.9922,0,0.0033,0.01,0.0067,0.0036,1.0092
alma-7b-slimgpt40-ref-multi,alma-7b-slimgpt40-ref-multi__alma10-greedy-300__e429d68241cf,slimgpt,ref,40,multi,,cs-en+de-en+is-en+ru-en+zh-en+en-cs+en-de+en-is+en-ru+en-zh,False,,de-en,True,True,300,0.815222,25.6579,49.6218,-0.023988,-5.6589,-4.1728,0,0.0067,0,0,0,0,0.9145,0,0.0033,0.01,0.0067,0.0056,0.9309
alma-7b-slimgpt40-ref-multi,alma-7b-slimgpt40-ref-multi__alma10-greedy-300__e429d68241cf,slimgpt,ref,40,multi,,cs-en+de-en+is-en+ru-en+zh-en+en-cs+en-de+en-is+en-ru+en-zh,False,,is-en,True,True,300,0.833735,31.4638,53.4755,-0.028928,-6.7855,-5.0214,0,0.0033,0,0,0,0,0.9478,0,0,0.0133,0.0033,0.0046,0.979
alma-7b-slimgpt40-ref-multi,alma-7b-slimgpt40-ref-multi__alma10-greedy-300__e429d68241cf,slimgpt,ref,40,multi,,cs-en+de-en+is-en+ru-en+zh-en+en-cs+en-de+en-is+en-ru+en-zh,False,,ru-en,True,True,300,0.816731,31.7485,55.7937,-0.029692,-5.1885,-4.617,0,0,0,0,0,0,0.9739,0.0033,0.0067,0.0167,0,0.0063,0.9884
alma-7b-slimgpt40-ref-multi,alma-7b-slimgpt40-ref-multi__alma10-greedy-300__e429d68241cf,slimgpt,ref,40,multi,,cs-en+de-en+is-en+ru-en+zh-en+en-cs+en-de+en-is+en-ru+en-zh,False,,zh-en,True,True,300,0.750981,15.4135,42.0079,-0.045154,-4.4285,-6.2986,0,0,0,0.0067,0.0067,0,0.9295,0,0.0067,0.01,0,0.0037,0.9547
alma-7b-slimgpt40-ref-multi,alma-7b-slimgpt40-ref-multi__alma10-greedy-300__e429d68241cf,slimgpt,ref,40,multi,,cs-en+de-en+is-en+ru-en+zh-en+en-cs+en-de+en-is+en-ru+en-zh,False,,en-cs,False,True,300,0.789879,17.5702,41.107,-0.080425,-7.3603,-7.2778,0,0.01,0,0,0,0,0.9372,0.01,0.02,0.0233,0.01,0.0072,0.9681
alma-7b-slimgpt40-ref-multi,alma-7b-slimgpt40-ref-multi__alma10-greedy-300__e429d68241cf,slimgpt,ref,40,multi,,cs-en+de-en+is-en+ru-en+zh-en+en-cs+en-de+en-is+en-ru+en-zh,False,,en-de,False,True,300,0.797035,21.1368,47.7818,-0.055929,-6.8547,-6.9523,0,0.02,0,0,0,0,0.968,0.02,0,0.0233,0.02,0.0128,1.0014
alma-7b-slimgpt40-ref-multi,alma-7b-slimgpt40-ref-multi__alma10-greedy-300__e429d68241cf,slimgpt,ref,40,multi,,cs-en+de-en+is-en+ru-en+zh-en+en-cs+en-de+en-is+en-ru+en-zh,False,,en-is,False,True,300,0.747907,15.6134,40.0246,-0.093932,-8.1372,-9.2538,0,0.0033,0,0,0,0,0.9153,0,0,0.0067,0.0033,0.0046,0.9673
alma-7b-slimgpt40-ref-multi,alma-7b-slimgpt40-ref-multi__alma10-greedy-300__e429d68241cf,slimgpt,ref,40,multi,,cs-en+de-en+is-en+ru-en+zh-en+en-cs+en-de+en-is+en-ru+en-zh,False,,en-ru,False,True,300,0.793277,17.8163,40.6773,-0.067804,-7.1897,-7.7382,0,0,0,0,0,0,0.9536,0,0.0133,0.0267,0,0.013,1.003
alma-7b-slimgpt40-ref-multi,alma-7b-slimgpt40-ref-multi__alma10-greedy-300__e429d68241cf,slimgpt,ref,40,multi,,cs-en+de-en+is-en+ru-en+zh-en+en-cs+en-de+en-is+en-ru+en-zh,False,,en-zh,False,True,300,0.746934,22.0779,19.4426,-0.103801,-11.4245,-6.7914,0,0,0,0.01,0.01,0,0.9443,0,0.1667,0.0233,0,0.0016,0.9474
alma-7b-slimgpt40-gen-multi,alma-7b-slimgpt40-gen-multi__alma10-greedy-300__2811a359b99b,slimgpt,gen,40,multi,,cs-en+de-en+is-en+ru-en+zh-en+en-cs+en-de+en-is+en-ru+en-zh,False,,cs-en,True,True,300,0.820499,32.4327,55.5628,-0.031934,-9.5526,-7.7717,0,0.0033,0.0067,0.0067,0.0067,0,1.0223,0,0.0033,0.0067,0.0033,0.0033,1.0481
alma-7b-slimgpt40-gen-multi,alma-7b-slimgpt40-gen-multi__alma10-greedy-300__2811a359b99b,slimgpt,gen,40,multi,,cs-en+de-en+is-en+ru-en+zh-en+en-cs+en-de+en-is+en-ru+en-zh,False,,de-en,True,True,300,0.81684,25.6751,49.2903,-0.02237,-5.6417,-4.5043,0,0.0067,0,0,0,0,0.9054,0,0.0033,0.0133,0.0067,0.0058,0.9227
alma-7b-slimgpt40-gen-multi,alma-7b-slimgpt40-gen-multi__alma10-greedy-300__2811a359b99b,slimgpt,gen,40,multi,,cs-en+de-en+is-en+ru-en+zh-en+en-cs+en-de+en-is+en-ru+en-zh,False,,is-en,True,True,300,0.834093,31.5783,53.6975,-0.02857,-6.671,-4.7994,0,0.0033,0,0,0,0,0.9395,0,0,0.01,0.0033,0.005,0.9683
alma-7b-slimgpt40-gen-multi,alma-7b-slimgpt40-gen-multi__alma10-greedy-300__2811a359b99b,slimgpt,gen,40,multi,,cs-en+de-en+is-en+ru-en+zh-en+en-cs+en-de+en-is+en-ru+en-zh,False,,ru-en,True,True,300,0.812222,30.5316,55.3975,-0.034201,-6.4054,-5.0132,0,0,0.0033,0.0033,0.0033,0,1.0031,0.0033,0.0067,0.0167,0,0.0059,1.0319
alma-7b-slimgpt40-gen-multi,alma-7b-slimgpt40-gen-multi__alma10-greedy-300__2811a359b99b,slimgpt,gen,40,multi,,cs-en+de-en+is-en+ru-en+zh-en+en-cs+en-de+en-is+en-ru+en-zh,False,,zh-en,True,True,300,0.750275,15.171,41.6773,-0.04586,-4.671,-6.6292,0,0,0.0033,0.0067,0.0067,0,0.9011,0,0.0033,0.01,0,0.004,0.9527
alma-7b-slimgpt40-gen-multi,alma-7b-slimgpt40-gen-multi__alma10-greedy-300__2811a359b99b,slimgpt,gen,40,multi,,cs-en+de-en+is-en+ru-en+zh-en+en-cs+en-de+en-is+en-ru+en-zh,False,,en-cs,False,True,300,0.78927,17.4525,40.9065,-0.081034,-7.478,-7.4783,0,0.01,0,0.0033,0.0033,0,0.957,0.0067,0.02,0.02,0.01,0.0071,0.9827
alma-7b-slimgpt40-gen-multi,alma-7b-slimgpt40-gen-multi__alma10-greedy-300__2811a359b99b,slimgpt,gen,40,multi,,cs-en+de-en+is-en+ru-en+zh-en+en-cs+en-de+en-is+en-ru+en-zh,False,,en-de,False,True,300,0.797055,21.3485,47.6294,-0.055909,-6.643,-7.1047,0,0.02,0,0,0,0,0.9638,0.0167,0,0.0233,0.02,0.0122,0.9973
alma-7b-slimgpt40-gen-multi,alma-7b-slimgpt40-gen-multi__alma10-greedy-300__2811a359b99b,slimgpt,gen,40,multi,,cs-en+de-en+is-en+ru-en+zh-en+en-cs+en-de+en-is+en-ru+en-zh,False,,en-is,False,True,300,0.740975,15.398,40.0985,-0.100864,-8.3526,-9.1799,0,0.0033,0,0.0033,0.0033,0,0.9316,0,0,0.01,0.0033,0.0045,0.9754
alma-7b-slimgpt40-gen-multi,alma-7b-slimgpt40-gen-multi__alma10-greedy-300__2811a359b99b,slimgpt,gen,40,multi,,cs-en+de-en+is-en+ru-en+zh-en+en-cs+en-de+en-is+en-ru+en-zh,False,,en-ru,False,True,300,0.790521,17.606,40.533,-0.07056,-7.4,-7.8825,0,0,0,0,0,0,0.9507,0,0.0133,0.0367,0,0.0128,0.9998
alma-7b-slimgpt40-gen-multi,alma-7b-slimgpt40-gen-multi__alma10-greedy-300__2811a359b99b,slimgpt,gen,40,multi,,cs-en+de-en+is-en+ru-en+zh-en+en-cs+en-de+en-is+en-ru+en-zh,False,,en-zh,False,True,300,0.753676,21.9989,19.6384,-0.097059,-11.5035,-6.5956,0,0,0,0.0033,0.0033,0,0.9377,0,0.17,0.02,0,0.0107,0.9135
alma-7b-flap40-ref-multi,alma-7b-flap40-ref-multi__alma10-greedy-300__914ab23eaa16,flap,ref,40,multi,,cs-en+de-en+is-en+ru-en+zh-en+en-cs+en-de+en-is+en-ru+en-zh,False,,cs-en,True,True,300,0.813754,31.5921,54.4791,-0.038679,-10.3932,-8.8554,0,0.0033,0,0,0,0,0.9356,0.0033,0,0.0033,0.0033,0.0062,0.9746
alma-7b-flap40-ref-multi,alma-7b-flap40-ref-multi__alma10-greedy-300__914ab23eaa16,flap,ref,40,multi,,cs-en+de-en+is-en+ru-en+zh-en+en-cs+en-de+en-is+en-ru+en-zh,False,,de-en,True,True,300,0.806291,26.0291,48.7057,-0.032919,-5.2877,-5.0889,0,0,0,0,0,0,0.906,0,0,0.0033,0,0.007,0.9366
alma-7b-flap40-ref-multi,alma-7b-flap40-ref-multi__alma10-greedy-300__914ab23eaa16,flap,ref,40,multi,,cs-en+de-en+is-en+ru-en+zh-en+en-cs+en-de+en-is+en-ru+en-zh,False,,is-en,True,True,300,0.803217,28.7533,50.8895,-0.059446,-9.496,-7.6074,0,0.01,0.0067,0.0067,0.0067,0,1.0109,0,0,0.0133,0.01,0.0055,1.0715
alma-7b-flap40-ref-multi,alma-7b-flap40-ref-multi__alma10-greedy-300__914ab23eaa16,flap,ref,40,multi,,cs-en+de-en+is-en+ru-en+zh-en+en-cs+en-de+en-is+en-ru+en-zh,False,,ru-en,True,True,300,0.789934,29.7391,52.9774,-0.056489,-7.1979,-7.4333,0,0,0.0033,0.0033,0.0033,0,0.9829,0.0033,0.0133,0.01,0,0.0066,1.0106
alma-7b-flap40-ref-multi,alma-7b-flap40-ref-multi__alma10-greedy-300__914ab23eaa16,flap,ref,40,multi,,cs-en+de-en+is-en+ru-en+zh-en+en-cs+en-de+en-is+en-ru+en-zh,False,,zh-en,True,True,300,0.720391,12.8839,39.0107,-0.075744,-6.9581,-9.2958,0,0,0.01,0.02,0.02,0,0.9836,0,0.0067,0.0033,0,0.0055,1.0577
alma-7b-flap40-ref-multi,alma-7b-flap40-ref-multi__alma10-greedy-300__914ab23eaa16,flap,ref,40,multi,,cs-en+de-en+is-en+ru-en+zh-en+en-cs+en-de+en-is+en-ru+en-zh,False,,en-cs,False,True,300,0.717245,15.6739,36.3376,-0.153059,-9.2566,-12.0472,0,0,0.0033,0.01,0.01,0,0.9526,0,0.0167,0.01,0,0.0082,0.9933
alma-7b-flap40-ref-multi,alma-7b-flap40-ref-multi__alma10-greedy-300__914ab23eaa16,flap,ref,40,multi,,cs-en+de-en+is-en+ru-en+zh-en+en-cs+en-de+en-is+en-ru+en-zh,False,,en-de,False,True,300,0.762542,18.23,45.1555,-0.090422,-9.7615,-9.5786,0,0.0167,0,0,0,0,0.9392,0.0133,0.0033,0.0167,0.0167,0.0147,0.9771
alma-7b-flap40-ref-multi,alma-7b-flap40-ref-multi__alma10-greedy-300__914ab23eaa16,flap,ref,40,multi,,cs-en+de-en+is-en+ru-en+zh-en+en-cs+en-de+en-is+en-ru+en-zh,False,,en-is,False,True,300,0.582605,10.624,31.2525,-0.259234,-13.1266,-18.0259,0,0.0033,0.0167,0.0367,0.0367,0,0.9103,0,0,0.0033,0.0033,0.005,1.0506
alma-7b-flap40-ref-multi,alma-7b-flap40-ref-multi__alma10-greedy-300__914ab23eaa16,flap,ref,40,multi,,cs-en+de-en+is-en+ru-en+zh-en+en-cs+en-de+en-is+en-ru+en-zh,False,,en-ru,False,True,300,0.745549,16.067,37.8773,-0.115532,-8.939,-10.5382,0,0,0,0.0033,0.0033,0,0.9571,0,0.0167,0.0567,0,0.016,1.0058
alma-7b-flap40-ref-multi,alma-7b-flap40-ref-multi__alma10-greedy-300__914ab23eaa16,flap,ref,40,multi,,cs-en+de-en+is-en+ru-en+zh-en+en-cs+en-de+en-is+en-ru+en-zh,False,,en-zh,False,True,300,0.651311,15.386,12.7007,-0.199424,-18.1164,-13.5333,0,0,0,0.0467,0.0467,0,1.026,0,0.2233,0.0333,0,0.0414,0.9558
alma-7b-flap40-gen-multi,alma-7b-flap40-gen-multi__alma10-greedy-300__54b5459f65d9,flap,gen,40,multi,,cs-en+de-en+is-en+ru-en+zh-en+en-cs+en-de+en-is+en-ru+en-zh,False,,cs-en,True,True,300,0.808814,30.5106,53.4559,-0.043619,-11.4747,-9.8786,0,0.0033,0,0,0,0,0.9296,0.0033,0,0.0033,0.0033,0.0068,0.9675
alma-7b-flap40-gen-multi,alma-7b-flap40-gen-multi__alma10-greedy-300__54b5459f65d9,flap,gen,40,multi,,cs-en+de-en+is-en+ru-en+zh-en+en-cs+en-de+en-is+en-ru+en-zh,False,,de-en,True,True,300,0.806817,25.7027,48.5785,-0.032393,-5.6141,-5.2161,0,0,0,0,0,0,0.9015,0,0.0033,0.0033,0,0.0066,0.9344
alma-7b-flap40-gen-multi,alma-7b-flap40-gen-multi__alma10-greedy-300__54b5459f65d9,flap,gen,40,multi,,cs-en+de-en+is-en+ru-en+zh-en+en-cs+en-de+en-is+en-ru+en-zh,False,,is-en,True,True,300,0.806095,28.2617,50.7551,-0.056568,-9.9876,-7.7418,0,0.0067,0.0067,0.01,0.01,0,1.0367,0,0,0.0133,0.0067,0.0053,1.0959
alma-7b-flap40-gen-multi,alma-7b-flap40-gen-multi__alma10-greedy-300__54b5459f65d9,flap,gen,40,multi,,cs-en+de-en+is-en+ru-en+zh-en+en-cs+en-de+en-is+en-ru+en-zh,False,,ru-en,True,True,300,0.790157,29.6874,52.7822,-0.056266,-7.2496,-7.6285,0,0,0,0,0,0,0.9575,0.0033,0.01,0.0133,0,0.0072,0.9958
alma-7b-flap40-gen-multi,alma-7b-flap40-gen-multi__alma10-greedy-300__54b5459f65d9,flap,gen,40,multi,,cs-en+de-en+is-en+ru-en+zh-en+en-cs+en-de+en-is+en-ru+en-zh,False,,zh-en,True,True,300,0.72273,12.9881,39.4247,-0.073405,-6.8539,-8.8818,0,0.0033,0.01,0.01,0.01,0,0.9381,0,0.0067,0.01,0.0033,0.0064,1.017
alma-7b-flap40-gen-multi,alma-7b-flap40-gen-multi__alma10-greedy-300__54b5459f65d9,flap,gen,40,multi,,cs-en+de-en+is-en+ru-en+zh-en+en-cs+en-de+en-is+en-ru+en-zh,False,,en-cs,False,True,300,0.715623,15.5202,36.6533,-0.154681,-9.4103,-11.7315,0,0,0,0.01,0.01,0,0.9739,0,0.02,0.01,0,0.0078,1.0108
alma-7b-flap40-gen-multi,alma-7b-flap40-gen-multi__alma10-greedy-300__54b5459f65d9,flap,gen,40,multi,,cs-en+de-en+is-en+ru-en+zh-en+en-cs+en-de+en-is+en-ru+en-zh,False,,en-de,False,True,300,0.75515,18.3308,44.8813,-0.097814,-9.6607,-9.8528,0,0.02,0,0.0033,0.0033,0,0.9474,0.02,0.0033,0.02,0.02,0.0141,0.9858
alma-7b-flap40-gen-multi,alma-7b-flap40-gen-multi__alma10-greedy-300__54b5459f65d9,flap,gen,40,multi,,cs-en+de-en+is-en+ru-en+zh-en+en-cs+en-de+en-is+en-ru+en-zh,False,,en-is,False,True,300,0.571794,9.9856,31.1961,-0.270045,-13.765,-18.0823,0,0,0.02,0.0467,0.0467,0,0.9559,0,0,0.0033,0,0.0048,1.116
alma-7b-flap40-gen-multi,alma-7b-flap40-gen-multi__alma10-greedy-300__54b5459f65d9,flap,gen,40,multi,,cs-en+de-en+is-en+ru-en+zh-en+en-cs+en-de+en-is+en-ru+en-zh,False,,en-ru,False,True,300,0.755676,15.2756,37.4784,-0.105405,-9.7304,-10.9371,0,0,0,0.0033,0.0033,0,0.9618,0,0.02,0.04,0,0.0129,1.0066
alma-7b-flap40-gen-multi,alma-7b-flap40-gen-multi__alma10-greedy-300__54b5459f65d9,flap,gen,40,multi,,cs-en+de-en+is-en+ru-en+zh-en+en-cs+en-de+en-is+en-ru+en-zh,False,,en-zh,False,True,300,0.658792,14.9475,12.6896,-0.191943,-18.5549,-13.5444,0,0,0,0.0267,0.0267,0,0.888,0,0.2067,0.03,0,0.0199,0.8817
alma-7b-slimgpt20-ref-pair-cs,alma-7b-slimgpt20-ref-pair-cs__alma10-greedy-300__334591758a48,slimgpt,ref,20,pair,cs,cs-en+en-cs,False,,cs-en,True,True,300,0.839875,36.8664,59.2262,-0.012558,-5.1189,-4.1083,-0.002468,0.0067,0,0,0,0,0.9761,0.0033,0,0.0067,0.0067,0.0049,0.9871
alma-7b-slimgpt20-ref-pair-cs,alma-7b-slimgpt20-ref-pair-cs__alma10-greedy-300__334591758a48,slimgpt,ref,20,pair,cs,cs-en+en-cs,False,,de-en,True,False,300,0.827746,28.1935,51.4427,-0.011464,-3.1233,-2.3519,-0.005861,0.0033,0,0,0,0,0.9258,0,0,0.0067,0.0033,0.0065,0.9362
alma-7b-slimgpt20-ref-pair-cs,alma-7b-slimgpt20-ref-pair-cs__alma10-greedy-300__334591758a48,slimgpt,ref,20,pair,cs,cs-en+en-cs,False,,is-en,True,False,300,0.856013,35.9596,57.0316,-0.00665,-2.2897,-1.4653,-0.003017,0.0033,0,0,0,0,0.9559,0,0,0.01,0.0033,0.0069,0.981
alma-7b-slimgpt20-ref-pair-cs,alma-7b-slimgpt20-ref-pair-cs__alma10-greedy-300__334591758a48,slimgpt,ref,20,pair,cs,cs-en+en-cs,False,,ru-en,True,False,300,0.831634,34.7284,58.7113,-0.014789,-2.2086,-1.6994,-0.004333,0,0,0,0,0,0.9938,0.0033,0.0067,0.02,0,0.0072,1.0037
alma-7b-slimgpt20-ref-pair-cs,alma-7b-slimgpt20-ref-pair-cs__alma10-greedy-300__334591758a48,slimgpt,ref,20,pair,cs,cs-en+en-cs,False,,zh-en,True,False,300,0.784725,16.3822,44.7763,-0.01141,-3.4598,-3.5302,-0.004396,0,0,0,0,0,0.9288,0,0.0067,0.0067,0,0.0045,0.9557
alma-7b-slimgpt20-ref-pair-cs,alma-7b-slimgpt20-ref-pair-cs__alma10-greedy-300__334591758a48,slimgpt,ref,20,pair,cs,cs-en+en-cs,False,,en-cs,False,True,300,0.856116,22.9531,46.0467,-0.014188,-1.9774,-2.3381,0.004193,0.0033,0,0,0,0,0.9257,0,0.0233,0.0167,0.0033,0.0066,0.9554
alma-7b-slimgpt20-ref-pair-cs,alma-7b-slimgpt20-ref-pair-cs__alma10-greedy-300__334591758a48,slimgpt,ref,20,pair,cs,cs-en+en-cs,False,,en-de,False,False,300,0.827321,24.3592,51.2509,-0.025643,-3.6323,-3.4832,-0.017167,0.0167,0,0,0,0,0.9864,0.0133,0,0.0233,0.0167,0.0128,1.0055
alma-7b-slimgpt20-ref-pair-cs,alma-7b-slimgpt20-ref-pair-cs__alma10-greedy-300__334591758a48,slimgpt,ref,20,pair,cs,cs-en+en-cs,False,,en-is,False,False,300,0.788494,17.1699,42.119,-0.053345,-6.5807,-7.1594,-0.039319,0.0033,0,0.0033,0.0033,0,0.9755,0.0033,0,0.0033,0.0033,0.0042,1.0087
alma-7b-slimgpt20-ref-pair-cs,alma-7b-slimgpt20-ref-pair-cs__alma10-greedy-300__334591758a48,slimgpt,ref,20,pair,cs,cs-en+en-cs,False,,en-ru,False,False,300,0.837196,22.1062,44.7324,-0.023885,-2.8998,-3.6831,-0.012112,0,0,0,0,0,0.9514,0,0.01,0.04,0,0.0101,0.9863
alma-7b-slimgpt20-ref-pair-cs,alma-7b-slimgpt20-ref-pair-cs__alma10-greedy-300__334591758a48,slimgpt,ref,20,pair,cs,cs-en+en-cs,False,,en-zh,False,False,300,0.69709,20.3522,15.823,-0.153645,-13.1502,-10.411,-0.142824,0,0,0.04,0.04,0,1.1995,0,0.17,0.0467,0,0.1256,0.8278
alma-7b-slimgpt20-ref-pair-de,alma-7b-slimgpt20-ref-pair-de__alma10-greedy-300__4ce0e00de7c5,slimgpt,ref,20,pair,de,de-en+en-de,False,,cs-en,True,False,300,0.840543,37.9819,60.487,-0.01189,-4.0034,-2.8475,-0.0018,0.0033,0,0,0,0,0.9777,0.0033,0,0.0033,0.0033,0.0048,0.9915
alma-7b-slimgpt20-ref-pair-de,alma-7b-slimgpt20-ref-pair-de__alma10-greedy-300__4ce0e00de7c5,slimgpt,ref,20,pair,de,de-en+en-de,False,,de-en,True,True,300,0.830935,28.3337,52.2163,-0.008275,-2.9831,-1.5783,-0.002672,0.0033,0,0,0,0,0.9397,0,0,0.0067,0.0033,0.0067,0.9508
alma-7b-slimgpt20-ref-pair-de,alma-7b-slimgpt20-ref-pair-de__alma10-greedy-300__4ce0e00de7c5,slimgpt,ref,20,pair,de,de-en+en-de,False,,is-en,True,False,300,0.860392,36.7493,57.6768,-0.002271,-1.5,-0.8201,0.001362,0.0033,0,0,0,0,0.9655,0,0,0.01,0.0033,0.0061,0.9917
alma-7b-slimgpt20-ref-pair-de,alma-7b-slimgpt20-ref-pair-de__alma10-greedy-300__4ce0e00de7c5,slimgpt,ref,20,pair,de,de-en+en-de,False,,ru-en,True,False,300,0.834285,35.0562,58.6633,-0.012138,-1.8808,-1.7474,-0.001682,0,0,0,0,0,0.9877,0.0033,0.01,0.0167,0,0.0075,0.9997
alma-7b-slimgpt20-ref-pair-de,alma-7b-slimgpt20-ref-pair-de__alma10-greedy-300__4ce0e00de7c5,slimgpt,ref,20,pair,de,de-en+en-de,False,,zh-en,True,False,300,0.784868,17.6663,45.5257,-0.011267,-2.1757,-2.7808,-0.004253,0,0,0,0,0,0.9084,0,0.01,0.01,0,0.0043,0.932
alma-7b-slimgpt20-ref-pair-de,alma-7b-slimgpt20-ref-pair-de__alma10-greedy-300__4ce0e00de7c5,slimgpt,ref,20,pair,de,de-en+en-de,False,,en-cs,False,False,300,0.827349,18.7298,42.5753,-0.042955,-6.2007,-5.8095,-0.024574,0.0133,0,0.0033,0.0033,0,0.9907,0.0067,0.02,0.0333,0.0133,0.0057,0.9968
alma-7b-slimgpt20-ref-pair-de,alma-7b-slimgpt20-ref-pair-de__alma10-greedy-300__4ce0e00de7c5,slimgpt,ref,20,pair,de,de-en+en-de,False,,en-de,False,True,300,0.8456,26.0292,52.941,-0.007364,-1.9623,-1.7931,0.001112,0.0133,0,0,0,0,0.986,0.0133,0.0033,0.0133,0.0133,0.0129,1.0041
alma-7b-slimgpt20-ref-pair-de,alma-7b-slimgpt20-ref-pair-de__alma10-greedy-300__4ce0e00de7c5,slimgpt,ref,20,pair,de,de-en+en-de,False,,en-is,False,False,300,0.790909,17.6882,42.7981,-0.05093,-6.0624,-6.4803,-0.036904,0.0033,0,0.0033,0.0033,0,0.9716,0.0033,0.0033,0.0067,0.0033,0.0043,0.9939
alma-7b-slimgpt20-ref-pair-de,alma-7b-slimgpt20-ref-pair-de__alma10-greedy-300__4ce0e00de7c5,slimgpt,ref,20,pair,de,de-en+en-de,False,,en-ru,False,False,300,0.830089,20.8397,43.4358,-0.030992,-4.1663,-4.9797,-0.019219,0,0,0,0,0,0.9562,0,0.01,0.0533,0,0.0108,1.0096
alma-7b-slimgpt20-ref-pair-de,alma-7b-slimgpt20-ref-pair-de__alma10-greedy-300__4ce0e00de7c5,slimgpt,ref,20,pair,de,de-en+en-de,False,,en-zh,False,False,300,0.655825,16.6421,14.4612,-0.19491,-16.8603,-11.7728,-0.184089,0,0,0.0967,0.0967,0,1.6218,0,0.1733,0.0633,0,0.2368,0.7344
alma-7b-slimgpt20-ref-pair-is,alma-7b-slimgpt20-ref-pair-is__alma10-greedy-300__543797100547,slimgpt,ref,20,pair,is,en-is+is-en,False,,cs-en,True,False,300,0.84516,38.2902,60.6988,-0.007273,-3.6951,-2.6357,0.002817,0.0033,0,0,0,0,0.9686,0.0033,0.0033,0.0067,0.0033,0.0046,0.9823
alma-7b-slimgpt20-ref-pair-is,alma-7b-slimgpt20-ref-pair-is__alma10-greedy-300__543797100547,slimgpt,ref,20,pair,is,en-is+is-en,False,,de-en,True,False,300,0.832411,26.7374,51.2018,-0.006799,-4.5794,-2.5928,-0.001196,0.0033,0,0,0,0,0.9308,0,0.0033,0.0067,0.0033,0.007,0.9373
alma-7b-slimgpt20-ref-pair-is,alma-7b-slimgpt20-ref-pair-is__alma10-greedy-300__543797100547,slimgpt,ref,20,pair,is,en-is+is-en,False,,is-en,True,True,300,0.860843,34.828,56.3464,-0.00182,-3.4213,-2.1505,0.001813,0.0033,0,0,0,0,0.945,0,0,0.01,0.0033,0.0058,0.9658
alma-7b-slimgpt20-ref-pair-is,alma-7b-slimgpt20-ref-pair-is__alma10-greedy-300__543797100547,slimgpt,ref,20,pair,is,en-is+is-en,False,,ru-en,True,False,300,0.82961,33.6104,57.0821,-0.016813,-3.3266,-3.3286,-0.006357,0,0,0,0,0,0.967,0.0033,0.0067,0.0133,0,0.0071,0.977
alma-7b-slimgpt20-ref-pair-is,alma-7b-slimgpt20-ref-pair-is__alma10-greedy-300__543797100547,slimgpt,ref,20,pair,is,en-is+is-en,False,,zh-en,True,False,300,0.782393,16.2862,43.9616,-0.013742,-3.5558,-4.3449,-0.006728,0,0.0033,0.0033,0.0033,0,0.9306,0,0,0.01,0,0.0047,0.9469
alma-7b-slimgpt20-ref-pair-is,alma-7b-slimgpt20-ref-pair-is__alma10-greedy-300__543797100547,slimgpt,ref,20,pair,is,en-is+is-en,False,,en-cs,False,False,300,0.824214,18.5731,42.6534,-0.04609,-6.3574,-5.7314,-0.027709,0.0167,0,0,0,0,0.9736,0.0067,0.0233,0.03,0.0167,0.0069,0.9899
alma-7b-slimgpt20-ref-pair-is,alma-7b-slimgpt20-ref-pair-is__alma10-greedy-300__543797100547,slimgpt,ref,20,pair,is,en-is+is-en,False,,en-de,False,False,300,0.833382,22.8097,50.2865,-0.019582,-5.1818,-4.4476,-0.011106,0.02,0,0,0,0,1.0008,0.02,0,0.02,0.02,0.0137,1.0197
alma-7b-slimgpt20-ref-pair-is,alma-7b-slimgpt20-ref-pair-is__alma10-greedy-300__543797100547,slimgpt,ref,20,pair,is,en-is+is-en,False,,en-is,False,True,300,0.832244,22.0741,47.8033,-0.009595,-1.6765,-1.4751,0.004431,0,0,0,0,0,0.9582,0,0,0.0033,0,0.0041,0.969
alma-7b-slimgpt20-ref-pair-is,alma-7b-slimgpt20-ref-pair-is__alma10-greedy-300__543797100547,slimgpt,ref,20,pair,is,en-is+is-en,False,,en-ru,False,False,300,0.835277,21.0889,43.7794,-0.025804,-3.9171,-4.6361,-0.014031,0,0,0,0,0,0.9655,0,0.0067,0.08,0,0.0096,1.0014
alma-7b-slimgpt20-ref-pair-is,alma-7b-slimgpt20-ref-pair-is__alma10-greedy-300__543797100547,slimgpt,ref,20,pair,is,en-is+is-en,False,,en-zh,False,False,300,0.702615,18.8356,14.7327,-0.14812,-14.6668,-11.5013,-0.137299,0,0,0.0467,0.0467,0,1.2078,0,0.22,0.0367,0,0.1489,0.7856
alma-7b-slimgpt20-ref-pair-ru,alma-7b-slimgpt20-ref-pair-ru__alma10-greedy-300__eb43137f19f5,slimgpt,ref,20,pair,ru,en-ru+ru-en,False,,cs-en,True,False,300,0.845208,38.1188,60.6957,-0.007225,-3.8665,-2.6388,0.002865,0.0067,0,0,0,0,0.9869,0,0,0.0067,0.0067,0.0049,0.9991
alma-7b-slimgpt20-ref-pair-ru,alma-7b-slimgpt20-ref-pair-ru__alma10-greedy-300__eb43137f19f5,slimgpt,ref,20,pair,ru,en-ru+ru-en,False,,de-en,True,False,300,0.834524,28.2482,52.2004,-0.004686,-3.0686,-1.5942,0.000917,0.0067,0,0,0,0,0.9307,0,0,0.01,0.0067,0.0058,0.9464
alma-7b-slimgpt20-ref-pair-ru,alma-7b-slimgpt20-ref-pair-ru__alma10-greedy-300__eb43137f19f5,slimgpt,ref,20,pair,ru,en-ru+ru-en,False,,is-en,True,False,300,0.854982,34.9597,56.5581,-0.007681,-3.2896,-1.9388,-0.004048,0.0033,0,0,0,0,0.9503,0,0,0.0133,0.0033,0.0064,0.9724
alma-7b-slimgpt20-ref-pair-ru,alma-7b-slimgpt20-ref-pair-ru__alma10-greedy-300__eb43137f19f5,slimgpt,ref,20,pair,ru,en-ru+ru-en,False,,ru-en,True,True,300,0.834211,36.032,59.108,-0.012212,-0.905,-1.3027,-0.001756,0,0,0,0,0,0.9805,0.0033,0.0067,0.0167,0,0.0071,0.9911
alma-7b-slimgpt20-ref-pair-ru,alma-7b-slimgpt20-ref-pair-ru__alma10-greedy-300__eb43137f19f5,slimgpt,ref,20,pair,ru,en-ru+ru-en,False,,zh-en,True,False,300,0.778438,17.3299,44.6869,-0.017697,-2.5121,-3.6196,-0.010683,0,0,0.0033,0.0033,0,0.9244,0,0.0067,0.0067,0,0.0039,0.9438
alma-7b-slimgpt20-ref-pair-ru,alma-7b-slimgpt20-ref-pair-ru__alma10-greedy-300__eb43137f19f5,slimgpt,ref,20,pair,ru,en-ru+ru-en,False,,en-cs,False,False,300,0.837978,19.3399,43.401,-0.032326,-5.5906,-4.9838,-0.013945,0.0067,0,0,0,0,0.9676,0,0.0133,0.03,0.0067,0.0066,0.9819
alma-7b-slimgpt20-ref-pair-ru,alma-7b-slimgpt20-ref-pair-ru__alma10-greedy-300__eb43137f19f5,slimgpt,ref,20,pair,ru,en-ru+ru-en,False,,en-de,False,False,300,0.816367,22.4653,49.7722,-0.036597,-5.5262,-4.9619,-0.028121,0.0133,0,0.0033,0.0033,0,1.012,0.0133,0.0033,0.0167,0.0133,0.0128,1.0215
alma-7b-slimgpt20-ref-pair-ru,alma-7b-slimgpt20-ref-pair-ru__alma10-greedy-300__eb43137f19f5,slimgpt,ref,20,pair,ru,en-ru+ru-en,False,,en-is,False,False,300,0.756351,15.1724,40.1211,-0.085488,-8.5782,-9.1573,-0.071462,0.0067,0,0.0167,0.0167,0,1.0069,0.0033,0,0.0133,0.0067,0.0042,1.0163
alma-7b-slimgpt20-ref-pair-ru,alma-7b-slimgpt20-ref-pair-ru__alma10-greedy-300__eb43137f19f5,slimgpt,ref,20,pair,ru,en-ru+ru-en,False,,en-ru,False,True,300,0.843294,22.0258,45.7996,-0.017787,-2.9802,-2.6159,-0.006014,0,0,0.0033,0.0033,0,0.9955,0,0.0133,0.0367,0,0.01,1.0199
alma-7b-slimgpt20-ref-pair-ru,alma-7b-slimgpt20-ref-pair-ru__alma10-greedy-300__eb43137f19f5,slimgpt,ref,20,pair,ru,en-ru+ru-en,False,,en-zh,False,False,300,0.777852,25.9931,20.2881,-0.072883,-7.5093,-5.9459,-0.062062,0.0067,0,0.01,0.01,0,1.0838,0,0.1833,0.0367,0.0067,0.0485,0.9386
alma-7b-slimgpt20-ref-pair-zh,alma-7b-slimgpt20-ref-pair-zh__alma10-greedy-300__3e90b44ea73d,slimgpt,ref,20,pair,zh,en-zh+zh-en,False,,cs-en,True,False,300,0.840485,37.9209,60.7326,-0.011948,-4.0644,-2.6019,-0.001858,0.0067,0,0,0,0,0.9827,0.0033,0.0033,0.0067,0.0067,0.0039,0.9984
alma-7b-slimgpt20-ref-pair-zh,alma-7b-slimgpt20-ref-pair-zh__alma10-greedy-300__3e90b44ea73d,slimgpt,ref,20,pair,zh,en-zh+zh-en,False,,de-en,True,False,300,0.832082,28.3571,52.0807,-0.007128,-2.9597,-1.7139,-0.001525,0.0033,0,0,0,0,0.9318,0,0.0033,0.0067,0.0033,0.0069,0.9457
alma-7b-slimgpt20-ref-pair-zh,alma-7b-slimgpt20-ref-pair-zh__alma10-greedy-300__3e90b44ea73d,slimgpt,ref,20,pair,zh,en-zh+zh-en,False,,is-en,True,False,300,0.848894,34.0019,55.8125,-0.013769,-4.2474,-2.6844,-0.010136,0.0067,0,0,0,0,0.9494,0,0,0.02,0.0067,0.0061,0.9721
alma-7b-slimgpt20-ref-pair-zh,alma-7b-slimgpt20-ref-pair-zh__alma10-greedy-300__3e90b44ea73d,slimgpt,ref,20,pair,zh,en-zh+zh-en,False,,ru-en,True,False,300,0.833049,35.5001,59.4236,-0.013374,-1.4369,-0.9871,-0.002918,0,0,0,0,0,0.9913,0.0033,0.0067,0.02,0,0.0067,1.0049
alma-7b-slimgpt20-ref-pair-zh,alma-7b-slimgpt20-ref-pair-zh__alma10-greedy-300__3e90b44ea73d,slimgpt,ref,20,pair,zh,en-zh+zh-en,False,,zh-en,True,True,300,0.787434,18.9537,46.9468,-0.008701,-0.8883,-1.3597,-0.001687,0,0.0033,0.0033,0.0033,0,0.9387,0,0.0133,0.0067,0,0.0043,0.9656
alma-7b-slimgpt20-ref-pair-zh,alma-7b-slimgpt20-ref-pair-zh__alma10-greedy-300__3e90b44ea73d,slimgpt,ref,20,pair,zh,en-zh+zh-en,False,,en-cs,False,False,300,0.749142,13.0138,36.5654,-0.121162,-11.9167,-11.8194,-0.102781,0.0333,0.0033,0.0167,0.0167,0,1.0357,0.0067,0.0233,0.0433,0.0333,0.006,1.0356
alma-7b-slimgpt20-ref-pair-zh,alma-7b-slimgpt20-ref-pair-zh__alma10-greedy-300__3e90b44ea73d,slimgpt,ref,20,pair,zh,en-zh+zh-en,False,,en-de,False,False,300,0.772724,17.6695,46.302,-0.08024,-10.322,-8.4321,-0.071764,0.04,0.0033,0.0033,0.0033,0,1.0269,0.0267,0,0.04,0.04,0.0122,1.079
alma-7b-slimgpt20-ref-pair-zh,alma-7b-slimgpt20-ref-pair-zh__alma10-greedy-300__3e90b44ea73d,slimgpt,ref,20,pair,zh,en-zh+zh-en,False,,en-is,False,False,300,0.684057,11.8687,37.2956,-0.157782,-11.8819,-11.9828,-0.143756,0.02,0.0067,0.03,0.03,0,1.0143,0.01,0,0.03,0.02,0.0041,1.0383
alma-7b-slimgpt20-ref-pair-zh,alma-7b-slimgpt20-ref-pair-zh__alma10-greedy-300__3e90b44ea73d,slimgpt,ref,20,pair,zh,en-zh+zh-en,False,,en-ru,False,False,300,0.795186,18.1899,43.7229,-0.065895,-6.8161,-4.6926,-0.054122,0,0,0,0,0,0.9615,0,0.01,0.06,0,0.0107,0.9962
alma-7b-slimgpt20-ref-pair-zh,alma-7b-slimgpt20-ref-pair-zh__alma10-greedy-300__3e90b44ea73d,slimgpt,ref,20,pair,zh,en-zh+zh-en,False,,en-zh,False,True,300,0.838235,31.5541,25.7484,-0.0125,-1.9483,-0.4856,-0.001679,0,0,0,0,0,0.9789,0,0.1633,0.0167,0,0,0.9965
alma-7b-slimgpt20-gen-pair-cs,alma-7b-slimgpt20-gen-pair-cs__alma10-greedy-300__9c04f07d9021,slimgpt,gen,20,pair,cs,cs-en+en-cs,False,,cs-en,True,True,300,0.843739,37.9854,60.2808,-0.008694,-3.9999,-3.0537,0.000101,0.0067,0,0,0,0,0.9735,0.0033,0,0.01,0.0067,0.0049,0.9852
alma-7b-slimgpt20-gen-pair-cs,alma-7b-slimgpt20-gen-pair-cs__alma10-greedy-300__9c04f07d9021,slimgpt,gen,20,pair,cs,cs-en+en-cs,False,,de-en,True,False,300,0.830829,29.399,52.2458,-0.008381,-1.9178,-1.5488,-0.002262,0.0033,0,0,0,0,0.9321,0,0,0.0067,0.0033,0.0063,0.9446
alma-7b-slimgpt20-gen-pair-cs,alma-7b-slimgpt20-gen-pair-cs__alma10-greedy-300__9c04f07d9021,slimgpt,gen,20,pair,cs,cs-en+en-cs,False,,is-en,True,False,300,0.857982,36.2934,57.5762,-0.004681,-1.9559,-0.9207,0.000867,0.0033,0,0,0,0,0.9687,0,0,0.0133,0.0033,0.0062,0.9917
alma-7b-slimgpt20-gen-pair-cs,alma-7b-slimgpt20-gen-pair-cs__alma10-greedy-300__9c04f07d9021,slimgpt,gen,20,pair,cs,cs-en+en-cs,False,,ru-en,True,False,300,0.832295,34.9565,59.0779,-0.014128,-1.9805,-1.3328,-0.004673,0,0,0,0,0,0.9944,0.0033,0.0067,0.02,0,0.0073,1.0027
alma-7b-slimgpt20-gen-pair-cs,alma-7b-slimgpt20-gen-pair-cs__alma10-greedy-300__9c04f07d9021,slimgpt,gen,20,pair,cs,cs-en+en-cs,False,,zh-en,True,False,300,0.786527,17.261,45.1357,-0.009608,-2.581,-3.1708,-0.002953,0,0,0,0,0,0.9267,0,0.0067,0.01,0,0.0043,0.9532
alma-7b-slimgpt20-gen-pair-cs,alma-7b-slimgpt20-gen-pair-cs__alma10-greedy-300__9c04f07d9021,slimgpt,gen,20,pair,cs,cs-en+en-cs,False,,en-cs,False,True,300,0.856006,23.4356,46.6246,-0.014298,-1.4949,-1.7602,0.012761,0,0,0,0,0,0.9449,0,0.0233,0.0167,0,0.0065,0.9726
alma-7b-slimgpt20-gen-pair-cs,alma-7b-slimgpt20-gen-pair-cs__alma10-greedy-300__9c04f07d9021,slimgpt,gen,20,pair,cs,cs-en+en-cs,False,,en-de,False,False,300,0.828379,23.9511,50.964,-0.024585,-4.0404,-3.7701,-0.017602,0.01,0,0,0,0,0.9842,0.0067,0.0033,0.0133,0.01,0.0128,1.0039
alma-7b-slimgpt20-gen-pair-cs,alma-7b-slimgpt20-gen-pair-cs__alma10-greedy-300__9c04f07d9021,slimgpt,gen,20,pair,cs,cs-en+en-cs,False,,en-is,False,False,300,0.771777,17.1184,42.0419,-0.070062,-6.6322,-7.2365,-0.056457,0,0,0.0033,0.0033,0,0.9819,0,0,0,0,0.0042,0.9995
alma-7b-slimgpt20-gen-pair-cs,alma-7b-slimgpt20-gen-pair-cs__alma10-greedy-300__9c04f07d9021,slimgpt,gen,20,pair,cs,cs-en+en-cs,False,,en-ru,False,False,300,0.836362,21.3016,43.9989,-0.024719,-3.7044,-4.4166,-0.00877,0,0,0,0,0,0.9628,0,0.01,0.04,0,0.0108,0.9946
alma-7b-slimgpt20-gen-pair-cs,alma-7b-slimgpt20-gen-pair-cs__alma10-greedy-300__9c04f07d9021,slimgpt,gen,20,pair,cs,cs-en+en-cs,False,,en-zh,False,False,300,0.703789,19.652,15.5048,-0.146946,-13.8504,-10.7292,-0.133543,0,0,0.0367,0.0367,0,1.1529,0,0.2,0.0333,0,0.131,0.7787
alma-7b-slimgpt20-gen-pair-de,alma-7b-slimgpt20-gen-pair-de__alma10-greedy-300__3d2b42500eb9,slimgpt,gen,20,pair,de,de-en+en-de,False,,cs-en,True,False,300,0.842913,38.4006,60.8035,-0.00952,-3.5847,-2.531,-0.000725,0.0067,0,0,0,0,0.9803,0.0033,0,0.0067,0.0067,0.0049,0.9945
alma-7b-slimgpt20-gen-pair-de,alma-7b-slimgpt20-gen-pair-de__alma10-greedy-300__3d2b42500eb9,slimgpt,gen,20,pair,de,de-en+en-de,False,,de-en,True,True,300,0.8345,28.6958,52.0245,-0.00471,-2.621,-1.7701,0.001409,0.0033,0,0,0,0,0.9392,0,0.0033,0.0033,0.0033,0.0064,0.9499
alma-7b-slimgpt20-gen-pair-de,alma-7b-slimgpt20-gen-pair-de__alma10-greedy-300__3d2b42500eb9,slimgpt,gen,20,pair,de,de-en+en-de,False,,is-en,True,False,300,0.860699,36.6358,57.6153,-0.001964,-1.6135,-0.8816,0.003584,0.0033,0,0,0,0,0.9624,0,0,0.0133,0.0033,0.0064,0.9853
alma-7b-slimgpt20-gen-pair-de,alma-7b-slimgpt20-gen-pair-de__alma10-greedy-300__3d2b42500eb9,slimgpt,gen,20,pair,de,de-en+en-de,False,,ru-en,True,False,300,0.831839,34.381,58.4723,-0.014584,-2.556,-1.9384,-0.005129,0,0,0,0,0,0.9876,0.0033,0.01,0.0167,0,0.0082,1
alma-7b-slimgpt20-gen-pair-de,alma-7b-slimgpt20-gen-pair-de__alma10-greedy-300__3d2b42500eb9,slimgpt,gen,20,pair,de,de-en+en-de,False,,zh-en,True,False,300,0.784793,17.9856,45.4293,-0.011342,-1.8564,-2.8772,-0.004687,0,0,0,0,0,0.9044,0,0.01,0.0067,0,0.0052,0.9303
alma-7b-slimgpt20-gen-pair-de,alma-7b-slimgpt20-gen-pair-de__alma10-greedy-300__3d2b42500eb9,slimgpt,gen,20,pair,de,de-en+en-de,False,,en-cs,False,False,300,0.824883,17.6461,41.5282,-0.045421,-7.2844,-6.8566,-0.018362,0.0067,0,0.0067,0.0067,0,1.0011,0.0067,0.0233,0.0333,0.0067,0.0061,1.0086
alma-7b-slimgpt20-gen-pair-de,alma-7b-slimgpt20-gen-pair-de__alma10-greedy-300__3d2b42500eb9,slimgpt,gen,20,pair,de,de-en+en-de,False,,en-de,False,True,300,0.846887,25.868,52.9264,-0.006077,-2.1235,-1.8077,0.000906,0.0167,0,0,0,0,0.99,0.0167,0.0033,0.0167,0.0167,0.0128,1.0108
alma-7b-slimgpt20-gen-pair-de,alma-7b-slimgpt20-gen-pair-de__alma10-greedy-300__3d2b42500eb9,slimgpt,gen,20,pair,de,de-en+en-de,False,,en-is,False,False,300,0.788858,17.824,42.5841,-0.052981,-5.9266,-6.6943,-0.039376,0,0,0,0,0,0.9649,0,0,0,0,0.0045,0.9834
alma-7b-slimgpt20-gen-pair-de,alma-7b-slimgpt20-gen-pair-de__alma10-greedy-300__3d2b42500eb9,slimgpt,gen,20,pair,de,de-en+en-de,False,,en-ru,False,False,300,0.831643,20.7848,43.8295,-0.029438,-4.2212,-4.586,-0.013489,0,0,0,0,0,0.9622,0,0.01,0.0433,0,0.0117,1.0155
alma-7b-slimgpt20-gen-pair-de,alma-7b-slimgpt20-gen-pair-de__alma10-greedy-300__3d2b42500eb9,slimgpt,gen,20,pair,de,de-en+en-de,False,,en-zh,False,False,300,0.654325,16.823,14.1842,-0.19641,-16.6794,-12.0498,-0.183007,0,0,0.09,0.09,0,1.5359,0,0.1967,0.0767,0,0.2216,0.7622
alma-7b-slimgpt20-gen-pair-is,alma-7b-slimgpt20-gen-pair-is__alma10-greedy-300__0410de4071fa,slimgpt,gen,20,pair,is,en-is+is-en,False,,cs-en,True,False,300,0.846792,38.3829,60.9028,-0.005641,-3.6024,-2.4317,0.003154,0.0033,0,0,0,0,0.9764,0.0033,0,0.0033,0.0033,0.0049,0.9896
alma-7b-slimgpt20-gen-pair-is,alma-7b-slimgpt20-gen-pair-is__alma10-greedy-300__0410de4071fa,slimgpt,gen,20,pair,is,en-is+is-en,False,,de-en,True,False,300,0.834591,28.2134,52.2117,-0.004619,-3.1034,-1.5829,0.0015,0.0033,0,0,0,0,0.9353,0,0.0033,0.0067,0.0033,0.0069,0.945
alma-7b-slimgpt20-gen-pair-is,alma-7b-slimgpt20-gen-pair-is__alma10-greedy-300__0410de4071fa,slimgpt,gen,20,pair,is,en-is+is-en,False,,is-en,True,True,300,0.86164,34.8215,56.5522,-0.001023,-3.4278,-1.9447,0.004525,0.0033,0,0,0,0,0.9531,0,0,0.0133,0.0033,0.0059,0.9732
alma-7b-slimgpt20-gen-pair-is,alma-7b-slimgpt20-gen-pair-is__alma10-greedy-300__0410de4071fa,slimgpt,gen,20,pair,is,en-is+is-en,False,,ru-en,True,False,300,0.829823,33.4561,57.0863,-0.0166,-3.4809,-3.3244,-0.007145,0,0,0,0,0,0.9647,0.0033,0.0067,0.0167,0,0.007,0.9755
alma-7b-slimgpt20-gen-pair-is,alma-7b-slimgpt20-gen-pair-is__alma10-greedy-300__0410de4071fa,slimgpt,gen,20,pair,is,en-is+is-en,False,,zh-en,True,False,300,0.783351,16.593,44.1898,-0.012784,-3.249,-4.1167,-0.006129,0,0.0033,0.0033,0.0033,0,0.9389,0,0.0033,0.01,0,0.0047,0.9542
alma-7b-slimgpt20-gen-pair-is,alma-7b-slimgpt20-gen-pair-is__alma10-greedy-300__0410de4071fa,slimgpt,gen,20,pair,is,en-is+is-en,False,,en-cs,False,False,300,0.820705,18.4573,42.821,-0.049599,-6.4732,-5.5638,-0.02254,0.01,0,0,0,0,0.9785,0.0067,0.0133,0.04,0.01,0.0061,0.9953
alma-7b-slimgpt20-gen-pair-is,alma-7b-slimgpt20-gen-pair-is__alma10-greedy-300__0410de4071fa,slimgpt,gen,20,pair,is,en-is+is-en,False,,en-de,False,False,300,0.831278,23.0301,50.5317,-0.021686,-4.9614,-4.2024,-0.014703,0.0167,0,0,0,0,1.0001,0.0167,0.0033,0.0167,0.0167,0.0132,1.0198
alma-7b-slimgpt20-gen-pair-is,alma-7b-slimgpt20-gen-pair-is__alma10-greedy-300__0410de4071fa,slimgpt,gen,20,pair,is,en-is+is-en,False,,en-is,False,True,300,0.830794,22.1161,47.7177,-0.011045,-1.6345,-1.5607,0.00256,0,0,0,0,0,0.9612,0,0,0.0033,0,0.004,0.9747
alma-7b-slimgpt20-gen-pair-is,alma-7b-slimgpt20-gen-pair-is__alma10-greedy-300__0410de4071fa,slimgpt,gen,20,pair,is,en-is+is-en,False,,en-ru,False,False,300,0.828186,20.7067,43.7284,-0.032895,-4.2993,-4.6871,-0.016946,0,0,0,0,0,0.9657,0,0.0067,0.07,0,0.0094,0.9982
alma-7b-slimgpt20-gen-pair-is,alma-7b-slimgpt20-gen-pair-is__alma10-greedy-300__0410de4071fa,slimgpt,gen,20,pair,is,en-is+is-en,False,,en-zh,False,False,300,0.701598,19.1115,14.9087,-0.149137,-14.3909,-11.3253,-0.135734,0,0,0.0733,0.0733,0,1.3932,0,0.19,0.03,0,0.1878,0.7765
alma-7b-slimgpt20-gen-pair-ru,alma-7b-slimgpt20-gen-pair-ru__alma10-greedy-300__c5fa7a129b4c,slimgpt,gen,20,pair,ru,en-ru+ru-en,False,,cs-en,True,False,300,0.845415,37.9096,60.4888,-0.007018,-4.0757,-2.8457,0.001777,0.0067,0,0,0,0,0.9856,0,0,0.0067,0.0067,0.0047,0.9973
alma-7b-slimgpt20-gen-pair-ru,alma-7b-slimgpt20-gen-pair-ru__alma10-greedy-300__c5fa7a129b4c,slimgpt,gen,20,pair,ru,en-ru+ru-en,False,,de-en,True,False,300,0.833615,29.0207,52.5062,-0.005595,-2.2961,-1.2884,0.000524,0.0067,0,0,0,0,0.9369,0,0,0.01,0.0067,0.0058,0.9525
alma-7b-slimgpt20-gen-pair-ru,alma-7b-slimgpt20-gen-pair-ru__alma10-greedy-300__c5fa7a129b4c,slimgpt,gen,20,pair,ru,en-ru+ru-en,False,,is-en,True,False,300,0.852518,35.0317,56.5109,-0.010145,-3.2176,-1.986,-0.004597,0.0033,0,0,0,0,0.9433,0,0,0.0133,0.0033,0.007,0.9638
alma-7b-slimgpt20-gen-pair-ru,alma-7b-slimgpt20-gen-pair-ru__alma10-greedy-300__c5fa7a129b4c,slimgpt,gen,20,pair,ru,en-ru+ru-en,False,,ru-en,True,True,300,0.833171,36.0913,59.1191,-0.013252,-0.8457,-1.2916,-0.003797,0,0,0,0,0,0.9802,0.0033,0.0067,0.0167,0,0.0072,0.9921
alma-7b-slimgpt20-gen-pair-ru,alma-7b-slimgpt20-gen-pair-ru__alma10-greedy-300__c5fa7a129b4c,slimgpt,gen,20,pair,ru,en-ru+ru-en,False,,zh-en,True,False,300,0.781498,17.081,44.6393,-0.014637,-2.761,-3.6672,-0.007982,0,0,0,0,0,0.9047,0,0.0067,0.0067,0,0.004,0.9319
alma-7b-slimgpt20-gen-pair-ru,alma-7b-slimgpt20-gen-pair-ru__alma10-greedy-300__c5fa7a129b4c,slimgpt,gen,20,pair,ru,en-ru+ru-en,False,,en-cs,False,False,300,0.838041,19.9056,43.2932,-0.032263,-5.0249,-5.0916,-0.005204,0.0067,0,0,0,0,0.9685,0.0033,0.0233,0.0333,0.0067,0.0068,0.978
alma-7b-slimgpt20-gen-pair-ru,alma-7b-slimgpt20-gen-pair-ru__alma10-greedy-300__c5fa7a129b4c,slimgpt,gen,20,pair,ru,en-ru+ru-en,False,,en-de,False,False,300,0.819921,22.004,49.8467,-0.033043,-5.9875,-4.8874,-0.02606,0.0133,0.0033,0.0067,0.0067,0,1.0324,0.01,0.0033,0.0167,0.0133,0.0124,1.0407
alma-7b-slimgpt20-gen-pair-ru,alma-7b-slimgpt20-gen-pair-ru__alma10-greedy-300__c5fa7a129b4c,slimgpt,gen,20,pair,ru,en-ru+ru-en,False,,en-is,False,False,300,0.746402,14.9288,39.1489,-0.095437,-8.8218,-10.1295,-0.081832,0.01,0,0.02,0.02,0,0.9908,0,0,0.0167,0.01,0.0042,0.9974
alma-7b-slimgpt20-gen-pair-ru,alma-7b-slimgpt20-gen-pair-ru__alma10-greedy-300__c5fa7a129b4c,slimgpt,gen,20,pair,ru,en-ru+ru-en,False,,en-ru,False,True,300,0.845532,22.5352,46.0986,-0.015549,-2.4708,-2.3169,0.0004,0,0,0.0033,0.0033,0,0.9893,0,0.0133,0.0433,0,0.0096,1.0149
alma-7b-slimgpt20-gen-pair-ru,alma-7b-slimgpt20-gen-pair-ru__alma10-greedy-300__c5fa7a129b4c,slimgpt,gen,20,pair,ru,en-ru+ru-en,False,,en-zh,False,False,300,0.778606,25.3821,20.5067,-0.072129,-8.1203,-5.7273,-0.058726,0.0067,0,0.02,0.02,0,1.1224,0.0033,0.1733,0.0367,0.0067,0.0699,0.9089
alma-7b-slimgpt20-gen-pair-zh,alma-7b-slimgpt20-gen-pair-zh__alma10-greedy-300__f90a666ca1d7,slimgpt,gen,20,pair,zh,en-zh+zh-en,False,,cs-en,True,False,300,0.83771,38.4566,60.8589,-0.014723,-3.5287,-2.4756,-0.005928,0.0033,0,0,0,0,0.9831,0.0033,0,0.0067,0.0033,0.0038,0.9984
alma-7b-slimgpt20-gen-pair-zh,alma-7b-slimgpt20-gen-pair-zh__alma10-greedy-300__f90a666ca1d7,slimgpt,gen,20,pair,zh,en-zh+zh-en,False,,de-en,True,False,300,0.834331,28.0703,51.7798,-0.004879,-3.2465,-2.0148,0.00124,0.0033,0,0,0,0,0.9339,0,0.0033,0.0067,0.0033,0.0066,0.9483
alma-7b-slimgpt20-gen-pair-zh,alma-7b-slimgpt20-gen-pair-zh__alma10-greedy-300__f90a666ca1d7,slimgpt,gen,20,pair,zh,en-zh+zh-en,False,,is-en,True,False,300,0.847901,33.71,55.2941,-0.014762,-4.5393,-3.2028,-0.009214,0.0033,0,0.0033,0.0033,0,0.964,0,0,0.01,0.0033,0.006,0.9838
alma-7b-slimgpt20-gen-pair-zh,alma-7b-slimgpt20-gen-pair-zh__alma10-greedy-300__f90a666ca1d7,slimgpt,gen,20,pair,zh,en-zh+zh-en,False,,ru-en,True,False,300,0.834933,35.3641,59.3656,-0.01149,-1.5729,-1.0451,-0.002035,0,0,0,0,0,0.9887,0.0033,0.0067,0.0233,0,0.0062,1.0017
alma-7b-slimgpt20-gen-pair-zh,alma-7b-slimgpt20-gen-pair-zh__alma10-greedy-300__f90a666ca1d7,slimgpt,gen,20,pair,zh,en-zh+zh-en,False,,zh-en,True,True,300,0.785477,18.4515,46.5611,-0.010658,-1.3905,-1.7454,-0.004003,0,0.0033,0.0033,0.0033,0,0.9381,0,0.0133,0.0067,0,0.0042,0.9626
alma-7b-slimgpt20-gen-pair-zh,alma-7b-slimgpt20-gen-pair-zh__alma10-greedy-300__f90a666ca1d7,slimgpt,gen,20,pair,zh,en-zh+zh-en,False,,en-cs,False,False,300,0.75676,13.3238,37.9631,-0.113544,-11.6067,-10.4217,-0.086485,0.02,0.0033,0.0067,0.0067,0,0.9898,0.0033,0.0267,0.03,0.02,0.0058,1.0019
alma-7b-slimgpt20-gen-pair-zh,alma-7b-slimgpt20-gen-pair-zh__alma10-greedy-300__f90a666ca1d7,slimgpt,gen,20,pair,zh,en-zh+zh-en,False,,en-de,False,False,300,0.774025,18.262,46.7065,-0.078939,-9.7295,-8.0276,-0.071956,0.05,0,0,0,0,0.9961,0.0333,0,0.0533,0.05,0.0125,1.0354
alma-7b-slimgpt20-gen-pair-zh,alma-7b-slimgpt20-gen-pair-zh__alma10-greedy-300__f90a666ca1d7,slimgpt,gen,20,pair,zh,en-zh+zh-en,False,,en-is,False,False,300,0.684531,12.3135,37.2226,-0.157308,-11.4371,-12.0558,-0.143703,0.03,0.0067,0.0233,0.0233,0,0.9965,0.0133,0,0.04,0.03,0.0038,1.0272
alma-7b-slimgpt20-gen-pair-zh,alma-7b-slimgpt20-gen-pair-zh__alma10-greedy-300__f90a666ca1d7,slimgpt,gen,20,pair,zh,en-zh+zh-en,False,,en-ru,False,False,300,0.792838,18.1052,43.8718,-0.068243,-6.9008,-4.5437,-0.052294,0,0,0,0,0,0.9669,0,0.0067,0.0633,0,0.0105,0.9986
alma-7b-slimgpt20-gen-pair-zh,alma-7b-slimgpt20-gen-pair-zh__alma10-greedy-300__f90a666ca1d7,slimgpt,gen,20,pair,zh,en-zh+zh-en,False,,en-zh,False,True,300,0.839529,31.2807,25.7613,-0.011206,-2.2217,-0.4727,0.002197,0,0,0,0,0,0.981,0,0.1567,0.02,0,0,0.9943
alma-7b-flap20-ref-pair-cs,alma-7b-flap20-ref-pair-cs__alma10-greedy-300__6cdc57f211b6,flap,ref,20,pair,cs,cs-en+en-cs,False,,cs-en,True,True,300,0.842274,37.7183,59.8801,-0.010159,-4.267,-3.4544,0.00243,0.0033,0,0,0,0,0.9579,0.0033,0,0.0033,0.0033,0.0052,0.9779
alma-7b-flap20-ref-pair-cs,alma-7b-flap20-ref-pair-cs__alma10-greedy-300__6cdc57f211b6,flap,ref,20,pair,cs,cs-en+en-cs,False,,de-en,True,False,300,0.830821,29.3261,52.509,-0.008389,-1.9907,-1.2856,-0.003073,0.0033,0,0,0,0,0.9384,0,0.0033,0.01,0.0033,0.0074,0.9574
alma-7b-flap20-ref-pair-cs,alma-7b-flap20-ref-pair-cs__alma10-greedy-300__6cdc57f211b6,flap,ref,20,pair,cs,cs-en+en-cs,False,,is-en,True,False,300,0.855106,35.8477,56.7399,-0.007557,-2.4016,-1.757,-0.000889,0.0033,0,0,0,0,0.9471,0,0,0.01,0.0033,0.0063,0.9809
alma-7b-flap20-ref-pair-cs,alma-7b-flap20-ref-pair-cs__alma10-greedy-300__6cdc57f211b6,flap,ref,20,pair,cs,cs-en+en-cs,False,,ru-en,True,False,300,0.829385,35.27,58.2542,-0.017038,-1.667,-2.1565,-1.1e-05,0,0,0,0,0,0.9824,0.0033,0.0067,0.02,0,0.0082,1.0013
alma-7b-flap20-ref-pair-cs,alma-7b-flap20-ref-pair-cs__alma10-greedy-300__6cdc57f211b6,flap,ref,20,pair,cs,cs-en+en-cs,False,,zh-en,True,False,300,0.771268,16.723,44.7135,-0.024867,-3.119,-3.593,-0.005351,0,0.0067,0.01,0.01,0,0.9804,0,0.01,0.0067,0,0.0046,1.0321
alma-7b-flap20-ref-pair-cs,alma-7b-flap20-ref-pair-cs__alma10-greedy-300__6cdc57f211b6,flap,ref,20,pair,cs,cs-en+en-cs,False,,en-cs,False,True,300,0.848873,22.4312,45.0013,-0.021431,-2.4993,-3.3835,0.014372,0.0033,0,0.0033,0.0033,0,0.9599,0,0.03,0.0233,0.0033,0.0057,1.008
alma-7b-flap20-ref-pair-cs,alma-7b-flap20-ref-pair-cs__alma10-greedy-300__6cdc57f211b6,flap,ref,20,pair,cs,cs-en+en-cs,False,,en-de,False,False,300,0.826,23.9274,50.5585,-0.026964,-4.0641,-4.1756,0.002911,0.0067,0,0,0,0,0.9718,0.0067,0,0.01,0.0067,0.0133,0.9952
alma-7b-flap20-ref-pair-cs,alma-7b-flap20-ref-pair-cs__alma10-greedy-300__6cdc57f211b6,flap,ref,20,pair,cs,cs-en+en-cs,False,,en-is,False,False,300,0.747853,16.4608,40.9604,-0.093986,-7.2898,-8.318,-0.033854,0.0033,0,0.0033,0.0033,0,0.954,0,0,0.0067,0.0033,0.0046,1.0008
alma-7b-flap20-ref-pair-cs,alma-7b-flap20-ref-pair-cs__alma10-greedy-300__6cdc57f211b6,flap,ref,20,pair,cs,cs-en+en-cs,False,,en-ru,False,False,300,0.833594,21.6458,44.472,-0.027487,-3.3602,-3.9435,-0.000764,0,0,0,0,0,0.9624,0,0.0033,0.07,0,0.0116,1.0125
alma-7b-flap20-ref-pair-cs,alma-7b-flap20-ref-pair-cs__alma10-greedy-300__6cdc57f211b6,flap,ref,20,pair,cs,cs-en+en-cs,False,,en-zh,False,False,300,0.800854,25.1727,21.7661,-0.049881,-8.3297,-4.4679,-0.010894,0,0,0.0067,0.0067,0,0.9923,0,0.1867,0.0167,0,0.0001,1.0122
alma-7b-flap20-ref-pair-de,alma-7b-flap20-ref-pair-de__alma10-greedy-300__99ac0d41ba18,flap,ref,20,pair,de,de-en+en-de,False,,cs-en,True,False,300,0.842057,38.448,60.2967,-0.010376,-3.5373,-3.0378,0.002213,0.0067,0,0,0,0,0.9585,0.0033,0,0.01,0.0067,0.0046,0.9804
alma-7b-flap20-ref-pair-de,alma-7b-flap20-ref-pair-de__alma10-greedy-300__99ac0d41ba18,flap,ref,20,pair,de,de-en+en-de,False,,de-en,True,True,300,0.828809,28.5858,51.985,-0.010401,-2.731,-1.8096,-0.005085,0.0033,0,0,0,0,0.9335,0,0,0.01,0.0033,0.0075,0.9497
alma-7b-flap20-ref-pair-de,alma-7b-flap20-ref-pair-de__alma10-greedy-300__99ac0d41ba18,flap,ref,20,pair,de,de-en+en-de,False,,is-en,True,False,300,0.853543,35.781,56.6305,-0.00912,-2.4683,-1.8664,-0.002452,0.0033,0,0,0,0,0.9469,0,0,0.02,0.0033,0.0064,0.9782
alma-7b-flap20-ref-pair-de,alma-7b-flap20-ref-pair-de__alma10-greedy-300__99ac0d41ba18,flap,ref,20,pair,de,de-en+en-de,False,,ru-en,True,False,300,0.829637,35.1878,58.1651,-0.016786,-1.7492,-2.2456,0.000241,0,0,0,0,0,0.9807,0.0033,0.01,0.0267,0,0.0081,1.0012
alma-7b-flap20-ref-pair-de,alma-7b-flap20-ref-pair-de__alma10-greedy-300__99ac0d41ba18,flap,ref,20,pair,de,de-en+en-de,False,,zh-en,True,False,300,0.763901,16.9241,44.8743,-0.032234,-2.9179,-3.4322,-0.012718,0,0,0.01,0.01,0,0.9783,0,0.0067,0.01,0,0.0043,1.0155
alma-7b-flap20-ref-pair-de,alma-7b-flap20-ref-pair-de__alma10-greedy-300__99ac0d41ba18,flap,ref,20,pair,de,de-en+en-de,False,,en-cs,False,False,300,0.810154,18.5881,41.9809,-0.06015,-6.3424,-6.4039,-0.024347,0.0067,0.0033,0.01,0.01,0,1.0001,0,0.03,0.0233,0.0067,0.0069,1.0349
alma-7b-flap20-ref-pair-de,alma-7b-flap20-ref-pair-de__alma10-greedy-300__99ac0d41ba18,flap,ref,20,pair,de,de-en+en-de,False,,en-de,False,True,300,0.830132,24.2703,50.617,-0.022832,-3.7212,-4.1171,0.007043,0.0133,0,0,0,0,0.9569,0.0133,0.0033,0.0167,0.0133,0.0126,0.9891
alma-7b-flap20-ref-pair-de,alma-7b-flap20-ref-pair-de__alma10-greedy-300__99ac0d41ba18,flap,ref,20,pair,de,de-en+en-de,False,,en-is,False,False,300,0.72473,15.884,39.403,-0.117109,-7.8666,-9.8754,-0.056977,0.0033,0.0067,0.02,0.02,0,0.9581,0.0033,0,0.0033,0.0033,0.0046,1.0161
alma-7b-flap20-ref-pair-de,alma-7b-flap20-ref-pair-de__alma10-greedy-300__99ac0d41ba18,flap,ref,20,pair,de,de-en+en-de,False,,en-ru,False,False,300,0.827727,20.359,43.4952,-0.033354,-4.647,-4.9203,-0.006631,0,0,0,0,0,0.9592,0,0.0067,0.0633,0,0.0117,1.0111
alma-7b-flap20-ref-pair-de,alma-7b-flap20-ref-pair-de__alma10-greedy-300__99ac0d41ba18,flap,ref,20,pair,de,de-en+en-de,False,,en-zh,False,False,300,0.771699,23.7681,20.0477,-0.079036,-9.7343,-6.1863,-0.040049,0,0,0.0167,0.0167,0,0.961,0,0.1667,0.0333,0,0.0116,0.9423
alma-7b-flap20-ref-pair-is,alma-7b-flap20-ref-pair-is__alma10-greedy-300__897670cc5ce0,flap,ref,20,pair,is,en-is+is-en,False,,cs-en,True,False,300,0.843251,37.7689,60.2078,-0.009182,-4.2164,-3.1267,0.003407,0.0067,0,0,0,0,0.9679,0,0,0.0067,0.0067,0.0059,0.9849
alma-7b-flap20-ref-pair-is,alma-7b-flap20-ref-pair-is__alma10-greedy-300__897670cc5ce0,flap,ref,20,pair,is,en-is+is-en,False,,de-en,True,False,300,0.830942,27.7657,51.272,-0.008268,-3.5511,-2.5226,-0.002952,0.0033,0,0,0,0,0.9402,0,0,0.0033,0.0033,0.0084,0.9525
alma-7b-flap20-ref-pair-is,alma-7b-flap20-ref-pair-is__alma10-greedy-300__897670cc5ce0,flap,ref,20,pair,is,en-is+is-en,False,,is-en,True,True,300,0.853905,35.3891,56.6729,-0.008758,-2.8602,-1.824,-0.00209,0.0033,0,0,0,0,0.9491,0,0,0.02,0.0033,0.0064,0.9737
alma-7b-flap20-ref-pair-is,alma-7b-flap20-ref-pair-is__alma10-greedy-300__897670cc5ce0,flap,ref,20,pair,is,en-is+is-en,False,,ru-en,True,False,300,0.833438,34.1107,57.5834,-0.012985,-2.8263,-2.8273,0.004042,0,0,0,0,0,0.98,0.0033,0.0067,0.0267,0,0.0082,0.9918
alma-7b-flap20-ref-pair-is,alma-7b-flap20-ref-pair-is__alma10-greedy-300__897670cc5ce0,flap,ref,20,pair,is,en-is+is-en,False,,zh-en,True,False,300,0.773676,16.7,44.3718,-0.022459,-3.142,-3.9347,-0.002943,0,0,0.0067,0.0067,0,0.9348,0,0.0133,0.0067,0,0.0052,0.9662
alma-7b-flap20-ref-pair-is,alma-7b-flap20-ref-pair-is__alma10-greedy-300__897670cc5ce0,flap,ref,20,pair,is,en-is+is-en,False,,en-cs,False,False,300,0.785978,17.0449,39.4807,-0.084326,-7.8856,-8.9041,-0.048523,0.0133,0.0033,0.0033,0.0033,0,0.9516,0.0067,0.0233,0.0267,0.0133,0.0075,0.9705
alma-7b-flap20-ref-pair-is,alma-7b-flap20-ref-pair-is__alma10-greedy-300__897670cc5ce0,flap,ref,20,pair,is,en-is+is-en,False,,en-de,False,False,300,0.810584,21.447,48.5479,-0.04238,-6.5445,-6.1862,-0.012505,0.0167,0,0.0033,0.0033,0,0.9814,0.0167,0.0033,0.02,0.0167,0.0143,0.992
alma-7b-flap20-ref-pair-is,alma-7b-flap20-ref-pair-is__alma10-greedy-300__897670cc5ce0,flap,ref,20,pair,is,en-is+is-en,False,,en-is,False,True,300,0.813305,19.6058,45.0749,-0.028534,-4.1448,-4.2035,0.031598,0,0,0,0,0,0.941,0,0,0,0,0.0043,0.973
alma-7b-flap20-ref-pair-is,alma-7b-flap20-ref-pair-is__alma10-greedy-300__897670cc5ce0,flap,ref,20,pair,is,en-is+is-en,False,,en-ru,False,False,300,0.823159,20.3472,43.3128,-0.037922,-4.6588,-5.1027,-0.011199,0,0,0,0,0,0.9666,0,0.01,0.0433,0,0.0121,1.0135
alma-7b-flap20-ref-pair-is,alma-7b-flap20-ref-pair-is__alma10-greedy-300__897670cc5ce0,flap,ref,20,pair,is,en-is+is-en,False,,en-zh,False,False,300,0.779402,23.4259,20.9881,-0.071333,-10.0765,-5.2459,-0.032346,0,0,0.0233,0.0233,0,1.0185,0,0.19,0.0067,0,0.0095,1.0027
alma-7b-flap20-ref-pair-ru,alma-7b-flap20-ref-pair-ru__alma10-greedy-300__9d0e8b4140f7,flap,ref,20,pair,ru,en-ru+ru-en,False,,cs-en,True,False,300,0.844052,38.9736,60.5917,-0.008381,-3.0117,-2.7428,0.004208,0.0033,0,0,0,0,0.9682,0.0033,0,0.0033,0.0033,0.0041,0.9863
alma-7b-flap20-ref-pair-ru,alma-7b-flap20-ref-pair-ru__alma10-greedy-300__9d0e8b4140f7,flap,ref,20,pair,ru,en-ru+ru-en,False,,de-en,True,False,300,0.830926,29.9717,52.6391,-0.008284,-1.3451,-1.1555,-0.002968,0,0,0,0,0,0.9434,0,0,0.0033,0,0.0071,0.9645
alma-7b-flap20-ref-pair-ru,alma-7b-flap20-ref-pair-ru__alma10-greedy-300__9d0e8b4140f7,flap,ref,20,pair,ru,en-ru+ru-en,False,,is-en,True,False,300,0.8548,36.3995,57.1657,-0.007863,-1.8498,-1.3312,-0.001195,0.0033,0,0,0,0,0.9531,0,0,0.0167,0.0033,0.0073,0.9815
alma-7b-flap20-ref-pair-ru,alma-7b-flap20-ref-pair-ru__alma10-greedy-300__9d0e8b4140f7,flap,ref,20,pair,ru,en-ru+ru-en,False,,ru-en,True,True,300,0.831011,34.9395,58.1474,-0.015412,-1.9975,-2.2633,0.001615,0,0,0,0,0,0.9876,0.0033,0.0067,0.02,0,0.0085,1.0094
alma-7b-flap20-ref-pair-ru,alma-7b-flap20-ref-pair-ru__alma10-greedy-300__9d0e8b4140f7,flap,ref,20,pair,ru,en-ru+ru-en,False,,zh-en,True,False,300,0.769417,17.4325,45.3621,-0.026718,-2.4095,-2.9444,-0.007202,0,0,0.0067,0.0067,0,0.9676,0,0.0067,0.0067,0,0.0044,1.0171
alma-7b-flap20-ref-pair-ru,alma-7b-flap20-ref-pair-ru__alma10-greedy-300__9d0e8b4140f7,flap,ref,20,pair,ru,en-ru+ru-en,False,,en-cs,False,False,300,0.827927,20.9625,43.533,-0.042377,-3.968,-4.8518,-0.006574,0.0133,0,0,0,0,0.9479,0.0067,0.03,0.0267,0.0133,0.0072,0.9841
alma-7b-flap20-ref-pair-ru,alma-7b-flap20-ref-pair-ru__alma10-greedy-300__9d0e8b4140f7,flap,ref,20,pair,ru,en-ru+ru-en,False,,en-de,False,False,300,0.824261,23.5815,50.1916,-0.028703,-4.41,-4.5425,0.001172,0.0133,0,0,0,0,0.9719,0.0133,0,0.0167,0.0133,0.0134,1.0002
alma-7b-flap20-ref-pair-ru,alma-7b-flap20-ref-pair-ru__alma10-greedy-300__9d0e8b4140f7,flap,ref,20,pair,ru,en-ru+ru-en,False,,en-is,False,False,300,0.736851,15.7934,40.7079,-0.104988,-7.9572,-8.5705,-0.044856,0.0033,0.0033,0.0233,0.0233,0,0.9971,0.0033,0,0.01,0.0033,0.0039,1.0477
alma-7b-flap20-ref-pair-ru,alma-7b-flap20-ref-pair-ru__alma10-greedy-300__9d0e8b4140f7,flap,ref,20,pair,ru,en-ru+ru-en,False,,en-ru,False,True,300,0.83715,21.4618,44.4029,-0.023931,-3.5442,-4.0126,0.002792,0,0,0,0,0,0.9727,0,0.0067,0.0567,0,0.0108,1.0117
alma-7b-flap20-ref-pair-ru,alma-7b-flap20-ref-pair-ru__alma10-greedy-300__9d0e8b4140f7,flap,ref,20,pair,ru,en-ru+ru-en,False,,en-zh,False,False,300,0.796216,27.0809,22.1228,-0.054519,-6.4215,-4.1112,-0.015532,0,0,0.0167,0.0167,0,1.0176,0,0.1867,0.0133,0,0.0281,0.9876
alma-7b-flap20-ref-pair-zh,alma-7b-flap20-ref-pair-zh__alma10-greedy-300__6acf5bb36ea8,flap,ref,20,pair,zh,en-zh+zh-en,False,,cs-en,True,False,300,0.842393,38.6794,60.4865,-0.01004,-3.3059,-2.848,0.002549,0.0033,0,0,0,0,0.975,0,0,0.01,0.0033,0.0045,0.9979
alma-7b-flap20-ref-pair-zh,alma-7b-flap20-ref-pair-zh__alma10-greedy-300__6acf5bb36ea8,flap,ref,20,pair,zh,en-zh+zh-en,False,,de-en,True,False,300,0.830967,29.0357,52.0606,-0.008243,-2.2811,-1.734,-0.002927,0,0,0,0,0,0.9366,0,0,0.01,0,0.0073,0.9558
alma-7b-flap20-ref-pair-zh,alma-7b-flap20-ref-pair-zh__alma10-greedy-300__6acf5bb36ea8,flap,ref,20,pair,zh,en-zh+zh-en,False,,is-en,True,False,300,0.853992,35.4534,56.3357,-0.008671,-2.7959,-2.1612,-0.002003,0,0,0,0,0,0.9532,0,0,0.0033,0,0.0067,0.9881
alma-7b-flap20-ref-pair-zh,alma-7b-flap20-ref-pair-zh__alma10-greedy-300__6acf5bb36ea8,flap,ref,20,pair,zh,en-zh+zh-en,False,,ru-en,True,False,300,0.8287,34.6356,58.0653,-0.017723,-2.3014,-2.3454,-0.000696,0,0,0,0,0,0.988,0.0033,0.01,0.0167,0,0.0075,1.0049
alma-7b-flap20-ref-pair-zh,alma-7b-flap20-ref-pair-zh__alma10-greedy-300__6acf5bb36ea8,flap,ref,20,pair,zh,en-zh+zh-en,False,,zh-en,True,True,300,0.780899,18.414,46.2697,-0.015236,-1.428,-2.0368,0.00428,0,0,0.0033,0.0033,0,0.9334,0,0.01,0.01,0,0.0048,0.9723
alma-7b-flap20-ref-pair-zh,alma-7b-flap20-ref-pair-zh__alma10-greedy-300__6acf5bb36ea8,flap,ref,20,pair,zh,en-zh+zh-en,False,,en-cs,False,False,300,0.793523,18.3433,41.4937,-0.076781,-6.5872,-6.8911,-0.040978,0.0067,0,0,0,0,0.9474,0,0.0367,0.02,0.0067,0.0061,0.9873
alma-7b-flap20-ref-pair-zh,alma-7b-flap20-ref-pair-zh__alma10-greedy-300__6acf5bb36ea8,flap,ref,20,pair,zh,en-zh+zh-en,False,,en-de,False,False,300,0.801386,21.9228,48.7131,-0.051578,-6.0687,-6.021,-0.021703,0.0233,0,0,0,0,0.9742,0.02,0.0033,0.0233,0.0233,0.0131,1.0092
alma-7b-flap20-ref-pair-zh,alma-7b-flap20-ref-pair-zh__alma10-greedy-300__6acf5bb36ea8,flap,ref,20,pair,zh,en-zh+zh-en,False,,en-is,False,False,300,0.696064,13.6876,37.601,-0.145775,-10.063,-11.6774,-0.085643,0.0067,0.01,0.02,0.02,0,0.9636,0.0033,0,0.01,0.0067,0.0048,1.0239
alma-7b-flap20-ref-pair-zh,alma-7b-flap20-ref-pair-zh__alma10-greedy-300__6acf5bb36ea8,flap,ref,20,pair,zh,en-zh+zh-en,False,,en-ru,False,False,300,0.825735,20.7045,44.4031,-0.035346,-4.3015,-4.0124,-0.008623,0,0,0,0,0,0.9799,0,0.01,0.0567,0,0.0111,1.0187
alma-7b-flap20-ref-pair-zh,alma-7b-flap20-ref-pair-zh__alma10-greedy-300__6acf5bb36ea8,flap,ref,20,pair,zh,en-zh+zh-en,False,,en-zh,False,True,300,0.830672,29.5991,24.8522,-0.020063,-3.9033,-1.3818,0.018924,0,0,0,0,0,0.9692,0,0.1867,0.02,0,0,0.9919
alma-7b-flap20-gen-pair-cs,alma-7b-flap20-gen-pair-cs__alma10-greedy-300__de6159b713e2,flap,gen,20,pair,cs,cs-en+en-cs,False,,cs-en,True,True,300,0.84175,37.7015,59.9959,-0.010683,-4.2838,-3.3386,0.002107,0.0067,0,0,0,0,0.9609,0.0033,0,0.0067,0.0067,0.0047,0.9822
alma-7b-flap20-gen-pair-cs,alma-7b-flap20-gen-pair-cs__alma10-greedy-300__de6159b713e2,flap,gen,20,pair,cs,cs-en+en-cs,False,,de-en,True,False,300,0.830298,29.4054,52.6769,-0.008912,-1.9114,-1.1177,-0.003426,0.0033,0,0,0,0,0.9419,0,0.0033,0.0133,0.0033,0.0071,0.9561
alma-7b-flap20-gen-pair-cs,alma-7b-flap20-gen-pair-cs__alma10-greedy-300__de6159b713e2,flap,gen,20,pair,cs,cs-en+en-cs,False,,is-en,True,False,300,0.85488,35.8672,56.8556,-0.007783,-2.3821,-1.6413,-0.00102,0.0033,0,0,0,0,0.9524,0,0,0.01,0.0033,0.0069,0.9828
alma-7b-flap20-gen-pair-cs,alma-7b-flap20-gen-pair-cs__alma10-greedy-300__de6159b713e2,flap,gen,20,pair,cs,cs-en+en-cs,False,,ru-en,True,False,300,0.832038,35.349,58.2908,-0.014385,-1.588,-2.1199,0.000121,0,0,0,0,0,0.9862,0.0033,0.0067,0.0167,0,0.0083,1.003
alma-7b-flap20-gen-pair-cs,alma-7b-flap20-gen-pair-cs__alma10-greedy-300__de6159b713e2,flap,gen,20,pair,cs,cs-en+en-cs,False,,zh-en,True,False,300,0.776244,17.5088,45.6109,-0.019891,-2.3332,-2.6956,0.001588,0,0.0033,0.0067,0.0067,0,0.9552,0,0.01,0.0067,0,0.0046,0.995
alma-7b-flap20-gen-pair-cs,alma-7b-flap20-gen-pair-cs__alma10-greedy-300__de6159b713e2,flap,gen,20,pair,cs,cs-en+en-cs,False,,en-cs,False,True,300,0.839743,22.878,45.3957,-0.030561,-2.0525,-2.9891,0.008751,0.0067,0,0,0,0,0.9358,0,0.0333,0.0133,0.0067,0.006,0.9748
alma-7b-flap20-gen-pair-cs,alma-7b-flap20-gen-pair-cs__alma10-greedy-300__de6159b713e2,flap,gen,20,pair,cs,cs-en+en-cs,False,,en-de,False,False,300,0.824871,23.353,49.9113,-0.028093,-4.6385,-4.8228,-0.001978,0.01,0,0,0,0,0.9701,0.0067,0,0.0133,0.01,0.0132,0.9962
alma-7b-flap20-gen-pair-cs,alma-7b-flap20-gen-pair-cs__alma10-greedy-300__de6159b713e2,flap,gen,20,pair,cs,cs-en+en-cs,False,,en-is,False,False,300,0.751332,16.0885,40.4605,-0.090507,-7.6621,-8.8179,-0.023706,0.0067,0.0033,0.0067,0.0067,0,0.9623,0.0067,0,0.01,0.0067,0.0044,1.0044
alma-7b-flap20-gen-pair-cs,alma-7b-flap20-gen-pair-cs__alma10-greedy-300__de6159b713e2,flap,gen,20,pair,cs,cs-en+en-cs,False,,en-ru,False,False,300,0.834028,20.9086,44.0697,-0.027053,-4.0974,-4.3458,0.00086,0,0,0,0,0,0.9619,0,0.01,0.0467,0,0.0116,1.0165
alma-7b-flap20-gen-pair-cs,alma-7b-flap20-gen-pair-cs__alma10-greedy-300__de6159b713e2,flap,gen,20,pair,cs,cs-en+en-cs,False,,en-zh,False,False,300,0.797968,25.0524,20.1894,-0.052767,-8.45,-6.0446,-0.008929,0,0,0.0067,0.0067,0,0.986,0,0.1833,0.01,0,0.0001,1.0188
alma-7b-flap20-gen-pair-de,alma-7b-flap20-gen-pair-de__alma10-greedy-300__dbf276d5ce63,flap,gen,20,pair,de,de-en+en-de,False,,cs-en,True,False,300,0.841376,38.2413,60.1953,-0.011057,-3.744,-3.1392,0.001733,0.0033,0,0,0,0,0.9664,0.0033,0,0.01,0.0033,0.0048,0.9867
alma-7b-flap20-gen-pair-de,alma-7b-flap20-gen-pair-de__alma10-greedy-300__dbf276d5ce63,flap,gen,20,pair,de,de-en+en-de,False,,de-en,True,True,300,0.828774,28.1653,51.7073,-0.010436,-3.1515,-2.0873,-0.00495,0.0033,0,0,0,0,0.9359,0,0,0.01,0.0033,0.0075,0.9506
alma-7b-flap20-gen-pair-de,alma-7b-flap20-gen-pair-de__alma10-greedy-300__dbf276d5ce63,flap,gen,20,pair,de,de-en+en-de,False,,is-en,True,False,300,0.855947,36.2223,57.1684,-0.006716,-2.027,-1.3285,4.7e-05,0.0033,0,0,0,0,0.9562,0,0,0.0233,0.0033,0.0069,0.989
alma-7b-flap20-gen-pair-de,alma-7b-flap20-gen-pair-de__alma10-greedy-300__dbf276d5ce63,flap,gen,20,pair,de,de-en+en-de,False,,ru-en,True,False,300,0.830932,36.0332,59.0787,-0.015491,-0.9038,-1.332,-0.000985,0,0,0,0,0,0.9848,0.0033,0.0067,0.0233,0,0.0081,1.003
alma-7b-flap20-gen-pair-de,alma-7b-flap20-gen-pair-de__alma10-greedy-300__dbf276d5ce63,flap,gen,20,pair,de,de-en+en-de,False,,zh-en,True,False,300,0.765128,15.5318,44.0827,-0.031007,-4.3102,-4.2238,-0.009528,0,0.0067,0.01,0.01,0,0.993,0,0.0067,0.0067,0,0.0041,1.0433
alma-7b-flap20-gen-pair-de,alma-7b-flap20-gen-pair-de__alma10-greedy-300__dbf276d5ce63,flap,gen,20,pair,de,de-en+en-de,False,,en-cs,False,False,300,0.803885,17.2003,41.0669,-0.066419,-7.7302,-7.3179,-0.027107,0.01,0.0067,0.0133,0.0133,0,1.0223,0,0.0333,0.0233,0.01,0.0065,1.0862
alma-7b-flap20-gen-pair-de,alma-7b-flap20-gen-pair-de__alma10-greedy-300__dbf276d5ce63,flap,gen,20,pair,de,de-en+en-de,False,,en-de,False,True,300,0.833135,24.4469,50.8413,-0.019829,-3.5446,-3.8928,0.006286,0.0133,0,0,0,0,0.9575,0.0133,0.0033,0.0167,0.0133,0.0126,0.9913
alma-7b-flap20-gen-pair-de,alma-7b-flap20-gen-pair-de__alma10-greedy-300__dbf276d5ce63,flap,gen,20,pair,de,de-en+en-de,False,,en-is,False,False,300,0.719782,15.459,38.9995,-0.122057,-8.2916,-10.2789,-0.055256,0.0033,0.0067,0.02,0.02,0,0.9648,0.0033,0,0.0067,0.0033,0.0045,1.0138
alma-7b-flap20-gen-pair-de,alma-7b-flap20-gen-pair-de__alma10-greedy-300__dbf276d5ce63,flap,gen,20,pair,de,de-en+en-de,False,,en-ru,False,False,300,0.826487,20.502,43.9433,-0.034594,-4.504,-4.4722,-0.006681,0,0.0033,0.0033,0.0033,0,0.983,0,0.0067,0.06,0,0.0117,1.038
alma-7b-flap20-gen-pair-de,alma-7b-flap20-gen-pair-de__alma10-greedy-300__dbf276d5ce63,flap,gen,20,pair,de,de-en+en-de,False,,en-zh,False,False,300,0.773495,23.6233,19.6392,-0.07724,-9.8791,-6.5948,-0.033402,0,0,0.02,0.02,0,1.0018,0,0.1633,0.0367,0,0.0139,0.9812
alma-7b-flap20-gen-pair-is,alma-7b-flap20-gen-pair-is__alma10-greedy-300__f4d0bd381d3a,flap,gen,20,pair,is,en-is+is-en,False,,cs-en,True,False,300,0.840423,37.0451,59.5655,-0.01201,-4.9402,-3.769,0.00078,0.0067,0,0,0,0,0.9684,0,0,0.0067,0.0067,0.0058,0.9861
alma-7b-flap20-gen-pair-is,alma-7b-flap20-gen-pair-is__alma10-greedy-300__f4d0bd381d3a,flap,gen,20,pair,is,en-is+is-en,False,,de-en,True,False,300,0.831041,28.0058,51.3662,-0.008169,-3.311,-2.4284,-0.002683,0.0067,0,0,0,0,0.9337,0,0,0.0067,0.0067,0.0078,0.9472
alma-7b-flap20-gen-pair-is,alma-7b-flap20-gen-pair-is__alma10-greedy-300__f4d0bd381d3a,flap,gen,20,pair,is,en-is+is-en,False,,is-en,True,True,300,0.853778,34.931,56.3187,-0.008885,-3.3183,-2.1782,-0.002122,0.0033,0,0,0,0,0.9547,0,0,0.0167,0.0033,0.0063,0.9759
alma-7b-flap20-gen-pair-is,alma-7b-flap20-gen-pair-is__alma10-greedy-300__f4d0bd381d3a,flap,gen,20,pair,is,en-is+is-en,False,,ru-en,True,False,300,0.833051,34.8496,58.1295,-0.013372,-2.0874,-2.2812,0.001134,0,0,0,0,0,0.9806,0.0033,0.0067,0.0267,0,0.0083,0.9916
alma-7b-flap20-gen-pair-is,alma-7b-flap20-gen-pair-is__alma10-greedy-300__f4d0bd381d3a,flap,gen,20,pair,is,en-is+is-en,False,,zh-en,True,False,300,0.774632,16.7989,44.4398,-0.021503,-3.0431,-3.8667,-2.4e-05,0,0,0.0033,0.0033,0,0.9232,0,0.01,0.0067,0,0.0054,0.9541
alma-7b-flap20-gen-pair-is,alma-7b-flap20-gen-pair-is__alma10-greedy-300__f4d0bd381d3a,flap,gen,20,pair,is,en-is+is-en,False,,en-cs,False,False,300,0.784319,16.2778,38.7121,-0.085985,-8.6527,-9.6727,-0.046673,0.0167,0.0033,0.01,0.01,0,0.9878,0.0033,0.0233,0.03,0.0167,0.0075,0.9996
alma-7b-flap20-gen-pair-is,alma-7b-flap20-gen-pair-is__alma10-greedy-300__f4d0bd381d3a,flap,gen,20,pair,is,en-is+is-en,False,,en-de,False,False,300,0.810704,21.968,48.7295,-0.04226,-6.0235,-6.0046,-0.016145,0.0167,0,0.0033,0.0033,0,0.9745,0.0167,0.0033,0.0233,0.0167,0.0143,0.9997
alma-7b-flap20-gen-pair-is,alma-7b-flap20-gen-pair-is__alma10-greedy-300__f4d0bd381d3a,flap,gen,20,pair,is,en-is+is-en,False,,en-is,False,True,300,0.814057,20.1304,45.295,-0.027782,-3.6202,-3.9834,0.039019,0,0,0,0,0,0.9367,0,0,0.0033,0,0.0044,0.9702
alma-7b-flap20-gen-pair-is,alma-7b-flap20-gen-pair-is__alma10-greedy-300__f4d0bd381d3a,flap,gen,20,pair,is,en-is+is-en,False,,en-ru,False,False,300,0.826649,20.1686,43.6661,-0.034432,-4.8374,-4.7494,-0.006519,0,0,0,0,0,0.9791,0,0.01,0.0467,0,0.012,1.0265
alma-7b-flap20-gen-pair-is,alma-7b-flap20-gen-pair-is__alma10-greedy-300__f4d0bd381d3a,flap,gen,20,pair,is,en-is+is-en,False,,en-zh,False,False,300,0.7709,22.551,20.6714,-0.079835,-10.9514,-5.5626,-0.035997,0,0,0.0233,0.0233,0,1.0139,0,0.2,0.02,0,0.0004,1.0174
alma-7b-flap20-gen-pair-ru,alma-7b-flap20-gen-pair-ru__alma10-greedy-300__951b1ce8b79e,flap,gen,20,pair,ru,en-ru+ru-en,False,,cs-en,True,False,300,0.844623,39.3737,61.0932,-0.00781,-2.6116,-2.2413,0.00498,0.0033,0,0,0,0,0.9767,0.0033,0,0.0033,0.0033,0.0042,0.9937
alma-7b-flap20-gen-pair-ru,alma-7b-flap20-gen-pair-ru__alma10-greedy-300__951b1ce8b79e,flap,gen,20,pair,ru,en-ru+ru-en,False,,de-en,True,False,300,0.830848,29.5861,52.421,-0.008362,-1.7307,-1.3736,-0.002876,0,0,0,0,0,0.9422,0,0,0.0067,0,0.007,0.9644
alma-7b-flap20-gen-pair-ru,alma-7b-flap20-gen-pair-ru__alma10-greedy-300__951b1ce8b79e,flap,gen,20,pair,ru,en-ru+ru-en,False,,is-en,True,False,300,0.85224,35.7074,56.6566,-0.010423,-2.5419,-1.8403,-0.00366,0,0,0,0,0,0.9499,0,0,0.01,0,0.007,0.9815
alma-7b-flap20-gen-pair-ru,alma-7b-flap20-gen-pair-ru__alma10-greedy-300__951b1ce8b79e,flap,gen,20,pair,ru,en-ru+ru-en,False,,ru-en,True,True,300,0.828687,35.0503,57.9449,-0.017736,-1.8867,-2.4658,-0.00323,0,0,0,0,0,0.9858,0.0033,0.0067,0.0233,0,0.0084,1.004
alma-7b-flap20-gen-pair-ru,alma-7b-flap20-gen-pair-ru__alma10-greedy-300__951b1ce8b79e,flap,gen,20,pair,ru,en-ru+ru-en,False,,zh-en,True,False,300,0.770605,17.4802,45.2572,-0.02553,-2.3618,-3.0493,-0.004051,0,0,0.0033,0.0033,0,0.9566,0,0.0067,0.0067,0,0.0046,0.9983
alma-7b-flap20-gen-pair-ru,alma-7b-flap20-gen-pair-ru__alma10-greedy-300__951b1ce8b79e,flap,gen,20,pair,ru,en-ru+ru-en,False,,en-cs,False,False,300,0.82507,20.9351,43.5151,-0.045234,-3.9954,-4.8697,-0.005922,0.0067,0,0,0,0,0.9507,0.0067,0.03,0.0267,0.0067,0.0071,0.9864
alma-7b-flap20-gen-pair-ru,alma-7b-flap20-gen-pair-ru__alma10-greedy-300__951b1ce8b79e,flap,gen,20,pair,ru,en-ru+ru-en,False,,en-de,False,False,300,0.823991,24.2385,50.4116,-0.028973,-3.753,-4.3225,-0.002858,0.0133,0,0,0,0,0.9677,0.0133,0,0.0167,0.0133,0.0132,0.9995
alma-7b-flap20-gen-pair-ru,alma-7b-flap20-gen-pair-ru__alma10-greedy-300__951b1ce8b79e,flap,gen,20,pair,ru,en-ru+ru-en,False,,en-is,False,False,300,0.745889,16.8853,41.0477,-0.09595,-6.8653,-8.2307,-0.029149,0.0067,0.0033,0.0133,0.0133,0,0.9557,0.0033,0,0.0133,0.0067,0.0041,1.0044
alma-7b-flap20-gen-pair-ru,alma-7b-flap20-gen-pair-ru__alma10-greedy-300__951b1ce8b79e,flap,gen,20,pair,ru,en-ru+ru-en,False,,en-ru,False,True,300,0.843734,21.481,44.1379,-0.017347,-3.525,-4.2776,0.010566,0,0,0,0,0,0.9667,0,0.0067,0.0567,0,0.011,1.0096
alma-7b-flap20-gen-pair-ru,alma-7b-flap20-gen-pair-ru__alma10-greedy-300__951b1ce8b79e,flap,gen,20,pair,ru,en-ru+ru-en,False,,en-zh,False,False,300,0.803674,26.7438,22.2147,-0.047061,-6.7586,-4.0193,-0.003223,0,0,0.0033,0.0033,0,0.9672,0,0.1733,0.0167,0,0.0123,0.9558
alma-7b-flap20-gen-pair-zh,alma-7b-flap20-gen-pair-zh__alma10-greedy-300__b468bbd3357f,flap,gen,20,pair,zh,en-zh+zh-en,False,,cs-en,True,False,300,0.844021,39.0741,61.0836,-0.008412,-2.9112,-2.2509,0.004378,0.0033,0,0,0,0,0.9814,0,0,0.01,0.0033,0.0049,1.0009
alma-7b-flap20-gen-pair-zh,alma-7b-flap20-gen-pair-zh__alma10-greedy-300__b468bbd3357f,flap,gen,20,pair,zh,en-zh+zh-en,False,,de-en,True,False,300,0.830083,28.7576,51.9332,-0.009127,-2.5592,-1.8614,-0.003641,0,0,0,0,0,0.9395,0,0,0.0067,0,0.007,0.9596
alma-7b-flap20-gen-pair-zh,alma-7b-flap20-gen-pair-zh__alma10-greedy-300__b468bbd3357f,flap,gen,20,pair,zh,en-zh+zh-en,False,,is-en,True,False,300,0.853587,35.958,56.8739,-0.009076,-2.2913,-1.623,-0.002313,0.0033,0,0,0,0,0.9522,0,0,0.01,0.0033,0.0066,0.9839
alma-7b-flap20-gen-pair-zh,alma-7b-flap20-gen-pair-zh__alma10-greedy-300__b468bbd3357f,flap,gen,20,pair,zh,en-zh+zh-en,False,,ru-en,True,False,300,0.830468,34.5597,58.219,-0.015955,-2.3773,-2.1917,-0.001449,0,0,0,0,0,0.9908,0.0033,0.01,0.0167,0,0.007,1.0087
alma-7b-flap20-gen-pair-zh,alma-7b-flap20-gen-pair-zh__alma10-greedy-300__b468bbd3357f,flap,gen,20,pair,zh,en-zh+zh-en,False,,zh-en,True,True,300,0.777402,18.3577,46.1297,-0.018733,-1.4843,-2.1768,0.002746,0,0,0.0033,0.0033,0,0.932,0,0.01,0.01,0,0.0051,0.9692
alma-7b-flap20-gen-pair-zh,alma-7b-flap20-gen-pair-zh__alma10-greedy-300__b468bbd3357f,flap,gen,20,pair,zh,en-zh+zh-en,False,,en-cs,False,False,300,0.787472,17.834,40.8841,-0.082832,-7.0965,-7.5007,-0.04352,0.0067,0,0.0033,0.0033,0,0.9687,0,0.0167,0.0233,0.0067,0.0061,1.0075
alma-7b-flap20-gen-pair-zh,alma-7b-flap20-gen-pair-zh__alma10-greedy-300__b468bbd3357f,flap,gen,20,pair,zh,en-zh+zh-en,False,,en-de,False,False,300,0.809865,22.1809,48.8877,-0.043099,-5.8106,-5.8464,-0.016984,0.0167,0,0,0,0,0.9693,0.0133,0.0033,0.0233,0.0167,0.0137,1.0043
alma-7b-flap20-gen-pair-zh,alma-7b-flap20-gen-pair-zh__alma10-greedy-300__b468bbd3357f,flap,gen,20,pair,zh,en-zh+zh-en,False,,en-is,False,False,300,0.685119,13.3231,37.6366,-0.15672,-10.4275,-11.6418,-0.089919,0.01,0.0067,0.0233,0.0233,0,0.9794,0.0033,0,0.0167,0.01,0.0046,1.028
alma-7b-flap20-gen-pair-zh,alma-7b-flap20-gen-pair-zh__alma10-greedy-300__b468bbd3357f,flap,gen,20,pair,zh,en-zh+zh-en,False,,en-ru,False,False,300,0.827778,20.8857,44.5642,-0.033303,-4.1203,-3.8513,-0.00539,0,0,0,0,0,0.978,0,0.01,0.04,0,0.0108,1.0233
alma-7b-flap20-gen-pair-zh,alma-7b-flap20-gen-pair-zh__alma10-greedy-300__b468bbd3357f,flap,gen,20,pair,zh,en-zh+zh-en,False,,en-zh,False,True,300,0.830345,29.9317,25.2501,-0.02039,-3.5707,-0.9839,0.023448,0,0,0.0033,0.0033,0,1.0002,0,0.1933,0.02,0,0.0089,0.9959
alma-7b-slimgpt30-ref-pair-cs,alma-7b-slimgpt30-ref-pair-cs__alma10-greedy-300__d939f40968b7,slimgpt,ref,30,pair,cs,cs-en+en-cs,False,,cs-en,True,True,300,0.838468,36.6868,59.011,-0.013965,-5.2985,-4.3235,0.001796,0.0033,0,0,0,0,0.9661,0.0033,0,0.0033,0.0033,0.004,0.9834
alma-7b-slimgpt30-ref-pair-cs,alma-7b-slimgpt30-ref-pair-cs__alma10-greedy-300__d939f40968b7,slimgpt,ref,30,pair,cs,cs-en+en-cs,False,,de-en,True,False,300,0.823626,26.997,49.9482,-0.015584,-4.3198,-3.8464,-3e-05,0.0033,0,0,0,0,0.9191,0,0.0033,0.0067,0.0033,0.0053,0.9316
alma-7b-slimgpt30-ref-pair-cs,alma-7b-slimgpt30-ref-pair-cs__alma10-greedy-300__d939f40968b7,slimgpt,ref,30,pair,cs,cs-en+en-cs,False,,is-en,True,False,300,0.850331,33.843,55.4798,-0.012332,-4.4063,-3.0171,-4.8e-05,0.01,0,0,0,0,0.9498,0,0,0.02,0.01,0.0062,0.9815
alma-7b-slimgpt30-ref-pair-cs,alma-7b-slimgpt30-ref-pair-cs__alma10-greedy-300__d939f40968b7,slimgpt,ref,30,pair,cs,cs-en+en-cs,False,,ru-en,True,False,300,0.825338,33.8955,57.9433,-0.021085,-3.0415,-2.4674,-0.004032,0,0,0,0,0,0.9888,0.0033,0.0067,0.0167,0,0.0064,1.0055
alma-7b-slimgpt30-ref-pair-cs,alma-7b-slimgpt30-ref-pair-cs__alma10-greedy-300__d939f40968b7,slimgpt,ref,30,pair,cs,cs-en+en-cs,False,,zh-en,True,False,300,0.771114,16.116,43.0588,-0.025021,-3.726,-5.2477,-0.005619,0,0,0,0,0,0.9178,0,0.0033,0.0067,0,0.003,0.9566
alma-7b-slimgpt30-ref-pair-cs,alma-7b-slimgpt30-ref-pair-cs__alma10-greedy-300__d939f40968b7,slimgpt,ref,30,pair,cs,cs-en+en-cs,False,,en-cs,False,True,300,0.850256,21.4774,44.7533,-0.020048,-3.4531,-3.6315,0.008477,0,0,0,0,0,0.9381,0,0.02,0.0067,0,0.0061,0.959
alma-7b-slimgpt30-ref-pair-cs,alma-7b-slimgpt30-ref-pair-cs__alma10-greedy-300__d939f40968b7,slimgpt,ref,30,pair,cs,cs-en+en-cs,False,,en-de,False,False,300,0.797883,20.7428,48.006,-0.055081,-7.2487,-6.7281,-0.026771,0.0233,0,0,0,0,0.9759,0.02,0,0.0233,0.0233,0.0129,1.0007
alma-7b-slimgpt30-ref-pair-cs,alma-7b-slimgpt30-ref-pair-cs__alma10-greedy-300__d939f40968b7,slimgpt,ref,30,pair,cs,cs-en+en-cs,False,,en-is,False,False,300,0.708596,13.9505,37.9631,-0.133243,-9.8001,-11.3153,-0.096182,0.01,0,0,0,0,0.9558,0,0,0.0133,0.01,0.0047,1.0035
alma-7b-slimgpt30-ref-pair-cs,alma-7b-slimgpt30-ref-pair-cs__alma10-greedy-300__d939f40968b7,slimgpt,ref,30,pair,cs,cs-en+en-cs,False,,en-ru,False,False,300,0.810472,17.8763,40.7961,-0.050609,-7.1297,-7.6194,-0.012519,0,0,0,0,0,0.932,0,0.01,0.0333,0,0.0121,0.9747
alma-7b-slimgpt30-ref-pair-cs,alma-7b-slimgpt30-ref-pair-cs__alma10-greedy-300__d939f40968b7,slimgpt,ref,30,pair,cs,cs-en+en-cs,False,,en-zh,False,False,300,0.586386,10.9921,11.0241,-0.264349,-22.5103,-15.2099,-0.221505,0,0,0.0733,0.0733,0,1.2362,0,0.2667,0.0633,0,0.2357,0.5694
alma-7b-slimgpt30-ref-pair-de,alma-7b-slimgpt30-ref-pair-de__alma10-greedy-300__d33fbd2727de,slimgpt,ref,30,pair,de,de-en+en-de,False,,cs-en,True,False,300,0.839642,37.1024,59.7918,-0.012791,-4.8829,-3.5427,0.00297,0.0033,0,0,0,0,0.9797,0.0033,0,0.0033,0.0033,0.0055,0.9984
alma-7b-slimgpt30-ref-pair-de,alma-7b-slimgpt30-ref-pair-de__alma10-greedy-300__d33fbd2727de,slimgpt,ref,30,pair,de,de-en+en-de,False,,de-en,True,True,300,0.826745,27.9039,51.129,-0.012465,-3.4129,-2.6656,0.003089,0.0033,0,0,0,0,0.925,0,0,0.0067,0.0033,0.0062,0.9377
alma-7b-slimgpt30-ref-pair-de,alma-7b-slimgpt30-ref-pair-de__alma10-greedy-300__d33fbd2727de,slimgpt,ref,30,pair,de,de-en+en-de,False,,is-en,True,False,300,0.851181,34.179,56.1222,-0.011482,-4.0703,-2.3747,0.000802,0.0033,0,0,0,0,0.9649,0,0,0.0133,0.0033,0.0062,0.9842
alma-7b-slimgpt30-ref-pair-de,alma-7b-slimgpt30-ref-pair-de__alma10-greedy-300__d33fbd2727de,slimgpt,ref,30,pair,de,de-en+en-de,False,,ru-en,True,False,300,0.82909,34.4063,58.3046,-0.017333,-2.5307,-2.1061,-0.00028,0,0,0,0,0,0.9916,0.0033,0.01,0.0167,0,0.0079,1.0013
alma-7b-slimgpt30-ref-pair-de,alma-7b-slimgpt30-ref-pair-de__alma10-greedy-300__d33fbd2727de,slimgpt,ref,30,pair,de,de-en+en-de,False,,zh-en,True,False,300,0.76813,15.0665,42.0619,-0.028005,-4.7755,-6.2446,-0.008603,0,0,0.0067,0.0067,0,0.9208,0,0.0067,0.01,0,0.0039,0.9605
alma-7b-slimgpt30-ref-pair-de,alma-7b-slimgpt30-ref-pair-de__alma10-greedy-300__d33fbd2727de,slimgpt,ref,30,pair,de,de-en+en-de,False,,en-cs,False,False,300,0.760931,14.1631,37.6049,-0.109373,-10.7674,-10.7799,-0.080848,0.01,0.0033,0.0133,0.0133,0,1.0467,0.0067,0.0133,0.04,0.01,0.006,1.0425
alma-7b-slimgpt30-ref-pair-de,alma-7b-slimgpt30-ref-pair-de__alma10-greedy-300__d33fbd2727de,slimgpt,ref,30,pair,de,de-en+en-de,False,,en-de,False,True,300,0.833684,24.3347,51.4414,-0.01928,-3.6568,-3.2927,0.00903,0.0167,0,0,0,0,0.9762,0.0167,0,0.0167,0.0167,0.0121,0.9995
alma-7b-slimgpt30-ref-pair-de,alma-7b-slimgpt30-ref-pair-de__alma10-greedy-300__d33fbd2727de,slimgpt,ref,30,pair,de,de-en+en-de,False,,en-is,False,False,300,0.693009,12.7098,36.934,-0.14883,-11.0408,-12.3444,-0.111769,0.0067,0.0033,0.0133,0.0133,0,0.9516,0.0033,0,0.01,0.0067,0.0052,0.9886
alma-7b-slimgpt30-ref-pair-de,alma-7b-slimgpt30-ref-pair-de__alma10-greedy-300__d33fbd2727de,slimgpt,ref,30,pair,de,de-en+en-de,False,,en-ru,False,False,300,0.80436,18.2012,40.2767,-0.056721,-6.8048,-8.1388,-0.018631,0.0033,0,0,0,0,0.9295,0.0033,0.0133,0.06,0.0033,0.0117,0.9956
alma-7b-slimgpt30-ref-pair-de,alma-7b-slimgpt30-ref-pair-de__alma10-greedy-300__d33fbd2727de,slimgpt,ref,30,pair,de,de-en+en-de,False,,en-zh,False,False,300,0.543277,7.9774,8.0567,-0.307458,-25.525,-18.1773,-0.264614,0.0033,0,0.1367,0.1367,0,1.6689,0,0.2967,0.0767,0.0033,0.3147,0.5231
alma-7b-slimgpt30-ref-pair-is,alma-7b-slimgpt30-ref-pair-is__alma10-greedy-300__d8c7f1f714a7,slimgpt,ref,30,pair,is,en-is+is-en,False,,cs-en,True,False,300,0.835243,34.2408,57.4425,-0.01719,-7.7445,-5.892,-0.001429,0.0033,0,0,0,0,0.9602,0.0033,0,0.0033,0.0033,0.0049,0.9667
alma-7b-slimgpt30-ref-pair-is,alma-7b-slimgpt30-ref-pair-is__alma10-greedy-300__d8c7f1f714a7,slimgpt,ref,30,pair,is,en-is+is-en,False,,de-en,True,False,300,0.826653,24.9054,49.7025,-0.012557,-6.4114,-4.0921,0.002997,0.0033,0,0,0,0,0.9179,0,0,0.0033,0.0033,0.0078,0.9243
alma-7b-slimgpt30-ref-pair-is,alma-7b-slimgpt30-ref-pair-is__alma10-greedy-300__d8c7f1f714a7,slimgpt,ref,30,pair,is,en-is+is-en,False,,is-en,True,True,300,0.847044,31.9841,54.2496,-0.015619,-6.2652,-4.2473,-0.003335,0.0033,0,0,0,0,0.9414,0,0,0.0133,0.0033,0.0065,0.9603
alma-7b-slimgpt30-ref-pair-is,alma-7b-slimgpt30-ref-pair-is__alma10-greedy-300__d8c7f1f714a7,slimgpt,ref,30,pair,is,en-is+is-en,False,,ru-en,True,False,300,0.817711,31.5934,55.478,-0.028712,-5.3436,-4.9327,-0.011659,0,0.0033,0.0033,0.0033,0,1.0081,0.0033,0.0067,0.02,0,0.0067,1.0159
alma-7b-slimgpt30-ref-pair-is,alma-7b-slimgpt30-ref-pair-is__alma10-greedy-300__d8c7f1f714a7,slimgpt,ref,30,pair,is,en-is+is-en,False,,zh-en,True,False,300,0.765158,15.0288,41.6877,-0.030977,-4.8132,-6.6188,-0.011575,0,0.0033,0.0033,0.0033,0,0.9177,0,0,0,0,0.0035,0.9402
alma-7b-slimgpt30-ref-pair-is,alma-7b-slimgpt30-ref-pair-is__alma10-greedy-300__d8c7f1f714a7,slimgpt,ref,30,pair,is,en-is+is-en,False,,en-cs,False,False,300,0.766069,13.2148,36.9759,-0.104235,-11.7157,-11.4089,-0.07571,0.0067,0,0.0033,0.0033,0,0.9823,0.0033,0.02,0.02,0.0067,0.008,0.9825
alma-7b-slimgpt30-ref-pair-is,alma-7b-slimgpt30-ref-pair-is__alma10-greedy-300__d8c7f1f714a7,slimgpt,ref,30,pair,is,en-is+is-en,False,,en-de,False,False,300,0.799933,18.5779,46.6226,-0.053031,-9.4136,-8.1115,-0.024721,0.0133,0.0033,0.0033,0.0033,0,1.0175,0.0133,0,0.0133,0.0133,0.0127,1.0385
alma-7b-slimgpt30-ref-pair-is,alma-7b-slimgpt30-ref-pair-is__alma10-greedy-300__d8c7f1f714a7,slimgpt,ref,30,pair,is,en-is+is-en,False,,en-is,False,True,300,0.81506,19.7637,45.4978,-0.026779,-3.9869,-3.7806,0.010282,0,0,0,0,0,0.9423,0,0,0,0,0.0041,0.9632
alma-7b-slimgpt30-ref-pair-is,alma-7b-slimgpt30-ref-pair-is__alma10-greedy-300__d8c7f1f714a7,slimgpt,ref,30,pair,is,en-is+is-en,False,,en-ru,False,False,300,0.780628,16.9382,38.6732,-0.080453,-8.0678,-9.7423,-0.042363,0.0033,0,0,0,0,0.9182,0.0033,0.0067,0.0767,0.0033,0.0123,0.9596
alma-7b-slimgpt30-ref-pair-is,alma-7b-slimgpt30-ref-pair-is__alma10-greedy-300__d8c7f1f714a7,slimgpt,ref,30,pair,is,en-is+is-en,False,,en-zh,False,False,300,0.555101,7.1742,7.737,-0.295634,-26.3282,-18.497,-0.25279,0,0,0.1033,0.1033,0,1.3166,0,0.35,0.0367,0,0.2849,0.4898
alma-7b-slimgpt30-ref-pair-ru,alma-7b-slimgpt30-ref-pair-ru__alma10-greedy-300__f46548331a48,slimgpt,ref,30,pair,ru,en-ru+ru-en,False,,cs-en,True,False,300,0.835731,37.2545,59.6534,-0.016702,-4.7308,-3.6811,-0.000941,0.0033,0,0,0,0,0.9849,0.0033,0,0.0033,0.0033,0.0045,1.0019
alma-7b-slimgpt30-ref-pair-ru,alma-7b-slimgpt30-ref-pair-ru__alma10-greedy-300__f46548331a48,slimgpt,ref,30,pair,ru,en-ru+ru-en,False,,de-en,True,False,300,0.827598,27.464,51.4379,-0.011612,-3.8528,-2.3567,0.003942,0.01,0,0,0,0,0.9354,0,0,0.0133,0.01,0.0063,0.9501
alma-7b-slimgpt30-ref-pair-ru,alma-7b-slimgpt30-ref-pair-ru__alma10-greedy-300__f46548331a48,slimgpt,ref,30,pair,ru,en-ru+ru-en,False,,is-en,True,False,300,0.845772,33.1643,55.1071,-0.016891,-5.085,-3.3898,-0.004607,0.0067,0,0,0,0,0.9649,0,0,0.02,0.0067,0.0063,0.9857
alma-7b-slimgpt30-ref-pair-ru,alma-7b-slimgpt30-ref-pair-ru__alma10-greedy-300__f46548331a48,slimgpt,ref,30,pair,ru,en-ru+ru-en,False,,ru-en,True,True,300,0.825906,32.9596,58.0637,-0.020517,-3.9774,-2.347,-0.003464,0,0.0033,0.0033,0.0033,0,1.001,0.0033,0.0067,0.02,0,0.0064,1.0367
alma-7b-slimgpt30-ref-pair-ru,alma-7b-slimgpt30-ref-pair-ru__alma10-greedy-300__f46548331a48,slimgpt,ref,30,pair,ru,en-ru+ru-en,False,,zh-en,True,False,300,0.770011,15.9902,43.1509,-0.026124,-3.8518,-5.1556,-0.006722,0,0,0,0,0,0.8954,0,0,0.01,0,0.0034,0.9308
alma-7b-slimgpt30-ref-pair-ru,alma-7b-slimgpt30-ref-pair-ru__alma10-greedy-300__f46548331a48,slimgpt,ref,30,pair,ru,en-ru+ru-en,False,,en-cs,False,False,300,0.782296,15.7961,39.1289,-0.088008,-9.1344,-9.2559,-0.059483,0.0033,0,0,0,0,0.9565,0,0.02,0.0233,0.0033,0.0076,0.9715
alma-7b-slimgpt30-ref-pair-ru,alma-7b-slimgpt30-ref-pair-ru__alma10-greedy-300__f46548331a48,slimgpt,ref,30,pair,ru,en-ru+ru-en,False,,en-de,False,False,300,0.771262,19.8004,47.1864,-0.081702,-8.1911,-7.5477,-0.053392,0.02,0,0,0,0,0.9953,0.0133,0,0.02,0.02,0.0144,1.013
alma-7b-slimgpt30-ref-pair-ru,alma-7b-slimgpt30-ref-pair-ru__alma10-greedy-300__f46548331a48,slimgpt,ref,30,pair,ru,en-ru+ru-en,False,,en-is,False,False,300,0.627256,10.9764,32.7854,-0.214583,-12.7742,-16.493,-0.177522,0.03,0.0033,0.0167,0.0167,0,0.9509,0.0067,0,0.0367,0.03,0.0048,0.9983
alma-7b-slimgpt30-ref-pair-ru,alma-7b-slimgpt30-ref-pair-ru__alma10-greedy-300__f46548331a48,slimgpt,ref,30,pair,ru,en-ru+ru-en,False,,en-ru,False,True,300,0.832079,20.8727,44.4,-0.029002,-4.1333,-4.0155,0.009088,0,0,0,0,0,0.9645,0,0.0167,0.0367,0,0.0101,1.0016
alma-7b-slimgpt30-ref-pair-ru,alma-7b-slimgpt30-ref-pair-ru__alma10-greedy-300__f46548331a48,slimgpt,ref,30,pair,ru,en-ru+ru-en,False,,en-zh,False,False,300,0.697125,19.128,14.1951,-0.15361,-14.3744,-12.0389,-0.110766,0,0,0.0233,0.0233,0,1.046,0,0.2,0.03,0,0.0954,0.7984
alma-7b-slimgpt30-ref-pair-zh,alma-7b-slimgpt30-ref-pair-zh__alma10-greedy-300__6c5447c628df,slimgpt,ref,30,pair,zh,en-zh+zh-en,False,,cs-en,True,False,300,0.820964,33.3043,56.8433,-0.031469,-8.681,-6.4912,-0.015708,0.0033,0,0,0,0,0.967,0,0,0.01,0.0033,0.0055,0.9837
alma-7b-slimgpt30-ref-pair-zh,alma-7b-slimgpt30-ref-pair-zh__alma10-greedy-300__6c5447c628df,slimgpt,ref,30,pair,zh,en-zh+zh-en,False,,de-en,True,False,300,0.824812,26.3792,50.5944,-0.014398,-4.9376,-3.2002,0.001156,0.0033,0,0,0,0,0.9275,0,0.0033,0.0033,0.0033,0.0063,0.9391
alma-7b-slimgpt30-ref-pair-zh,alma-7b-slimgpt30-ref-pair-zh__alma10-greedy-300__6c5447c628df,slimgpt,ref,30,pair,zh,en-zh+zh-en,False,,is-en,True,False,300,0.834308,31.0726,53.235,-0.028355,-7.1767,-5.2619,-0.016071,0,0,0,0,0,0.9485,0,0,0.0033,0,0.0067,0.9753
alma-7b-slimgpt30-ref-pair-zh,alma-7b-slimgpt30-ref-pair-zh__alma10-greedy-300__6c5447c628df,slimgpt,ref,30,pair,zh,en-zh+zh-en,False,,ru-en,True,False,300,0.820537,32.3989,57.0988,-0.025886,-4.5381,-3.3119,-0.008833,0,0,0,0,0,0.97,0.0033,0.0067,0.0233,0,0.0063,0.9829
alma-7b-slimgpt30-ref-pair-zh,alma-7b-slimgpt30-ref-pair-zh__alma10-greedy-300__6c5447c628df,slimgpt,ref,30,pair,zh,en-zh+zh-en,False,,zh-en,True,True,300,0.776482,17.9673,45.7803,-0.019653,-1.8747,-2.5262,-0.000251,0,0,0,0,0,0.9103,0,0.0067,0.0067,0,0.0043,0.9367
alma-7b-slimgpt30-ref-pair-zh,alma-7b-slimgpt30-ref-pair-zh__alma10-greedy-300__6c5447c628df,slimgpt,ref,30,pair,zh,en-zh+zh-en,False,,en-cs,False,False,300,0.657485,7.7876,32.2027,-0.212819,-17.1429,-16.1821,-0.184294,0.04,0.0033,0.01,0.01,0,0.9918,0.0167,0.02,0.0567,0.04,0.0071,1.036
alma-7b-slimgpt30-ref-pair-zh,alma-7b-slimgpt30-ref-pair-zh__alma10-greedy-300__6c5447c628df,slimgpt,ref,30,pair,zh,en-zh+zh-en,False,,en-de,False,False,300,0.683015,12.1781,40.7835,-0.169949,-15.8134,-13.9506,-0.141639,0.11,0,0.0067,0.0067,0,1.0263,0.05,0,0.11,0.11,0.011,1.1048
alma-7b-slimgpt30-ref-pair-zh,alma-7b-slimgpt30-ref-pair-zh__alma10-greedy-300__6c5447c628df,slimgpt,ref,30,pair,zh,en-zh+zh-en,False,,en-is,False,False,300,0.479538,4.4599,24.368,-0.362301,-19.2907,-24.9104,-0.32524,0.08,0.0533,0.1233,0.1233,0,1.1398,0.0133,0,0.0867,0.08,0.0038,1.3938
alma-7b-slimgpt30-ref-pair-zh,alma-7b-slimgpt30-ref-pair-zh__alma10-greedy-300__6c5447c628df,slimgpt,ref,30,pair,zh,en-zh+zh-en,False,,en-ru,False,False,300,0.74399,14.7284,39.8886,-0.117091,-10.2776,-8.5269,-0.079001,0,0,0,0,0,0.9507,0,0.0133,0.06,0,0.0124,0.993
alma-7b-slimgpt30-ref-pair-zh,alma-7b-slimgpt30-ref-pair-zh__alma10-greedy-300__6c5447c628df,slimgpt,ref,30,pair,zh,en-zh+zh-en,False,,en-zh,False,True,300,0.825216,28.7241,24.1424,-0.025519,-4.7783,-2.0916,0.017325,0,0,0.0033,0.0033,0,0.9833,0,0.1667,0.0167,0,0,1.0011
alma-7b-slimgpt30-gen-pair-cs,alma-7b-slimgpt30-gen-pair-cs__alma10-greedy-300__bfb0209fc273,slimgpt,gen,30,pair,cs,cs-en+en-cs,False,,cs-en,True,True,300,0.839098,36.2368,58.9709,-0.013335,-5.7485,-4.3636,0.001342,0.0033,0,0,0,0,0.9701,0.0033,0.0033,0.0033,0.0033,0.0039,0.9844
alma-7b-slimgpt30-gen-pair-cs,alma-7b-slimgpt30-gen-pair-cs__alma10-greedy-300__bfb0209fc273,slimgpt,gen,30,pair,cs,cs-en+en-cs,False,,de-en,True,False,300,0.826916,27.1067,50.4727,-0.012294,-4.2101,-3.3219,0.000754,0.0033,0,0,0,0,0.9307,0,0,0.01,0.0033,0.0055,0.9433
alma-7b-slimgpt30-gen-pair-cs,alma-7b-slimgpt30-gen-pair-cs__alma10-greedy-300__bfb0209fc273,slimgpt,gen,30,pair,cs,cs-en+en-cs,False,,is-en,True,False,300,0.850049,33.8364,55.513,-0.012614,-4.4129,-2.9839,0.00042,0.0067,0,0,0,0,0.9489,0,0,0.0133,0.0067,0.006,0.9812
alma-7b-slimgpt30-gen-pair-cs,alma-7b-slimgpt30-gen-pair-cs__alma10-greedy-300__bfb0209fc273,slimgpt,gen,30,pair,cs,cs-en+en-cs,False,,ru-en,True,False,300,0.826248,34.3324,58.2603,-0.020175,-2.6046,-2.1504,-0.00207,0,0,0,0,0,0.9965,0.0033,0.0067,0.0233,0,0.0062,1.0112
alma-7b-slimgpt30-gen-pair-cs,alma-7b-slimgpt30-gen-pair-cs__alma10-greedy-300__bfb0209fc273,slimgpt,gen,30,pair,cs,cs-en+en-cs,False,,zh-en,True,False,300,0.767299,15.0052,42.3356,-0.028836,-4.8368,-5.9709,-0.014401,0,0,0,0,0,0.9105,0,0.0067,0.0067,0,0.0038,0.9459
alma-7b-slimgpt30-gen-pair-cs,alma-7b-slimgpt30-gen-pair-cs__alma10-greedy-300__bfb0209fc273,slimgpt,gen,30,pair,cs,cs-en+en-cs,False,,en-cs,False,True,300,0.84746,22.0182,45.515,-0.022844,-2.9123,-2.8698,0.016238,0,0,0,0,0,0.9379,0,0.02,0.0067,0,0.0063,0.9683
alma-7b-slimgpt30-gen-pair-cs,alma-7b-slimgpt30-gen-pair-cs__alma10-greedy-300__bfb0209fc273,slimgpt,gen,30,pair,cs,cs-en+en-cs,False,,en-de,False,False,300,0.798567,20.9317,47.8926,-0.054397,-7.0598,-6.8415,-0.034616,0.0133,0,0,0,0,0.9694,0.01,0,0.0133,0.0133,0.0131,0.9909
alma-7b-slimgpt30-gen-pair-cs,alma-7b-slimgpt30-gen-pair-cs__alma10-greedy-300__bfb0209fc273,slimgpt,gen,30,pair,cs,cs-en+en-cs,False,,en-is,False,False,300,0.702219,12.9161,37.0118,-0.13962,-10.8345,-12.2666,-0.099412,0.0067,0,0.0133,0.0133,0,0.9791,0,0,0.0067,0.0067,0.0044,1.0201
alma-7b-slimgpt30-gen-pair-cs,alma-7b-slimgpt30-gen-pair-cs__alma10-greedy-300__bfb0209fc273,slimgpt,gen,30,pair,cs,cs-en+en-cs,False,,en-ru,False,False,300,0.809077,18.328,40.3075,-0.052004,-6.678,-8.108,-0.017732,0,0,0,0,0,0.9191,0,0.01,0.0467,0,0.013,0.9602
alma-7b-slimgpt30-gen-pair-cs,alma-7b-slimgpt30-gen-pair-cs__alma10-greedy-300__bfb0209fc273,slimgpt,gen,30,pair,cs,cs-en+en-cs,False,,en-zh,False,False,300,0.59154,11.1211,10.3301,-0.259195,-22.3813,-15.9039,-0.221095,0,0,0.0767,0.0767,0,1.2452,0,0.3,0.0633,0,0.2358,0.5808
alma-7b-slimgpt30-gen-pair-de,alma-7b-slimgpt30-gen-pair-de__alma10-greedy-300__f9680be1d7e5,slimgpt,gen,30,pair,de,de-en+en-de,False,,cs-en,True,False,300,0.83576,36.8537,59.4118,-0.016673,-5.1316,-3.9227,-0.001996,0.0033,0,0,0,0,0.9872,0.0033,0,0.0033,0.0033,0.0053,1.0033
alma-7b-slimgpt30-gen-pair-de,alma-7b-slimgpt30-gen-pair-de__alma10-greedy-300__f9680be1d7e5,slimgpt,gen,30,pair,de,de-en+en-de,False,,de-en,True,True,300,0.828836,27.3736,50.9305,-0.010374,-3.9432,-2.8641,0.002674,0.0033,0,0,0,0,0.9243,0,0,0.0033,0.0033,0.007,0.9351
alma-7b-slimgpt30-gen-pair-de,alma-7b-slimgpt30-gen-pair-de__alma10-greedy-300__f9680be1d7e5,slimgpt,gen,30,pair,de,de-en+en-de,False,,is-en,True,False,300,0.84853,34.2666,55.821,-0.014133,-3.9827,-2.6759,-0.001099,0.0067,0,0,0,0,0.9643,0,0,0.0133,0.0067,0.0061,0.9861
alma-7b-slimgpt30-gen-pair-de,alma-7b-slimgpt30-gen-pair-de__alma10-greedy-300__f9680be1d7e5,slimgpt,gen,30,pair,de,de-en+en-de,False,,ru-en,True,False,300,0.828129,34.0974,57.9395,-0.018294,-2.8396,-2.4712,-0.000189,0,0,0,0,0,0.9846,0.0033,0.01,0.0233,0,0.0081,0.9928
alma-7b-slimgpt30-gen-pair-de,alma-7b-slimgpt30-gen-pair-de__alma10-greedy-300__f9680be1d7e5,slimgpt,gen,30,pair,de,de-en+en-de,False,,zh-en,True,False,300,0.765658,15.7332,42.5616,-0.030477,-4.1088,-5.7449,-0.016042,0,0,0.0033,0.0033,0,0.9149,0,0.0067,0.01,0,0.0039,0.943
alma-7b-slimgpt30-gen-pair-de,alma-7b-slimgpt30-gen-pair-de__alma10-greedy-300__f9680be1d7e5,slimgpt,gen,30,pair,de,de-en+en-de,False,,en-cs,False,False,300,0.766689,14.697,38.5451,-0.103615,-10.2335,-9.8397,-0.064533,0,0,0,0,0,0.9762,0,0.02,0.01,0,0.0057,0.9981
alma-7b-slimgpt30-gen-pair-de,alma-7b-slimgpt30-gen-pair-de__alma10-greedy-300__f9680be1d7e5,slimgpt,gen,30,pair,de,de-en+en-de,False,,en-de,False,True,300,0.839108,24.3804,52.1116,-0.013856,-3.6111,-2.6225,0.005925,0.0133,0,0,0,0,0.9853,0.0133,0,0.0133,0.0133,0.0122,1.006
alma-7b-slimgpt30-gen-pair-de,alma-7b-slimgpt30-gen-pair-de__alma10-greedy-300__f9680be1d7e5,slimgpt,gen,30,pair,de,de-en+en-de,False,,en-is,False,False,300,0.684292,12.9687,36.5131,-0.157547,-10.7819,-12.7653,-0.117339,0.0067,0.0033,0.01,0.01,0,0.9266,0.0033,0,0.01,0.0067,0.0052,0.9774
alma-7b-slimgpt30-gen-pair-de,alma-7b-slimgpt30-gen-pair-de__alma10-greedy-300__f9680be1d7e5,slimgpt,gen,30,pair,de,de-en+en-de,False,,en-ru,False,False,300,0.803968,17.5649,39.6834,-0.057113,-7.4411,-8.7321,-0.022841,0.0067,0,0,0,0,0.9407,0.0067,0.0067,0.05,0.0067,0.0118,1.0108
alma-7b-slimgpt30-gen-pair-de,alma-7b-slimgpt30-gen-pair-de__alma10-greedy-300__f9680be1d7e5,slimgpt,gen,30,pair,de,de-en+en-de,False,,en-zh,False,False,300,0.555571,8.8167,9.5918,-0.295164,-24.6857,-16.6422,-0.257064,0,0,0.1133,0.1133,0,1.5081,0,0.2467,0.07,0,0.2776,0.5611
alma-7b-slimgpt30-gen-pair-is,alma-7b-slimgpt30-gen-pair-is__alma10-greedy-300__24c21e587282,slimgpt,gen,30,pair,is,en-is+is-en,False,,cs-en,True,False,300,0.832242,34.6066,58.035,-0.020191,-7.3787,-5.2995,-0.005514,0.0033,0,0,0,0,0.9647,0.0033,0.0033,0.0067,0.0033,0.0047,0.973
alma-7b-slimgpt30-gen-pair-is,alma-7b-slimgpt30-gen-pair-is__alma10-greedy-300__24c21e587282,slimgpt,gen,30,pair,is,en-is+is-en,False,,de-en,True,False,300,0.830086,25.9971,50.2895,-0.009124,-5.3197,-3.5051,0.003924,0.0033,0,0,0,0,0.9259,0,0,0.0067,0.0033,0.0074,0.9378
alma-7b-slimgpt30-gen-pair-is,alma-7b-slimgpt30-gen-pair-is__alma10-greedy-300__24c21e587282,slimgpt,gen,30,pair,is,en-is+is-en,False,,is-en,True,True,300,0.84813,32.7842,55.1148,-0.014533,-5.4651,-3.3821,-0.001499,0.0033,0,0,0,0,0.9446,0,0,0.0133,0.0033,0.0065,0.964
alma-7b-slimgpt30-gen-pair-is,alma-7b-slimgpt30-gen-pair-is__alma10-greedy-300__24c21e587282,slimgpt,gen,30,pair,is,en-is+is-en,False,,ru-en,True,False,300,0.81931,33.1953,56.806,-0.027113,-3.7417,-3.6047,-0.009008,0,0,0.0033,0.0033,0,0.9801,0.0033,0.0067,0.0167,0,0.0062,0.9933
alma-7b-slimgpt30-gen-pair-is,alma-7b-slimgpt30-gen-pair-is__alma10-greedy-300__24c21e587282,slimgpt,gen,30,pair,is,en-is+is-en,False,,zh-en,True,False,300,0.76441,14.8729,41.6138,-0.031725,-4.9691,-6.6927,-0.01729,0,0.0033,0.0067,0.0067,0,0.9396,0,0.0033,0.0067,0,0.0037,0.9669
alma-7b-slimgpt30-gen-pair-is,alma-7b-slimgpt30-gen-pair-is__alma10-greedy-300__24c21e587282,slimgpt,gen,30,pair,is,en-is+is-en,False,,en-cs,False,False,300,0.769253,15.0026,39.0184,-0.101051,-9.9279,-9.3664,-0.061969,0.0067,0,0.0033,0.0033,0,0.9779,0,0.0267,0.02,0.0067,0.0081,0.9933
alma-7b-slimgpt30-gen-pair-is,alma-7b-slimgpt30-gen-pair-is__alma10-greedy-300__24c21e587282,slimgpt,gen,30,pair,is,en-is+is-en,False,,en-de,False,False,300,0.802792,19.7251,47.6858,-0.050172,-8.2664,-7.0483,-0.030391,0.0133,0,0,0,0,1.0135,0.0133,0,0.0133,0.0133,0.0131,1.0448
alma-7b-slimgpt30-gen-pair-is,alma-7b-slimgpt30-gen-pair-is__alma10-greedy-300__24c21e587282,slimgpt,gen,30,pair,is,en-is+is-en,False,,en-is,False,True,300,0.815004,20.7106,45.9684,-0.026835,-3.04,-3.31,0.013373,0,0,0,0,0,0.9409,0,0,0,0,0.0042,0.961
alma-7b-slimgpt30-gen-pair-is,alma-7b-slimgpt30-gen-pair-is__alma10-greedy-300__24c21e587282,slimgpt,gen,30,pair,is,en-is+is-en,False,,en-ru,False,False,300,0.779635,17.8396,38.8592,-0.081446,-7.1664,-9.5563,-0.047174,0.0067,0,0.0033,0.0033,0,0.9221,0.0067,0.0133,0.0833,0.0067,0.0114,0.9616
alma-7b-slimgpt30-gen-pair-is,alma-7b-slimgpt30-gen-pair-is__alma10-greedy-300__24c21e587282,slimgpt,gen,30,pair,is,en-is+is-en,False,,en-zh,False,False,300,0.563608,7.4883,8.671,-0.287127,-26.0141,-17.563,-0.249027,0,0,0.07,0.07,0,1.0963,0,0.3433,0.04,0,0.247,0.4836
alma-7b-slimgpt30-gen-pair-ru,alma-7b-slimgpt30-gen-pair-ru__alma10-greedy-300__54647443e763,slimgpt,gen,30,pair,ru,en-ru+ru-en,False,,cs-en,True,False,300,0.839677,37.782,60.0321,-0.012756,-4.2033,-3.3024,0.001921,0.0033,0,0,0,0,0.978,0.0033,0.0033,0.0033,0.0033,0.005,0.9937
alma-7b-slimgpt30-gen-pair-ru,alma-7b-slimgpt30-gen-pair-ru__alma10-greedy-300__54647443e763,slimgpt,gen,30,pair,ru,en-ru+ru-en,False,,de-en,True,False,300,0.824429,27.5577,51.1659,-0.014781,-3.7591,-2.6287,-0.001733,0.0033,0,0,0,0,0.935,0,0,0.0033,0.0033,0.0066,0.9503
alma-7b-slimgpt30-gen-pair-ru,alma-7b-slimgpt30-gen-pair-ru__alma10-greedy-300__54647443e763,slimgpt,gen,30,pair,ru,en-ru+ru-en,False,,is-en,True,False,300,0.844795,33.0044,55.0673,-0.017868,-5.2449,-3.4296,-0.004834,0.0033,0,0,0,0,0.9605,0,0,0.0133,0.0033,0.0064,0.9807
alma-7b-slimgpt30-gen-pair-ru,alma-7b-slimgpt30-gen-pair-ru__alma10-greedy-300__54647443e763,slimgpt,gen,30,pair,ru,en-ru+ru-en,False,,ru-en,True,True,300,0.825386,33.6,57.9898,-0.021037,-3.337,-2.4209,-0.002932,0,0.0033,0,0,0,0.9954,0.0033,0.0067,0.0167,0,0.0062,1.0268
alma-7b-slimgpt30-gen-pair-ru,alma-7b-slimgpt30-gen-pair-ru__alma10-greedy-300__54647443e763,slimgpt,gen,30,pair,ru,en-ru+ru-en,False,,zh-en,True,False,300,0.765979,15.6965,42.4193,-0.030156,-4.1455,-5.8872,-0.015721,0.0033,0,0.0067,0.0067,0,0.9301,0,0.0067,0.0067,0.0033,0.0033,0.976
alma-7b-slimgpt30-gen-pair-ru,alma-7b-slimgpt30-gen-pair-ru__alma10-greedy-300__54647443e763,slimgpt,gen,30,pair,ru,en-ru+ru-en,False,,en-cs,False,False,300,0.782438,16.2771,39.2698,-0.087866,-8.6534,-9.115,-0.048784,0.0033,0,0,0,0,0.9562,0,0.03,0.01,0.0033,0.0076,0.9787
alma-7b-slimgpt30-gen-pair-ru,alma-7b-slimgpt30-gen-pair-ru__alma10-greedy-300__54647443e763,slimgpt,gen,30,pair,ru,en-ru+ru-en,False,,en-de,False,False,300,0.78201,20.2894,47.2283,-0.070954,-7.7021,-7.5058,-0.051173,0.03,0,0,0,0,0.9991,0.02,0,0.0333,0.03,0.0136,1.0209
alma-7b-slimgpt30-gen-pair-ru,alma-7b-slimgpt30-gen-pair-ru__alma10-greedy-300__54647443e763,slimgpt,gen,30,pair,ru,en-ru+ru-en,False,,en-is,False,False,300,0.634508,10.9101,33.59,-0.207331,-12.8405,-15.6884,-0.167123,0.0267,0,0.0067,0.0067,0,0.9227,0.01,0,0.0367,0.0267,0.0045,0.9759
alma-7b-slimgpt30-gen-pair-ru,alma-7b-slimgpt30-gen-pair-ru__alma10-greedy-300__54647443e763,slimgpt,gen,30,pair,ru,en-ru+ru-en,False,,en-ru,False,True,300,0.832641,20.5264,44.5008,-0.02844,-4.4796,-3.9147,0.005832,0,0,0.0033,0.0033,0,0.9799,0,0.0167,0.05,0,0.0106,1.0195
alma-7b-slimgpt30-gen-pair-ru,alma-7b-slimgpt30-gen-pair-ru__alma10-greedy-300__54647443e763,slimgpt,gen,30,pair,ru,en-ru+ru-en,False,,en-zh,False,False,300,0.708927,19.6045,15.409,-0.141808,-13.8979,-10.825,-0.103708,0,0,0.03,0.03,0,1.1089,0,0.2033,0.04,0,0.0818,0.8696
alma-7b-slimgpt30-gen-pair-zh,alma-7b-slimgpt30-gen-pair-zh__alma10-greedy-300__a1091d618f75,slimgpt,gen,30,pair,zh,en-zh+zh-en,False,,cs-en,True,False,300,0.824807,33.6084,57.2238,-0.027626,-8.3769,-6.1107,-0.012949,0.0033,0,0,0,0,0.9672,0,0,0.0133,0.0033,0.0052,0.9834
alma-7b-slimgpt30-gen-pair-zh,alma-7b-slimgpt30-gen-pair-zh__alma10-greedy-300__a1091d618f75,slimgpt,gen,30,pair,zh,en-zh+zh-en,False,,de-en,True,False,300,0.821216,26.4262,50.4305,-0.017994,-4.8906,-3.3641,-0.004946,0.0033,0,0,0,0,0.9247,0,0.0033,0.0033,0.0033,0.0065,0.9384
alma-7b-slimgpt30-gen-pair-zh,alma-7b-slimgpt30-gen-pair-zh__alma10-greedy-300__a1091d618f75,slimgpt,gen,30,pair,zh,en-zh+zh-en,False,,is-en,True,False,300,0.83485,30.0879,52.9851,-0.027813,-8.1614,-5.5118,-0.014779,0.0033,0.0033,0.0033,0.0033,0,0.9751,0,0,0.01,0.0033,0.0065,1.0207
alma-7b-slimgpt30-gen-pair-zh,alma-7b-slimgpt30-gen-pair-zh__alma10-greedy-300__a1091d618f75,slimgpt,gen,30,pair,zh,en-zh+zh-en,False,,ru-en,True,False,300,0.821018,33.7534,57.7835,-0.025405,-3.1836,-2.6272,-0.0073,0,0,0,0,0,0.9792,0.0033,0.0067,0.02,0,0.0068,0.9951
alma-7b-slimgpt30-gen-pair-zh,alma-7b-slimgpt30-gen-pair-zh__alma10-greedy-300__a1091d618f75,slimgpt,gen,30,pair,zh,en-zh+zh-en,False,,zh-en,True,True,300,0.776344,18.8259,46.2163,-0.019791,-1.0161,-2.0902,-0.005356,0,0.0033,0.0033,0.0033,0,0.9333,0,0.0067,0.01,0,0.0039,0.9624
alma-7b-slimgpt30-gen-pair-zh,alma-7b-slimgpt30-gen-pair-zh__alma10-greedy-300__a1091d618f75,slimgpt,gen,30,pair,zh,en-zh+zh-en,False,,en-cs,False,False,300,0.640375,8.3218,31.9173,-0.229929,-16.6087,-16.4675,-0.190847,0.04,0.0133,0.0167,0.0167,0,1.0174,0.01,0.0233,0.0533,0.04,0.0065,1.033
alma-7b-slimgpt30-gen-pair-zh,alma-7b-slimgpt30-gen-pair-zh__alma10-greedy-300__a1091d618f75,slimgpt,gen,30,pair,zh,en-zh+zh-en,False,,en-de,False,False,300,0.69776,11.4183,40.4492,-0.155204,-16.5732,-14.2849,-0.135423,0.08,0.01,0.0133,0.0133,0,1.1106,0.04,0,0.08,0.08,0.0109,1.1853
alma-7b-slimgpt30-gen-pair-zh,alma-7b-slimgpt30-gen-pair-zh__alma10-greedy-300__a1091d618f75,slimgpt,gen,30,pair,zh,en-zh+zh-en,False,,en-is,False,False,300,0.465831,4.7759,24.5384,-0.376008,-18.9747,-24.74,-0.3358,0.0667,0.0667,0.14,0.14,0,1.1688,0.0133,0,0.07,0.0667,0.003,1.3104
alma-7b-slimgpt30-gen-pair-zh,alma-7b-slimgpt30-gen-pair-zh__alma10-greedy-300__a1091d618f75,slimgpt,gen,30,pair,zh,en-zh+zh-en,False,,en-ru,False,False,300,0.7476,14.2936,39.344,-0.113481,-10.7124,-9.0715,-0.079209,0,0.0033,0.0033,0.0033,0,0.9596,0,0.0167,0.0533,0,0.012,1.0183
alma-7b-slimgpt30-gen-pair-zh,alma-7b-slimgpt30-gen-pair-zh__alma10-greedy-300__a1091d618f75,slimgpt,gen,30,pair,zh,en-zh+zh-en,False,,en-zh,False,True,300,0.824475,28.7505,23.282,-0.02626,-4.7519,-2.952,0.01184,0,0,0,0,0,0.9743,0,0.1567,0.02,0,0,0.9925
alma-7b-flap30-ref-pair-cs,alma-7b-flap30-ref-pair-cs__alma10-greedy-300__a2b6049f0bd8,flap,ref,30,pair,cs,cs-en+en-cs,False,,cs-en,True,True,300,0.82358,34.7848,57.5994,-0.028853,-7.2005,-5.7351,0.000107,0.0067,0,0,0,0,0.9586,0.0033,0,0.01,0.0067,0.0048,0.9894
alma-7b-flap30-ref-pair-cs,alma-7b-flap30-ref-pair-cs__alma10-greedy-300__a2b6049f0bd8,flap,ref,30,pair,cs,cs-en+en-cs,False,,de-en,True,False,300,0.8192,28.02,50.9277,-0.02001,-3.2968,-2.8669,-0.001541,0.0033,0,0,0,0,0.9366,0,0,0.0067,0.0033,0.0066,0.9594
alma-7b-flap30-ref-pair-cs,alma-7b-flap30-ref-pair-cs__alma10-greedy-300__a2b6049f0bd8,flap,ref,30,pair,cs,cs-en+en-cs,False,,is-en,True,False,300,0.834871,33.9246,54.978,-0.027792,-4.3247,-3.5189,-0.000252,0.0133,0,0,0,0,0.9546,0,0,0.0167,0.0133,0.0057,0.9896
alma-7b-flap30-ref-pair-cs,alma-7b-flap30-ref-pair-cs__alma10-greedy-300__a2b6049f0bd8,flap,ref,30,pair,cs,cs-en+en-cs,False,,ru-en,True,False,300,0.817746,33.0355,56.1112,-0.028677,-3.9015,-4.2995,0.004692,0,0,0,0,0,0.9753,0.0033,0.0067,0.0133,0,0.0078,0.9958
alma-7b-flap30-ref-pair-cs,alma-7b-flap30-ref-pair-cs__alma10-greedy-300__a2b6049f0bd8,flap,ref,30,pair,cs,cs-en+en-cs,False,,zh-en,True,False,300,0.743448,14.0854,41.5109,-0.052687,-5.7566,-6.7956,-0.008556,0,0.0133,0.0167,0.0167,0,0.9925,0,0.0067,0.0067,0,0.0043,1.0468
alma-7b-flap30-ref-pair-cs,alma-7b-flap30-ref-pair-cs__alma10-greedy-300__a2b6049f0bd8,flap,ref,30,pair,cs,cs-en+en-cs,False,,en-cs,False,True,300,0.817144,20.3194,42.4314,-0.05316,-4.6111,-5.9534,0.033833,0,0,0.0033,0.0033,0,0.9408,0,0.0267,0.02,0,0.0071,0.9881
alma-7b-flap30-ref-pair-cs,alma-7b-flap30-ref-pair-cs__alma10-greedy-300__a2b6049f0bd8,flap,ref,30,pair,cs,cs-en+en-cs,False,,en-de,False,False,300,0.77674,19.9342,46.6448,-0.076224,-8.0573,-8.0893,-0.021965,0.0233,0,0.0067,0.0067,0,0.991,0.02,0,0.0233,0.0233,0.0125,1.0303
alma-7b-flap30-ref-pair-cs,alma-7b-flap30-ref-pair-cs__alma10-greedy-300__a2b6049f0bd8,flap,ref,30,pair,cs,cs-en+en-cs,False,,en-is,False,False,300,0.561888,8.4437,30.6836,-0.279951,-15.3069,-18.5948,-0.118637,0.0067,0.0467,0.0767,0.0767,0,1.0489,0.0033,0,0.0233,0.0067,0.0074,1.2497
alma-7b-flap30-ref-pair-cs,alma-7b-flap30-ref-pair-cs__alma10-greedy-300__a2b6049f0bd8,flap,ref,30,pair,cs,cs-en+en-cs,False,,en-ru,False,False,300,0.796618,19.0356,41.2711,-0.064463,-5.9704,-7.1444,0.002832,0,0,0,0,0,0.9449,0,0.01,0.0533,0,0.0131,1.0088
alma-7b-flap30-ref-pair-cs,alma-7b-flap30-ref-pair-cs__alma10-greedy-300__a2b6049f0bd8,flap,ref,30,pair,cs,cs-en+en-cs,False,,en-zh,False,False,300,0.621809,12.8924,12.4477,-0.228926,-20.61,-13.7863,-0.09997,0.0033,0,0.02,0.02,0,0.732,0,0.3267,0.03,0.0033,0.019,0.699
alma-7b-flap30-ref-pair-de,alma-7b-flap30-ref-pair-de__alma10-greedy-300__999cff57bf09,flap,ref,30,pair,de,de-en+en-de,False,,cs-en,True,False,300,0.828862,35.4231,57.7873,-0.023571,-6.5622,-5.5472,0.005389,0.0033,0,0,0,0,0.9514,0.0033,0,0.0033,0.0033,0.0045,0.973
alma-7b-flap30-ref-pair-de,alma-7b-flap30-ref-pair-de__alma10-greedy-300__999cff57bf09,flap,ref,30,pair,de,de-en+en-de,False,,de-en,True,True,300,0.821177,28.0967,51.0649,-0.018033,-3.2201,-2.7297,0.000436,0.0033,0,0,0,0,0.9293,0,0,0.0067,0.0033,0.0069,0.9532
alma-7b-flap30-ref-pair-de,alma-7b-flap30-ref-pair-de__alma10-greedy-300__999cff57bf09,flap,ref,30,pair,de,de-en+en-de,False,,is-en,True,False,300,0.834378,32.6608,54.1802,-0.028285,-5.5885,-4.3167,-0.000745,0.0067,0.0033,0.0033,0.0033,0,0.9747,0,0,0.0167,0.0067,0.0061,1.0202
alma-7b-flap30-ref-pair-de,alma-7b-flap30-ref-pair-de__alma10-greedy-300__999cff57bf09,flap,ref,30,pair,de,de-en+en-de,False,,ru-en,True,False,300,0.813443,33.3099,56.5947,-0.03298,-3.6271,-3.816,0.000389,0,0.0033,0.0033,0.0033,0,0.9896,0.0033,0.0067,0.02,0,0.0077,1.0153
alma-7b-flap30-ref-pair-de,alma-7b-flap30-ref-pair-de__alma10-greedy-300__999cff57bf09,flap,ref,30,pair,de,de-en+en-de,False,,zh-en,True,False,300,0.74058,13.5525,40.9686,-0.055555,-6.2895,-7.3379,-0.011424,0.0033,0.0133,0.0167,0.0167,0,1.005,0,0.0033,0.02,0.0033,0.0051,1.0716
alma-7b-flap30-ref-pair-de,alma-7b-flap30-ref-pair-de__alma10-greedy-300__999cff57bf09,flap,ref,30,pair,de,de-en+en-de,False,,en-cs,False,False,300,0.713805,14.8856,36.3955,-0.156499,-10.0449,-11.9893,-0.069506,0.0067,0.0067,0.0233,0.0233,0,1.0181,0.0067,0.0333,0.02,0.0067,0.0079,1.03
alma-7b-flap30-ref-pair-de,alma-7b-flap30-ref-pair-de__alma10-greedy-300__999cff57bf09,flap,ref,30,pair,de,de-en+en-de,False,,en-de,False,True,300,0.807421,23.3606,48.8342,-0.045543,-4.6309,-5.8999,0.008716,0.0233,0,0,0,0,0.9515,0.0233,0,0.0233,0.0233,0.0134,0.9964
alma-7b-flap30-ref-pair-de,alma-7b-flap30-ref-pair-de__alma10-greedy-300__999cff57bf09,flap,ref,30,pair,de,de-en+en-de,False,,en-is,False,False,300,0.568571,9.4866,31.0842,-0.273268,-14.264,-18.1942,-0.111954,0.0067,0.0133,0.0733,0.0733,0,1.0071,0,0.0067,0.0233,0.0067,0.0051,1.1154
alma-7b-flap30-ref-pair-de,alma-7b-flap30-ref-pair-de__alma10-greedy-300__999cff57bf09,flap,ref,30,pair,de,de-en+en-de,False,,en-ru,False,False,300,0.780496,16.8677,39.0158,-0.080585,-8.1383,-9.3997,-0.01329,0,0,0,0,0,0.9045,0,0.0133,0.06,0,0.0122,0.9723
alma-7b-flap30-ref-pair-de,alma-7b-flap30-ref-pair-de__alma10-greedy-300__999cff57bf09,flap,ref,30,pair,de,de-en+en-de,False,,en-zh,False,False,300,0.579131,8.902,10.2401,-0.271604,-24.6004,-15.9939,-0.142648,0,0,0.01,0.01,0,0.5876,0,0.4067,0.0267,0,0.0241,0.5553
alma-7b-flap30-ref-pair-is,alma-7b-flap30-ref-pair-is__alma10-greedy-300__36a3101b7aae,flap,ref,30,pair,is,en-is+is-en,False,,cs-en,True,False,300,0.823509,32.7614,55.8601,-0.028924,-9.2239,-7.4744,3.6e-05,0.01,0.0033,0.0033,0.0033,0,0.9683,0,0,0.0133,0.01,0.0049,1.0066
alma-7b-flap30-ref-pair-is,alma-7b-flap30-ref-pair-is__alma10-greedy-300__36a3101b7aae,flap,ref,30,pair,is,en-is+is-en,False,,de-en,True,False,300,0.821195,26.713,49.634,-0.018015,-4.6038,-4.1606,0.000454,0,0,0,0,0,0.9218,0,0.0033,0.0033,0,0.0079,0.9371
alma-7b-flap30-ref-pair-is,alma-7b-flap30-ref-pair-is__alma10-greedy-300__36a3101b7aae,flap,ref,30,pair,is,en-is+is-en,False,,is-en,True,True,300,0.827987,30.0282,52.5521,-0.034676,-8.2211,-5.9448,-0.007136,0.0033,0.0067,0.0133,0.0133,0,1.0302,0,0,0.01,0.0033,0.0055,1.0543
alma-7b-flap30-ref-pair-is,alma-7b-flap30-ref-pair-is__alma10-greedy-300__36a3101b7aae,flap,ref,30,pair,is,en-is+is-en,False,,ru-en,True,False,300,0.818616,31.0468,54.5956,-0.027807,-5.8902,-5.8151,0.005562,0,0,0.0033,0.0033,0,0.9763,0.0033,0.0067,0.02,0,0.008,0.9903
alma-7b-flap30-ref-pair-is,alma-7b-flap30-ref-pair-is__alma10-greedy-300__36a3101b7aae,flap,ref,30,pair,is,en-is+is-en,False,,zh-en,True,False,300,0.742279,14.2669,41.5906,-0.053856,-5.5751,-6.7159,-0.009725,0,0.0167,0.02,0.02,0,1.0002,0,0.01,0.0067,0,0.0047,1.066
alma-7b-flap30-ref-pair-is,alma-7b-flap30-ref-pair-is__alma10-greedy-300__36a3101b7aae,flap,ref,30,pair,is,en-is+is-en,False,,en-cs,False,False,300,0.700094,10.9165,32.6191,-0.17021,-14.014,-15.7657,-0.083217,0.0133,0.0133,0.04,0.04,0,1.1287,0.0033,0.0267,0.0267,0.0133,0.0074,1.1567
alma-7b-flap30-ref-pair-is,alma-7b-flap30-ref-pair-is__alma10-greedy-300__36a3101b7aae,flap,ref,30,pair,is,en-is+is-en,False,,en-de,False,False,300,0.770486,19.7899,45.3509,-0.082478,-8.2016,-9.3832,-0.028219,0.02,0.0033,0.0067,0.0067,0,0.9803,0.0167,0.0033,0.0233,0.02,0.0139,0.9962
alma-7b-flap30-ref-pair-is,alma-7b-flap30-ref-pair-is__alma10-greedy-300__36a3101b7aae,flap,ref,30,pair,is,en-is+is-en,False,,en-is,False,True,300,0.767265,16.8465,41.1404,-0.074574,-6.9041,-8.138,0.08674,0,0,0.0067,0.0067,0,0.934,0,0,0,0,0.0043,0.9821
alma-7b-flap30-ref-pair-is,alma-7b-flap30-ref-pair-is__alma10-greedy-300__36a3101b7aae,flap,ref,30,pair,is,en-is+is-en,False,,en-ru,False,False,300,0.76021,15.9832,38.0789,-0.100871,-9.0228,-10.3366,-0.033576,0,0,0,0,0,0.8968,0,0.0167,0.0567,0,0.0122,0.9592
alma-7b-flap30-ref-pair-is,alma-7b-flap30-ref-pair-is__alma10-greedy-300__36a3101b7aae,flap,ref,30,pair,is,en-is+is-en,False,,en-zh,False,False,300,0.605801,10.2252,11.1758,-0.244934,-23.2772,-15.0582,-0.115978,0,0,0.03,0.03,0,0.7623,0,0.35,0.03,0,0.0687,0.6179
alma-7b-flap30-ref-pair-ru,alma-7b-flap30-ref-pair-ru__alma10-greedy-300__03dde3523af1,flap,ref,30,pair,ru,en-ru+ru-en,False,,cs-en,True,False,300,0.822164,33.8242,56.8217,-0.030269,-8.1611,-6.5128,-0.001309,0.0067,0,0,0,0,0.9712,0.0033,0,0.01,0.0067,0.0055,0.9981
alma-7b-flap30-ref-pair-ru,alma-7b-flap30-ref-pair-ru__alma10-greedy-300__03dde3523af1,flap,ref,30,pair,ru,en-ru+ru-en,False,,de-en,True,False,300,0.816436,27.9323,50.8952,-0.022774,-3.3845,-2.8994,-0.004305,0.0033,0,0,0,0,0.9353,0,0,0.01,0.0033,0.0079,0.9607
alma-7b-flap30-ref-pair-ru,alma-7b-flap30-ref-pair-ru__alma10-greedy-300__03dde3523af1,flap,ref,30,pair,ru,en-ru+ru-en,False,,is-en,True,False,300,0.827405,32.3057,53.656,-0.035258,-5.9436,-4.8409,-0.007718,0.0067,0,0,0,0,0.9642,0,0,0.0133,0.0067,0.0067,1.0008
alma-7b-flap30-ref-pair-ru,alma-7b-flap30-ref-pair-ru__alma10-greedy-300__03dde3523af1,flap,ref,30,pair,ru,en-ru+ru-en,False,,ru-en,True,True,300,0.809942,30.7476,55.103,-0.036481,-6.1894,-5.3077,-0.003112,0,0.0067,0.0067,0.0067,0,1.0771,0.0033,0.0067,0.0233,0,0.008,1.0758
alma-7b-flap30-ref-pair-ru,alma-7b-flap30-ref-pair-ru__alma10-greedy-300__03dde3523af1,flap,ref,30,pair,ru,en-ru+ru-en,False,,zh-en,True,False,300,0.740829,14.796,41.7108,-0.055306,-5.046,-6.5957,-0.011175,0.0033,0,0.0067,0.0067,0,0.9492,0,0.0167,0.0167,0.0033,0.0053,1.0151
alma-7b-flap30-ref-pair-ru,alma-7b-flap30-ref-pair-ru__alma10-greedy-300__03dde3523af1,flap,ref,30,pair,ru,en-ru+ru-en,False,,en-cs,False,False,300,0.75735,16.5158,38.6577,-0.112954,-8.4147,-9.7271,-0.025961,0.0033,0.0033,0.0067,0.0067,0,0.965,0,0.0233,0.02,0.0033,0.0082,1.0028
alma-7b-flap30-ref-pair-ru,alma-7b-flap30-ref-pair-ru__alma10-greedy-300__03dde3523af1,flap,ref,30,pair,ru,en-ru+ru-en,False,,en-de,False,False,300,0.75704,19.3033,46.0849,-0.095924,-8.6882,-8.6492,-0.041665,0.02,0,0,0,0,0.9574,0.0133,0.0033,0.0267,0.02,0.0145,1.0053
alma-7b-flap30-ref-pair-ru,alma-7b-flap30-ref-pair-ru__alma10-greedy-300__03dde3523af1,flap,ref,30,pair,ru,en-ru+ru-en,False,,en-is,False,False,300,0.524535,7.6693,29.1777,-0.317304,-16.0813,-20.1007,-0.15599,0.0167,0.03,0.1,0.1,0,1.0687,0.0067,0,0.02,0.0167,0.0044,1.2297
alma-7b-flap30-ref-pair-ru,alma-7b-flap30-ref-pair-ru__alma10-greedy-300__03dde3523af1,flap,ref,30,pair,ru,en-ru+ru-en,False,,en-ru,False,True,300,0.803008,17.6612,41.0521,-0.058073,-7.3448,-7.3634,0.009222,0,0,0,0,0,0.9575,0,0.0133,0.03,0,0.0137,1.0038
alma-7b-flap30-ref-pair-ru,alma-7b-flap30-ref-pair-ru__alma10-greedy-300__03dde3523af1,flap,ref,30,pair,ru,en-ru+ru-en,False,,en-zh,False,False,300,0.705763,18.478,15.6786,-0.144972,-15.0244,-10.5554,-0.016016,0,0,0.0233,0.0233,0,1.0012,0,0.2167,0.0167,0,0.037,0.9287
alma-7b-flap30-ref-pair-zh,alma-7b-flap30-ref-pair-zh__alma10-greedy-300__8789845e34d9,flap,ref,30,pair,zh,en-zh+zh-en,False,,cs-en,True,False,300,0.82052,34.2679,56.9527,-0.031913,-7.7174,-6.3818,-0.002953,0.0033,0,0,0,0,0.9422,0.0033,0,0.0033,0.0033,0.0059,0.9678
alma-7b-flap30-ref-pair-zh,alma-7b-flap30-ref-pair-zh__alma10-greedy-300__8789845e34d9,flap,ref,30,pair,zh,en-zh+zh-en,False,,de-en,True,False,300,0.8219,27.6472,50.4953,-0.01731,-3.6696,-3.2993,0.001159,0,0,0,0,0,0.9301,0,0,0.0033,0,0.0068,0.9609
alma-7b-flap30-ref-pair-zh,alma-7b-flap30-ref-pair-zh__alma10-greedy-300__8789845e34d9,flap,ref,30,pair,zh,en-zh+zh-en,False,,is-en,True,False,300,0.835047,32.5724,53.8367,-0.027616,-5.6769,-4.6602,-7.6e-05,0,0,0,0,0,0.9455,0,0.0033,0.01,0,0.0068,0.9833
alma-7b-flap30-ref-pair-zh,alma-7b-flap30-ref-pair-zh__alma10-greedy-300__8789845e34d9,flap,ref,30,pair,zh,en-zh+zh-en,False,,ru-en,True,False,300,0.818193,32.9312,56.4095,-0.02823,-4.0058,-4.0012,0.005139,0,0,0,0,0,0.982,0.0033,0.01,0.02,0,0.008,1.0144
alma-7b-flap30-ref-pair-zh,alma-7b-flap30-ref-pair-zh__alma10-greedy-300__8789845e34d9,flap,ref,30,pair,zh,en-zh+zh-en,False,,zh-en,True,True,300,0.760236,16.6706,44.1364,-0.035899,-3.1714,-4.1701,0.008232,0,0,0,0,0,0.8935,0,0.01,0.0067,0,0.0045,0.9423
alma-7b-flap30-ref-pair-zh,alma-7b-flap30-ref-pair-zh__alma10-greedy-300__8789845e34d9,flap,ref,30,pair,zh,en-zh+zh-en,False,,en-cs,False,False,300,0.687451,12.1493,34.1333,-0.182853,-12.7812,-14.2515,-0.09586,0.0133,0.0033,0.01,0.01,0,0.9584,0.0033,0.03,0.0267,0.0133,0.0063,1.0121
alma-7b-flap30-ref-pair-zh,alma-7b-flap30-ref-pair-zh__alma10-greedy-300__8789845e34d9,flap,ref,30,pair,zh,en-zh+zh-en,False,,en-de,False,False,300,0.749067,17.653,44.8142,-0.103897,-10.3385,-9.9199,-0.049638,0.03,0,0,0,0,0.9545,0.0167,0,0.03,0.03,0.0139,0.9952
alma-7b-flap30-ref-pair-zh,alma-7b-flap30-ref-pair-zh__alma10-greedy-300__8789845e34d9,flap,ref,30,pair,zh,en-zh+zh-en,False,,en-is,False,False,300,0.522225,7.7263,28.983,-0.319614,-16.0243,-20.2954,-0.1583,0.0067,0.01,0.0433,0.0433,0,0.9359,0.0033,0,0.0133,0.0067,0.0051,1.0558
alma-7b-flap30-ref-pair-zh,alma-7b-flap30-ref-pair-zh__alma10-greedy-300__8789845e34d9,flap,ref,30,pair,zh,en-zh+zh-en,False,,en-ru,False,False,300,0.745206,14.9746,38.2916,-0.115875,-10.0314,-10.1239,-0.04858,0,0.0033,0.01,0.01,0,0.97,0,0.0133,0.0667,0,0.0131,1.0004
alma-7b-flap30-ref-pair-zh,alma-7b-flap30-ref-pair-zh__alma10-greedy-300__8789845e34d9,flap,ref,30,pair,zh,en-zh+zh-en,False,,en-zh,False,True,300,0.764771,22.3444,19.6845,-0.085964,-11.158,-6.5495,0.042992,0,0,0.0033,0.0033,0,0.875,0,0.2067,0.0267,0,0.0008,0.8927
alma-7b-flap30-gen-pair-cs,alma-7b-flap30-gen-pair-cs__alma10-greedy-300__6a82e0427284,flap,gen,30,pair,cs,cs-en+en-cs,False,,cs-en,True,True,300,0.827983,35.4737,57.8869,-0.02445,-6.5116,-5.4476,0.000194,0.0067,0,0,0,0,0.9586,0.0033,0,0.0067,0.0067,0.0057,0.9877
alma-7b-flap30-gen-pair-cs,alma-7b-flap30-gen-pair-cs__alma10-greedy-300__6a82e0427284,flap,gen,30,pair,cs,cs-en+en-cs,False,,de-en,True,False,300,0.819031,28.2428,51.4103,-0.020179,-3.074,-2.3843,0.000614,0.0033,0,0,0,0,0.9388,0,0,0.0067,0.0033,0.0063,0.958
alma-7b-flap30-gen-pair-cs,alma-7b-flap30-gen-pair-cs__alma10-greedy-300__6a82e0427284,flap,gen,30,pair,cs,cs-en+en-cs,False,,is-en,True,False,300,0.835636,33.4592,54.7324,-0.027027,-4.7901,-3.7645,0.001624,0.01,0,0,0,0,0.948,0,0,0.0133,0.01,0.0056,0.982
alma-7b-flap30-gen-pair-cs,alma-7b-flap30-gen-pair-cs__alma10-greedy-300__6a82e0427284,flap,gen,30,pair,cs,cs-en+en-cs,False,,ru-en,True,False,300,0.819144,33.5703,56.5085,-0.027279,-3.3667,-3.9022,0.00425,0,0,0,0,0,0.9772,0.0033,0.0067,0.0133,0,0.0077,0.9995
alma-7b-flap30-gen-pair-cs,alma-7b-flap30-gen-pair-cs__alma10-greedy-300__6a82e0427284,flap,gen,30,pair,cs,cs-en+en-cs,False,,zh-en,True,False,300,0.733505,13.1343,40.6066,-0.06263,-6.7077,-7.6999,-0.024109,0,0.0233,0.03,0.03,0,1.0653,0,0.0067,0.0133,0,0.0042,1.1344
alma-7b-flap30-gen-pair-cs,alma-7b-flap30-gen-pair-cs__alma10-greedy-300__6a82e0427284,flap,gen,30,pair,cs,cs-en+en-cs,False,,en-cs,False,True,300,0.813249,19.4433,42.1425,-0.057055,-5.4872,-6.2423,0.027327,0,0.0033,0.0067,0.0067,0,0.9723,0,0.0267,0.0167,0,0.0072,1.0263
alma-7b-flap30-gen-pair-cs,alma-7b-flap30-gen-pair-cs__alma10-greedy-300__6a82e0427284,flap,gen,30,pair,cs,cs-en+en-cs,False,,en-de,False,False,300,0.776241,20.25,46.374,-0.076723,-7.7415,-8.3601,-0.018663,0.0167,0,0,0,0,0.9528,0.0167,0,0.0167,0.0167,0.0138,0.9903
alma-7b-flap30-gen-pair-cs,alma-7b-flap30-gen-pair-cs__alma10-greedy-300__6a82e0427284,flap,gen,30,pair,cs,cs-en+en-cs,False,,en-is,False,False,300,0.564413,8.492,31.3346,-0.277426,-15.2586,-17.9438,-0.115783,0.0067,0.0467,0.0667,0.0667,0,1.05,0,0,0.0167,0.0067,0.0049,1.2707
alma-7b-flap30-gen-pair-cs,alma-7b-flap30-gen-pair-cs__alma10-greedy-300__6a82e0427284,flap,gen,30,pair,cs,cs-en+en-cs,False,,en-ru,False,False,300,0.795146,18.5399,40.4178,-0.065935,-6.4661,-7.9977,-0.002185,0,0,0,0,0,0.937,0,0.02,0.0667,0,0.0138,1.0012
alma-7b-flap30-gen-pair-cs,alma-7b-flap30-gen-pair-cs__alma10-greedy-300__6a82e0427284,flap,gen,30,pair,cs,cs-en+en-cs,False,,en-zh,False,False,300,0.627179,13.2962,12.2813,-0.223556,-20.2062,-13.9527,-0.091484,0,0,0.03,0.03,0,0.7636,0,0.3267,0.03,0,0.0277,0.7128
alma-7b-flap30-gen-pair-de,alma-7b-flap30-gen-pair-de__alma10-greedy-300__e9f156d5bc8f,flap,gen,30,pair,de,de-en+en-de,False,,cs-en,True,False,300,0.825031,35.4041,57.6587,-0.027402,-6.5812,-5.6758,-0.002758,0.0033,0,0,0,0,0.959,0.0033,0,0.0067,0.0033,0.0044,0.9855
alma-7b-flap30-gen-pair-de,alma-7b-flap30-gen-pair-de__alma10-greedy-300__e9f156d5bc8f,flap,gen,30,pair,de,de-en+en-de,False,,de-en,True,True,300,0.818675,27.9354,51.1079,-0.020535,-3.3814,-2.6867,0.000258,0,0,0,0,0,0.9279,0,0,0.0033,0,0.0065,0.9503
alma-7b-flap30-gen-pair-de,alma-7b-flap30-gen-pair-de__alma10-greedy-300__e9f156d5bc8f,flap,gen,30,pair,de,de-en+en-de,False,,is-en,True,False,300,0.836608,32.8253,54.2469,-0.026055,-5.424,-4.25,0.002596,0.0067,0.0033,0.0033,0.0033,0,0.9748,0,0,0.02,0.0067,0.0066,1.011
alma-7b-flap30-gen-pair-de,alma-7b-flap30-gen-pair-de__alma10-greedy-300__e9f156d5bc8f,flap,gen,30,pair,de,de-en+en-de,False,,ru-en,True,False,300,0.817748,32.4714,56.6015,-0.028675,-4.4656,-3.8092,0.002854,0,0,0.0067,0.0067,0,1.0296,0.0033,0.0067,0.02,0,0.0074,1.0549
alma-7b-flap30-gen-pair-de,alma-7b-flap30-gen-pair-de__alma10-greedy-300__e9f156d5bc8f,flap,gen,30,pair,de,de-en+en-de,False,,zh-en,True,False,300,0.738672,13.2005,40.6651,-0.057463,-6.6415,-7.6414,-0.018942,0,0.0233,0.0233,0.0233,0,1.04,0,0.0133,0.02,0,0.0046,1.115
alma-7b-flap30-gen-pair-de,alma-7b-flap30-gen-pair-de__alma10-greedy-300__e9f156d5bc8f,flap,gen,30,pair,de,de-en+en-de,False,,en-cs,False,False,300,0.715954,13.1293,35.9954,-0.15435,-11.8012,-12.3894,-0.069968,0.0067,0.01,0.0333,0.0333,0,1.0923,0.0033,0.0367,0.0233,0.0067,0.0072,1.1531
alma-7b-flap30-gen-pair-de,alma-7b-flap30-gen-pair-de__alma10-greedy-300__e9f156d5bc8f,flap,gen,30,pair,de,de-en+en-de,False,,en-de,False,True,300,0.804647,22.2899,47.9726,-0.048317,-5.7016,-6.7615,0.009743,0.0233,0,0.0033,0.0033,0,0.9596,0.0233,0,0.0233,0.0233,0.0134,1.0024
alma-7b-flap30-gen-pair-de,alma-7b-flap30-gen-pair-de__alma10-greedy-300__e9f156d5bc8f,flap,gen,30,pair,de,de-en+en-de,False,,en-is,False,False,300,0.581234,10.1027,32.0061,-0.260605,-13.6479,-17.2723,-0.098962,0.0067,0.0167,0.0533,0.0533,0,1.0396,0,0.0033,0.03,0.0067,0.0055,1.1091
alma-7b-flap30-gen-pair-de,alma-7b-flap30-gen-pair-de__alma10-greedy-300__e9f156d5bc8f,flap,gen,30,pair,de,de-en+en-de,False,,en-ru,False,False,300,0.780389,17.8502,39.5655,-0.080692,-7.1558,-8.85,-0.016942,0,0,0,0,0,0.9222,0,0.01,0.0567,0,0.0125,0.9859
alma-7b-flap30-gen-pair-de,alma-7b-flap30-gen-pair-de__alma10-greedy-300__e9f156d5bc8f,flap,gen,30,pair,de,de-en+en-de,False,,en-zh,False,False,300,0.586886,9.0724,10.655,-0.263849,-24.43,-15.579,-0.131777,0,0,0.0333,0.0333,0,0.7596,0,0.38,0.02,0,0.0944,0.5581
alma-7b-flap30-gen-pair-is,alma-7b-flap30-gen-pair-is__alma10-greedy-300__a2f875afbcc1,flap,gen,30,pair,is,en-is+is-en,False,,cs-en,True,False,300,0.826238,33.6978,56.5833,-0.026195,-8.2875,-6.7512,-0.001551,0.0033,0,0,0,0,0.945,0,0,0.0067,0.0033,0.0049,0.9658
alma-7b-flap30-gen-pair-is,alma-7b-flap30-gen-pair-is__alma10-greedy-300__a2f875afbcc1,flap,gen,30,pair,is,en-is+is-en,False,,de-en,True,False,300,0.821679,26.6943,49.4309,-0.017531,-4.6225,-4.3637,0.003262,0,0.0033,0.0033,0.0033,0,0.9666,0,0.0033,0.0033,0,0.0066,0.9896
alma-7b-flap30-gen-pair-is,alma-7b-flap30-gen-pair-is__alma10-greedy-300__a2f875afbcc1,flap,gen,30,pair,is,en-is+is-en,False,,is-en,True,True,300,0.833486,31.0974,53.6809,-0.029177,-7.1519,-4.816,-0.000526,0.0033,0.0067,0.0067,0.0067,0,1.0024,0,0,0.01,0.0033,0.0056,1.0339
alma-7b-flap30-gen-pair-is,alma-7b-flap30-gen-pair-is__alma10-greedy-300__a2f875afbcc1,flap,gen,30,pair,is,en-is+is-en,False,,ru-en,True,False,300,0.812734,30.7615,54.4028,-0.033689,-6.1755,-6.0079,-0.00216,0,0,0.0033,0.0033,0,0.971,0.0033,0.0067,0.0233,0,0.008,0.9799
alma-7b-flap30-gen-pair-is,alma-7b-flap30-gen-pair-is__alma10-greedy-300__a2f875afbcc1,flap,gen,30,pair,is,en-is+is-en,False,,zh-en,True,False,300,0.745695,14.495,41.688,-0.05044,-5.347,-6.6185,-0.011919,0,0.0133,0.0167,0.0167,0,0.9942,0,0.01,0.0067,0,0.0052,1.0602
alma-7b-flap30-gen-pair-is,alma-7b-flap30-gen-pair-is__alma10-greedy-300__a2f875afbcc1,flap,gen,30,pair,is,en-is+is-en,False,,en-cs,False,False,300,0.699753,10.4024,32.2235,-0.170551,-14.5281,-16.1613,-0.086169,0.0067,0.03,0.0533,0.0533,0,1.1924,0,0.0233,0.0233,0.0067,0.0064,1.2332
alma-7b-flap30-gen-pair-is,alma-7b-flap30-gen-pair-is__alma10-greedy-300__a2f875afbcc1,flap,gen,30,pair,is,en-is+is-en,False,,en-de,False,False,300,0.762628,18.9404,44.9569,-0.090336,-9.0511,-9.7772,-0.032276,0.0233,0,0.01,0.01,0,0.9966,0.0167,0.0033,0.03,0.0233,0.0133,0.9797
alma-7b-flap30-gen-pair-is,alma-7b-flap30-gen-pair-is__alma10-greedy-300__a2f875afbcc1,flap,gen,30,pair,is,en-is+is-en,False,,en-is,False,True,300,0.761535,17.2264,41.1168,-0.080304,-6.5242,-8.1616,0.081339,0.0033,0,0.0067,0.0067,0,0.9357,0,0,0.0033,0.0033,0.0085,0.9833
alma-7b-flap30-gen-pair-is,alma-7b-flap30-gen-pair-is__alma10-greedy-300__a2f875afbcc1,flap,gen,30,pair,is,en-is+is-en,False,,en-ru,False,False,300,0.75199,15.4979,36.3687,-0.109091,-9.5081,-12.0468,-0.045341,0,0,0.0067,0.0067,0,0.9018,0,0.02,0.0267,0,0.0116,0.9773
alma-7b-flap30-gen-pair-is,alma-7b-flap30-gen-pair-is__alma10-greedy-300__a2f875afbcc1,flap,gen,30,pair,is,en-is+is-en,False,,en-zh,False,False,300,0.594481,9.6187,10.439,-0.256254,-23.8837,-15.795,-0.124182,0,0,0.03,0.03,0,0.7,0,0.3567,0.0367,0,0.0358,0.6282
alma-7b-flap30-gen-pair-ru,alma-7b-flap30-gen-pair-ru__alma10-greedy-300__0ad551e2e482,flap,gen,30,pair,ru,en-ru+ru-en,False,,cs-en,True,False,300,0.822472,33.449,57.1715,-0.029961,-8.5363,-6.163,-0.005317,0.0067,0.0033,0.0033,0.0033,0,0.9976,0.0033,0,0.01,0.0067,0.0049,1.0361
alma-7b-flap30-gen-pair-ru,alma-7b-flap30-gen-pair-ru__alma10-greedy-300__0ad551e2e482,flap,gen,30,pair,ru,en-ru+ru-en,False,,de-en,True,False,300,0.819694,27.8063,51.285,-0.019516,-3.5105,-2.5096,0.001277,0,0,0,0,0,0.9375,0,0,0.0033,0,0.008,0.9612
alma-7b-flap30-gen-pair-ru,alma-7b-flap30-gen-pair-ru__alma10-greedy-300__0ad551e2e482,flap,gen,30,pair,ru,en-ru+ru-en,False,,is-en,True,False,300,0.829749,32.6051,53.9587,-0.032914,-5.6442,-4.5382,-0.004263,0.0067,0,0,0,0,0.9657,0,0,0.0133,0.0067,0.0069,1.0006
alma-7b-flap30-gen-pair-ru,alma-7b-flap30-gen-pair-ru__alma10-greedy-300__0ad551e2e482,flap,gen,30,pair,ru,en-ru+ru-en,False,,ru-en,True,True,300,0.811735,31.7515,55.6857,-0.034688,-5.1855,-4.725,-0.003159,0,0.0033,0.0033,0.0033,0,1.0248,0.0033,0.0067,0.02,0,0.0089,1.0347
alma-7b-flap30-gen-pair-ru,alma-7b-flap30-gen-pair-ru__alma10-greedy-300__0ad551e2e482,flap,gen,30,pair,ru,en-ru+ru-en,False,,zh-en,True,False,300,0.742233,14.7442,42.058,-0.053902,-5.0978,-6.2485,-0.015381,0,0.0067,0.0067,0.0067,0,0.9576,0,0.0133,0.0133,0,0.0057,1.0134
alma-7b-flap30-gen-pair-ru,alma-7b-flap30-gen-pair-ru__alma10-greedy-300__0ad551e2e482,flap,gen,30,pair,ru,en-ru+ru-en,False,,en-cs,False,False,300,0.743513,15.8064,37.8818,-0.126791,-9.1241,-10.503,-0.042409,0.0033,0,0.01,0.01,0,1.0041,0,0.0267,0.0267,0.0033,0.008,1.0261
alma-7b-flap30-gen-pair-ru,alma-7b-flap30-gen-pair-ru__alma10-greedy-300__0ad551e2e482,flap,gen,30,pair,ru,en-ru+ru-en,False,,en-de,False,False,300,0.768541,19.0974,46.1154,-0.084423,-8.8941,-8.6187,-0.026363,0.0233,0,0,0,0,0.9626,0.0133,0.0033,0.0333,0.0233,0.0159,1.0109
alma-7b-flap30-gen-pair-ru,alma-7b-flap30-gen-pair-ru__alma10-greedy-300__0ad551e2e482,flap,gen,30,pair,ru,en-ru+ru-en,False,,en-is,False,False,300,0.516182,6.6745,28.1094,-0.325657,-17.0761,-21.169,-0.164014,0.0167,0.0433,0.1267,0.1267,0,1.1657,0.01,0,0.02,0.0167,0.0049,1.355
alma-7b-flap30-gen-pair-ru,alma-7b-flap30-gen-pair-ru__alma10-greedy-300__0ad551e2e482,flap,gen,30,pair,ru,en-ru+ru-en,False,,en-ru,False,True,300,0.800392,19.0216,41.6033,-0.060689,-5.9844,-6.8122,0.003061,0,0,0,0,0,0.9603,0,0.0167,0.0233,0,0.0138,1.0082
alma-7b-flap30-gen-pair-ru,alma-7b-flap30-gen-pair-ru__alma10-greedy-300__0ad551e2e482,flap,gen,30,pair,ru,en-ru+ru-en,False,,en-zh,False,False,300,0.688983,17.951,14.88,-0.161752,-15.5514,-11.354,-0.02968,0,0,0.04,0.04,0,1.0382,0,0.2,0.03,0,0.0282,0.9869
alma-7b-flap30-gen-pair-zh,alma-7b-flap30-gen-pair-zh__alma10-greedy-300__48ce4f609c17,flap,gen,30,pair,zh,en-zh+zh-en,False,,cs-en,True,False,300,0.825436,34.8084,57.3247,-0.026997,-7.1769,-6.0098,-0.002353,0.0033,0,0,0,0,0.9424,0.0033,0,0.0033,0.0033,0.006,0.9694
alma-7b-flap30-gen-pair-zh,alma-7b-flap30-gen-pair-zh__alma10-greedy-300__48ce4f609c17,flap,gen,30,pair,zh,en-zh+zh-en,False,,de-en,True,False,300,0.821944,27.8538,50.6855,-0.017266,-3.463,-3.1091,0.003527,0,0,0,0,0,0.926,0,0,0.0033,0,0.0071,0.9536
alma-7b-flap30-gen-pair-zh,alma-7b-flap30-gen-pair-zh__alma10-greedy-300__48ce4f609c17,flap,gen,30,pair,zh,en-zh+zh-en,False,,is-en,True,False,300,0.836458,33.4733,54.4844,-0.026205,-4.776,-4.0125,0.002446,0.0033,0,0,0,0,0.9485,0,0,0.0133,0.0033,0.007,0.9869
alma-7b-flap30-gen-pair-zh,alma-7b-flap30-gen-pair-zh__alma10-greedy-300__48ce4f609c17,flap,gen,30,pair,zh,en-zh+zh-en,False,,ru-en,True,False,300,0.817538,33.2227,56.451,-0.028885,-3.7143,-3.9597,0.002644,0,0,0,0,0,0.9806,0.0033,0.01,0.02,0,0.0077,1.0086
alma-7b-flap30-gen-pair-zh,alma-7b-flap30-gen-pair-zh__alma10-greedy-300__48ce4f609c17,flap,gen,30,pair,zh,en-zh+zh-en,False,,zh-en,True,True,300,0.759684,16.3441,43.2808,-0.036451,-3.4979,-5.0257,0.00207,0,0.0033,0.0033,0.0033,0,0.9031,0,0.0067,0.0067,0,0.0044,0.9526
alma-7b-flap30-gen-pair-zh,alma-7b-flap30-gen-pair-zh__alma10-greedy-300__48ce4f609c17,flap,gen,30,pair,zh,en-zh+zh-en,False,,en-cs,False,False,300,0.684941,12.1579,34.6195,-0.185363,-12.7726,-13.7653,-0.100981,0.0167,0.0033,0.01,0.01,0,0.9477,0.0033,0.03,0.02,0.0167,0.012,0.9815
alma-7b-flap30-gen-pair-zh,alma-7b-flap30-gen-pair-zh__alma10-greedy-300__48ce4f609c17,flap,gen,30,pair,zh,en-zh+zh-en,False,,en-de,False,False,300,0.743631,16.9079,44.1204,-0.109333,-11.0836,-10.6137,-0.051273,0.0333,0,0,0,0,0.9452,0.0167,0,0.04,0.0333,0.0145,0.9874
alma-7b-flap30-gen-pair-zh,alma-7b-flap30-gen-pair-zh__alma10-greedy-300__48ce4f609c17,flap,gen,30,pair,zh,en-zh+zh-en,False,,en-is,False,False,300,0.517748,7.3601,29.3812,-0.324091,-16.3905,-19.8972,-0.162448,0.01,0.02,0.0533,0.0533,0,0.9716,0.0033,0,0.02,0.01,0.0055,1.1267
alma-7b-flap30-gen-pair-zh,alma-7b-flap30-gen-pair-zh__alma10-greedy-300__48ce4f609c17,flap,gen,30,pair,zh,en-zh+zh-en,False,,en-ru,False,False,300,0.746446,13.7417,37.7669,-0.114635,-11.2643,-10.6486,-0.050885,0,0.0067,0.0133,0.0133,0,0.9825,0,0.0267,0.06,0,0.0123,1.0307
alma-7b-flap30-gen-pair-zh,alma-7b-flap30-gen-pair-zh__alma10-greedy-300__48ce4f609c17,flap,gen,30,pair,zh,en-zh+zh-en,False,,en-zh,False,True,300,0.769938,23.3112,19.253,-0.080797,-10.1912,-6.981,0.051275,0,0,0.0167,0.0167,0,0.937,0,0.1867,0.03,0,0.0098,0.9341
alma-7b-slimgpt40-ref-pair-cs,alma-7b-slimgpt40-ref-pair-cs__alma10-greedy-300__75bb925cc839,slimgpt,ref,40,pair,cs,cs-en+en-cs,False,,cs-en,True,True,300,0.829655,34.353,56.884,-0.022778,-7.6323,-6.4505,0.007367,0.0033,0,0.0033,0.0033,0,0.9704,0,0,0.0033,0.0033,0.0033,1.0005
alma-7b-slimgpt40-ref-pair-cs,alma-7b-slimgpt40-ref-pair-cs__alma10-greedy-300__75bb925cc839,slimgpt,ref,40,pair,cs,cs-en+en-cs,False,,de-en,True,False,300,0.818384,26.0867,49.9697,-0.020826,-5.2301,-3.8249,0.003162,0.0033,0,0,0,0,0.9267,0,0.0033,0.0067,0.0033,0.0052,0.9384
alma-7b-slimgpt40-ref-pair-cs,alma-7b-slimgpt40-ref-pair-cs__alma10-greedy-300__75bb925cc839,slimgpt,ref,40,pair,cs,cs-en+en-cs,False,,is-en,True,False,300,0.827761,30.5763,52.1966,-0.034902,-7.673,-6.3003,-0.005974,0.0067,0.0033,0.0033,0.0033,0,0.9701,0,0,0.0167,0.0067,0.0061,1.0041
alma-7b-slimgpt40-ref-pair-cs,alma-7b-slimgpt40-ref-pair-cs__alma10-greedy-300__75bb925cc839,slimgpt,ref,40,pair,cs,cs-en+en-cs,False,,ru-en,True,False,300,0.810353,30.8023,55.4239,-0.03607,-6.1347,-4.9868,-0.006378,0,0,0,0,0,0.9793,0.0033,0.0067,0.01,0,0.0068,0.9963
alma-7b-slimgpt40-ref-pair-cs,alma-7b-slimgpt40-ref-pair-cs__alma10-greedy-300__75bb925cc839,slimgpt,ref,40,pair,cs,cs-en+en-cs,False,,zh-en,True,False,300,0.740437,12.5726,38.5814,-0.055698,-7.2694,-9.7251,-0.010544,0,0.01,0.0133,0.0133,0,0.9961,0,0.0033,0.01,0,0.0031,1.0289
alma-7b-slimgpt40-ref-pair-cs,alma-7b-slimgpt40-ref-pair-cs__alma10-greedy-300__75bb925cc839,slimgpt,ref,40,pair,cs,cs-en+en-cs,False,,en-cs,False,True,300,0.824572,18.563,41.3958,-0.045732,-6.3675,-6.989,0.034693,0.0033,0.0033,0.0033,0.0033,0,0.9455,0,0.0133,0.02,0.0033,0.0066,0.9672
alma-7b-slimgpt40-ref-pair-cs,alma-7b-slimgpt40-ref-pair-cs__alma10-greedy-300__75bb925cc839,slimgpt,ref,40,pair,cs,cs-en+en-cs,False,,en-de,False,False,300,0.739501,16.4667,43.8242,-0.113463,-11.5248,-10.9099,-0.057534,0.02,0,0,0,0,0.9691,0.0067,0,0.0233,0.02,0.0146,0.992
alma-7b-slimgpt40-ref-pair-cs,alma-7b-slimgpt40-ref-pair-cs__alma10-greedy-300__75bb925cc839,slimgpt,ref,40,pair,cs,cs-en+en-cs,False,,en-is,False,False,300,0.542144,8.2375,29.796,-0.299695,-15.5131,-19.4824,-0.205763,0.01,0.01,0.02,0.02,0,0.9347,0,0,0.0167,0.01,0.0054,1.0221
alma-7b-slimgpt40-ref-pair-cs,alma-7b-slimgpt40-ref-pair-cs__alma10-greedy-300__75bb925cc839,slimgpt,ref,40,pair,cs,cs-en+en-cs,False,,en-ru,False,False,300,0.778395,15.4595,37.1103,-0.082686,-9.5465,-11.3052,-0.014882,0,0,0,0,0,0.9165,0,0.0133,0.0567,0,0.0132,0.9709
alma-7b-slimgpt40-ref-pair-cs,alma-7b-slimgpt40-ref-pair-cs__alma10-greedy-300__75bb925cc839,slimgpt,ref,40,pair,cs,cs-en+en-cs,False,,en-zh,False,False,300,0.472734,3.1849,5.4651,-0.378001,-30.3175,-20.7689,-0.2742,0,0,0.0433,0.0433,0,0.7107,0,0.5567,0.04,0,0.2124,0.3881
alma-7b-slimgpt40-ref-pair-de,alma-7b-slimgpt40-ref-pair-de__alma10-greedy-300__79a5eaebb564,slimgpt,ref,40,pair,de,de-en+en-de,False,,cs-en,True,False,300,0.823323,33.8842,56.9417,-0.02911,-8.1011,-6.3928,0.001035,0.0033,0,0,0,0,0.9592,0.0033,0.0033,0.0033,0.0033,0.0057,0.9789
alma-7b-slimgpt40-ref-pair-de,alma-7b-slimgpt40-ref-pair-de__alma10-greedy-300__79a5eaebb564,slimgpt,ref,40,pair,de,de-en+en-de,False,,de-en,True,True,300,0.819465,25.9732,49.9324,-0.019745,-5.3436,-3.8622,0.004243,0.0033,0,0,0,0,0.9276,0,0.0033,0.0067,0.0033,0.0061,0.9411
alma-7b-slimgpt40-ref-pair-de,alma-7b-slimgpt40-ref-pair-de__alma10-greedy-300__79a5eaebb564,slimgpt,ref,40,pair,de,de-en+en-de,False,,is-en,True,False,300,0.834016,30.4626,52.7742,-0.028647,-7.7867,-5.7227,0.000281,0.0033,0,0,0,0,0.9752,0,0,0.0133,0.0033,0.0062,1.0008
alma-7b-slimgpt40-ref-pair-de,alma-7b-slimgpt40-ref-pair-de__alma10-greedy-300__79a5eaebb564,slimgpt,ref,40,pair,de,de-en+en-de,False,,ru-en,True,False,300,0.812841,31.7863,56.0331,-0.033582,-5.1507,-4.3776,-0.00389,0,0,0,0,0,0.979,0.0033,0.0067,0.02,0,0.0085,0.9935
alma-7b-slimgpt40-ref-pair-de,alma-7b-slimgpt40-ref-pair-de__alma10-greedy-300__79a5eaebb564,slimgpt,ref,40,pair,de,de-en+en-de,False,,zh-en,True,False,300,0.735416,12.2897,38.0513,-0.060719,-7.5523,-10.2552,-0.015565,0,0.01,0.0133,0.0133,0,0.9512,0,0,0.01,0,0.0039,0.9842
alma-7b-slimgpt40-ref-pair-de,alma-7b-slimgpt40-ref-pair-de__alma10-greedy-300__79a5eaebb564,slimgpt,ref,40,pair,de,de-en+en-de,False,,en-cs,False,False,300,0.635197,9.315,31.3375,-0.235107,-15.6155,-17.0473,-0.154682,0.0067,0.0133,0.04,0.04,0,1.1023,0.0067,0.0133,0.0367,0.0067,0.0088,1.1082
alma-7b-slimgpt40-ref-pair-de,alma-7b-slimgpt40-ref-pair-de__alma10-greedy-300__79a5eaebb564,slimgpt,ref,40,pair,de,de-en+en-de,False,,en-de,False,True,300,0.812401,22.3902,49.2428,-0.040563,-5.6013,-5.4913,0.015366,0.0133,0,0,0,0,0.9686,0.0133,0.0033,0.0133,0.0133,0.0123,1.0015
alma-7b-slimgpt40-ref-pair-de,alma-7b-slimgpt40-ref-pair-de__alma10-greedy-300__79a5eaebb564,slimgpt,ref,40,pair,de,de-en+en-de,False,,en-is,False,False,300,0.511973,7.9571,28.376,-0.329866,-15.7935,-20.9024,-0.235934,0.0167,0.0233,0.05,0.05,0,1.001,0,0,0.0433,0.0167,0.0059,1.058
alma-7b-slimgpt40-ref-pair-de,alma-7b-slimgpt40-ref-pair-de__alma10-greedy-300__79a5eaebb564,slimgpt,ref,40,pair,de,de-en+en-de,False,,en-ru,False,False,300,0.711707,13.8733,34.319,-0.149374,-11.1327,-14.0965,-0.08157,0.0167,0,0.0067,0.0067,0,0.8831,0.0133,0.0233,0.1033,0.0167,0.0149,0.9753
alma-7b-slimgpt40-ref-pair-de,alma-7b-slimgpt40-ref-pair-de__alma10-greedy-300__79a5eaebb564,slimgpt,ref,40,pair,de,de-en+en-de,False,,en-zh,False,False,300,0.475927,3.6509,5.7083,-0.374808,-29.8515,-20.5257,-0.271007,0.0067,0,0.13,0.13,0,1.4258,0.0033,0.4533,0.0967,0.0067,0.3014,0.4454
alma-7b-slimgpt40-ref-pair-is,alma-7b-slimgpt40-ref-pair-is__alma10-greedy-300__56e2a83438ae,slimgpt,ref,40,pair,is,en-is+is-en,False,,cs-en,True,False,300,0.803911,30.7549,53.6726,-0.048522,-11.2304,-9.6619,-0.018377,0.0033,0.0033,0.0033,0.0033,0,0.9951,0.0033,0.0033,0.01,0.0033,0.0044,0.9992
alma-7b-slimgpt40-ref-pair-is,alma-7b-slimgpt40-ref-pair-is__alma10-greedy-300__56e2a83438ae,slimgpt,ref,40,pair,is,en-is+is-en,False,,de-en,True,False,300,0.813666,22.302,47.6371,-0.025544,-9.0148,-6.1575,-0.001556,0.0067,0,0,0,0,0.9071,0,0.0033,0.01,0.0067,0.0058,0.9192
alma-7b-slimgpt40-ref-pair-is,alma-7b-slimgpt40-ref-pair-is__alma10-greedy-300__56e2a83438ae,slimgpt,ref,40,pair,is,en-is+is-en,False,,is-en,True,True,300,0.832079,28.6045,52.1824,-0.030584,-9.6448,-6.3145,-0.001656,0,0,0,0,0,0.9358,0,0,0.01,0,0.0063,0.957
alma-7b-slimgpt40-ref-pair-is,alma-7b-slimgpt40-ref-pair-is__alma10-greedy-300__56e2a83438ae,slimgpt,ref,40,pair,is,en-is+is-en,False,,ru-en,True,False,300,0.805068,28.8965,53.9565,-0.041355,-8.0405,-6.4542,-0.011663,0,0,0,0,0,0.9643,0.0033,0.0067,0.02,0,0.0076,0.9757
alma-7b-slimgpt40-ref-pair-is,alma-7b-slimgpt40-ref-pair-is__alma10-greedy-300__56e2a83438ae,slimgpt,ref,40,pair,is,en-is+is-en,False,,zh-en,True,False,300,0.729763,12.1926,37.8144,-0.066372,-7.6494,-10.4921,-0.021218,0,0.0067,0.0067,0.0067,0,0.922,0,0,0.0067,0,0.0037,0.9444
alma-7b-slimgpt40-ref-pair-is,alma-7b-slimgpt40-ref-pair-is__alma10-greedy-300__56e2a83438ae,slimgpt,ref,40,pair,is,en-is+is-en,False,,en-cs,False,False,300,0.631916,8.5467,30.7679,-0.238388,-16.3838,-17.6169,-0.157963,0.01,0.0067,0.0167,0.0167,0,1.0407,0.0033,0.0167,0.0267,0.01,0.0125,1.0744
alma-7b-slimgpt40-ref-pair-is,alma-7b-slimgpt40-ref-pair-is__alma10-greedy-300__56e2a83438ae,slimgpt,ref,40,pair,is,en-is+is-en,False,,en-de,False,False,300,0.730947,14.5547,42.1933,-0.122017,-13.4368,-12.5408,-0.066088,0.0233,0,0.0033,0.0033,0,1.0142,0.0233,0,0.0267,0.0233,0.0117,1.0403
alma-7b-slimgpt40-ref-pair-is,alma-7b-slimgpt40-ref-pair-is__alma10-greedy-300__56e2a83438ae,slimgpt,ref,40,pair,is,en-is+is-en,False,,en-is,False,True,300,0.790393,17.538,42.9299,-0.051446,-6.2126,-6.3485,0.042486,0,0,0,0,0,0.9361,0,0,0.0033,0,0.0039,0.9685
alma-7b-slimgpt40-ref-pair-is,alma-7b-slimgpt40-ref-pair-is__alma10-greedy-300__56e2a83438ae,slimgpt,ref,40,pair,is,en-is+is-en,False,,en-ru,False,False,300,0.665124,11.5829,30.6881,-0.195957,-13.4231,-17.7274,-0.128153,0.01,0,0.0033,0.0033,0,0.8013,0.0033,0.0333,0.06,0.01,0.0184,0.862
alma-7b-slimgpt40-ref-pair-is,alma-7b-slimgpt40-ref-pair-is__alma10-greedy-300__56e2a83438ae,slimgpt,ref,40,pair,is,en-is+is-en,False,,en-zh,False,False,300,0.457502,2.5635,4.8899,-0.393233,-30.9389,-21.3441,-0.289432,0,0,0.13,0.13,0,1.4138,0,0.4867,0.07,0,0.368,0.3455
alma-7b-slimgpt40-ref-pair-ru,alma-7b-slimgpt40-ref-pair-ru__alma10-greedy-300__98963bce8e33,slimgpt,ref,40,pair,ru,en-ru+ru-en,False,,cs-en,True,False,300,0.827801,33.8997,57.2777,-0.024632,-8.0856,-6.0568,0.005513,0.0033,0,0,0,0,0.9539,0.0033,0,0.0033,0.0033,0.0047,0.9703
alma-7b-slimgpt40-ref-pair-ru,alma-7b-slimgpt40-ref-pair-ru__alma10-greedy-300__98963bce8e33,slimgpt,ref,40,pair,ru,en-ru+ru-en,False,,de-en,True,False,300,0.815773,25.2654,49.6749,-0.023437,-6.0514,-4.1197,0.000551,0.0033,0,0,0,0,0.9284,0,0,0.0067,0.0033,0.0063,0.9397
alma-7b-slimgpt40-ref-pair-ru,alma-7b-slimgpt40-ref-pair-ru__alma10-greedy-300__98963bce8e33,slimgpt,ref,40,pair,ru,en-ru+ru-en,False,,is-en,True,False,300,0.828478,30.8243,52.7671,-0.034185,-7.425,-5.7298,-0.005257,0.0067,0,0,0,0,0.9512,0,0,0.0167,0.0067,0.0068,0.9798
alma-7b-slimgpt40-ref-pair-ru,alma-7b-slimgpt40-ref-pair-ru__alma10-greedy-300__98963bce8e33,slimgpt,ref,40,pair,ru,en-ru+ru-en,False,,ru-en,True,True,300,0.811861,31.728,56.2972,-0.034562,-5.209,-4.1135,-0.00487,0,0,0,0,0,0.9851,0.0033,0.0067,0.0133,0,0.0065,1.0094
alma-7b-slimgpt40-ref-pair-ru,alma-7b-slimgpt40-ref-pair-ru__alma10-greedy-300__98963bce8e33,slimgpt,ref,40,pair,ru,en-ru+ru-en,False,,zh-en,True,False,300,0.734192,13.264,38.0561,-0.061943,-6.578,-10.2504,-0.016789,0,0.01,0.01,0.01,0,0.9223,0,0.0033,0.0067,0,0.0034,0.9774
alma-7b-slimgpt40-ref-pair-ru,alma-7b-slimgpt40-ref-pair-ru__alma10-greedy-300__98963bce8e33,slimgpt,ref,40,pair,ru,en-ru+ru-en,False,,en-cs,False,False,300,0.674377,10.6274,32.4409,-0.195927,-14.3031,-15.9439,-0.115502,0.0067,0,0.0033,0.0033,0,0.9315,0.0033,0.0233,0.0267,0.0067,0.0105,0.9437
alma-7b-slimgpt40-ref-pair-ru,alma-7b-slimgpt40-ref-pair-ru__alma10-greedy-300__98963bce8e33,slimgpt,ref,40,pair,ru,en-ru+ru-en,False,,en-de,False,False,300,0.717165,14.7295,41.6329,-0.135799,-13.262,-13.1012,-0.07987,0.0333,0.01,0.0133,0.0133,0,1.0485,0.02,0,0.0333,0.0333,0.0163,1.0644
alma-7b-slimgpt40-ref-pair-ru,alma-7b-slimgpt40-ref-pair-ru__alma10-greedy-300__98963bce8e33,slimgpt,ref,40,pair,ru,en-ru+ru-en,False,,en-is,False,False,300,0.459008,6.2662,24.6685,-0.382831,-17.4844,-24.6099,-0.288899,0.0633,0.0133,0.06,0.06,0,0.9631,0.0133,0,0.0767,0.0633,0.0047,1.0695
alma-7b-slimgpt40-ref-pair-ru,alma-7b-slimgpt40-ref-pair-ru__alma10-greedy-300__98963bce8e33,slimgpt,ref,40,pair,ru,en-ru+ru-en,False,,en-ru,False,True,300,0.817043,19.2268,42.2187,-0.044038,-5.7792,-6.1968,0.023766,0,0,0,0,0,0.9429,0,0.0133,0.0533,0,0.0123,0.9873
alma-7b-slimgpt40-ref-pair-ru,alma-7b-slimgpt40-ref-pair-ru__alma10-greedy-300__98963bce8e33,slimgpt,ref,40,pair,ru,en-ru+ru-en,False,,en-zh,False,False,300,0.557476,11.6412,9.7004,-0.293259,-21.8612,-16.5336,-0.189458,0,0,0.06,0.06,0,1.2238,0,0.2533,0.0333,0,0.1961,0.7078
alma-7b-slimgpt40-ref-pair-zh,alma-7b-slimgpt40-ref-pair-zh__alma10-greedy-300__62b5645d4a3a,slimgpt,ref,40,pair,zh,en-zh+zh-en,False,,cs-en,True,False,300,0.80086,28.7524,53.1635,-0.051573,-13.2329,-10.171,-0.021428,0.0033,0,0,0,0,0.9466,0,0,0.0033,0.0033,0.0043,0.9618
alma-7b-slimgpt40-ref-pair-zh,alma-7b-slimgpt40-ref-pair-zh__alma10-greedy-300__62b5645d4a3a,slimgpt,ref,40,pair,zh,en-zh+zh-en,False,,de-en,True,False,300,0.813456,24.8628,49.0163,-0.025754,-6.454,-4.7783,-0.001766,0,0,0,0,0,0.9231,0,0.0033,0,0,0.0056,0.9325
alma-7b-slimgpt40-ref-pair-zh,alma-7b-slimgpt40-ref-pair-zh__alma10-greedy-300__62b5645d4a3a,slimgpt,ref,40,pair,zh,en-zh+zh-en,False,,is-en,True,False,300,0.802967,25.7165,48.7138,-0.059696,-12.5328,-9.7831,-0.030768,0.0033,0,0,0,0,0.9422,0,0,0.0067,0.0033,0.0068,0.9704
alma-7b-slimgpt40-ref-pair-zh,alma-7b-slimgpt40-ref-pair-zh__alma10-greedy-300__62b5645d4a3a,slimgpt,ref,40,pair,zh,en-zh+zh-en,False,,ru-en,True,False,300,0.791885,29.3841,54.1255,-0.054538,-7.5529,-6.2852,-0.024846,0,0.0033,0.0067,0.0067,0,0.9932,0,0.01,0.0267,0,0.0074,1.0233
alma-7b-slimgpt40-ref-pair-zh,alma-7b-slimgpt40-ref-pair-zh__alma10-greedy-300__62b5645d4a3a,slimgpt,ref,40,pair,zh,en-zh+zh-en,False,,zh-en,True,True,300,0.759855,15.9673,44.0608,-0.03628,-3.8747,-4.2457,0.008874,0,0,0,0,0,0.9089,0,0.01,0.0067,0,0.0036,0.934
alma-7b-slimgpt40-ref-pair-zh,alma-7b-slimgpt40-ref-pair-zh__alma10-greedy-300__62b5645d4a3a,slimgpt,ref,40,pair,zh,en-zh+zh-en,False,,en-cs,False,False,300,0.523654,5.1062,24.3862,-0.34665,-19.8243,-23.9986,-0.266225,0.0867,0.0067,0.02,0.02,0,0.9141,0.0267,0.0433,0.0967,0.0867,0.0082,0.9306
alma-7b-slimgpt40-ref-pair-zh,alma-7b-slimgpt40-ref-pair-zh__alma10-greedy-300__62b5645d4a3a,slimgpt,ref,40,pair,zh,en-zh+zh-en,False,,en-de,False,False,300,0.598228,7.5908,30.1184,-0.254736,-20.4007,-24.6157,-0.198807,0.2733,0,0.0167,0.0167,0,0.9759,0.0633,0.01,0.28,0.2733,0.0107,1.0518
alma-7b-slimgpt40-ref-pair-zh,alma-7b-slimgpt40-ref-pair-zh__alma10-greedy-300__62b5645d4a3a,slimgpt,ref,40,pair,zh,en-zh+zh-en,False,,en-is,False,False,300,0.439494,1.9678,11.6688,-0.402345,-21.7828,-37.6096,-0.308413,0.6067,0.05,0.0833,0.0833,0,0.8032,0.0567,0.0367,0.6267,0.6067,0.0045,0.903
alma-7b-slimgpt40-ref-pair-zh,alma-7b-slimgpt40-ref-pair-zh__alma10-greedy-300__62b5645d4a3a,slimgpt,ref,40,pair,zh,en-zh+zh-en,False,,en-ru,False,False,300,0.684953,10.5191,33.6916,-0.176128,-14.4869,-14.7239,-0.108324,0.0133,0,0.0033,0.0033,0,0.8856,0,0.02,0.07,0.0133,0.015,0.9154
alma-7b-slimgpt40-ref-pair-zh,alma-7b-slimgpt40-ref-pair-zh__alma10-greedy-300__62b5645d4a3a,slimgpt,ref,40,pair,zh,en-zh+zh-en,False,,en-zh,False,True,300,0.785446,25.5324,21.491,-0.065289,-7.97,-4.743,0.038512,0,0,0,0,0,0.9587,0,0.1667,0.02,0,0,0.9832
alma-7b-slimgpt40-gen-pair-cs,alma-7b-slimgpt40-gen-pair-cs__alma10-greedy-300__68de7bb41d2e,slimgpt,gen,40,pair,cs,cs-en+en-cs,False,,cs-en,True,True,300,0.83039,34.0741,57.4519,-0.022043,-7.9112,-5.8826,0.009891,0.0033,0,0,0,0,0.9511,0,0.0033,0.0033,0.0033,0.0034,0.9675
alma-7b-slimgpt40-gen-pair-cs,alma-7b-slimgpt40-gen-pair-cs__alma10-greedy-300__68de7bb41d2e,slimgpt,gen,40,pair,cs,cs-en+en-cs,False,,de-en,True,False,300,0.817244,26.3063,50.0896,-0.021966,-5.0105,-3.705,0.000404,0.0033,0,0,0,0,0.9293,0,0.0033,0.01,0.0033,0.0049,0.9404
alma-7b-slimgpt40-gen-pair-cs,alma-7b-slimgpt40-gen-pair-cs__alma10-greedy-300__68de7bb41d2e,slimgpt,gen,40,pair,cs,cs-en+en-cs,False,,is-en,True,False,300,0.828977,31.3301,52.986,-0.033686,-6.9192,-5.5109,-0.005116,0.0033,0,0,0,0,0.9381,0,0,0.0133,0.0033,0.0058,0.9696
alma-7b-slimgpt40-gen-pair-cs,alma-7b-slimgpt40-gen-pair-cs__alma10-greedy-300__68de7bb41d2e,slimgpt,gen,40,pair,cs,cs-en+en-cs,False,,ru-en,True,False,300,0.812679,31.5858,55.7533,-0.033744,-5.3512,-4.6574,0.000457,0,0,0,0,0,0.9716,0.0033,0.01,0.0133,0,0.0067,0.9899
alma-7b-slimgpt40-gen-pair-cs,alma-7b-slimgpt40-gen-pair-cs__alma10-greedy-300__68de7bb41d2e,slimgpt,gen,40,pair,cs,cs-en+en-cs,False,,zh-en,True,False,300,0.751007,13.4022,39.6,-0.045128,-6.4398,-8.7065,0.000732,0,0.0033,0.0033,0.0033,0,0.9164,0,0,0.01,0,0.0036,0.9602
alma-7b-slimgpt40-gen-pair-cs,alma-7b-slimgpt40-gen-pair-cs__alma10-greedy-300__68de7bb41d2e,slimgpt,gen,40,pair,cs,cs-en+en-cs,False,,en-cs,False,True,300,0.824632,19.6592,42.9146,-0.045672,-5.2713,-5.4702,0.035362,0.0067,0,0,0,0,0.9291,0,0.0167,0.0167,0.0067,0.0061,0.9588
alma-7b-slimgpt40-gen-pair-cs,alma-7b-slimgpt40-gen-pair-cs__alma10-greedy-300__68de7bb41d2e,slimgpt,gen,40,pair,cs,cs-en+en-cs,False,,en-de,False,False,300,0.73736,16.4485,43.5024,-0.115604,-11.543,-11.2317,-0.059695,0.03,0,0,0,0,0.9736,0.0067,0,0.0367,0.03,0.0146,0.9998
alma-7b-slimgpt40-gen-pair-cs,alma-7b-slimgpt40-gen-pair-cs__alma10-greedy-300__68de7bb41d2e,slimgpt,gen,40,pair,cs,cs-en+en-cs,False,,en-is,False,False,300,0.54029,8.9167,30.0887,-0.301549,-14.8339,-19.1897,-0.200685,0.0067,0.0067,0.02,0.02,0,0.9469,0,0,0.02,0.0067,0.0061,1.0235
alma-7b-slimgpt40-gen-pair-cs,alma-7b-slimgpt40-gen-pair-cs__alma10-greedy-300__68de7bb41d2e,slimgpt,gen,40,pair,cs,cs-en+en-cs,False,,en-ru,False,False,300,0.77784,15.6798,37.5618,-0.083241,-9.3262,-10.8537,-0.012681,0,0,0,0,0,0.9108,0,0.0133,0.0433,0,0.0133,0.9727
alma-7b-slimgpt40-gen-pair-cs,alma-7b-slimgpt40-gen-pair-cs__alma10-greedy-300__68de7bb41d2e,slimgpt,gen,40,pair,cs,cs-en+en-cs,False,,en-zh,False,False,300,0.460286,4.2389,5.8476,-0.390449,-29.2635,-20.3864,-0.29339,0,0,0.0767,0.0767,0,0.959,0,0.59,0.07,0,0.2263,0.461
alma-7b-slimgpt40-gen-pair-de,alma-7b-slimgpt40-gen-pair-de__alma10-greedy-300__3ffbfc2a35df,slimgpt,gen,40,pair,de,de-en+en-de,False,,cs-en,True,False,300,0.82257,34.7575,57.4412,-0.029863,-7.2278,-5.8933,0.002071,0.0033,0,0,0,0,0.9617,0,0.0033,0.0033,0.0033,0.0058,0.9845
alma-7b-slimgpt40-gen-pair-de,alma-7b-slimgpt40-gen-pair-de__alma10-greedy-300__3ffbfc2a35df,slimgpt,gen,40,pair,de,de-en+en-de,False,,de-en,True,True,300,0.81766,25.9874,50.0965,-0.02155,-5.3294,-3.6981,0.00082,0.0033,0,0,0,0,0.929,0,0.0033,0.0067,0.0033,0.0069,0.9433
alma-7b-slimgpt40-gen-pair-de,alma-7b-slimgpt40-gen-pair-de__alma10-greedy-300__3ffbfc2a35df,slimgpt,gen,40,pair,de,de-en+en-de,False,,is-en,True,False,300,0.833904,31.6119,53.6737,-0.028759,-6.6374,-4.8232,-0.000189,0,0,0,0,0,0.9765,0,0,0.0067,0,0.0067,1.0033
alma-7b-slimgpt40-gen-pair-de,alma-7b-slimgpt40-gen-pair-de__alma10-greedy-300__3ffbfc2a35df,slimgpt,gen,40,pair,de,de-en+en-de,False,,ru-en,True,False,300,0.812439,32.1452,56.4072,-0.033984,-4.7918,-4.0035,0.000217,0,0,0,0,0,0.9941,0.0033,0.0067,0.0133,0,0.008,1.0052
alma-7b-slimgpt40-gen-pair-de,alma-7b-slimgpt40-gen-pair-de__alma10-greedy-300__3ffbfc2a35df,slimgpt,gen,40,pair,de,de-en+en-de,False,,zh-en,True,False,300,0.733681,11.7083,37.2217,-0.062454,-8.1337,-11.0848,-0.016594,0,0.0267,0.0267,0.0267,0,1.0349,0,0.0033,0.01,0,0.0039,1.0706
alma-7b-slimgpt40-gen-pair-de,alma-7b-slimgpt40-gen-pair-de__alma10-greedy-300__3ffbfc2a35df,slimgpt,gen,40,pair,de,de-en+en-de,False,,en-cs,False,False,300,0.632888,9.7545,31.3875,-0.237416,-15.176,-16.9973,-0.156382,0.0167,0.0167,0.0333,0.0333,0,1.0749,0.0067,0.0167,0.0433,0.0167,0.0115,1.0754
alma-7b-slimgpt40-gen-pair-de,alma-7b-slimgpt40-gen-pair-de__alma10-greedy-300__3ffbfc2a35df,slimgpt,gen,40,pair,de,de-en+en-de,False,,en-de,False,True,300,0.817371,22.4033,49.42,-0.035593,-5.5882,-5.3141,0.020316,0.0133,0,0.0033,0.0033,0,0.9816,0.0133,0.0033,0.0133,0.0133,0.0119,0.9985
alma-7b-slimgpt40-gen-pair-de,alma-7b-slimgpt40-gen-pair-de__alma10-greedy-300__3ffbfc2a35df,slimgpt,gen,40,pair,de,de-en+en-de,False,,en-is,False,False,300,0.502723,7.8736,28.1814,-0.339116,-15.877,-21.097,-0.238252,0.0167,0.01,0.0433,0.0433,0,0.9726,0,0,0.0433,0.0167,0.0057,1.0317
alma-7b-slimgpt40-gen-pair-de,alma-7b-slimgpt40-gen-pair-de__alma10-greedy-300__3ffbfc2a35df,slimgpt,gen,40,pair,de,de-en+en-de,False,,en-ru,False,False,300,0.703675,14.301,33.7309,-0.157406,-10.705,-14.6846,-0.086846,0.02,0,0.0067,0.0067,0,0.8801,0.0167,0.03,0.0667,0.02,0.015,0.9839
alma-7b-slimgpt40-gen-pair-de,alma-7b-slimgpt40-gen-pair-de__alma10-greedy-300__3ffbfc2a35df,slimgpt,gen,40,pair,de,de-en+en-de,False,,en-zh,False,False,300,0.48889,4.3565,6.1625,-0.361845,-29.1459,-20.0715,-0.264786,0.01,0,0.1367,0.1367,0,1.5035,0.0033,0.4233,0.09,0.01,0.3241,0.4497
alma-7b-slimgpt40-gen-pair-is,alma-7b-slimgpt40-gen-pair-is__alma10-greedy-300__b31ce4b12880,slimgpt,gen,40,pair,is,en-is+is-en,False,,cs-en,True,False,300,0.811069,30.9575,54.6799,-0.041364,-11.0278,-8.6546,-0.00943,0.0033,0,0,0,0,0.9495,0.0033,0.0033,0.0033,0.0033,0.0045,0.9634
alma-7b-slimgpt40-gen-pair-is,alma-7b-slimgpt40-gen-pair-is__alma10-greedy-300__b31ce4b12880,slimgpt,gen,40,pair,is,en-is+is-en,False,,de-en,True,False,300,0.817294,22.8547,47.5119,-0.021916,-8.4621,-6.2827,0.000454,0.0033,0,0,0,0,0.9136,0,0,0.0067,0.0033,0.0052,0.9282
alma-7b-slimgpt40-gen-pair-is,alma-7b-slimgpt40-gen-pair-is__alma10-greedy-300__b31ce4b12880,slimgpt,gen,40,pair,is,en-is+is-en,False,,is-en,True,True,300,0.830878,29.0092,51.9355,-0.031785,-9.2401,-6.5614,-0.003215,0,0,0,0,0,0.9382,0,0,0.01,0,0.0064,0.9656
alma-7b-slimgpt40-gen-pair-is,alma-7b-slimgpt40-gen-pair-is__alma10-greedy-300__b31ce4b12880,slimgpt,gen,40,pair,is,en-is+is-en,False,,ru-en,True,False,300,0.800136,28.8002,53.6521,-0.046287,-8.1368,-6.7586,-0.012086,0,0.0033,0,0,0,0.9812,0.0033,0.0067,0.0133,0,0.0078,0.9913
alma-7b-slimgpt40-gen-pair-is,alma-7b-slimgpt40-gen-pair-is__alma10-greedy-300__b31ce4b12880,slimgpt,gen,40,pair,is,en-is+is-en,False,,zh-en,True,False,300,0.729409,11.8038,36.8643,-0.066726,-8.0382,-11.4422,-0.020866,0,0.02,0.0233,0.0233,0,1.0276,0,0,0.0133,0,0.0027,1.0549
alma-7b-slimgpt40-gen-pair-is,alma-7b-slimgpt40-gen-pair-is__alma10-greedy-300__b31ce4b12880,slimgpt,gen,40,pair,is,en-is+is-en,False,,en-cs,False,False,300,0.629275,8.8054,30.8006,-0.241029,-16.1251,-17.5842,-0.159995,0.0067,0.01,0.02,0.02,0,1.0388,0.0033,0.0133,0.0333,0.0067,0.0096,1.0714
alma-7b-slimgpt40-gen-pair-is,alma-7b-slimgpt40-gen-pair-is__alma10-greedy-300__b31ce4b12880,slimgpt,gen,40,pair,is,en-is+is-en,False,,en-de,False,False,300,0.723165,14.3756,41.6283,-0.129799,-13.6159,-13.1058,-0.07389,0.0333,0.0067,0.0133,0.0133,0,1.0674,0.0167,0,0.0333,0.0333,0.0127,1.0749
alma-7b-slimgpt40-gen-pair-is,alma-7b-slimgpt40-gen-pair-is__alma10-greedy-300__b31ce4b12880,slimgpt,gen,40,pair,is,en-is+is-en,False,,en-is,False,True,300,0.793106,17.423,43.1082,-0.048733,-6.3276,-6.1702,0.052131,0,0,0,0,0,0.9268,0,0,0.0033,0,0.0043,0.9612
alma-7b-slimgpt40-gen-pair-is,alma-7b-slimgpt40-gen-pair-is__alma10-greedy-300__b31ce4b12880,slimgpt,gen,40,pair,is,en-is+is-en,False,,en-ru,False,False,300,0.664164,10.8442,30.4642,-0.196917,-14.1618,-17.9513,-0.126357,0.01,0,0.0033,0.0033,0,0.7773,0.0033,0.06,0.0833,0.01,0.018,0.8206
alma-7b-slimgpt40-gen-pair-is,alma-7b-slimgpt40-gen-pair-is__alma10-greedy-300__b31ce4b12880,slimgpt,gen,40,pair,is,en-is+is-en,False,,en-zh,False,False,300,0.466015,2.7818,5.187,-0.38472,-30.7206,-21.047,-0.287661,0,0,0.0733,0.0733,0,1.0049,0,0.5033,0.05,0,0.2954,0.3541
alma-7b-slimgpt40-gen-pair-ru,alma-7b-slimgpt40-gen-pair-ru__alma10-greedy-300__be73981bdd20,slimgpt,gen,40,pair,ru,en-ru+ru-en,False,,cs-en,True,False,300,0.831983,35.2179,57.8718,-0.02045,-6.7674,-5.4627,0.011484,0.0033,0,0,0,0,0.9559,0.0033,0,0.0067,0.0033,0.0047,0.9719
alma-7b-slimgpt40-gen-pair-ru,alma-7b-slimgpt40-gen-pair-ru__alma10-greedy-300__be73981bdd20,slimgpt,gen,40,pair,ru,en-ru+ru-en,False,,de-en,True,False,300,0.817047,25.7031,49.4133,-0.022163,-5.6137,-4.3813,0.000207,0.0033,0,0,0,0,0.9241,0,0.0033,0.0033,0.0033,0.0066,0.943
alma-7b-slimgpt40-gen-pair-ru,alma-7b-slimgpt40-gen-pair-ru__alma10-greedy-300__be73981bdd20,slimgpt,gen,40,pair,ru,en-ru+ru-en,False,,is-en,True,False,300,0.830521,31.0829,53.0847,-0.032142,-7.1664,-5.4122,-0.003572,0.0067,0,0,0,0,0.9557,0,0,0.0167,0.0067,0.0057,0.9814
alma-7b-slimgpt40-gen-pair-ru,alma-7b-slimgpt40-gen-pair-ru__alma10-greedy-300__be73981bdd20,slimgpt,gen,40,pair,ru,en-ru+ru-en,False,,ru-en,True,True,300,0.819403,33.2835,56.9664,-0.02702,-3.6535,-3.4443,0.007181,0,0,0,0,0,0.9724,0.0033,0.0067,0.0167,0,0.0068,0.9911
alma-7b-slimgpt40-gen-pair-ru,alma-7b-slimgpt40-gen-pair-ru__alma10-greedy-300__be73981bdd20,slimgpt,gen,40,pair,ru,en-ru+ru-en,False,,zh-en,True,False,300,0.734816,13.5091,38.7876,-0.061319,-6.3329,-9.5189,-0.015459,0,0.01,0.0133,0.0133,0,0.9353,0,0.0033,0.0133,0,0.0029,0.9792
alma-7b-slimgpt40-gen-pair-ru,alma-7b-slimgpt40-gen-pair-ru__alma10-greedy-300__be73981bdd20,slimgpt,gen,40,pair,ru,en-ru+ru-en,False,,en-cs,False,False,300,0.657335,10.7943,32.3279,-0.212969,-14.1362,-16.0569,-0.131935,0.0133,0.0033,0.0067,0.0067,0,0.9495,0.0033,0.0167,0.0333,0.0133,0.01,0.9649
alma-7b-slimgpt40-gen-pair-ru,alma-7b-slimgpt40-gen-pair-ru__alma10-greedy-300__be73981bdd20,slimgpt,gen,40,pair,ru,en-ru+ru-en,False,,en-de,False,False,300,0.698245,13.5269,41.0388,-0.154719,-14.4646,-13.6953,-0.09881,0.03,0.0167,0.02,0.02,0,1.1198,0.02,0.0067,0.0333,0.03,0.0138,1.1574
alma-7b-slimgpt40-gen-pair-ru,alma-7b-slimgpt40-gen-pair-ru__alma10-greedy-300__be73981bdd20,slimgpt,gen,40,pair,ru,en-ru+ru-en,False,,en-is,False,False,300,0.445858,6.6669,24.6037,-0.395981,-17.0837,-24.6747,-0.295117,0.0433,0.0167,0.0667,0.0667,0,0.9736,0.0067,0,0.05,0.0433,0.004,1.0856
alma-7b-slimgpt40-gen-pair-ru,alma-7b-slimgpt40-gen-pair-ru__alma10-greedy-300__be73981bdd20,slimgpt,gen,40,pair,ru,en-ru+ru-en,False,,en-ru,False,True,300,0.810794,18.2646,41.5295,-0.050287,-6.7414,-6.886,0.020273,0,0,0,0,0,0.9576,0,0.0133,0.0433,0,0.0119,0.9944
alma-7b-slimgpt40-gen-pair-ru,alma-7b-slimgpt40-gen-pair-ru__alma10-greedy-300__be73981bdd20,slimgpt,gen,40,pair,ru,en-ru+ru-en,False,,en-zh,False,False,300,0.570577,10.967,9.4736,-0.280158,-22.5354,-16.7604,-0.183099,0,0,0.09,0.09,0,1.3331,0,0.2867,0.0533,0,0.2339,0.626
alma-7b-slimgpt40-gen-pair-zh,alma-7b-slimgpt40-gen-pair-zh__alma10-greedy-300__9cf4997197e8,slimgpt,gen,40,pair,zh,en-zh+zh-en,False,,cs-en,True,False,300,0.805513,28.8878,53.6183,-0.04692,-13.0975,-9.7162,-0.014986,0.0033,0,0,0,0,0.9394,0,0,0.0067,0.0033,0.0037,0.9557
alma-7b-slimgpt40-gen-pair-zh,alma-7b-slimgpt40-gen-pair-zh__alma10-greedy-300__9cf4997197e8,slimgpt,gen,40,pair,zh,en-zh+zh-en,False,,de-en,True,False,300,0.81298,24.6711,48.9927,-0.02623,-6.6457,-4.8019,-0.00386,0,0,0,0,0,0.9241,0,0.0033,0,0,0.0052,0.9342
alma-7b-slimgpt40-gen-pair-zh,alma-7b-slimgpt40-gen-pair-zh__alma10-greedy-300__9cf4997197e8,slimgpt,gen,40,pair,zh,en-zh+zh-en,False,,is-en,True,False,300,0.806063,27.1898,49.5349,-0.0566,-11.0595,-8.962,-0.02803,0,0,0,0,0,0.947,0,0,0.0033,0,0.0072,0.9745
alma-7b-slimgpt40-gen-pair-zh,alma-7b-slimgpt40-gen-pair-zh__alma10-greedy-300__9cf4997197e8,slimgpt,gen,40,pair,zh,en-zh+zh-en,False,,ru-en,True,False,300,0.793233,28.0523,54.0174,-0.05319,-8.8847,-6.3933,-0.018989,0,0.0067,0.0067,0.0067,0,0.9858,0,0.01,0.02,0,0.0076,1.0438
alma-7b-slimgpt40-gen-pair-zh,alma-7b-slimgpt40-gen-pair-zh__alma10-greedy-300__9cf4997197e8,slimgpt,gen,40,pair,zh,en-zh+zh-en,False,,zh-en,True,True,300,0.759989,16.3475,43.581,-0.036146,-3.4945,-4.7255,0.009714,0,0,0,0,0,0.873,0,0.01,0.0033,0,0.0038,0.9028
alma-7b-slimgpt40-gen-pair-zh,alma-7b-slimgpt40-gen-pair-zh__alma10-greedy-300__9cf4997197e8,slimgpt,gen,40,pair,zh,en-zh+zh-en,False,,en-cs,False,False,300,0.511215,4.7849,24.3649,-0.359089,-20.1456,-24.0199,-0.278055,0.0667,0.0067,0.02,0.02,0,0.908,0.03,0.0533,0.08,0.0667,0.0087,0.9498
alma-7b-slimgpt40-gen-pair-zh,alma-7b-slimgpt40-gen-pair-zh__alma10-greedy-300__9cf4997197e8,slimgpt,gen,40,pair,zh,en-zh+zh-en,False,,en-de,False,False,300,0.59751,7.1894,30.101,-0.255454,-20.8021,-24.6331,-0.199545,0.3067,0.01,0.0167,0.0167,0,0.9959,0.08,0.0067,0.3133,0.3067,0.0107,1.1101
alma-7b-slimgpt40-gen-pair-zh,alma-7b-slimgpt40-gen-pair-zh__alma10-greedy-300__9cf4997197e8,slimgpt,gen,40,pair,zh,en-zh+zh-en,False,,en-is,False,False,300,0.430651,1.7203,11.6219,-0.411188,-22.0303,-37.6565,-0.310324,0.6167,0.06,0.1333,0.1333,0,0.9385,0.0567,0.03,0.64,0.6167,0.0035,1.0947
alma-7b-slimgpt40-gen-pair-zh,alma-7b-slimgpt40-gen-pair-zh__alma10-greedy-300__9cf4997197e8,slimgpt,gen,40,pair,zh,en-zh+zh-en,False,,en-ru,False,False,300,0.671832,10.6146,33.9365,-0.189249,-14.3914,-14.479,-0.118689,0.0167,0,0.0033,0.0033,0,0.8717,0,0.0233,0.0867,0.0167,0.0133,0.907
alma-7b-slimgpt40-gen-pair-zh,alma-7b-slimgpt40-gen-pair-zh__alma10-greedy-300__9cf4997197e8,slimgpt,gen,40,pair,zh,en-zh+zh-en,False,,en-zh,False,True,300,0.788215,25.3088,22.4925,-0.06252,-8.1936,-3.7415,0.034539,0,0,0.0033,0.0033,0,0.9573,0,0.1767,0.0267,0,0,0.9695
alma-7b-flap40-ref-pair-cs,alma-7b-flap40-ref-pair-cs__alma10-greedy-300__c1a936c9eb78,flap,ref,40,pair,cs,cs-en+en-cs,False,,cs-en,True,True,300,0.797178,30.3598,53.7827,-0.055255,-11.6255,-9.5518,-0.016576,0.0033,0,0,0,0,0.9496,0.0033,0.0033,0.0033,0.0033,0.0061,0.9826
alma-7b-flap40-ref-pair-cs,alma-7b-flap40-ref-pair-cs__alma10-greedy-300__c1a936c9eb78,flap,ref,40,pair,cs,cs-en+en-cs,False,,de-en,True,False,300,0.801241,24.6376,47.9797,-0.037969,-6.6792,-5.8149,-0.00505,0,0,0,0,0,0.9122,0,0,0.0033,0,0.0062,0.942
alma-7b-flap40-ref-pair-cs,alma-7b-flap40-ref-pair-cs__alma10-greedy-300__c1a936c9eb78,flap,ref,40,pair,cs,cs-en+en-cs,False,,is-en,True,False,300,0.80032,28.3132,49.4644,-0.062343,-9.9361,-9.0325,-0.002897,0.0067,0,0,0,0,0.9401,0,0.0033,0.01,0.0067,0.0049,0.9858
alma-7b-flap40-ref-pair-cs,alma-7b-flap40-ref-pair-cs__alma10-greedy-300__c1a936c9eb78,flap,ref,40,pair,cs,cs-en+en-cs,False,,ru-en,True,False,300,0.788682,28.0692,52.1208,-0.057741,-8.8678,-8.2899,-0.001252,0,0.0033,0.0067,0.0067,0,1.0291,0.0033,0.01,0.0167,0,0.0061,1.0419
alma-7b-flap40-ref-pair-cs,alma-7b-flap40-ref-pair-cs__alma10-greedy-300__c1a936c9eb78,flap,ref,40,pair,cs,cs-en+en-cs,False,,zh-en,True,False,300,0.703512,10.5958,35.9165,-0.092623,-9.2462,-12.39,-0.016879,0,0.03,0.0267,0.0267,0,1.1043,0,0.0033,0.0267,0,0.0031,1.142
alma-7b-flap40-ref-pair-cs,alma-7b-flap40-ref-pair-cs__alma10-greedy-300__c1a936c9eb78,flap,ref,40,pair,cs,cs-en+en-cs,False,,en-cs,False,True,300,0.756609,15.123,37.1093,-0.113695,-9.8075,-11.2755,0.039364,0,0,0.0067,0.0067,0,0.9132,0,0.0267,0.0167,0,0.0096,0.9564
alma-7b-flap40-ref-pair-cs,alma-7b-flap40-ref-pair-cs__alma10-greedy-300__c1a936c9eb78,flap,ref,40,pair,cs,cs-en+en-cs,False,,en-de,False,False,300,0.699781,15.5095,41.4977,-0.153183,-12.482,-13.2364,-0.062761,0.02,0.0033,0.0067,0.0067,0,0.9752,0.0133,0.0033,0.02,0.02,0.0135,1.0089
alma-7b-flap40-ref-pair-cs,alma-7b-flap40-ref-pair-cs__alma10-greedy-300__c1a936c9eb78,flap,ref,40,pair,cs,cs-en+en-cs,False,,en-is,False,False,300,0.437346,5.8881,23.7965,-0.404493,-17.8625,-25.4819,-0.145259,0.0033,0.0367,0.0733,0.0733,0,0.9197,0,0,0.02,0.0033,0.0058,1.1223
alma-7b-flap40-ref-pair-cs,alma-7b-flap40-ref-pair-cs__alma10-greedy-300__c1a936c9eb78,flap,ref,40,pair,cs,cs-en+en-cs,False,,en-ru,False,False,300,0.695455,13.5195,33.5443,-0.165626,-11.4865,-14.8712,-0.050094,0,0.0033,0,0,0,0.8194,0,0.04,0.0533,0,0.0163,0.8843
alma-7b-flap40-ref-pair-cs,alma-7b-flap40-ref-pair-cs__alma10-greedy-300__c1a936c9eb78,flap,ref,40,pair,cs,cs-en+en-cs,False,,en-zh,False,False,300,0.444833,1.2477,4.0773,-0.405902,-32.2547,-22.1567,-0.206478,0,0,0.02,0.02,0,0.4381,0,0.7267,0.0233,0,0.1273,0.2956
alma-7b-flap40-ref-pair-de,alma-7b-flap40-ref-pair-de__alma10-greedy-300__31b66286d3c5,flap,ref,40,pair,de,de-en+en-de,False,,cs-en,True,False,300,0.801779,31.2237,54.0256,-0.050654,-10.7616,-9.3089,-0.011975,0.0033,0,0,0,0,0.9497,0.0033,0,0.0033,0.0033,0.0053,0.9921
alma-7b-flap40-ref-pair-de,alma-7b-flap40-ref-pair-de__alma10-greedy-300__31b66286d3c5,flap,ref,40,pair,de,de-en+en-de,False,,de-en,True,True,300,0.801879,24.8942,48.1113,-0.037331,-6.4226,-5.6833,-0.004412,0,0,0,0,0,0.9061,0,0,0,0,0.0064,0.9386
alma-7b-flap40-ref-pair-de,alma-7b-flap40-ref-pair-de__alma10-greedy-300__31b66286d3c5,flap,ref,40,pair,de,de-en+en-de,False,,is-en,True,False,300,0.799176,26.7653,48.3044,-0.063487,-11.484,-10.1925,-0.004041,0.0033,0.0033,0.0067,0.0067,0,1.0075,0,0.0033,0.01,0.0033,0.0054,1.047
alma-7b-flap40-ref-pair-de,alma-7b-flap40-ref-pair-de__alma10-greedy-300__31b66286d3c5,flap,ref,40,pair,de,de-en+en-de,False,,ru-en,True,False,300,0.784109,24.9158,50.6691,-0.062314,-12.0212,-9.7416,-0.005825,0,0.01,0.0167,0.0167,0,1.0747,0.0033,0.01,0.0133,0,0.0067,1.1054
alma-7b-flap40-ref-pair-de,alma-7b-flap40-ref-pair-de__alma10-greedy-300__31b66286d3c5,flap,ref,40,pair,de,de-en+en-de,False,,zh-en,True,False,300,0.706486,11.324,37.1802,-0.089649,-8.518,-11.1263,-0.013905,0,0.0167,0.0133,0.0133,0,0.9615,0,0.01,0.01,0,0.0045,1.0517
alma-7b-flap40-ref-pair-de,alma-7b-flap40-ref-pair-de__alma10-greedy-300__31b66286d3c5,flap,ref,40,pair,de,de-en+en-de,False,,en-cs,False,False,300,0.567918,7.6146,28.4317,-0.302386,-17.3159,-19.9531,-0.149327,0,0.0133,0.04,0.04,0,1.0219,0,0.04,0.0133,0,0.0103,1.0819
alma-7b-flap40-ref-pair-de,alma-7b-flap40-ref-pair-de__alma10-greedy-300__31b66286d3c5,flap,ref,40,pair,de,de-en+en-de,False,,en-de,False,True,300,0.75819,18.7315,44.1287,-0.094774,-9.26,-10.6054,-0.004352,0.0167,0,0,0,0,0.9226,0.0167,0,0.0167,0.0167,0.015,0.9721
alma-7b-flap40-ref-pair-de,alma-7b-flap40-ref-pair-de__alma10-greedy-300__31b66286d3c5,flap,ref,40,pair,de,de-en+en-de,False,,en-is,False,False,300,0.439803,5.8902,23.6671,-0.402036,-17.8604,-25.6113,-0.142802,0.0067,0.0567,0.09,0.09,0,1.0043,0,0.0033,0.0533,0.0067,0.0062,1.2576
alma-7b-flap40-ref-pair-de,alma-7b-flap40-ref-pair-de__alma10-greedy-300__31b66286d3c5,flap,ref,40,pair,de,de-en+en-de,False,,en-ru,False,False,300,0.630105,11.2776,29.9929,-0.230976,-13.7284,-18.4226,-0.115444,0,0.0033,0.0067,0.0067,0,0.7784,0,0.06,0.05,0,0.0163,0.8529
alma-7b-flap40-ref-pair-de,alma-7b-flap40-ref-pair-de__alma10-greedy-300__31b66286d3c5,flap,ref,40,pair,de,de-en+en-de,False,,en-zh,False,False,300,0.43086,1.4352,3.5936,-0.419875,-32.0672,-22.6404,-0.220451,0,0,0.0233,0.0233,0,0.3805,0,0.72,0.0233,0,0.0529,0.3186
alma-7b-flap40-ref-pair-is,alma-7b-flap40-ref-pair-is__alma10-greedy-300__8d1c54105734,flap,ref,40,pair,is,en-is+is-en,False,,cs-en,True,False,300,0.79216,26.4973,50.2915,-0.060273,-15.488,-13.043,-0.021594,0,0.0133,0.0133,0.0133,0,1.0779,0,0,0.0067,0,0.0063,1.0661
alma-7b-flap40-ref-pair-is,alma-7b-flap40-ref-pair-is__alma10-greedy-300__8d1c54105734,flap,ref,40,pair,is,en-is+is-en,False,,de-en,True,False,300,0.798609,22.5368,46.0399,-0.040601,-8.78,-7.7547,-0.007682,0,0,0,0,0,0.8913,0,0.0033,0.0033,0,0.0059,0.9146
alma-7b-flap40-ref-pair-is,alma-7b-flap40-ref-pair-is__alma10-greedy-300__8d1c54105734,flap,ref,40,pair,is,en-is+is-en,False,,is-en,True,True,300,0.803635,25.8345,48.1295,-0.059028,-12.4148,-10.3674,0.000418,0.0067,0.0067,0.0133,0.0133,0,1.0449,0,0.0033,0.0167,0.0067,0.0048,1.0438
alma-7b-flap40-ref-pair-is,alma-7b-flap40-ref-pair-is__alma10-greedy-300__8d1c54105734,flap,ref,40,pair,is,en-is+is-en,False,,ru-en,True,False,300,0.783797,24.0676,48.8935,-0.062626,-12.8694,-11.5172,-0.006137,0,0.0067,0.0167,0.0167,0,1.0718,0.0033,0.0067,0.0133,0,0.0077,1.1059
alma-7b-flap40-ref-pair-is,alma-7b-flap40-ref-pair-is__alma10-greedy-300__8d1c54105734,flap,ref,40,pair,is,en-is+is-en,False,,zh-en,True,False,300,0.699285,9.8984,35.4743,-0.09685,-9.9436,-12.8322,-0.021106,0,0.0367,0.0333,0.0333,0,1.043,0,0.01,0.0133,0,0.026,1.1875
alma-7b-flap40-ref-pair-is,alma-7b-flap40-ref-pair-is__alma10-greedy-300__8d1c54105734,flap,ref,40,pair,is,en-is+is-en,False,,en-cs,False,False,300,0.56144,8.0947,26.3674,-0.308864,-16.8358,-22.0174,-0.155805,0.0067,0.0233,0.0267,0.0267,0,0.9944,0,0.03,0.0233,0.0067,0.0091,1.0619
alma-7b-flap40-ref-pair-is,alma-7b-flap40-ref-pair-is__alma10-greedy-300__8d1c54105734,flap,ref,40,pair,is,en-is+is-en,False,,en-de,False,False,300,0.676071,13.7501,37.5868,-0.176893,-14.2414,-17.1473,-0.086471,0.0367,0.01,0.0267,0.0267,0,1.0262,0.02,0.0067,0.0433,0.0367,0.0141,1.0116
alma-7b-flap40-ref-pair-is,alma-7b-flap40-ref-pair-is__alma10-greedy-300__8d1c54105734,flap,ref,40,pair,is,en-is+is-en,False,,en-is,False,True,300,0.658262,12.6712,34.0125,-0.183577,-11.0794,-15.2659,0.075657,0.0033,0.0133,0.0267,0.0267,0,0.8894,0,0.0033,0.0033,0.0033,0.0047,0.9787
alma-7b-flap40-ref-pair-is,alma-7b-flap40-ref-pair-is__alma10-greedy-300__8d1c54105734,flap,ref,40,pair,is,en-is+is-en,False,,en-ru,False,False,300,0.586465,9.5703,24.4188,-0.274616,-15.4357,-23.9967,-0.159084,0.01,0.0067,0.0167,0.0167,0,0.7244,0,0.0667,0.0867,0.01,0.0169,0.7633
alma-7b-flap40-ref-pair-is,alma-7b-flap40-ref-pair-is__alma10-greedy-300__8d1c54105734,flap,ref,40,pair,is,en-is+is-en,False,,en-zh,False,False,300,0.418978,0.8585,3.6079,-0.431757,-32.6439,-22.6261,-0.232333,0.0033,0,0.0067,0.0067,0,0.3142,0,0.8133,0.0233,0.0033,0.0501,0.2619
alma-7b-flap40-ref-pair-ru,alma-7b-flap40-ref-pair-ru__alma10-greedy-300__7b56c66603a6,flap,ref,40,pair,ru,en-ru+ru-en,False,,cs-en,True,False,300,0.802613,29.9508,53.3619,-0.04982,-12.0345,-9.9726,-0.011141,0.0033,0,0,0,0,0.953,0.0033,0,0.0033,0.0033,0.0058,0.9923
alma-7b-flap40-ref-pair-ru,alma-7b-flap40-ref-pair-ru__alma10-greedy-300__7b56c66603a6,flap,ref,40,pair,ru,en-ru+ru-en,False,,de-en,True,False,300,0.797224,24.909,48.3763,-0.041986,-6.4078,-5.4183,-0.009067,0.0033,0,0,0,0,0.9097,0,0.0033,0.0033,0.0033,0.0059,0.9391
alma-7b-flap40-ref-pair-ru,alma-7b-flap40-ref-pair-ru__alma10-greedy-300__7b56c66603a6,flap,ref,40,pair,ru,en-ru+ru-en,False,,is-en,True,False,300,0.794205,28.2337,49.4017,-0.068458,-10.0156,-9.0952,-0.009012,0.0033,0,0,0,0,0.9511,0,0,0.0067,0.0033,0.0059,1.0019
alma-7b-flap40-ref-pair-ru,alma-7b-flap40-ref-pair-ru__alma10-greedy-300__7b56c66603a6,flap,ref,40,pair,ru,en-ru+ru-en,False,,ru-en,True,True,300,0.777037,25.3593,50.7244,-0.069386,-11.5777,-9.6863,-0.012897,0,0.0167,0.01,0.01,0,1.1377,0.0033,0.0067,0.0133,0,0.0066,1.1515
alma-7b-flap40-ref-pair-ru,alma-7b-flap40-ref-pair-ru__alma10-greedy-300__7b56c66603a6,flap,ref,40,pair,ru,en-ru+ru-en,False,,zh-en,True,False,300,0.713642,12.1621,38.407,-0.082493,-7.6799,-9.8995,-0.006749,0,0.0067,0.0067,0.0067,0,0.9131,0,0.0133,0.0067,0,0.0049,0.9943
alma-7b-flap40-ref-pair-ru,alma-7b-flap40-ref-pair-ru__alma10-greedy-300__7b56c66603a6,flap,ref,40,pair,ru,en-ru+ru-en,False,,en-cs,False,False,300,0.651399,10.3175,31.5421,-0.218905,-14.613,-16.8427,-0.065846,0,0.0167,0.02,0.02,0,1.0145,0,0.03,0.0067,0,0.0084,1.0815
alma-7b-flap40-ref-pair-ru,alma-7b-flap40-ref-pair-ru__alma10-greedy-300__7b56c66603a6,flap,ref,40,pair,ru,en-ru+ru-en,False,,en-de,False,False,300,0.717906,16.9868,43.0777,-0.135058,-11.0047,-11.6564,-0.044636,0.0267,0,0,0,0,0.9404,0.0167,0,0.0267,0.0267,0.0145,0.9921
alma-7b-flap40-ref-pair-ru,alma-7b-flap40-ref-pair-ru__alma10-greedy-300__7b56c66603a6,flap,ref,40,pair,ru,en-ru+ru-en,False,,en-is,False,False,300,0.414089,4.3859,22.216,-0.42775,-19.3647,-27.0624,-0.168516,0.0167,0.07,0.14,0.14,0,1.1167,0.0033,0.0033,0.0433,0.0167,0.0082,1.4037
alma-7b-flap40-ref-pair-ru,alma-7b-flap40-ref-pair-ru__alma10-greedy-300__7b56c66603a6,flap,ref,40,pair,ru,en-ru+ru-en,False,,en-ru,False,True,300,0.760131,15.7465,38.1016,-0.10095,-9.2595,-10.3139,0.014582,0,0,0.0033,0.0033,0,0.9388,0,0.0133,0.0267,0,0.0136,0.9956
alma-7b-flap40-ref-pair-ru,alma-7b-flap40-ref-pair-ru__alma10-greedy-300__7b56c66603a6,flap,ref,40,pair,ru,en-ru+ru-en,False,,en-zh,False,False,300,0.61185,12.552,10.4285,-0.238885,-20.9504,-15.8055,-0.039461,0,0,0.0633,0.0633,0,1.1233,0,0.2367,0.0367,0,0.082,0.9128
alma-7b-flap40-ref-pair-zh,alma-7b-flap40-ref-pair-zh__alma10-greedy-300__4a13ffc4b9c8,flap,ref,40,pair,zh,en-zh+zh-en,False,,cs-en,True,False,300,0.799428,29.149,53.4071,-0.053005,-12.8363,-9.9274,-0.014326,0.0033,0,0,0,0,0.9319,0,0,0.0067,0.0033,0.0063,0.9667
alma-7b-flap40-ref-pair-zh,alma-7b-flap40-ref-pair-zh__alma10-greedy-300__4a13ffc4b9c8,flap,ref,40,pair,zh,en-zh+zh-en,False,,de-en,True,False,300,0.803435,24.2933,48.175,-0.035775,-7.0235,-5.6196,-0.002856,0,0,0,0,0,0.8965,0,0.0033,0.0033,0,0.0068,0.9278
alma-7b-flap40-ref-pair-zh,alma-7b-flap40-ref-pair-zh__alma10-greedy-300__4a13ffc4b9c8,flap,ref,40,pair,zh,en-zh+zh-en,False,,is-en,True,False,300,0.811405,28.8843,50.5202,-0.051258,-9.365,-7.9767,0.008188,0,0,0,0,0,0.945,0,0,0.0033,0,0.0062,0.9922
alma-7b-flap40-ref-pair-zh,alma-7b-flap40-ref-pair-zh__alma10-greedy-300__4a13ffc4b9c8,flap,ref,40,pair,zh,en-zh+zh-en,False,,ru-en,True,False,300,0.787945,28.4916,53.0511,-0.058478,-8.4454,-7.3596,-0.001989,0,0.0033,0.0067,0.0067,0,1.0118,0.0033,0.01,0.0133,0,0.007,1.049
alma-7b-flap40-ref-pair-zh,alma-7b-flap40-ref-pair-zh__alma10-greedy-300__4a13ffc4b9c8,flap,ref,40,pair,zh,en-zh+zh-en,False,,zh-en,True,True,300,0.735009,13.9353,40.0095,-0.061126,-5.9067,-8.297,0.014618,0.0033,0.0067,0.01,0.01,0,0.95,0,0.01,0.01,0.0033,0.005,0.9897
alma-7b-flap40-ref-pair-zh,alma-7b-flap40-ref-pair-zh__alma10-greedy-300__4a13ffc4b9c8,flap,ref,40,pair,zh,en-zh+zh-en,False,,en-cs,False,False,300,0.570945,6.819,27.644,-0.299359,-18.1115,-20.7408,-0.1463,0.03,0.01,0.02,0.02,0,0.9518,0.0033,0.03,0.0367,0.03,0.0078,0.9968
alma-7b-flap40-ref-pair-zh,alma-7b-flap40-ref-pair-zh__alma10-greedy-300__4a13ffc4b9c8,flap,ref,40,pair,zh,en-zh+zh-en,False,,en-de,False,False,300,0.675917,12.9454,38.6686,-0.177047,-15.0461,-16.0655,-0.086625,0.0967,0,0,0,0,0.9164,0.05,0,0.1,0.0967,0.0144,0.9766
alma-7b-flap40-ref-pair-zh,alma-7b-flap40-ref-pair-zh__alma10-greedy-300__4a13ffc4b9c8,flap,ref,40,pair,zh,en-zh+zh-en,False,,en-is,False,False,300,0.407839,3.997,21.138,-0.434,-19.7536,-28.1404,-0.174766,0.0433,0.04,0.0967,0.0967,0,0.9765,0.0067,0,0.0533,0.0433,0.0052,1.2459
alma-7b-flap40-ref-pair-zh,alma-7b-flap40-ref-pair-zh__alma10-greedy-300__4a13ffc4b9c8,flap,ref,40,pair,zh,en-zh+zh-en,False,,en-ru,False,False,300,0.682105,10.857,34.4438,-0.178976,-14.149,-13.9717,-0.063444,0,0,0.0067,0.0067,0,0.908,0,0.0233,0.0267,0,0.0142,0.948
alma-7b-flap40-ref-pair-zh,alma-7b-flap40-ref-pair-zh__alma10-greedy-300__4a13ffc4b9c8,flap,ref,40,pair,zh,en-zh+zh-en,False,,en-zh,False,True,300,0.704009,18.4096,14.7142,-0.146726,-15.0928,-11.5198,0.052698,0,0,0.0167,0.0167,0,0.8806,0,0.2067,0.0367,0,0.0207,0.859
alma-7b-flap40-gen-pair-cs,alma-7b-flap40-gen-pair-cs__alma10-greedy-300__bbc3d035af70,flap,gen,40,pair,cs,cs-en+en-cs,False,,cs-en,True,True,300,0.801461,30.3984,53.3623,-0.050972,-11.5869,-9.9722,-0.007353,0.0033,0.0033,0.0033,0.0033,0,0.9682,0.0033,0.0033,0.0033,0.0033,0.0055,1.0139
alma-7b-flap40-gen-pair-cs,alma-7b-flap40-gen-pair-cs__alma10-greedy-300__bbc3d035af70,flap,gen,40,pair,cs,cs-en+en-cs,False,,de-en,True,False,300,0.804597,25.0127,48.4161,-0.034613,-6.3041,-5.3785,-0.00222,0,0,0,0,0,0.9192,0,0,0,0,0.0064,0.9494
alma-7b-flap40-gen-pair-cs,alma-7b-flap40-gen-pair-cs__alma10-greedy-300__bbc3d035af70,flap,gen,40,pair,cs,cs-en+en-cs,False,,is-en,True,False,300,0.800381,27.6385,49.0913,-0.062282,-10.6108,-9.4056,-0.005714,0.0067,0,0.0033,0.0033,0,0.9551,0,0.0033,0.0133,0.0067,0.005,1.0091
alma-7b-flap40-gen-pair-cs,alma-7b-flap40-gen-pair-cs__alma10-greedy-300__bbc3d035af70,flap,gen,40,pair,cs,cs-en+en-cs,False,,ru-en,True,False,300,0.789221,27.7824,52.1538,-0.057202,-9.1546,-8.2569,-0.000936,0,0,0.0067,0.0067,0,0.9992,0.0033,0.01,0.0133,0,0.0065,1.0354
alma-7b-flap40-gen-pair-cs,alma-7b-flap40-gen-pair-cs__alma10-greedy-300__bbc3d035af70,flap,gen,40,pair,cs,cs-en+en-cs,False,,zh-en,True,False,300,0.699757,10.3851,35.3815,-0.096378,-9.4569,-12.925,-0.022973,0,0.0367,0.0233,0.0233,0,1.12,0,0,0.04,0,0.0034,1.1677
alma-7b-flap40-gen-pair-cs,alma-7b-flap40-gen-pair-cs__alma10-greedy-300__bbc3d035af70,flap,gen,40,pair,cs,cs-en+en-cs,False,,en-cs,False,True,300,0.750344,15.3945,37.4367,-0.11996,-9.536,-10.9481,0.034721,0.0033,0,0,0,0,0.8949,0,0.0333,0.0167,0.0033,0.0099,0.9463
alma-7b-flap40-gen-pair-cs,alma-7b-flap40-gen-pair-cs__alma10-greedy-300__bbc3d035af70,flap,gen,40,pair,cs,cs-en+en-cs,False,,en-de,False,False,300,0.683273,13.4225,38.8816,-0.169691,-14.569,-15.8525,-0.071877,0.02,0.01,0.0167,0.0167,0,1.0177,0.0133,0.0067,0.02,0.02,0.0142,1.0561
alma-7b-flap40-gen-pair-cs,alma-7b-flap40-gen-pair-cs__alma10-greedy-300__bbc3d035af70,flap,gen,40,pair,cs,cs-en+en-cs,False,,en-is,False,False,300,0.436986,5.3773,23.1001,-0.404853,-18.3733,-26.1783,-0.134808,0.01,0.03,0.0967,0.0967,0,0.9762,0,0,0.03,0.01,0.005,1.1706
alma-7b-flap40-gen-pair-cs,alma-7b-flap40-gen-pair-cs__alma10-greedy-300__bbc3d035af70,flap,gen,40,pair,cs,cs-en+en-cs,False,,en-ru,False,False,300,0.685015,13.1577,32.6984,-0.176066,-11.8483,-15.7171,-0.070661,0,0.0033,0.0033,0.0033,0,0.8024,0,0.0467,0.03,0,0.0167,0.8815
alma-7b-flap40-gen-pair-cs,alma-7b-flap40-gen-pair-cs__alma10-greedy-300__bbc3d035af70,flap,gen,40,pair,cs,cs-en+en-cs,False,,en-zh,False,False,300,0.431532,1.4165,3.3785,-0.419203,-32.0859,-22.8555,-0.22726,0,0,0.0167,0.0167,0,0.4102,0,0.7467,0.0167,0,0.079,0.3242
alma-7b-flap40-gen-pair-de,alma-7b-flap40-gen-pair-de__alma10-greedy-300__b823b1925765,flap,gen,40,pair,de,de-en+en-de,False,,cs-en,True,False,300,0.803559,30.9606,53.9019,-0.048874,-11.0247,-9.4326,-0.005255,0.0033,0,0,0,0,0.9459,0.0033,0,0.0033,0.0033,0.0051,0.9861
alma-7b-flap40-gen-pair-de,alma-7b-flap40-gen-pair-de__alma10-greedy-300__b823b1925765,flap,gen,40,pair,de,de-en+en-de,False,,de-en,True,True,300,0.804076,25.2758,48.0602,-0.035134,-6.041,-5.7344,-0.002741,0,0,0.0033,0.0033,0,0.9377,0,0,0,0,0.0065,0.9682
alma-7b-flap40-gen-pair-de,alma-7b-flap40-gen-pair-de__alma10-greedy-300__b823b1925765,flap,gen,40,pair,de,de-en+en-de,False,,is-en,True,False,300,0.795434,27.705,49.1272,-0.067229,-10.5443,-9.3697,-0.010661,0.0033,0.0033,0.0033,0.0033,0,0.9681,0,0.0033,0.01,0.0033,0.005,1.0288
alma-7b-flap40-gen-pair-de,alma-7b-flap40-gen-pair-de__alma10-greedy-300__b823b1925765,flap,gen,40,pair,de,de-en+en-de,False,,ru-en,True,False,300,0.778399,24.232,49.5616,-0.068024,-12.705,-10.8491,-0.011758,0,0.01,0.02,0.02,0,1.1158,0.0033,0.01,0.0133,0,0.0061,1.1298
alma-7b-flap40-gen-pair-de,alma-7b-flap40-gen-pair-de__alma10-greedy-300__b823b1925765,flap,gen,40,pair,de,de-en+en-de,False,,zh-en,True,False,300,0.699489,11.0659,36.889,-0.096646,-8.7761,-11.4175,-0.023241,0,0.0167,0.02,0.02,0,0.9809,0,0.0067,0.0133,0,0.0045,1.0743
alma-7b-flap40-gen-pair-de,alma-7b-flap40-gen-pair-de__alma10-greedy-300__b823b1925765,flap,gen,40,pair,de,de-en+en-de,False,,en-cs,False,False,300,0.584443,7.3562,27.9978,-0.285861,-17.5743,-20.387,-0.13118,0,0.0233,0.0433,0.0433,0,1.033,0,0.0433,0.02,0,0.0149,1.1132
alma-7b-flap40-gen-pair-de,alma-7b-flap40-gen-pair-de__alma10-greedy-300__b823b1925765,flap,gen,40,pair,de,de-en+en-de,False,,en-de,False,True,300,0.765034,18.167,44.0056,-0.08793,-9.8245,-10.7285,0.009884,0.02,0,0,0,0,0.9222,0.0167,0,0.02,0.02,0.0154,0.967
alma-7b-flap40-gen-pair-de,alma-7b-flap40-gen-pair-de__alma10-greedy-300__b823b1925765,flap,gen,40,pair,de,de-en+en-de,False,,en-is,False,False,300,0.438796,5.6806,23.4915,-0.403043,-18.07,-25.7869,-0.132998,0.01,0.0367,0.0933,0.0933,0,1.008,0,0,0.0367,0.01,0.0062,1.2509
alma-7b-flap40-gen-pair-de,alma-7b-flap40-gen-pair-de__alma10-greedy-300__b823b1925765,flap,gen,40,pair,de,de-en+en-de,False,,en-ru,False,False,300,0.635309,11.0118,29.6717,-0.225772,-13.9942,-18.7438,-0.120367,0,0.0033,0.0067,0.0067,0,0.7736,0,0.0433,0.05,0,0.0162,0.8425
alma-7b-flap40-gen-pair-de,alma-7b-flap40-gen-pair-de__alma10-greedy-300__b823b1925765,flap,gen,40,pair,de,de-en+en-de,False,,en-zh,False,False,300,0.430052,1.6742,3.7019,-0.420683,-31.8282,-22.5321,-0.22874,0,0,0.03,0.03,0,0.4727,0,0.75,0.0167,0,0.1024,0.3433
alma-7b-flap40-gen-pair-is,alma-7b-flap40-gen-pair-is__alma10-greedy-300__baebb668daae,flap,gen,40,pair,is,en-is+is-en,False,,cs-en,True,False,300,0.788535,26.4155,49.9559,-0.063898,-15.5698,-13.3786,-0.020279,0.0033,0.0067,0.01,0.01,0,1.0446,0,0,0.0033,0.0033,0.0063,1.0413
alma-7b-flap40-gen-pair-is,alma-7b-flap40-gen-pair-is__alma10-greedy-300__baebb668daae,flap,gen,40,pair,is,en-is+is-en,False,,de-en,True,False,300,0.79973,22.6908,46.1604,-0.03948,-8.626,-7.6342,-0.007087,0,0,0,0,0,0.8928,0,0.0033,0.0033,0,0.0056,0.9121
alma-7b-flap40-gen-pair-is,alma-7b-flap40-gen-pair-is__alma10-greedy-300__baebb668daae,flap,gen,40,pair,is,en-is+is-en,False,,is-en,True,True,300,0.796458,24.661,47.3295,-0.066205,-13.5883,-11.1674,-0.009637,0.0033,0.01,0.0167,0.0167,0,1.0615,0,0,0.02,0.0033,0.0049,1.0707
alma-7b-flap40-gen-pair-is,alma-7b-flap40-gen-pair-is__alma10-greedy-300__baebb668daae,flap,gen,40,pair,is,en-is+is-en,False,,ru-en,True,False,300,0.782308,23.1195,48.475,-0.064115,-13.8175,-11.9357,-0.007849,0,0.0167,0.0167,0.0167,0,1.0819,0.0033,0.01,0.01,0,0.0079,1.1183
alma-7b-flap40-gen-pair-is,alma-7b-flap40-gen-pair-is__alma10-greedy-300__baebb668daae,flap,gen,40,pair,is,en-is+is-en,False,,zh-en,True,False,300,0.708901,10.4658,36.0494,-0.087234,-9.3762,-12.2571,-0.013829,0,0.02,0.0233,0.0233,0,1.0208,0,0.01,0.0167,0,0.004,1.098
alma-7b-flap40-gen-pair-is,alma-7b-flap40-gen-pair-is__alma10-greedy-300__baebb668daae,flap,gen,40,pair,is,en-is+is-en,False,,en-cs,False,False,300,0.566488,7.6936,25.7199,-0.303816,-17.2369,-22.6649,-0.149135,0.0133,0.0267,0.0433,0.0433,0,1.0178,0.0033,0.05,0.0333,0.0133,0.0095,1.1024
alma-7b-flap40-gen-pair-is,alma-7b-flap40-gen-pair-is__alma10-greedy-300__baebb668daae,flap,gen,40,pair,is,en-is+is-en,False,,en-de,False,False,300,0.676497,13.6663,37.8621,-0.176467,-14.3252,-16.872,-0.078653,0.04,0.0067,0.0133,0.0133,0,0.9555,0.0233,0.0133,0.0433,0.04,0.0151,0.9901
alma-7b-flap40-gen-pair-is,alma-7b-flap40-gen-pair-is__alma10-greedy-300__baebb668daae,flap,gen,40,pair,is,en-is+is-en,False,,en-is,False,True,300,0.656922,12.1714,34.0373,-0.184917,-11.5792,-15.2411,0.085128,0,0.0133,0.0233,0.0233,0,0.8989,0,0,0,0,0.0046,0.9898
alma-7b-flap40-gen-pair-is,alma-7b-flap40-gen-pair-is__alma10-greedy-300__baebb668daae,flap,gen,40,pair,is,en-is+is-en,False,,en-ru,False,False,300,0.585868,8.0477,23.5084,-0.275213,-16.9583,-24.9071,-0.169808,0.0067,0.0033,0.01,0.01,0,0.6457,0,0.1067,0.08,0.0067,0.0195,0.6725
alma-7b-flap40-gen-pair-is,alma-7b-flap40-gen-pair-is__alma10-greedy-300__baebb668daae,flap,gen,40,pair,is,en-is+is-en,False,,en-zh,False,False,300,0.430141,0.716,3.4641,-0.420594,-32.7864,-22.7699,-0.228651,0.0067,0,0.01,0.01,0,0.3541,0,0.83,0.0233,0.0067,0.0995,0.2494
alma-7b-flap40-gen-pair-ru,alma-7b-flap40-gen-pair-ru__alma10-greedy-300__1d9fd6c3607b,flap,gen,40,pair,ru,en-ru+ru-en,False,,cs-en,True,False,300,0.801027,30.22,53.6483,-0.051406,-11.7653,-9.6862,-0.007787,0.0033,0,0,0,0,0.9513,0.0033,0,0.0033,0.0033,0.0047,0.9877
alma-7b-flap40-gen-pair-ru,alma-7b-flap40-gen-pair-ru__alma10-greedy-300__1d9fd6c3607b,flap,gen,40,pair,ru,en-ru+ru-en,False,,de-en,True,False,300,0.797563,24.7594,48.1916,-0.041647,-6.5574,-5.603,-0.009254,0.0033,0,0,0,0,0.9098,0,0.0033,0.0033,0.0033,0.0059,0.9406
alma-7b-flap40-gen-pair-ru,alma-7b-flap40-gen-pair-ru__alma10-greedy-300__1d9fd6c3607b,flap,gen,40,pair,ru,en-ru+ru-en,False,,is-en,True,False,300,0.786045,27.8266,49.1523,-0.076618,-10.4227,-9.3446,-0.02005,0,0,0,0,0,0.9566,0,0,0.0033,0,0.0051,1.0086
alma-7b-flap40-gen-pair-ru,alma-7b-flap40-gen-pair-ru__alma10-greedy-300__1d9fd6c3607b,flap,gen,40,pair,ru,en-ru+ru-en,False,,ru-en,True,True,300,0.776113,25.9051,50.7835,-0.07031,-11.0319,-9.6272,-0.014044,0,0.0133,0.0133,0.0133,0,1.0788,0.0033,0.0067,0.0133,0,0.0059,1.1035
alma-7b-flap40-gen-pair-ru,alma-7b-flap40-gen-pair-ru__alma10-greedy-300__1d9fd6c3607b,flap,gen,40,pair,ru,en-ru+ru-en,False,,zh-en,True,False,300,0.707197,11.1761,37.3222,-0.088938,-8.6659,-10.9843,-0.015533,0.0033,0.0133,0.0133,0.0133,0,1.0008,0,0.0067,0.0133,0.0033,0.0043,1.0714
alma-7b-flap40-gen-pair-ru,alma-7b-flap40-gen-pair-ru__alma10-greedy-300__1d9fd6c3607b,flap,gen,40,pair,ru,en-ru+ru-en,False,,en-cs,False,False,300,0.656072,11.2116,32.4808,-0.214232,-13.7189,-15.904,-0.059551,0,0.01,0.0133,0.0133,0,0.9836,0,0.0267,0.0167,0,0.0085,1.03
alma-7b-flap40-gen-pair-ru,alma-7b-flap40-gen-pair-ru__alma10-greedy-300__1d9fd6c3607b,flap,gen,40,pair,ru,en-ru+ru-en,False,,en-de,False,False,300,0.717778,15.6652,41.6624,-0.135186,-12.3263,-13.0717,-0.037372,0.0367,0,0.0133,0.0133,0,0.9936,0.0167,0,0.0367,0.0367,0.0139,1.0345
alma-7b-flap40-gen-pair-ru,alma-7b-flap40-gen-pair-ru__alma10-greedy-300__1d9fd6c3607b,flap,gen,40,pair,ru,en-ru+ru-en,False,,en-is,False,False,300,0.418756,4.3732,22.2398,-0.423083,-19.3774,-27.0386,-0.153038,0.0167,0.06,0.1067,0.1067,0,1.0664,0,0.0033,0.04,0.0167,0.007,1.3866
alma-7b-flap40-gen-pair-ru,alma-7b-flap40-gen-pair-ru__alma10-greedy-300__1d9fd6c3607b,flap,gen,40,pair,ru,en-ru+ru-en,False,,en-ru,False,True,300,0.760592,15.8094,38.4469,-0.100489,-9.1966,-9.9686,0.004916,0,0.0033,0.0033,0.0033,0,0.9508,0,0.0133,0.0367,0,0.0137,1.0044
alma-7b-flap40-gen-pair-ru,alma-7b-flap40-gen-pair-ru__alma10-greedy-300__1d9fd6c3607b,flap,gen,40,pair,ru,en-ru+ru-en,False,,en-zh,False,False,300,0.597839,12.0916,10.1251,-0.252896,-21.4108,-16.1089,-0.060953,0,0,0.07,0.07,0,1.1697,0,0.2533,0.02,0,0.0841,0.9701
alma-7b-flap40-gen-pair-zh,alma-7b-flap40-gen-pair-zh__alma10-greedy-300__133d94eabf9c,flap,gen,40,pair,zh,en-zh+zh-en,False,,cs-en,True,False,300,0.803583,29.5149,53.0362,-0.04885,-12.4704,-10.2983,-0.005231,0.0033,0,0,0,0,0.9231,0,0,0.0033,0.0033,0.0066,0.9552
alma-7b-flap40-gen-pair-zh,alma-7b-flap40-gen-pair-zh__alma10-greedy-300__133d94eabf9c,flap,gen,40,pair,zh,en-zh+zh-en,False,,de-en,True,False,300,0.806738,24.6399,48.3242,-0.032472,-6.6769,-5.4704,-7.9e-05,0,0,0,0,0,0.8994,0,0.0033,0.0033,0,0.0071,0.9287
alma-7b-flap40-gen-pair-zh,alma-7b-flap40-gen-pair-zh__alma10-greedy-300__133d94eabf9c,flap,gen,40,pair,zh,en-zh+zh-en,False,,is-en,True,False,300,0.809482,28.6371,50.4838,-0.053181,-9.6122,-8.0131,0.003387,0,0,0,0,0,0.9419,0,0.0033,0.0067,0,0.0061,0.9817
alma-7b-flap40-gen-pair-zh,alma-7b-flap40-gen-pair-zh__alma10-greedy-300__133d94eabf9c,flap,gen,40,pair,zh,en-zh+zh-en,False,,ru-en,True,False,300,0.786678,28.8377,52.6164,-0.059745,-8.0993,-7.7943,-0.003479,0,0.0033,0.0033,0.0033,0,0.9852,0.0033,0.0133,0.0167,0,0.007,1.0223
alma-7b-flap40-gen-pair-zh,alma-7b-flap40-gen-pair-zh__alma10-greedy-300__133d94eabf9c,flap,gen,40,pair,zh,en-zh+zh-en,False,,zh-en,True,True,300,0.736996,14.0763,40.6879,-0.059139,-5.7657,-7.6186,0.014266,0,0.0033,0.0067,0.0067,0,0.8827,0,0.01,0.0067,0,0.0044,0.9449
alma-7b-flap40-gen-pair-zh,alma-7b-flap40-gen-pair-zh__alma10-greedy-300__133d94eabf9c,flap,gen,40,pair,zh,en-zh+zh-en,False,,en-cs,False,False,300,0.570403,6.0678,27.3593,-0.299901,-18.8627,-21.0255,-0.14522,0.04,0.0133,0.04,0.04,0,1.0949,0.01,0.03,0.05,0.04,0.007,1.1669
alma-7b-flap40-gen-pair-zh,alma-7b-flap40-gen-pair-zh__alma10-greedy-300__133d94eabf9c,flap,gen,40,pair,zh,en-zh+zh-en,False,,en-de,False,False,300,0.663381,12.0481,37.5036,-0.189583,-15.9434,-17.2305,-0.091769,0.1333,0,0.0033,0.0033,0,0.9366,0.06,0,0.1367,0.1333,0.0143,0.9819
alma-7b-flap40-gen-pair-zh,alma-7b-flap40-gen-pair-zh__alma10-greedy-300__133d94eabf9c,flap,gen,40,pair,zh,en-zh+zh-en,False,,en-is,False,False,300,0.404838,3.7012,20.727,-0.437001,-20.0494,-28.5514,-0.166956,0.0467,0.0633,0.11,0.11,0,1.0128,0.01,0.0033,0.0633,0.0467,0.0048,1.2877
alma-7b-flap40-gen-pair-zh,alma-7b-flap40-gen-pair-zh__alma10-greedy-300__133d94eabf9c,flap,gen,40,pair,zh,en-zh+zh-en,False,,en-ru,False,False,300,0.68539,11.2818,34.4664,-0.175691,-13.7242,-13.9491,-0.070286,0.0033,0.0033,0.0067,0.0067,0,0.899,0,0.0267,0.0367,0.0033,0.0151,0.9353
alma-7b-flap40-gen-pair-zh,alma-7b-flap40-gen-pair-zh__alma10-greedy-300__133d94eabf9c,flap,gen,40,pair,zh,en-zh+zh-en,False,,en-zh,False,True,300,0.694675,17.6625,14.4903,-0.15606,-15.8399,-11.7437,0.035883,0,0,0.0133,0.0133,0,0.8588,0,0.2233,0.0367,0,0.0234,0.8365
alma-7b-slimgpt20-ref-dir-cs-en,alma-7b-slimgpt20-ref-dir-cs-en__alma10-greedy-300__8c1f41ae71ec,slimgpt,ref,20,dir,cs-en,cs-en,False,,cs-en,True,True,300,0.841677,37.0138,59.6439,-0.010756,-4.9715,-3.6906,-0.000666,0.0067,0,0,0,0,0.9731,0.0033,0.0033,0.0067,0.0067,0.0047,0.9882
alma-7b-slimgpt20-ref-dir-cs-en,alma-7b-slimgpt20-ref-dir-cs-en__alma10-greedy-300__8c1f41ae71ec,slimgpt,ref,20,dir,cs-en,cs-en,False,,de-en,True,False,300,0.827509,27.5181,51.0679,-0.011701,-3.7987,-2.7267,-0.006098,0,0,0,0,0,0.9242,0,0,0.0067,0,0.0059,0.9355
alma-7b-slimgpt20-ref-dir-cs-en,alma-7b-slimgpt20-ref-dir-cs-en__alma10-greedy-300__8c1f41ae71ec,slimgpt,ref,20,dir,cs-en,cs-en,False,,is-en,True,False,300,0.855779,35.508,57.1079,-0.006884,-2.7413,-1.389,-0.003251,0.0033,0,0,0,0,0.9516,0,0,0.01,0.0033,0.0068,0.9774
alma-7b-slimgpt20-ref-dir-cs-en,alma-7b-slimgpt20-ref-dir-cs-en__alma10-greedy-300__8c1f41ae71ec,slimgpt,ref,20,dir,cs-en,cs-en,False,,ru-en,True,False,300,0.832534,34.938,58.2569,-0.013889,-1.999,-2.1538,-0.003433,0,0,0,0,0,0.9878,0.0033,0.0067,0.0167,0,0.0073,0.9977
alma-7b-slimgpt20-ref-dir-cs-en,alma-7b-slimgpt20-ref-dir-cs-en__alma10-greedy-300__8c1f41ae71ec,slimgpt,ref,20,dir,cs-en,cs-en,False,,zh-en,True,False,300,0.783808,16.2946,44.2787,-0.012327,-3.5474,-4.0278,-0.005313,0,0,0,0,0,0.9211,0,0.0067,0.0067,0,0.0048,0.9447
alma-7b-slimgpt20-ref-dir-cs-en,alma-7b-slimgpt20-ref-dir-cs-en__alma10-greedy-300__8c1f41ae71ec,slimgpt,ref,20,dir,cs-en,cs-en,False,,en-cs,False,False,300,0.854814,22.5993,45.8057,-0.01549,-2.3312,-2.5791,0.002891,0.0067,0,0,0,0,0.9347,0,0.0233,0.0233,0.0067,0.0064,0.9619
alma-7b-slimgpt20-ref-dir-cs-en,alma-7b-slimgpt20-ref-dir-cs-en__alma10-greedy-300__8c1f41ae71ec,slimgpt,ref,20,dir,cs-en,cs-en,False,,en-de,False,False,300,0.823902,22.3443,49.3594,-0.029062,-5.6472,-5.3747,-0.020586,0.0233,0,0.0033,0.0033,0,1.002,0.0167,0.0033,0.0267,0.0233,0.0127,1.0118
alma-7b-slimgpt20-ref-dir-cs-en,alma-7b-slimgpt20-ref-dir-cs-en__alma10-greedy-300__8c1f41ae71ec,slimgpt,ref,20,dir,cs-en,cs-en,False,,en-is,False,False,300,0.783928,16.554,41.8932,-0.057911,-7.1966,-7.3852,-0.043885,0.01,0,0.0033,0.0033,0,0.9763,0.0067,0,0.0133,0.01,0.0041,1.0101
alma-7b-slimgpt20-ref-dir-cs-en,alma-7b-slimgpt20-ref-dir-cs-en__alma10-greedy-300__8c1f41ae71ec,slimgpt,ref,20,dir,cs-en,cs-en,False,,en-ru,False,False,300,0.833383,19.9669,42.6498,-0.027698,-5.0391,-5.7657,-0.015925,0,0,0.0033,0.0033,0,0.9697,0,0.01,0.07,0,0.0104,1.0036
alma-7b-slimgpt20-ref-dir-cs-en,alma-7b-slimgpt20-ref-dir-cs-en__alma10-greedy-300__8c1f41ae71ec,slimgpt,ref,20,dir,cs-en,cs-en,False,,en-zh,False,False,300,0.689761,18.5384,16.1367,-0.160974,-14.964,-10.0973,-0.150153,0,0,0.0533,0.0533,0,1.2688,0,0.1933,0.0567,0,0.1637,0.7428
alma-7b-slimgpt20-ref-dir-de-en,alma-7b-slimgpt20-ref-dir-de-en__alma10-greedy-300__e581fc177d3b,slimgpt,ref,20,dir,de-en,de-en,False,,cs-en,True,False,300,0.841296,38.1262,60.639,-0.011137,-3.8591,-2.6955,-0.001047,0.0033,0,0,0,0,0.9764,0.0033,0,0.0033,0.0033,0.0046,0.988
alma-7b-slimgpt20-ref-dir-de-en,alma-7b-slimgpt20-ref-dir-de-en__alma10-greedy-300__e581fc177d3b,slimgpt,ref,20,dir,de-en,de-en,False,,de-en,True,True,300,0.833585,28.3704,52.0077,-0.005625,-2.9464,-1.7869,-2.2e-05,0.0033,0,0,0,0,0.9266,0,0.0033,0.0167,0.0033,0.0065,0.9375
alma-7b-slimgpt20-ref-dir-de-en,alma-7b-slimgpt20-ref-dir-de-en__alma10-greedy-300__e581fc177d3b,slimgpt,ref,20,dir,de-en,de-en,False,,is-en,True,False,300,0.858009,36.2793,57.2198,-0.004654,-1.97,-1.2771,-0.001021,0.0033,0,0,0,0,0.9592,0,0,0.01,0.0033,0.0061,0.9841
alma-7b-slimgpt20-ref-dir-de-en,alma-7b-slimgpt20-ref-dir-de-en__alma10-greedy-300__e581fc177d3b,slimgpt,ref,20,dir,de-en,de-en,False,,ru-en,True,False,300,0.832603,35.1308,58.7366,-0.01382,-1.8062,-1.6741,-0.003364,0,0,0,0,0,0.9858,0.0033,0.01,0.02,0,0.0073,0.9971
alma-7b-slimgpt20-ref-dir-de-en,alma-7b-slimgpt20-ref-dir-de-en__alma10-greedy-300__e581fc177d3b,slimgpt,ref,20,dir,de-en,de-en,False,,zh-en,True,False,300,0.782438,16.658,44.4812,-0.013697,-3.184,-3.8253,-0.006683,0,0,0,0,0,0.9011,0,0.0133,0.0067,0,0.004,0.9262
alma-7b-slimgpt20-ref-dir-de-en,alma-7b-slimgpt20-ref-dir-de-en__alma10-greedy-300__e581fc177d3b,slimgpt,ref,20,dir,de-en,de-en,False,,en-cs,False,False,300,0.817182,17.5506,41.7929,-0.053122,-7.3799,-6.5919,-0.034741,0.0067,0,0.0033,0.0033,0,0.9701,0.0033,0.02,0.03,0.0067,0.0062,0.992
alma-7b-slimgpt20-ref-dir-de-en,alma-7b-slimgpt20-ref-dir-de-en__alma10-greedy-300__e581fc177d3b,slimgpt,ref,20,dir,de-en,de-en,False,,en-de,False,False,300,0.845596,25.7907,52.3705,-0.007368,-2.2008,-2.3636,0.001108,0.02,0,0,0,0,0.9725,0.02,0,0.0233,0.02,0.0132,1.0024
alma-7b-slimgpt20-ref-dir-de-en,alma-7b-slimgpt20-ref-dir-de-en__alma10-greedy-300__e581fc177d3b,slimgpt,ref,20,dir,de-en,de-en,False,,en-is,False,False,300,0.790521,17.183,41.9736,-0.051318,-6.5676,-7.3048,-0.037292,0.0067,0,0,0,0,0.9458,0.0033,0,0.01,0.0067,0.0042,0.963
alma-7b-slimgpt20-ref-dir-de-en,alma-7b-slimgpt20-ref-dir-de-en__alma10-greedy-300__e581fc177d3b,slimgpt,ref,20,dir,de-en,de-en,False,,en-ru,False,False,300,0.830733,19.8263,42.125,-0.030348,-5.1797,-6.2905,-0.018575,0.0067,0,0,0,0,0.9547,0.0033,0.0133,0.0833,0.0067,0.0101,1.0193
alma-7b-slimgpt20-ref-dir-de-en,alma-7b-slimgpt20-ref-dir-de-en__alma10-greedy-300__e581fc177d3b,slimgpt,ref,20,dir,de-en,de-en,False,,en-zh,False,False,300,0.669133,17.0527,14.3237,-0.181602,-16.4497,-11.9103,-0.170781,0.0033,0,0.0733,0.0733,0,1.4167,0,0.1867,0.06,0.0033,0.2048,0.7235
alma-7b-slimgpt20-ref-dir-is-en,alma-7b-slimgpt20-ref-dir-is-en__alma10-greedy-300__40de187a7c6e,slimgpt,ref,20,dir,is-en,is-en,False,,cs-en,True,False,300,0.84318,37.0523,59.4954,-0.009253,-4.933,-3.8391,0.000837,0.0033,0,0,0,0,0.963,0,0.0067,0.0033,0.0033,0.0052,0.9759
alma-7b-slimgpt20-ref-dir-is-en,alma-7b-slimgpt20-ref-dir-is-en__alma10-greedy-300__40de187a7c6e,slimgpt,ref,20,dir,is-en,is-en,False,,de-en,True,False,300,0.833564,26.3715,50.6062,-0.005646,-4.9453,-3.1884,-4.3e-05,0.0033,0,0,0,0,0.9182,0,0,0.01,0.0033,0.0067,0.9309
alma-7b-slimgpt20-ref-dir-is-en,alma-7b-slimgpt20-ref-dir-is-en__alma10-greedy-300__40de187a7c6e,slimgpt,ref,20,dir,is-en,is-en,False,,is-en,True,True,300,0.859883,34.7408,56.3216,-0.00278,-3.5085,-2.1753,0.000853,0.0067,0,0,0,0,0.9463,0,0,0.01,0.0067,0.0064,0.9688
alma-7b-slimgpt20-ref-dir-is-en,alma-7b-slimgpt20-ref-dir-is-en__alma10-greedy-300__40de187a7c6e,slimgpt,ref,20,dir,is-en,is-en,False,,ru-en,True,False,300,0.827535,32.949,56.5739,-0.018888,-3.988,-3.8368,-0.008432,0,0,0,0,0,0.9515,0.0033,0.0067,0.0167,0,0.0075,0.9646
alma-7b-slimgpt20-ref-dir-is-en,alma-7b-slimgpt20-ref-dir-is-en__alma10-greedy-300__40de187a7c6e,slimgpt,ref,20,dir,is-en,is-en,False,,zh-en,True,False,300,0.775811,15.7456,42.8366,-0.020324,-4.0964,-5.4699,-0.01331,0,0.0033,0.0033,0.0033,0,0.9167,0,0.0067,0.0067,0,0.004,0.9473
alma-7b-slimgpt20-ref-dir-is-en,alma-7b-slimgpt20-ref-dir-is-en__alma10-greedy-300__40de187a7c6e,slimgpt,ref,20,dir,is-en,is-en,False,,en-cs,False,False,300,0.817701,17.9525,41.9537,-0.052603,-6.978,-6.4311,-0.034222,0.0033,0,0,0,0,0.9671,0,0.0233,0.0233,0.0033,0.0068,0.9894
alma-7b-slimgpt20-ref-dir-is-en,alma-7b-slimgpt20-ref-dir-is-en__alma10-greedy-300__40de187a7c6e,slimgpt,ref,20,dir,is-en,is-en,False,,en-de,False,False,300,0.817736,21.5619,49.154,-0.035228,-6.4296,-5.5801,-0.026752,0.0267,0,0,0,0,0.9968,0.0167,0,0.0267,0.0267,0.013,1.0263
alma-7b-slimgpt20-ref-dir-is-en,alma-7b-slimgpt20-ref-dir-is-en__alma10-greedy-300__40de187a7c6e,slimgpt,ref,20,dir,is-en,is-en,False,,en-is,False,False,300,0.822378,21.0667,46.4894,-0.019461,-2.6839,-2.789,-0.005435,0.0033,0,0,0,0,0.951,0.0033,0,0.0067,0.0033,0.0042,0.9765
alma-7b-slimgpt20-ref-dir-is-en,alma-7b-slimgpt20-ref-dir-is-en__alma10-greedy-300__40de187a7c6e,slimgpt,ref,20,dir,is-en,is-en,False,,en-ru,False,False,300,0.817471,20.4301,41.9239,-0.04361,-4.5759,-6.4916,-0.031837,0.0233,0,0,0,0,0.9533,0.02,0.01,0.0933,0.0233,0.0106,1.0018
alma-7b-slimgpt20-ref-dir-is-en,alma-7b-slimgpt20-ref-dir-is-en__alma10-greedy-300__40de187a7c6e,slimgpt,ref,20,dir,is-en,is-en,False,,en-zh,False,False,300,0.693261,17.6892,15.2259,-0.157474,-15.8132,-11.0081,-0.146653,0.0033,0,0.07,0.07,0,1.3633,0.0033,0.21,0.05,0.0033,0.1931,0.7398
alma-7b-slimgpt20-ref-dir-ru-en,alma-7b-slimgpt20-ref-dir-ru-en__alma10-greedy-300__3015f0692320,slimgpt,ref,20,dir,ru-en,ru-en,False,,cs-en,True,False,300,0.847224,37.375,59.8078,-0.005209,-4.6103,-3.5267,0.004881,0.0033,0,0,0,0,0.9696,0.0033,0.0033,0.0033,0.0033,0.005,0.9793
alma-7b-slimgpt20-ref-dir-ru-en,alma-7b-slimgpt20-ref-dir-ru-en__alma10-greedy-300__3015f0692320,slimgpt,ref,20,dir,ru-en,ru-en,False,,de-en,True,False,300,0.832241,28.0644,51.8383,-0.006969,-3.2524,-1.9563,-0.001366,0.0033,0,0,0,0,0.9296,0,0,0.0067,0.0033,0.0061,0.9422
alma-7b-slimgpt20-ref-dir-ru-en,alma-7b-slimgpt20-ref-dir-ru-en__alma10-greedy-300__3015f0692320,slimgpt,ref,20,dir,ru-en,ru-en,False,,is-en,True,False,300,0.853659,35.6088,57.0922,-0.009004,-2.6405,-1.4047,-0.005371,0.01,0,0,0,0,0.9465,0,0,0.02,0.01,0.0063,0.9661
alma-7b-slimgpt20-ref-dir-ru-en,alma-7b-slimgpt20-ref-dir-ru-en__alma10-greedy-300__3015f0692320,slimgpt,ref,20,dir,ru-en,ru-en,False,,ru-en,True,True,300,0.835011,36.0359,59.2953,-0.011412,-0.9011,-1.1154,-0.000956,0,0,0,0,0,0.9766,0.0033,0.0067,0.02,0,0.0075,0.9871
alma-7b-slimgpt20-ref-dir-ru-en,alma-7b-slimgpt20-ref-dir-ru-en__alma10-greedy-300__3015f0692320,slimgpt,ref,20,dir,ru-en,ru-en,False,,zh-en,True,False,300,0.781678,16.7651,44.6753,-0.014457,-3.0769,-3.6312,-0.007443,0,0,0,0,0,0.9014,0,0.0067,0.0067,0,0.0045,0.9224
alma-7b-slimgpt20-ref-dir-ru-en,alma-7b-slimgpt20-ref-dir-ru-en__alma10-greedy-300__3015f0692320,slimgpt,ref,20,dir,ru-en,ru-en,False,,en-cs,False,False,300,0.829036,17.6132,41.9276,-0.041268,-7.3173,-6.4572,-0.022887,0.0033,0,0,0,0,0.9635,0,0.0267,0.02,0.0033,0.007,0.9731
alma-7b-slimgpt20-ref-dir-ru-en,alma-7b-slimgpt20-ref-dir-ru-en__alma10-greedy-300__3015f0692320,slimgpt,ref,20,dir,ru-en,ru-en,False,,en-de,False,False,300,0.819203,22.2329,49.4427,-0.033761,-5.7586,-5.2914,-0.025285,0.0333,0,0,0,0,0.991,0.03,0.0033,0.0367,0.0333,0.0131,1.0133
alma-7b-slimgpt20-ref-dir-ru-en,alma-7b-slimgpt20-ref-dir-ru-en__alma10-greedy-300__3015f0692320,slimgpt,ref,20,dir,ru-en,ru-en,False,,en-is,False,False,300,0.753067,14.9944,39.9321,-0.088772,-8.7562,-9.3463,-0.074746,0.02,0,0.0067,0.0067,0,0.9715,0.0133,0,0.02,0.02,0.0044,0.9923
alma-7b-slimgpt20-ref-dir-ru-en,alma-7b-slimgpt20-ref-dir-ru-en__alma10-greedy-300__3015f0692320,slimgpt,ref,20,dir,ru-en,ru-en,False,,en-ru,False,False,300,0.846117,22.3968,45.5999,-0.014964,-2.6092,-2.8156,-0.003191,0,0,0,0,0,0.9585,0,0.0167,0.0533,0,0.0097,0.9946
alma-7b-slimgpt20-ref-dir-ru-en,alma-7b-slimgpt20-ref-dir-ru-en__alma10-greedy-300__3015f0692320,slimgpt,ref,20,dir,ru-en,ru-en,False,,en-zh,False,False,300,0.747818,24.0774,18.0379,-0.102917,-9.425,-8.1961,-0.092096,0.0067,0,0.02,0.02,0,1.075,0.0033,0.19,0.0367,0.0067,0.066,0.9002
alma-7b-slimgpt20-ref-dir-zh-en,alma-7b-slimgpt20-ref-dir-zh-en__alma10-greedy-300__df45c15ebc6a,slimgpt,ref,20,dir,zh-en,zh-en,False,,cs-en,True,False,300,0.830175,35.988,58.9608,-0.022258,-5.9973,-4.3737,-0.012168,0.0033,0,0,0,0,0.9644,0,0,0.0067,0.0033,0.0049,0.98
alma-7b-slimgpt20-ref-dir-zh-en,alma-7b-slimgpt20-ref-dir-zh-en__alma10-greedy-300__df45c15ebc6a,slimgpt,ref,20,dir,zh-en,zh-en,False,,de-en,True,False,300,0.831055,27.4881,51.3388,-0.008155,-3.8287,-2.4558,-0.002552,0.0033,0,0,0,0,0.9292,0,0,0.0033,0.0033,0.0057,0.9373
alma-7b-slimgpt20-ref-dir-zh-en,alma-7b-slimgpt20-ref-dir-zh-en__alma10-greedy-300__df45c15ebc6a,slimgpt,ref,20,dir,zh-en,zh-en,False,,is-en,True,False,300,0.849289,34.3592,56.0204,-0.013374,-3.8901,-2.4765,-0.009741,0.0033,0,0,0,0,0.9462,0,0,0.0067,0.0033,0.0066,0.9701
alma-7b-slimgpt20-ref-dir-zh-en,alma-7b-slimgpt20-ref-dir-zh-en__alma10-greedy-300__df45c15ebc6a,slimgpt,ref,20,dir,zh-en,zh-en,False,,ru-en,True,False,300,0.832192,33.8159,57.921,-0.014231,-3.1211,-2.4897,-0.003775,0,0,0,0,0,0.9812,0.0033,0.0067,0.0267,0,0.0072,0.9956
alma-7b-slimgpt20-ref-dir-zh-en,alma-7b-slimgpt20-ref-dir-zh-en__alma10-greedy-300__df45c15ebc6a,slimgpt,ref,20,dir,zh-en,zh-en,False,,zh-en,True,True,300,0.7816,17.9957,46.5173,-0.014535,-1.8463,-1.7892,-0.007521,0,0,0,0,0,0.9127,0,0.0167,0.0067,0,0.0039,0.9376
alma-7b-slimgpt20-ref-dir-zh-en,alma-7b-slimgpt20-ref-dir-zh-en__alma10-greedy-300__df45c15ebc6a,slimgpt,ref,20,dir,zh-en,zh-en,False,,en-cs,False,False,300,0.744914,12.211,37.5583,-0.12539,-12.7195,-10.8265,-0.107009,0.0367,0,0,0,0,0.9328,0.01,0.03,0.05,0.0367,0.0072,0.9519
alma-7b-slimgpt20-ref-dir-zh-en,alma-7b-slimgpt20-ref-dir-zh-en__alma10-greedy-300__df45c15ebc6a,slimgpt,ref,20,dir,zh-en,zh-en,False,,en-de,False,False,300,0.758116,16.5663,44.3052,-0.094848,-11.4252,-10.4289,-0.086372,0.12,0,0,0,0,0.9692,0.0767,0,0.12,0.12,0.0116,1.0236
alma-7b-slimgpt20-ref-dir-zh-en,alma-7b-slimgpt20-ref-dir-zh-en__alma10-greedy-300__df45c15ebc6a,slimgpt,ref,20,dir,zh-en,zh-en,False,,en-is,False,False,300,0.599292,5.7526,24.3948,-0.242547,-17.998,-24.8836,-0.228521,0.6133,0,0,0,0,0.9436,0.25,0,0.6133,0.6133,0.006,1.0065
alma-7b-slimgpt20-ref-dir-zh-en,alma-7b-slimgpt20-ref-dir-zh-en__alma10-greedy-300__df45c15ebc6a,slimgpt,ref,20,dir,zh-en,zh-en,False,,en-ru,False,False,300,0.772508,16.5567,41.9572,-0.088573,-8.4493,-6.4583,-0.0768,0,0,0,0,0,0.9499,0,0.01,0.0767,0,0.0109,0.9906
alma-7b-slimgpt20-ref-dir-zh-en,alma-7b-slimgpt20-ref-dir-zh-en__alma10-greedy-300__df45c15ebc6a,slimgpt,ref,20,dir,zh-en,zh-en,False,,en-zh,False,False,300,0.838631,30.5179,25.0044,-0.012104,-2.9845,-1.2296,-0.001283,0,0,0,0,0,0.9693,0,0.1633,0.0233,0,0.0001,0.9669
alma-7b-slimgpt20-ref-dir-en-cs,alma-7b-slimgpt20-ref-dir-en-cs__alma10-greedy-300__399f96a2201a,slimgpt,ref,20,dir,en-cs,en-cs,False,,cs-en,True,False,300,0.843156,37.7787,60.3965,-0.009277,-4.2066,-2.938,0.000813,0.0033,0,0,0,0,0.9853,0.0033,0.0033,0.0033,0.0033,0.0044,0.9943
alma-7b-slimgpt20-ref-dir-en-cs,alma-7b-slimgpt20-ref-dir-en-cs__alma10-greedy-300__399f96a2201a,slimgpt,ref,20,dir,en-cs,en-cs,False,,de-en,True,False,300,0.833403,29.7777,52.8813,-0.005807,-1.5391,-0.9133,-0.000204,0.0033,0,0,0,0,0.9379,0,0.0033,0.01,0.0033,0.0063,0.9452
alma-7b-slimgpt20-ref-dir-en-cs,alma-7b-slimgpt20-ref-dir-en-cs__alma10-greedy-300__399f96a2201a,slimgpt,ref,20,dir,en-cs,en-cs,False,,is-en,True,False,300,0.8578,36.157,57.4856,-0.004863,-2.0923,-1.0113,-0.00123,0.0067,0,0,0,0,0.9687,0,0,0.0133,0.0067,0.0057,0.9917
alma-7b-slimgpt20-ref-dir-en-cs,alma-7b-slimgpt20-ref-dir-en-cs__alma10-greedy-300__399f96a2201a,slimgpt,ref,20,dir,en-cs,en-cs,False,,ru-en,True,False,300,0.831056,36.1507,59.5448,-0.015367,-0.7863,-0.8659,-0.004911,0,0,0,0,0,0.9907,0.0033,0.01,0.0167,0,0.0075,0.9997
alma-7b-slimgpt20-ref-dir-en-cs,alma-7b-slimgpt20-ref-dir-en-cs__alma10-greedy-300__399f96a2201a,slimgpt,ref,20,dir,en-cs,en-cs,False,,zh-en,True,False,300,0.779966,16.807,45.0973,-0.016169,-3.035,-3.2092,-0.009155,0,0.0067,0.0067,0.0067,0,0.9851,0,0.0033,0.01,0,0.0043,1.0068
alma-7b-slimgpt20-ref-dir-en-cs,alma-7b-slimgpt20-ref-dir-en-cs__alma10-greedy-300__399f96a2201a,slimgpt,ref,20,dir,en-cs,en-cs,False,,en-cs,False,True,300,0.854643,23.0389,46.4168,-0.015661,-1.8916,-1.968,0.00272,0.0033,0,0,0,0,0.9447,0,0.0267,0.0267,0.0033,0.006,0.9761
alma-7b-slimgpt20-ref-dir-en-cs,alma-7b-slimgpt20-ref-dir-en-cs__alma10-greedy-300__399f96a2201a,slimgpt,ref,20,dir,en-cs,en-cs,False,,en-de,False,False,300,0.825737,23.3205,50.6969,-0.027227,-4.671,-4.0372,-0.018751,0.01,0,0,0,0,0.9924,0.01,0,0.02,0.01,0.0127,1.0034
alma-7b-slimgpt20-ref-dir-en-cs,alma-7b-slimgpt20-ref-dir-en-cs__alma10-greedy-300__399f96a2201a,slimgpt,ref,20,dir,en-cs,en-cs,False,,en-is,False,False,300,0.787222,17.4164,42.2377,-0.054617,-6.3342,-7.0407,-0.040591,0,0,0.0033,0.0033,0,0.9817,0,0,0,0,0.0039,0.9982
alma-7b-slimgpt20-ref-dir-en-cs,alma-7b-slimgpt20-ref-dir-en-cs__alma10-greedy-300__399f96a2201a,slimgpt,ref,20,dir,en-cs,en-cs,False,,en-ru,False,False,300,0.831867,20.8285,43.6214,-0.029214,-4.1775,-4.7941,-0.017441,0,0,0,0,0,0.9509,0,0.01,0.0367,0,0.0101,0.9845
alma-7b-slimgpt20-ref-dir-en-cs,alma-7b-slimgpt20-ref-dir-en-cs__alma10-greedy-300__399f96a2201a,slimgpt,ref,20,dir,en-cs,en-cs,False,,en-zh,False,False,300,0.706913,22.3387,17.177,-0.143822,-11.1637,-9.057,-0.133001,0,0,0.0567,0.0567,0,1.3258,0,0.16,0.05,0,0.1556,0.8219
alma-7b-slimgpt20-ref-dir-en-de,alma-7b-slimgpt20-ref-dir-en-de__alma10-greedy-300__de874b95fe58,slimgpt,ref,20,dir,en-de,en-de,False,,cs-en,True,False,300,0.842367,38.7764,61.3957,-0.010066,-3.2089,-1.9388,2.4e-05,0.0067,0,0,0,0,0.9981,0.0033,0,0.01,0.0067,0.005,1.0133
alma-7b-slimgpt20-ref-dir-en-de,alma-7b-slimgpt20-ref-dir-en-de__alma10-greedy-300__de874b95fe58,slimgpt,ref,20,dir,en-de,en-de,False,,de-en,True,False,300,0.833205,28.8944,52.6217,-0.006005,-2.4224,-1.1729,-0.000402,0.0067,0,0,0,0,0.9475,0,0,0.01,0.0067,0.0059,0.9572
alma-7b-slimgpt20-ref-dir-en-de,alma-7b-slimgpt20-ref-dir-en-de__alma10-greedy-300__de874b95fe58,slimgpt,ref,20,dir,en-de,en-de,False,,is-en,True,False,300,0.857607,37.2187,58.3,-0.005056,-1.0306,-0.1969,-0.001423,0.0033,0,0,0,0,0.9666,0,0,0.0067,0.0033,0.0064,0.9882
alma-7b-slimgpt20-ref-dir-en-de,alma-7b-slimgpt20-ref-dir-en-de__alma10-greedy-300__de874b95fe58,slimgpt,ref,20,dir,en-de,en-de,False,,ru-en,True,False,300,0.835024,36.3565,60.2213,-0.011399,-0.5805,-0.1894,-0.000943,0,0,0,0,0,1.0089,0.0033,0.0067,0.0167,0,0.0072,1.0213
alma-7b-slimgpt20-ref-dir-en-de,alma-7b-slimgpt20-ref-dir-en-de__alma10-greedy-300__de874b95fe58,slimgpt,ref,20,dir,en-de,en-de,False,,zh-en,True,False,300,0.784684,17.9827,45.64,-0.011451,-1.8593,-2.6665,-0.004437,0,0,0.0033,0.0033,0,0.9588,0,0.0067,0.0067,0,0.0046,0.989
alma-7b-slimgpt20-ref-dir-en-de,alma-7b-slimgpt20-ref-dir-en-de__alma10-greedy-300__de874b95fe58,slimgpt,ref,20,dir,en-de,en-de,False,,en-cs,False,False,300,0.824683,18.267,42.4117,-0.045621,-6.6635,-5.9731,-0.02724,0.0067,0,0.0067,0.0067,0,1.0088,0.01,0.02,0.0267,0.0067,0.0061,1.0246
alma-7b-slimgpt20-ref-dir-en-de,alma-7b-slimgpt20-ref-dir-en-de__alma10-greedy-300__de874b95fe58,slimgpt,ref,20,dir,en-de,en-de,False,,en-de,False,True,300,0.842594,26.4999,53.053,-0.01037,-1.4916,-1.6811,-0.001894,0.0133,0,0,0,0,0.9815,0.0133,0.0033,0.0133,0.0133,0.0124,1.0021
alma-7b-slimgpt20-ref-dir-en-de,alma-7b-slimgpt20-ref-dir-en-de__alma10-greedy-300__de874b95fe58,slimgpt,ref,20,dir,en-de,en-de,False,,en-is,False,False,300,0.789322,18.0177,43.0568,-0.052517,-5.7329,-6.2216,-0.038491,0.0033,0.0033,0.0067,0.0067,0,0.9768,0.0033,0,0.0067,0.0033,0.0045,0.9969
alma-7b-slimgpt20-ref-dir-en-de,alma-7b-slimgpt20-ref-dir-en-de__alma10-greedy-300__de874b95fe58,slimgpt,ref,20,dir,en-de,en-de,False,,en-ru,False,False,300,0.832198,19.7171,43.5155,-0.028883,-5.2889,-4.9,-0.01711,0,0,0,0,0,0.978,0,0.0067,0.0367,0,0.0102,1.0255
alma-7b-slimgpt20-ref-dir-en-de,alma-7b-slimgpt20-ref-dir-en-de__alma10-greedy-300__de874b95fe58,slimgpt,ref,20,dir,en-de,en-de,False,,en-zh,False,False,300,0.662178,17.2688,13.7427,-0.188557,-16.2336,-12.4913,-0.177736,0,0,0.0733,0.0733,0,1.4231,0,0.2067,0.0433,0,0.2005,0.746
alma-7b-slimgpt20-ref-dir-en-is,alma-7b-slimgpt20-ref-dir-en-is__alma10-greedy-300__ff0550cd5448,slimgpt,ref,20,dir,en-is,en-is,False,,cs-en,True,False,300,0.84744,37.6106,60.7212,-0.004993,-4.3747,-2.6133,0.005097,0.0033,0,0,0,0,0.9898,0.0033,0.0033,0.0033,0.0033,0.0048,0.9994
alma-7b-slimgpt20-ref-dir-en-is,alma-7b-slimgpt20-ref-dir-en-is__alma10-greedy-300__ff0550cd5448,slimgpt,ref,20,dir,en-is,en-is,False,,de-en,True,False,300,0.831151,27.5623,51.4498,-0.008059,-3.7545,-2.3448,-0.002456,0.0033,0,0,0,0,0.9391,0,0,0.0067,0.0033,0.0068,0.942
alma-7b-slimgpt20-ref-dir-en-is,alma-7b-slimgpt20-ref-dir-en-is__alma10-greedy-300__ff0550cd5448,slimgpt,ref,20,dir,en-is,en-is,False,,is-en,True,False,300,0.862831,35.7694,57.1708,0.000168,-2.4799,-1.3261,0.003801,0.0067,0,0,0,0,0.9634,0,0,0.0133,0.0067,0.0057,0.9804
alma-7b-slimgpt20-ref-dir-en-is,alma-7b-slimgpt20-ref-dir-en-is__alma10-greedy-300__ff0550cd5448,slimgpt,ref,20,dir,en-is,en-is,False,,ru-en,True,False,300,0.828108,34.4923,58.1032,-0.018315,-2.4447,-2.3075,-0.007859,0,0,0,0,0,0.9864,0.0033,0.01,0.0167,0,0.0068,0.9926
alma-7b-slimgpt20-ref-dir-en-is,alma-7b-slimgpt20-ref-dir-en-is__alma10-greedy-300__ff0550cd5448,slimgpt,ref,20,dir,en-is,en-is,False,,zh-en,True,False,300,0.784265,17.0619,44.7858,-0.01187,-2.7801,-3.5207,-0.004856,0,0.0033,0.0033,0.0033,0,0.9473,0,0.0033,0.0067,0,0.0046,0.9686
alma-7b-slimgpt20-ref-dir-en-is,alma-7b-slimgpt20-ref-dir-en-is__alma10-greedy-300__ff0550cd5448,slimgpt,ref,20,dir,en-is,en-is,False,,en-cs,False,False,300,0.835099,18.9967,43.3822,-0.035205,-5.9338,-5.0026,-0.016824,0.01,0,0,0,0,0.9845,0.0067,0.0267,0.02,0.01,0.006,0.9987
alma-7b-slimgpt20-ref-dir-en-is,alma-7b-slimgpt20-ref-dir-en-is__alma10-greedy-300__ff0550cd5448,slimgpt,ref,20,dir,en-is,en-is,False,,en-de,False,False,300,0.830092,22.0065,50.0949,-0.022872,-5.985,-4.6392,-0.014396,0.02,0,0,0,0,1.004,0.02,0,0.0233,0.02,0.0127,1.0185
alma-7b-slimgpt20-ref-dir-en-is,alma-7b-slimgpt20-ref-dir-en-is__alma10-greedy-300__ff0550cd5448,slimgpt,ref,20,dir,en-is,en-is,False,,en-is,False,True,300,0.832862,21.6604,47.3786,-0.008977,-2.0902,-1.8998,0.005049,0,0,0,0,0,0.9569,0,0,0.0033,0,0.0045,0.9691
alma-7b-slimgpt20-ref-dir-en-is,alma-7b-slimgpt20-ref-dir-en-is__alma10-greedy-300__ff0550cd5448,slimgpt,ref,20,dir,en-is,en-is,False,,en-ru,False,False,300,0.828969,20.0999,43.2564,-0.032112,-4.9061,-5.1591,-0.020339,0,0,0,0,0,0.9668,0.0033,0.01,0.0733,0,0.0092,1.0131
alma-7b-slimgpt20-ref-dir-en-is,alma-7b-slimgpt20-ref-dir-en-is__alma10-greedy-300__ff0550cd5448,slimgpt,ref,20,dir,en-is,en-is,False,,en-zh,False,False,300,0.683854,18.2009,13.8985,-0.166881,-15.3015,-12.3355,-0.15606,0,0,0.07,0.07,0,1.3734,0,0.2067,0.05,0,0.1921,0.7605
alma-7b-slimgpt20-ref-dir-en-ru,alma-7b-slimgpt20-ref-dir-en-ru__alma10-greedy-300__db238822bfaf,slimgpt,ref,20,dir,en-ru,en-ru,False,,cs-en,True,False,300,0.842866,37.6738,60.639,-0.009567,-4.3115,-2.6955,0.000523,0.0033,0,0,0,0,0.9917,0,0,0.0033,0.0033,0.0042,1.0049
alma-7b-slimgpt20-ref-dir-en-ru,alma-7b-slimgpt20-ref-dir-en-ru__alma10-greedy-300__db238822bfaf,slimgpt,ref,20,dir,en-ru,en-ru,False,,de-en,True,False,300,0.831908,29.2361,52.8461,-0.007302,-2.0807,-0.9485,-0.001699,0.0067,0,0,0,0,0.9367,0,0,0.01,0.0067,0.0071,0.9483
alma-7b-slimgpt20-ref-dir-en-ru,alma-7b-slimgpt20-ref-dir-en-ru__alma10-greedy-300__db238822bfaf,slimgpt,ref,20,dir,en-ru,en-ru,False,,is-en,True,False,300,0.852598,35.8567,57.0903,-0.010065,-2.3926,-1.4066,-0.006432,0.0067,0,0,0,0,0.9592,0,0,0.01,0.0067,0.006,0.9791
alma-7b-slimgpt20-ref-dir-en-ru,alma-7b-slimgpt20-ref-dir-en-ru__alma10-greedy-300__db238822bfaf,slimgpt,ref,20,dir,en-ru,en-ru,False,,ru-en,True,False,300,0.83141,36.196,59.4018,-0.015013,-0.741,-1.0089,-0.004557,0,0,0,0,0,0.9933,0.0033,0.0067,0.0133,0,0.0062,1.005
alma-7b-slimgpt20-ref-dir-en-ru,alma-7b-slimgpt20-ref-dir-en-ru__alma10-greedy-300__db238822bfaf,slimgpt,ref,20,dir,en-ru,en-ru,False,,zh-en,True,False,300,0.78043,16.884,44.6267,-0.015705,-2.958,-3.6798,-0.008691,0,0,0,0,0,0.9219,0,0.0033,0.0067,0,0.0037,0.9517
alma-7b-slimgpt20-ref-dir-en-ru,alma-7b-slimgpt20-ref-dir-en-ru__alma10-greedy-300__db238822bfaf,slimgpt,ref,20,dir,en-ru,en-ru,False,,en-cs,False,False,300,0.832071,19.2387,42.4795,-0.038233,-5.6918,-5.9053,-0.019852,0.0067,0,0,0,0,0.9623,0.0067,0.0233,0.02,0.0067,0.0068,0.9823
alma-7b-slimgpt20-ref-dir-en-ru,alma-7b-slimgpt20-ref-dir-en-ru__alma10-greedy-300__db238822bfaf,slimgpt,ref,20,dir,en-ru,en-ru,False,,en-de,False,False,300,0.828803,23.4859,51.0146,-0.024161,-4.5056,-3.7195,-0.015685,0.01,0,0,0,0,1.0073,0.01,0,0.0133,0.01,0.0132,1.0243
alma-7b-slimgpt20-ref-dir-en-ru,alma-7b-slimgpt20-ref-dir-en-ru__alma10-greedy-300__db238822bfaf,slimgpt,ref,20,dir,en-ru,en-ru,False,,en-is,False,False,300,0.759362,15.4336,40.7041,-0.082477,-8.317,-8.5743,-0.068451,0.0067,0.0033,0.0067,0.0067,0,0.9815,0.0033,0,0.01,0.0067,0.0049,1.0147
alma-7b-slimgpt20-ref-dir-en-ru,alma-7b-slimgpt20-ref-dir-en-ru__alma10-greedy-300__db238822bfaf,slimgpt,ref,20,dir,en-ru,en-ru,False,,en-ru,False,True,300,0.848368,22.7924,46.328,-0.012713,-2.2136,-2.0875,-0.00094,0,0,0,0,0,0.9776,0,0.0133,0.0367,0,0.0107,1.0096
alma-7b-slimgpt20-ref-dir-en-ru,alma-7b-slimgpt20-ref-dir-en-ru__alma10-greedy-300__db238822bfaf,slimgpt,ref,20,dir,en-ru,en-ru,False,,en-zh,False,False,300,0.773699,25.3204,19.2714,-0.077036,-8.182,-6.9626,-0.066215,0.0033,0,0.0167,0.0167,0,1.1044,0,0.18,0.0267,0.0033,0.0586,0.9528
alma-7b-slimgpt20-ref-dir-en-zh,alma-7b-slimgpt20-ref-dir-en-zh__alma10-greedy-300__b2cee10851a3,slimgpt,ref,20,dir,en-zh,en-zh,False,,cs-en,True,False,300,0.839427,37.2442,60.275,-0.013006,-4.7411,-3.0595,-0.002916,0.0033,0,0,0,0,0.9843,0.0033,0,0.0033,0.0033,0.0051,0.9964
alma-7b-slimgpt20-ref-dir-en-zh,alma-7b-slimgpt20-ref-dir-en-zh__alma10-greedy-300__b2cee10851a3,slimgpt,ref,20,dir,en-zh,en-zh,False,,de-en,True,False,300,0.836173,28.2179,51.9735,-0.003037,-3.0989,-1.8211,0.002566,0.0033,0,0,0,0,0.932,0,0.0033,0.0067,0.0033,0.0076,0.9437
alma-7b-slimgpt20-ref-dir-en-zh,alma-7b-slimgpt20-ref-dir-en-zh__alma10-greedy-300__b2cee10851a3,slimgpt,ref,20,dir,en-zh,en-zh,False,,is-en,True,False,300,0.84612,32.1345,54.6967,-0.016543,-6.1148,-3.8002,-0.01291,0.0033,0.0033,0.0033,0.0033,0,0.9566,0,0,0.01,0.0033,0.0052,0.9861
alma-7b-slimgpt20-ref-dir-en-zh,alma-7b-slimgpt20-ref-dir-en-zh__alma10-greedy-300__b2cee10851a3,slimgpt,ref,20,dir,en-zh,en-zh,False,,ru-en,True,False,300,0.831995,36.0774,59.6044,-0.014428,-0.8596,-0.8063,-0.003972,0,0,0,0,0,0.991,0.0033,0.0067,0.02,0,0.0063,1.0018
alma-7b-slimgpt20-ref-dir-en-zh,alma-7b-slimgpt20-ref-dir-en-zh__alma10-greedy-300__b2cee10851a3,slimgpt,ref,20,dir,en-zh,en-zh,False,,zh-en,True,False,300,0.785692,17.8304,46.1748,-0.010443,-2.0116,-2.1317,-0.003429,0,0,0,0,0,0.9059,0,0.0033,0.0067,0,0.0048,0.9267
alma-7b-slimgpt20-ref-dir-en-zh,alma-7b-slimgpt20-ref-dir-en-zh__alma10-greedy-300__b2cee10851a3,slimgpt,ref,20,dir,en-zh,en-zh,False,,en-cs,False,False,300,0.75435,13.1313,37.4528,-0.115954,-11.7992,-10.932,-0.097573,0.01,0.0033,0.0033,0.0033,0,0.9654,0.0067,0.0167,0.0233,0.01,0.0065,0.9692
alma-7b-slimgpt20-ref-dir-en-zh,alma-7b-slimgpt20-ref-dir-en-zh__alma10-greedy-300__b2cee10851a3,slimgpt,ref,20,dir,en-zh,en-zh,False,,en-de,False,False,300,0.777007,16.8477,46.2835,-0.075957,-11.1438,-8.4506,-0.067481,0.0333,0.0067,0.0067,0.0067,0,1.0388,0.0267,0,0.0333,0.0333,0.0122,1.0863
alma-7b-slimgpt20-ref-dir-en-zh,alma-7b-slimgpt20-ref-dir-en-zh__alma10-greedy-300__b2cee10851a3,slimgpt,ref,20,dir,en-zh,en-zh,False,,en-is,False,False,300,0.657666,11.0892,35.3086,-0.184173,-12.6614,-13.9698,-0.170147,0.0133,0,0.02,0.02,0,0.9606,0.0033,0,0.0167,0.0133,0.0044,0.9958
alma-7b-slimgpt20-ref-dir-en-zh,alma-7b-slimgpt20-ref-dir-en-zh__alma10-greedy-300__b2cee10851a3,slimgpt,ref,20,dir,en-zh,en-zh,False,,en-ru,False,False,300,0.797399,18.3231,42.8457,-0.063682,-6.6829,-5.5698,-0.051909,0,0,0,0,0,0.9475,0,0.01,0.0633,0,0.0102,0.9875
alma-7b-slimgpt20-ref-dir-en-zh,alma-7b-slimgpt20-ref-dir-en-zh__alma10-greedy-300__b2cee10851a3,slimgpt,ref,20,dir,en-zh,en-zh,False,,en-zh,False,True,300,0.840662,31.4007,26.7961,-0.010073,-2.1017,0.5621,0.000748,0,0,0,0,0,1.0041,0,0.16,0.0267,0,0,1.0184
alma-7b-slimgpt20-gen-dir-cs-en,alma-7b-slimgpt20-gen-dir-cs-en__alma10-greedy-300__90faa0027d2f,slimgpt,gen,20,dir,cs-en,cs-en,False,,cs-en,True,True,300,0.842979,36.9073,59.3356,-0.009454,-5.078,-3.9989,-0.000659,0.0067,0,0,0,0,0.9669,0.0033,0,0.0067,0.0067,0.0045,0.982
alma-7b-slimgpt20-gen-dir-cs-en,alma-7b-slimgpt20-gen-dir-cs-en__alma10-greedy-300__90faa0027d2f,slimgpt,gen,20,dir,cs-en,cs-en,False,,de-en,True,False,300,0.831204,28.3557,51.9285,-0.008006,-2.9611,-1.8661,-0.001887,0.0033,0,0,0,0,0.9335,0,0,0.0167,0.0033,0.0057,0.9417
alma-7b-slimgpt20-gen-dir-cs-en,alma-7b-slimgpt20-gen-dir-cs-en__alma10-greedy-300__90faa0027d2f,slimgpt,gen,20,dir,cs-en,cs-en,False,,is-en,True,False,300,0.858104,35.8681,57.3139,-0.004559,-2.3812,-1.183,0.000989,0.0033,0,0,0,0,0.9542,0,0,0.0167,0.0033,0.0068,0.975
alma-7b-slimgpt20-gen-dir-cs-en,alma-7b-slimgpt20-gen-dir-cs-en__alma10-greedy-300__90faa0027d2f,slimgpt,gen,20,dir,cs-en,cs-en,False,,ru-en,True,False,300,0.833526,36.4526,59.0486,-0.012897,-0.4844,-1.3621,-0.003442,0,0,0,0,0,0.9858,0.0033,0.0067,0.0133,0,0.0074,0.9992
alma-7b-slimgpt20-gen-dir-cs-en,alma-7b-slimgpt20-gen-dir-cs-en__alma10-greedy-300__90faa0027d2f,slimgpt,gen,20,dir,cs-en,cs-en,False,,zh-en,True,False,300,0.782554,16.6696,44.4029,-0.013581,-3.1724,-3.9036,-0.006926,0,0,0,0,0,0.913,0,0.0067,0.0067,0,0.0044,0.9418
alma-7b-slimgpt20-gen-dir-cs-en,alma-7b-slimgpt20-gen-dir-cs-en__alma10-greedy-300__90faa0027d2f,slimgpt,gen,20,dir,cs-en,cs-en,False,,en-cs,False,False,300,0.857309,23.4685,46.5096,-0.012995,-1.462,-1.8752,0.014064,0.0033,0,0,0,0,0.951,0,0.0267,0.02,0.0033,0.0059,0.9761
alma-7b-slimgpt20-gen-dir-cs-en,alma-7b-slimgpt20-gen-dir-cs-en__alma10-greedy-300__90faa0027d2f,slimgpt,gen,20,dir,cs-en,cs-en,False,,en-de,False,False,300,0.820369,22.718,50.3204,-0.032595,-5.2735,-4.4137,-0.025612,0.02,0,0,0,0,0.9945,0.0067,0,0.0233,0.02,0.0126,1.0195
alma-7b-slimgpt20-gen-dir-cs-en,alma-7b-slimgpt20-gen-dir-cs-en__alma10-greedy-300__90faa0027d2f,slimgpt,gen,20,dir,cs-en,cs-en,False,,en-is,False,False,300,0.779987,16.7715,42.3073,-0.061852,-6.9791,-6.9711,-0.048247,0.0167,0,0,0,0,0.984,0.0167,0,0.0167,0.0167,0.0042,1.0105
alma-7b-slimgpt20-gen-dir-cs-en,alma-7b-slimgpt20-gen-dir-cs-en__alma10-greedy-300__90faa0027d2f,slimgpt,gen,20,dir,cs-en,cs-en,False,,en-ru,False,False,300,0.833452,19.8597,43.0683,-0.027629,-5.1463,-5.3472,-0.01168,0,0,0.0033,0.0033,0,0.9624,0,0.01,0.0567,0,0.0104,0.9954
alma-7b-slimgpt20-gen-dir-cs-en,alma-7b-slimgpt20-gen-dir-cs-en__alma10-greedy-300__90faa0027d2f,slimgpt,gen,20,dir,cs-en,cs-en,False,,en-zh,False,False,300,0.681469,19.2725,15.6039,-0.169266,-14.2299,-10.6301,-0.155863,0.0033,0,0.07,0.07,0,1.4028,0,0.2033,0.03,0.0033,0.1814,0.7709
alma-7b-slimgpt20-gen-dir-de-en,alma-7b-slimgpt20-gen-dir-de-en__alma10-greedy-300__1ad31685bd9c,slimgpt,gen,20,dir,de-en,de-en,False,,cs-en,True,False,300,0.841381,38.9426,60.7561,-0.011052,-3.0427,-2.5784,-0.002257,0.0067,0,0,0,0,0.9805,0.0033,0,0.0067,0.0067,0.0048,0.9946
alma-7b-slimgpt20-gen-dir-de-en,alma-7b-slimgpt20-gen-dir-de-en__alma10-greedy-300__1ad31685bd9c,slimgpt,gen,20,dir,de-en,de-en,False,,de-en,True,True,300,0.831113,27.863,51.1971,-0.008097,-3.4538,-2.5975,-0.001978,0.0033,0,0,0,0,0.9301,0,0.0033,0.0167,0.0033,0.0068,0.9408
alma-7b-slimgpt20-gen-dir-de-en,alma-7b-slimgpt20-gen-dir-de-en__alma10-greedy-300__1ad31685bd9c,slimgpt,gen,20,dir,de-en,de-en,False,,is-en,True,False,300,0.859521,36.4773,57.613,-0.003142,-1.772,-0.8839,0.002406,0.0033,0,0,0,0,0.9539,0,0,0.01,0.0033,0.0064,0.9796
alma-7b-slimgpt20-gen-dir-de-en,alma-7b-slimgpt20-gen-dir-de-en__alma10-greedy-300__1ad31685bd9c,slimgpt,gen,20,dir,de-en,de-en,False,,ru-en,True,False,300,0.832216,35.0935,58.7038,-0.014207,-1.8435,-1.7069,-0.004752,0,0,0,0,0,0.9879,0.0033,0.01,0.02,0,0.0077,1.0015
alma-7b-slimgpt20-gen-dir-de-en,alma-7b-slimgpt20-gen-dir-de-en__alma10-greedy-300__1ad31685bd9c,slimgpt,gen,20,dir,de-en,de-en,False,,zh-en,True,False,300,0.782001,16.7883,44.6418,-0.014134,-3.0537,-3.6647,-0.007479,0,0,0,0,0,0.9022,0,0.0133,0.01,0,0.0041,0.9216
alma-7b-slimgpt20-gen-dir-de-en,alma-7b-slimgpt20-gen-dir-de-en__alma10-greedy-300__1ad31685bd9c,slimgpt,gen,20,dir,de-en,de-en,False,,en-cs,False,False,300,0.819859,18.0897,42.0474,-0.050445,-6.8408,-6.3374,-0.023386,0.0133,0,0.0133,0.0133,0,1.0267,0.0033,0.02,0.0333,0.0133,0.0059,0.9948
alma-7b-slimgpt20-gen-dir-de-en,alma-7b-slimgpt20-gen-dir-de-en__alma10-greedy-300__1ad31685bd9c,slimgpt,gen,20,dir,de-en,de-en,False,,en-de,False,False,300,0.843524,26.1285,52.6988,-0.00944,-1.863,-2.0353,-0.002457,0.0167,0,0,0,0,0.9778,0.0133,0,0.0167,0.0167,0.0128,1.0038
alma-7b-slimgpt20-gen-dir-de-en,alma-7b-slimgpt20-gen-dir-de-en__alma10-greedy-300__1ad31685bd9c,slimgpt,gen,20,dir,de-en,de-en,False,,en-is,False,False,300,0.769743,17.521,42.0732,-0.072096,-6.2296,-7.2052,-0.058491,0.01,0,0.0067,0.0067,0,0.9565,0.0067,0,0.01,0.01,0.008,0.9668
alma-7b-slimgpt20-gen-dir-de-en,alma-7b-slimgpt20-gen-dir-de-en__alma10-greedy-300__1ad31685bd9c,slimgpt,gen,20,dir,de-en,de-en,False,,en-ru,False,False,300,0.829127,19.974,42.2515,-0.031954,-5.032,-6.164,-0.016005,0.0067,0,0.0033,0.0033,0,0.9636,0.0033,0.01,0.08,0.0067,0.0105,1.0179
alma-7b-slimgpt20-gen-dir-de-en,alma-7b-slimgpt20-gen-dir-de-en__alma10-greedy-300__1ad31685bd9c,slimgpt,gen,20,dir,de-en,de-en,False,,en-zh,False,False,300,0.665436,17.2299,13.8037,-0.185299,-16.2725,-12.4303,-0.171896,0.0033,0,0.08,0.08,0,1.4548,0,0.1767,0.0467,0.0033,0.2096,0.743
alma-7b-slimgpt20-gen-dir-is-en,alma-7b-slimgpt20-gen-dir-is-en__alma10-greedy-300__86f3e4bc8aa9,slimgpt,gen,20,dir,is-en,is-en,False,,cs-en,True,False,300,0.842733,37.6126,59.9768,-0.0097,-4.3727,-3.3577,-0.000905,0.0033,0,0,0,0,0.9618,0,0,0.01,0.0033,0.0054,0.9746
alma-7b-slimgpt20-gen-dir-is-en,alma-7b-slimgpt20-gen-dir-is-en__alma10-greedy-300__86f3e4bc8aa9,slimgpt,gen,20,dir,is-en,is-en,False,,de-en,True,False,300,0.833026,27.2391,50.768,-0.006184,-4.0777,-3.0266,-6.5e-05,0.0033,0,0,0,0,0.92,0,0.0033,0.01,0.0033,0.0069,0.9325
alma-7b-slimgpt20-gen-dir-is-en,alma-7b-slimgpt20-gen-dir-is-en__alma10-greedy-300__86f3e4bc8aa9,slimgpt,gen,20,dir,is-en,is-en,False,,is-en,True,True,300,0.860798,35.4971,56.5471,-0.001865,-2.7522,-1.9498,0.003683,0.0067,0,0,0,0,0.95,0,0,0.01,0.0067,0.0064,0.974
alma-7b-slimgpt20-gen-dir-is-en,alma-7b-slimgpt20-gen-dir-is-en__alma10-greedy-300__86f3e4bc8aa9,slimgpt,gen,20,dir,is-en,is-en,False,,ru-en,True,False,300,0.82794,32.7389,56.4971,-0.018483,-4.1981,-3.9136,-0.009028,0,0,0,0,0,0.9567,0.0033,0.0067,0.02,0,0.0079,0.971
alma-7b-slimgpt20-gen-dir-is-en,alma-7b-slimgpt20-gen-dir-is-en__alma10-greedy-300__86f3e4bc8aa9,slimgpt,gen,20,dir,is-en,is-en,False,,zh-en,True,False,300,0.774389,15.6365,42.7456,-0.021746,-4.2055,-5.5609,-0.015091,0,0,0,0,0,0.8863,0,0.01,0.0133,0,0.0038,0.9099
alma-7b-slimgpt20-gen-dir-is-en,alma-7b-slimgpt20-gen-dir-is-en__alma10-greedy-300__86f3e4bc8aa9,slimgpt,gen,20,dir,is-en,is-en,False,,en-cs,False,False,300,0.815328,18.7334,42.6303,-0.054976,-6.1971,-5.7545,-0.027917,0.0067,0,0,0,0,0.9603,0.0067,0.0233,0.0167,0.0067,0.0069,0.981
alma-7b-slimgpt20-gen-dir-is-en,alma-7b-slimgpt20-gen-dir-is-en__alma10-greedy-300__86f3e4bc8aa9,slimgpt,gen,20,dir,is-en,is-en,False,,en-de,False,False,300,0.814655,22.6955,49.5726,-0.038309,-5.296,-5.1615,-0.031326,0.03,0,0,0,0,0.9858,0.02,0,0.03,0.03,0.0125,1.0171
alma-7b-slimgpt20-gen-dir-is-en,alma-7b-slimgpt20-gen-dir-is-en__alma10-greedy-300__86f3e4bc8aa9,slimgpt,gen,20,dir,is-en,is-en,False,,en-is,False,False,300,0.826611,20.9552,46.7185,-0.015228,-2.7954,-2.5599,-0.001623,0.0033,0,0,0,0,0.9537,0.0033,0,0.0033,0.0033,0.0041,0.9785
alma-7b-slimgpt20-gen-dir-is-en,alma-7b-slimgpt20-gen-dir-is-en__alma10-greedy-300__86f3e4bc8aa9,slimgpt,gen,20,dir,is-en,is-en,False,,en-ru,False,False,300,0.82102,20.8757,42.4166,-0.040061,-4.1303,-5.9989,-0.024112,0.0133,0,0,0,0,0.9549,0.0067,0.0067,0.0833,0.0133,0.0105,1.0078
alma-7b-slimgpt20-gen-dir-is-en,alma-7b-slimgpt20-gen-dir-is-en__alma10-greedy-300__86f3e4bc8aa9,slimgpt,gen,20,dir,is-en,is-en,False,,en-zh,False,False,300,0.68324,17.0429,14.813,-0.167495,-16.4595,-11.421,-0.154092,0.0033,0,0.0567,0.0567,0,1.2592,0.0033,0.2067,0.0367,0.0033,0.1758,0.7268
alma-7b-slimgpt20-gen-dir-ru-en,alma-7b-slimgpt20-gen-dir-ru-en__alma10-greedy-300__582e7bb547fd,slimgpt,gen,20,dir,ru-en,ru-en,False,,cs-en,True,False,300,0.845615,37.1879,59.8818,-0.006818,-4.7974,-3.4527,0.001977,0.0067,0,0,0,0,0.9707,0.0033,0,0.0067,0.0067,0.0053,0.9836
alma-7b-slimgpt20-gen-dir-ru-en,alma-7b-slimgpt20-gen-dir-ru-en__alma10-greedy-300__582e7bb547fd,slimgpt,gen,20,dir,ru-en,ru-en,False,,de-en,True,False,300,0.833057,28.3756,52.0765,-0.006153,-2.9412,-1.7181,-3.4e-05,0.0033,0,0,0,0,0.9282,0,0,0.0067,0.0033,0.006,0.9375
alma-7b-slimgpt20-gen-dir-ru-en,alma-7b-slimgpt20-gen-dir-ru-en__alma10-greedy-300__582e7bb547fd,slimgpt,gen,20,dir,ru-en,ru-en,False,,is-en,True,False,300,0.853697,35.3311,56.6695,-0.008966,-2.9182,-1.8274,-0.003418,0,0,0,0,0,0.9456,0,0,0.0033,0,0.0067,0.9677
alma-7b-slimgpt20-gen-dir-ru-en,alma-7b-slimgpt20-gen-dir-ru-en__alma10-greedy-300__582e7bb547fd,slimgpt,gen,20,dir,ru-en,ru-en,False,,ru-en,True,True,300,0.83721,36.0802,59.3093,-0.009213,-0.8568,-1.1014,0.000242,0,0,0,0,0,0.9824,0.0033,0.0067,0.0233,0,0.0075,0.9931
alma-7b-slimgpt20-gen-dir-ru-en,alma-7b-slimgpt20-gen-dir-ru-en__alma10-greedy-300__582e7bb547fd,slimgpt,gen,20,dir,ru-en,ru-en,False,,zh-en,True,False,300,0.785813,16.8206,44.4592,-0.010322,-3.0214,-3.8473,-0.003667,0,0,0,0,0,0.8976,0,0.0133,0.01,0,0.005,0.919
alma-7b-slimgpt20-gen-dir-ru-en,alma-7b-slimgpt20-gen-dir-ru-en__alma10-greedy-300__582e7bb547fd,slimgpt,gen,20,dir,ru-en,ru-en,False,,en-cs,False,False,300,0.825333,17.1179,41.611,-0.044971,-7.8126,-6.7738,-0.017912,0.01,0,0,0,0,0.9621,0.0033,0.02,0.03,0.01,0.0074,0.9722
alma-7b-slimgpt20-gen-dir-ru-en,alma-7b-slimgpt20-gen-dir-ru-en__alma10-greedy-300__582e7bb547fd,slimgpt,gen,20,dir,ru-en,ru-en,False,,en-de,False,False,300,0.818224,21.8066,49.3791,-0.03474,-6.1849,-5.355,-0.027757,0.0333,0,0,0,0,0.9906,0.03,0.0033,0.0367,0.0333,0.0136,1.0087
alma-7b-slimgpt20-gen-dir-ru-en,alma-7b-slimgpt20-gen-dir-ru-en__alma10-greedy-300__582e7bb547fd,slimgpt,gen,20,dir,ru-en,ru-en,False,,en-is,False,False,300,0.74879,15.808,40.4371,-0.093049,-7.9426,-8.8413,-0.079444,0.0233,0,0.0067,0.0067,0,0.9679,0.0167,0,0.0233,0.0233,0.004,1.0053
alma-7b-slimgpt20-gen-dir-ru-en,alma-7b-slimgpt20-gen-dir-ru-en__alma10-greedy-300__582e7bb547fd,slimgpt,gen,20,dir,ru-en,ru-en,False,,en-ru,False,False,300,0.84624,22.6627,46.1381,-0.014841,-2.3433,-2.2774,0.001108,0,0,0,0,0,0.9586,0,0.0133,0.0467,0,0.0098,0.9958
alma-7b-slimgpt20-gen-dir-ru-en,alma-7b-slimgpt20-gen-dir-ru-en__alma10-greedy-300__582e7bb547fd,slimgpt,gen,20,dir,ru-en,ru-en,False,,en-zh,False,False,300,0.771516,24.9188,19.0066,-0.079219,-8.5836,-7.2274,-0.065816,0.0033,0,0.0133,0.0133,0,1.0433,0.0033,0.1733,0.0333,0.0033,0.0488,0.9142
alma-7b-slimgpt20-gen-dir-zh-en,alma-7b-slimgpt20-gen-dir-zh-en__alma10-greedy-300__56057a183e10,slimgpt,gen,20,dir,zh-en,zh-en,False,,cs-en,True,False,300,0.837735,36.4873,59.8888,-0.014698,-5.498,-3.4457,-0.005903,0.0033,0,0,0,0,0.974,0,0.0033,0.0033,0.0033,0.0045,0.9924
alma-7b-slimgpt20-gen-dir-zh-en,alma-7b-slimgpt20-gen-dir-zh-en__alma10-greedy-300__56057a183e10,slimgpt,gen,20,dir,zh-en,zh-en,False,,de-en,True,False,300,0.829361,28.374,52.312,-0.009849,-2.9428,-1.4826,-0.00373,0.0033,0,0,0,0,0.9329,0,0,0.0067,0.0033,0.006,0.9415
alma-7b-slimgpt20-gen-dir-zh-en,alma-7b-slimgpt20-gen-dir-zh-en__alma10-greedy-300__56057a183e10,slimgpt,gen,20,dir,zh-en,zh-en,False,,is-en,True,False,300,0.850713,33.7877,55.9898,-0.01195,-4.4616,-2.5071,-0.006402,0.0033,0,0,0,0,0.9494,0,0,0.0133,0.0033,0.0063,0.9683
alma-7b-slimgpt20-gen-dir-zh-en,alma-7b-slimgpt20-gen-dir-zh-en__alma10-greedy-300__56057a183e10,slimgpt,gen,20,dir,zh-en,zh-en,False,,ru-en,True,False,300,0.833053,34.118,58.0973,-0.01337,-2.819,-2.3134,-0.003915,0,0,0,0,0,0.9809,0.0033,0.0067,0.0233,0,0.0065,0.9958
alma-7b-slimgpt20-gen-dir-zh-en,alma-7b-slimgpt20-gen-dir-zh-en__alma10-greedy-300__56057a183e10,slimgpt,gen,20,dir,zh-en,zh-en,False,,zh-en,True,True,300,0.781993,18.2816,46.3964,-0.014142,-1.5604,-1.9101,-0.007487,0,0,0,0,0,0.907,0,0.01,0.0067,0,0.0043,0.9314
alma-7b-slimgpt20-gen-dir-zh-en,alma-7b-slimgpt20-gen-dir-zh-en__alma10-greedy-300__56057a183e10,slimgpt,gen,20,dir,zh-en,zh-en,False,,en-cs,False,False,300,0.733096,11.2795,36.107,-0.137208,-13.651,-12.2778,-0.110149,0.0467,0.0033,0.0033,0.0033,0,0.9554,0.0133,0.03,0.0667,0.0467,0.0071,0.9968
alma-7b-slimgpt20-gen-dir-zh-en,alma-7b-slimgpt20-gen-dir-zh-en__alma10-greedy-300__56057a183e10,slimgpt,gen,20,dir,zh-en,zh-en,False,,en-de,False,False,300,0.751887,15.6301,43.8876,-0.101077,-12.3614,-10.8465,-0.094094,0.1333,0,0,0,0,0.9733,0.08,0,0.1333,0.1333,0.0118,1.0299
alma-7b-slimgpt20-gen-dir-zh-en,alma-7b-slimgpt20-gen-dir-zh-en__alma10-greedy-300__56057a183e10,slimgpt,gen,20,dir,zh-en,zh-en,False,,en-is,False,False,300,0.580373,4.776,22.6251,-0.261466,-18.9746,-26.6533,-0.247861,0.6667,0,0,0,0,0.9368,0.2467,0.0033,0.67,0.6667,0.0063,1.0069
alma-7b-slimgpt20-gen-dir-zh-en,alma-7b-slimgpt20-gen-dir-zh-en__alma10-greedy-300__56057a183e10,slimgpt,gen,20,dir,zh-en,zh-en,False,,en-ru,False,False,300,0.777929,17.3666,42.7488,-0.083152,-7.6394,-5.6667,-0.067203,0,0,0,0,0,0.9577,0,0.0067,0.0633,0,0.0108,0.9964
alma-7b-slimgpt20-gen-dir-zh-en,alma-7b-slimgpt20-gen-dir-zh-en__alma10-greedy-300__56057a183e10,slimgpt,gen,20,dir,zh-en,zh-en,False,,en-zh,False,False,300,0.833814,30.6689,25.0702,-0.016921,-2.8335,-1.1638,-0.003518,0,0,0.0033,0.0033,0,0.982,0,0.1733,0.0233,0,0.0089,0.9612
alma-7b-slimgpt20-gen-dir-en-cs,alma-7b-slimgpt20-gen-dir-en-cs__alma10-greedy-300__4abca3100ba9,slimgpt,gen,20,dir,en-cs,en-cs,False,,cs-en,True,False,300,0.844328,37.6818,60.592,-0.008105,-4.3035,-2.7425,0.00069,0.0033,0,0,0,0,0.9891,0.0033,0,0.0033,0.0033,0.0045,0.9979
alma-7b-slimgpt20-gen-dir-en-cs,alma-7b-slimgpt20-gen-dir-en-cs__alma10-greedy-300__4abca3100ba9,slimgpt,gen,20,dir,en-cs,en-cs,False,,de-en,True,False,300,0.830278,29.0227,52.2572,-0.008932,-2.2941,-1.5374,-0.002813,0.0033,0,0,0,0,0.9366,0,0,0.0067,0.0033,0.0065,0.9506
alma-7b-slimgpt20-gen-dir-en-cs,alma-7b-slimgpt20-gen-dir-en-cs__alma10-greedy-300__4abca3100ba9,slimgpt,gen,20,dir,en-cs,en-cs,False,,is-en,True,False,300,0.855752,36.9399,57.8018,-0.006911,-1.3094,-0.6951,-0.001363,0.0067,0,0,0,0,0.971,0,0,0.01,0.0067,0.0056,0.9928
alma-7b-slimgpt20-gen-dir-en-cs,alma-7b-slimgpt20-gen-dir-en-cs__alma10-greedy-300__4abca3100ba9,slimgpt,gen,20,dir,en-cs,en-cs,False,,ru-en,True,False,300,0.832589,36.5848,59.9488,-0.013834,-0.3522,-0.4619,-0.004379,0,0,0,0,0,1.0022,0.0033,0.0067,0.0167,0,0.0072,1.0117
alma-7b-slimgpt20-gen-dir-en-cs,alma-7b-slimgpt20-gen-dir-en-cs__alma10-greedy-300__4abca3100ba9,slimgpt,gen,20,dir,en-cs,en-cs,False,,zh-en,True,False,300,0.780675,16.4872,45.2735,-0.01546,-3.3548,-3.033,-0.008805,0,0.0067,0.0033,0.0033,0,0.9575,0,0.0033,0.0033,0,0.0043,0.9757
alma-7b-slimgpt20-gen-dir-en-cs,alma-7b-slimgpt20-gen-dir-en-cs__alma10-greedy-300__4abca3100ba9,slimgpt,gen,20,dir,en-cs,en-cs,False,,en-cs,False,True,300,0.860044,23.2774,47.0177,-0.01026,-1.6531,-1.3671,0.016799,0.0067,0,0,0,0,0.9432,0,0.0267,0.02,0.0067,0.0059,0.9711
alma-7b-slimgpt20-gen-dir-en-cs,alma-7b-slimgpt20-gen-dir-en-cs__alma10-greedy-300__4abca3100ba9,slimgpt,gen,20,dir,en-cs,en-cs,False,,en-de,False,False,300,0.828236,23.4498,50.6486,-0.024728,-4.5417,-4.0855,-0.017745,0.0133,0,0,0,0,0.9804,0.0133,0,0.0233,0.0133,0.0135,0.9973
alma-7b-slimgpt20-gen-dir-en-cs,alma-7b-slimgpt20-gen-dir-en-cs__alma10-greedy-300__4abca3100ba9,slimgpt,gen,20,dir,en-cs,en-cs,False,,en-is,False,False,300,0.786026,17.8414,42.8172,-0.055813,-5.9092,-6.4612,-0.042208,0,0,0.0033,0.0033,0,0.9862,0,0,0,0,0.004,0.9935
alma-7b-slimgpt20-gen-dir-en-cs,alma-7b-slimgpt20-gen-dir-en-cs__alma10-greedy-300__4abca3100ba9,slimgpt,gen,20,dir,en-cs,en-cs,False,,en-ru,False,False,300,0.833967,20.8531,43.9353,-0.027114,-4.1529,-4.4802,-0.011165,0,0,0,0,0,0.9452,0,0.0067,0.03,0,0.0106,0.9803
alma-7b-slimgpt20-gen-dir-en-cs,alma-7b-slimgpt20-gen-dir-en-cs__alma10-greedy-300__4abca3100ba9,slimgpt,gen,20,dir,en-cs,en-cs,False,,en-zh,False,False,300,0.699523,20.9731,16.7115,-0.151212,-12.5293,-9.5225,-0.137809,0.0033,0,0.0667,0.0667,0,1.3883,0,0.1667,0.08,0.0033,0.1696,0.8097
alma-7b-slimgpt20-gen-dir-en-de,alma-7b-slimgpt20-gen-dir-en-de__alma10-greedy-300__4e5d7e8fe71e,slimgpt,gen,20,dir,en-de,en-de,False,,cs-en,True,False,300,0.843988,38.8568,61.2062,-0.008445,-3.1285,-2.1283,0.00035,0.0067,0,0,0,0,0.9911,0.0033,0,0.0067,0.0067,0.005,1.005
alma-7b-slimgpt20-gen-dir-en-de,alma-7b-slimgpt20-gen-dir-en-de__alma10-greedy-300__4e5d7e8fe71e,slimgpt,gen,20,dir,en-de,en-de,False,,de-en,True,False,300,0.834629,29.7041,53.2681,-0.004581,-1.6127,-0.5265,0.001538,0.0067,0,0,0,0,0.9487,0,0,0.0067,0.0067,0.0067,0.9561
alma-7b-slimgpt20-gen-dir-en-de,alma-7b-slimgpt20-gen-dir-en-de__alma10-greedy-300__4e5d7e8fe71e,slimgpt,gen,20,dir,en-de,en-de,False,,is-en,True,False,300,0.86167,36.5124,57.8003,-0.000993,-1.7369,-0.6966,0.004555,0.0033,0,0,0,0,0.9621,0,0,0.0133,0.0033,0.0065,0.9836
alma-7b-slimgpt20-gen-dir-en-de,alma-7b-slimgpt20-gen-dir-en-de__alma10-greedy-300__4e5d7e8fe71e,slimgpt,gen,20,dir,en-de,en-de,False,,ru-en,True,False,300,0.837479,36.4748,59.9475,-0.008944,-0.4622,-0.4632,0.000511,0,0,0,0,0,0.9977,0.0033,0.0067,0.0167,0,0.0078,1.005
alma-7b-slimgpt20-gen-dir-en-de,alma-7b-slimgpt20-gen-dir-en-de__alma10-greedy-300__4e5d7e8fe71e,slimgpt,gen,20,dir,en-de,en-de,False,,zh-en,True,False,300,0.784195,17.4227,45.5994,-0.01194,-2.4193,-2.7071,-0.005285,0,0.0033,0,0,0,0.9478,0,0.0067,0.01,0,0.005,0.9753
alma-7b-slimgpt20-gen-dir-en-de,alma-7b-slimgpt20-gen-dir-en-de__alma10-greedy-300__4e5d7e8fe71e,slimgpt,gen,20,dir,en-de,en-de,False,,en-cs,False,False,300,0.832228,18.4572,42.3503,-0.038076,-6.4733,-6.0345,-0.011017,0.0067,0.0033,0.0033,0.0033,0,0.9937,0.01,0.0267,0.0233,0.0067,0.0056,1.0006
alma-7b-slimgpt20-gen-dir-en-de,alma-7b-slimgpt20-gen-dir-en-de__alma10-greedy-300__4e5d7e8fe71e,slimgpt,gen,20,dir,en-de,en-de,False,,en-de,False,True,300,0.843326,25.7298,52.6554,-0.009638,-2.2617,-2.0787,-0.002655,0.0133,0,0,0,0,0.9854,0.0133,0,0.0133,0.0133,0.0127,1.0021
alma-7b-slimgpt20-gen-dir-en-de,alma-7b-slimgpt20-gen-dir-en-de__alma10-greedy-300__4e5d7e8fe71e,slimgpt,gen,20,dir,en-de,en-de,False,,en-is,False,False,300,0.785792,18.082,43.2583,-0.056047,-5.6686,-6.0201,-0.042442,0.0067,0.0033,0.01,0.01,0,0.9777,0.0067,0,0.01,0.0067,0.0044,0.9943
alma-7b-slimgpt20-gen-dir-en-de,alma-7b-slimgpt20-gen-dir-en-de__alma10-greedy-300__4e5d7e8fe71e,slimgpt,gen,20,dir,en-de,en-de,False,,en-ru,False,False,300,0.833946,20.2268,43.7569,-0.027135,-4.7792,-4.6586,-0.011186,0,0,0,0,0,0.9688,0,0.0067,0.0633,0,0.0104,1.0141
alma-7b-slimgpt20-gen-dir-en-de,alma-7b-slimgpt20-gen-dir-en-de__alma10-greedy-300__4e5d7e8fe71e,slimgpt,gen,20,dir,en-de,en-de,False,,en-zh,False,False,300,0.656189,17.0701,14.1025,-0.194546,-16.4323,-12.1315,-0.181143,0,0,0.0933,0.0933,0,1.5183,0,0.19,0.0667,0,0.2105,0.7664
alma-7b-slimgpt20-gen-dir-en-is,alma-7b-slimgpt20-gen-dir-en-is__alma10-greedy-300__d112915bf311,slimgpt,gen,20,dir,en-is,en-is,False,,cs-en,True,False,300,0.845247,37.667,60.6566,-0.007186,-4.3183,-2.6779,0.001609,0.0033,0,0,0,0,0.9857,0,0.0033,0.0033,0.0033,0.0036,0.9918
alma-7b-slimgpt20-gen-dir-en-is,alma-7b-slimgpt20-gen-dir-en-is__alma10-greedy-300__d112915bf311,slimgpt,gen,20,dir,en-is,en-is,False,,de-en,True,False,300,0.831826,27.0648,51.2794,-0.007384,-4.252,-2.5152,-0.001265,0.0033,0,0,0,0,0.9371,0,0,0.0067,0.0033,0.0065,0.9393
alma-7b-slimgpt20-gen-dir-en-is,alma-7b-slimgpt20-gen-dir-en-is__alma10-greedy-300__d112915bf311,slimgpt,gen,20,dir,en-is,en-is,False,,is-en,True,False,300,0.864775,35.0197,56.8507,0.002112,-3.2296,-1.6462,0.00766,0.0033,0,0,0,0,0.9607,0,0,0.0133,0.0033,0.0055,0.9766
alma-7b-slimgpt20-gen-dir-en-is,alma-7b-slimgpt20-gen-dir-en-is__alma10-greedy-300__d112915bf311,slimgpt,gen,20,dir,en-is,en-is,False,,ru-en,True,False,300,0.832992,35.5145,58.6825,-0.013431,-1.4225,-1.7282,-0.003976,0,0,0,0,0,0.9812,0.0033,0.01,0.0167,0,0.0072,0.9846
alma-7b-slimgpt20-gen-dir-en-is,alma-7b-slimgpt20-gen-dir-en-is__alma10-greedy-300__d112915bf311,slimgpt,gen,20,dir,en-is,en-is,False,,zh-en,True,False,300,0.777457,17.364,44.9211,-0.018678,-2.478,-3.3854,-0.012023,0,0.0067,0.0067,0.0067,0,0.9602,0,0.0033,0.0067,0,0.0051,0.9964
alma-7b-slimgpt20-gen-dir-en-is,alma-7b-slimgpt20-gen-dir-en-is__alma10-greedy-300__d112915bf311,slimgpt,gen,20,dir,en-is,en-is,False,,en-cs,False,False,300,0.825042,18.8983,43.0988,-0.045262,-6.0322,-5.286,-0.018203,0.01,0,0.0033,0.0033,0,1.0001,0.0067,0.0267,0.02,0.01,0.0063,1.0078
alma-7b-slimgpt20-gen-dir-en-is,alma-7b-slimgpt20-gen-dir-en-is__alma10-greedy-300__d112915bf311,slimgpt,gen,20,dir,en-is,en-is,False,,en-de,False,False,300,0.827968,22.9283,50.9569,-0.024996,-5.0632,-3.7772,-0.018013,0.0133,0,0,0,0,1.0103,0.01,0.0033,0.0133,0.0133,0.0129,1.0267
alma-7b-slimgpt20-gen-dir-en-is,alma-7b-slimgpt20-gen-dir-en-is__alma10-greedy-300__d112915bf311,slimgpt,gen,20,dir,en-is,en-is,False,,en-is,False,True,300,0.833952,22.2802,47.9168,-0.007887,-1.4704,-1.3616,0.005718,0,0,0,0,0,0.9674,0,0,0.0033,0,0.0043,0.9805
alma-7b-slimgpt20-gen-dir-en-is,alma-7b-slimgpt20-gen-dir-en-is__alma10-greedy-300__d112915bf311,slimgpt,gen,20,dir,en-is,en-is,False,,en-ru,False,False,300,0.832674,19.5566,42.9312,-0.028407,-5.4494,-5.4843,-0.012458,0,0,0,0,0,0.9517,0,0.01,0.0533,0,0.0105,0.996
alma-7b-slimgpt20-gen-dir-en-is,alma-7b-slimgpt20-gen-dir-en-is__alma10-greedy-300__d112915bf311,slimgpt,gen,20,dir,en-is,en-is,False,,en-zh,False,False,300,0.693172,18.7946,14.5744,-0.157563,-14.7078,-11.6596,-0.14416,0,0,0.0467,0.0467,0,1.1891,0,0.24,0.0633,0,0.1496,0.7595
alma-7b-slimgpt20-gen-dir-en-ru,alma-7b-slimgpt20-gen-dir-en-ru__alma10-greedy-300__eacb2e0fc5ed,slimgpt,gen,20,dir,en-ru,en-ru,False,,cs-en,True,False,300,0.845267,38.4288,61.1244,-0.007166,-3.5565,-2.2101,0.001629,0.0033,0,0,0,0,0.9887,0,0,0.0033,0.0033,0.0044,1.0016
alma-7b-slimgpt20-gen-dir-en-ru,alma-7b-slimgpt20-gen-dir-en-ru__alma10-greedy-300__eacb2e0fc5ed,slimgpt,gen,20,dir,en-ru,en-ru,False,,de-en,True,False,300,0.830332,28.2908,52.202,-0.008878,-3.026,-1.5926,-0.002759,0.0033,0,0,0,0,0.937,0,0,0.0033,0.0033,0.0074,0.9516
alma-7b-slimgpt20-gen-dir-en-ru,alma-7b-slimgpt20-gen-dir-en-ru__alma10-greedy-300__eacb2e0fc5ed,slimgpt,gen,20,dir,en-ru,en-ru,False,,is-en,True,False,300,0.853174,35.9458,57.0893,-0.009489,-2.3035,-1.4076,-0.003941,0.0067,0,0,0,0,0.9651,0,0,0.01,0.0067,0.0072,0.9901
alma-7b-slimgpt20-gen-dir-en-ru,alma-7b-slimgpt20-gen-dir-en-ru__alma10-greedy-300__eacb2e0fc5ed,slimgpt,gen,20,dir,en-ru,en-ru,False,,ru-en,True,False,300,0.830955,35.2445,58.7331,-0.015468,-1.6925,-1.6776,-0.006013,0,0,0,0,0,0.9861,0.0033,0.0067,0.0133,0,0.0062,1.0015
alma-7b-slimgpt20-gen-dir-en-ru,alma-7b-slimgpt20-gen-dir-en-ru__alma10-greedy-300__eacb2e0fc5ed,slimgpt,gen,20,dir,en-ru,en-ru,False,,zh-en,True,False,300,0.781491,16.6643,44.7768,-0.014644,-3.1777,-3.5297,-0.007989,0,0,0,0,0,0.9148,0,0.0033,0.01,0,0.0038,0.9445
alma-7b-slimgpt20-gen-dir-en-ru,alma-7b-slimgpt20-gen-dir-en-ru__alma10-greedy-300__eacb2e0fc5ed,slimgpt,gen,20,dir,en-ru,en-ru,False,,en-cs,False,False,300,0.831405,19.115,42.3326,-0.038899,-5.8155,-6.0522,-0.01184,0.01,0,0.0033,0.0033,0,0.9839,0.0067,0.0233,0.0167,0.01,0.0063,0.9979
alma-7b-slimgpt20-gen-dir-en-ru,alma-7b-slimgpt20-gen-dir-en-ru__alma10-greedy-300__eacb2e0fc5ed,slimgpt,gen,20,dir,en-ru,en-ru,False,,en-de,False,False,300,0.82422,23.2477,50.4677,-0.028744,-4.7438,-4.2664,-0.021761,0.01,0,0,0,0,0.9972,0.01,0,0.0133,0.01,0.0131,1.0154
alma-7b-slimgpt20-gen-dir-en-ru,alma-7b-slimgpt20-gen-dir-en-ru__alma10-greedy-300__eacb2e0fc5ed,slimgpt,gen,20,dir,en-ru,en-ru,False,,en-is,False,False,300,0.762437,16.2576,40.9135,-0.079402,-7.493,-8.3649,-0.065797,0.0067,0.0033,0.01,0.01,0,0.9796,0.0033,0,0.01,0.0067,0.0048,0.999
alma-7b-slimgpt20-gen-dir-en-ru,alma-7b-slimgpt20-gen-dir-en-ru__alma10-greedy-300__eacb2e0fc5ed,slimgpt,gen,20,dir,en-ru,en-ru,False,,en-ru,False,True,300,0.844453,22.3721,46.3193,-0.016628,-2.6339,-2.0962,-0.000679,0,0,0.0067,0.0067,0,0.9982,0,0.0133,0.0333,0,0.0099,1.0249
alma-7b-slimgpt20-gen-dir-en-ru,alma-7b-slimgpt20-gen-dir-en-ru__alma10-greedy-300__eacb2e0fc5ed,slimgpt,gen,20,dir,en-ru,en-ru,False,,en-zh,False,False,300,0.768743,26.0474,19.6855,-0.081992,-7.455,-6.5485,-0.068589,0.0033,0,0.0133,0.0133,0,1.0837,0,0.1633,0.0367,0.0033,0.0486,0.9505
alma-7b-slimgpt20-gen-dir-en-zh,alma-7b-slimgpt20-gen-dir-en-zh__alma10-greedy-300__b08b41a05c35,slimgpt,gen,20,dir,en-zh,en-zh,False,,cs-en,True,False,300,0.839082,37.3914,60.4512,-0.013351,-4.5939,-2.8833,-0.004556,0.0033,0,0,0,0,0.9875,0.0033,0,0.0033,0.0033,0.0046,1.0024
alma-7b-slimgpt20-gen-dir-en-zh,alma-7b-slimgpt20-gen-dir-en-zh__alma10-greedy-300__b08b41a05c35,slimgpt,gen,20,dir,en-zh,en-zh,False,,de-en,True,False,300,0.836977,28.976,52.4395,-0.002233,-2.3408,-1.3551,0.003886,0.0033,0,0,0,0,0.9445,0,0.0033,0.0067,0.0033,0.007,0.9563
alma-7b-slimgpt20-gen-dir-en-zh,alma-7b-slimgpt20-gen-dir-en-zh__alma10-greedy-300__b08b41a05c35,slimgpt,gen,20,dir,en-zh,en-zh,False,,is-en,True,False,300,0.847647,32.0226,55.0217,-0.015016,-6.2267,-3.4752,-0.009468,0.0033,0,0,0,0,0.9506,0,0,0.01,0.0033,0.0056,0.9737
alma-7b-slimgpt20-gen-dir-en-zh,alma-7b-slimgpt20-gen-dir-en-zh__alma10-greedy-300__b08b41a05c35,slimgpt,gen,20,dir,en-zh,en-zh,False,,ru-en,True,False,300,0.829747,36.3369,59.399,-0.016676,-0.6001,-1.0117,-0.007221,0,0,0,0,0,0.981,0.0033,0.0067,0.02,0,0.0074,0.9908
alma-7b-slimgpt20-gen-dir-en-zh,alma-7b-slimgpt20-gen-dir-en-zh__alma10-greedy-300__b08b41a05c35,slimgpt,gen,20,dir,en-zh,en-zh,False,,zh-en,True,False,300,0.786055,17.0966,45.4347,-0.01008,-2.7454,-2.8718,-0.003425,0,0.0033,0.0033,0.0033,0,0.9214,0,0.0033,0.0067,0,0.0051,0.9535
alma-7b-slimgpt20-gen-dir-en-zh,alma-7b-slimgpt20-gen-dir-en-zh__alma10-greedy-300__b08b41a05c35,slimgpt,gen,20,dir,en-zh,en-zh,False,,en-cs,False,False,300,0.756163,13.4492,37.6861,-0.114141,-11.4813,-10.6987,-0.087082,0.01,0.0033,0.0067,0.0067,0,0.9868,0.0067,0.0267,0.0233,0.01,0.0063,0.9979
alma-7b-slimgpt20-gen-dir-en-zh,alma-7b-slimgpt20-gen-dir-en-zh__alma10-greedy-300__b08b41a05c35,slimgpt,gen,20,dir,en-zh,en-zh,False,,en-de,False,False,300,0.78048,18.2424,47.2926,-0.072484,-9.7491,-7.4415,-0.065501,0.02,0.0033,0.0033,0.0033,0,1.0351,0.02,0,0.02,0.02,0.0124,1.0814
alma-7b-slimgpt20-gen-dir-en-zh,alma-7b-slimgpt20-gen-dir-en-zh__alma10-greedy-300__b08b41a05c35,slimgpt,gen,20,dir,en-zh,en-zh,False,,en-is,False,False,300,0.657515,11.3234,35.7573,-0.184324,-12.4272,-13.5211,-0.170719,0.0067,0.0067,0.02,0.02,0,0.9845,0,0,0.0233,0.0067,0.0038,1.0357
alma-7b-slimgpt20-gen-dir-en-zh,alma-7b-slimgpt20-gen-dir-en-zh__alma10-greedy-300__b08b41a05c35,slimgpt,gen,20,dir,en-zh,en-zh,False,,en-ru,False,False,300,0.802775,18.4908,43.363,-0.058306,-6.5152,-5.0525,-0.042357,0,0.0033,0.0033,0.0033,0,0.9688,0,0.01,0.0467,0,0.01,1.007
alma-7b-slimgpt20-gen-dir-en-zh,alma-7b-slimgpt20-gen-dir-en-zh__alma10-greedy-300__b08b41a05c35,slimgpt,gen,20,dir,en-zh,en-zh,False,,en-zh,False,True,300,0.836691,31.0442,26.9107,-0.014044,-2.4582,0.6767,-0.000641,0,0,0.0067,0.0067,0,1.0244,0,0.1633,0.0267,0,0.0001,1.0391
alma-7b-flap20-ref-dir-cs-en,alma-7b-flap20-ref-dir-cs-en__alma10-greedy-300__3dfe3689af8f,flap,ref,20,dir,cs-en,cs-en,False,,cs-en,True,True,300,0.842428,39.1424,60.9749,-0.010005,-2.8429,-2.3596,0.002584,0.0033,0,0,0,0,0.964,0,0,0.0033,0.0033,0.0047,0.9842
alma-7b-flap20-ref-dir-cs-en,alma-7b-flap20-ref-dir-cs-en__alma10-greedy-300__3dfe3689af8f,flap,ref,20,dir,cs-en,cs-en,False,,de-en,True,False,300,0.83327,29.7303,52.8199,-0.00594,-1.5865,-0.9747,-0.000624,0.0033,0,0,0,0,0.9473,0,0,0.0067,0.0033,0.0068,0.9618
alma-7b-flap20-ref-dir-cs-en,alma-7b-flap20-ref-dir-cs-en__alma10-greedy-300__3dfe3689af8f,flap,ref,20,dir,cs-en,cs-en,False,,is-en,True,False,300,0.853832,35.7192,56.9473,-0.008831,-2.5301,-1.5496,-0.002163,0.0067,0,0,0,0,0.9501,0,0,0.0167,0.0067,0.0061,0.9833
alma-7b-flap20-ref-dir-cs-en,alma-7b-flap20-ref-dir-cs-en__alma10-greedy-300__3dfe3689af8f,flap,ref,20,dir,cs-en,cs-en,False,,ru-en,True,False,300,0.834158,35.9191,58.7431,-0.012265,-1.0179,-1.6676,0.004762,0,0,0,0,0,0.9865,0.0033,0.0067,0.02,0,0.0081,1.0018
alma-7b-flap20-ref-dir-cs-en,alma-7b-flap20-ref-dir-cs-en__alma10-greedy-300__3dfe3689af8f,flap,ref,20,dir,cs-en,cs-en,False,,zh-en,True,False,300,0.770864,16.8412,44.4261,-0.025271,-3.0008,-3.8804,-0.005755,0,0.0033,0.0067,0.0067,0,0.9473,0,0.0133,0.0133,0,0.0043,0.9988
alma-7b-flap20-ref-dir-cs-en,alma-7b-flap20-ref-dir-cs-en__alma10-greedy-300__3dfe3689af8f,flap,ref,20,dir,cs-en,cs-en,False,,en-cs,False,False,300,0.848039,21.5003,43.9853,-0.022265,-3.4302,-4.3995,0.013538,0.0033,0,0,0,0,0.9439,0,0.0233,0.0233,0.0033,0.0064,0.9868
alma-7b-flap20-ref-dir-cs-en,alma-7b-flap20-ref-dir-cs-en__alma10-greedy-300__3dfe3689af8f,flap,ref,20,dir,cs-en,cs-en,False,,en-de,False,False,300,0.822336,24.1439,50.0308,-0.030628,-3.8476,-4.7033,-0.000753,0.0133,0,0.0033,0.0033,0,0.9764,0.0133,0,0.0167,0.0133,0.0129,0.9979
alma-7b-flap20-ref-dir-cs-en,alma-7b-flap20-ref-dir-cs-en__alma10-greedy-300__3dfe3689af8f,flap,ref,20,dir,cs-en,cs-en,False,,en-is,False,False,300,0.734433,15.6598,39.555,-0.107406,-8.0908,-9.7234,-0.047274,0.0067,0.0033,0.0167,0.0167,0,0.9677,0.0033,0,0.0133,0.0067,0.0043,1.0102
alma-7b-flap20-ref-dir-cs-en,alma-7b-flap20-ref-dir-cs-en__alma10-greedy-300__3dfe3689af8f,flap,ref,20,dir,cs-en,cs-en,False,,en-ru,False,False,300,0.829078,20.9828,43.7813,-0.032003,-4.0232,-4.6342,-0.00528,0,0.0033,0.0033,0.0033,0,0.9628,0,0.01,0.0633,0,0.0113,1.0141
alma-7b-flap20-ref-dir-cs-en,alma-7b-flap20-ref-dir-cs-en__alma10-greedy-300__3dfe3689af8f,flap,ref,20,dir,cs-en,cs-en,False,,en-zh,False,False,300,0.800278,25.6342,21.7483,-0.050457,-7.8682,-4.4857,-0.01147,0,0,0.0067,0.0067,0,0.9778,0,0.1767,0.02,0,0.0001,1.0053
alma-7b-flap20-ref-dir-de-en,alma-7b-flap20-ref-dir-de-en__alma10-greedy-300__4c464c5706ea,flap,ref,20,dir,de-en,de-en,False,,cs-en,True,False,300,0.841792,38.7615,60.696,-0.010641,-3.2238,-2.6385,0.001948,0.0033,0,0,0,0,0.9616,0.0033,0,0.0033,0.0033,0.0048,0.9845
alma-7b-flap20-ref-dir-de-en,alma-7b-flap20-ref-dir-de-en__alma10-greedy-300__4c464c5706ea,flap,ref,20,dir,de-en,de-en,False,,de-en,True,True,300,0.829311,28.6216,51.8965,-0.009899,-2.6952,-1.8981,-0.004583,0,0,0,0,0,0.9374,0,0,0.0067,0,0.0072,0.9508
alma-7b-flap20-ref-dir-de-en,alma-7b-flap20-ref-dir-de-en__alma10-greedy-300__4c464c5706ea,flap,ref,20,dir,de-en,de-en,False,,is-en,True,False,300,0.856478,36.0945,57.1329,-0.006185,-2.1548,-1.364,0.000483,0.0033,0,0,0,0,0.949,0,0,0.0133,0.0033,0.006,0.9769
alma-7b-flap20-ref-dir-de-en,alma-7b-flap20-ref-dir-de-en__alma10-greedy-300__4c464c5706ea,flap,ref,20,dir,de-en,de-en,False,,ru-en,True,False,300,0.833105,35.7001,58.6572,-0.013318,-1.2369,-1.7535,0.003709,0,0,0,0,0,0.981,0.0033,0.01,0.0167,0,0.0081,1
alma-7b-flap20-ref-dir-de-en,alma-7b-flap20-ref-dir-de-en__alma10-greedy-300__4c464c5706ea,flap,ref,20,dir,de-en,de-en,False,,zh-en,True,False,300,0.769026,16.2396,44.5661,-0.027109,-3.6024,-3.7404,-0.007593,0,0.0067,0.01,0.01,0,0.9885,0,0.01,0.0067,0,0.0047,1.0259
alma-7b-flap20-ref-dir-de-en,alma-7b-flap20-ref-dir-de-en__alma10-greedy-300__4c464c5706ea,flap,ref,20,dir,de-en,de-en,False,,en-cs,False,False,300,0.798363,18.401,40.7761,-0.071941,-6.5295,-7.6087,-0.036138,0.0233,0,0.0033,0.0033,0,0.9593,0,0.04,0.0367,0.0233,0.0078,0.9963
alma-7b-flap20-ref-dir-de-en,alma-7b-flap20-ref-dir-de-en__alma10-greedy-300__4c464c5706ea,flap,ref,20,dir,de-en,de-en,False,,en-de,False,False,300,0.830658,24.391,50.8056,-0.022306,-3.6005,-3.9285,0.007569,0.0167,0,0,0,0,0.9579,0.0167,0,0.02,0.0167,0.013,0.9885
alma-7b-flap20-ref-dir-de-en,alma-7b-flap20-ref-dir-de-en__alma10-greedy-300__4c464c5706ea,flap,ref,20,dir,de-en,de-en,False,,en-is,False,False,300,0.726225,15.7358,39.5457,-0.115614,-8.0148,-9.7327,-0.055482,0.0033,0,0.0033,0.0033,0,0.9193,0,0.0033,0.0033,0.0033,0.0047,0.9851
alma-7b-flap20-ref-dir-de-en,alma-7b-flap20-ref-dir-de-en__alma10-greedy-300__4c464c5706ea,flap,ref,20,dir,de-en,de-en,False,,en-ru,False,False,300,0.822441,20.7186,43.3919,-0.03864,-4.2874,-5.0236,-0.011917,0,0,0.0033,0.0033,0,0.9835,0,0.0067,0.0567,0,0.0112,1.0263
alma-7b-flap20-ref-dir-de-en,alma-7b-flap20-ref-dir-de-en__alma10-greedy-300__4c464c5706ea,flap,ref,20,dir,de-en,de-en,False,,en-zh,False,False,300,0.758443,22.8843,18.5294,-0.092292,-10.6181,-7.7046,-0.053305,0,0,0.0167,0.0167,0,0.9722,0,0.1667,0.01,0,0.0209,0.9324
alma-7b-flap20-ref-dir-is-en,alma-7b-flap20-ref-dir-is-en__alma10-greedy-300__4841914d5cff,flap,ref,20,dir,is-en,is-en,False,,cs-en,True,False,300,0.840438,37.1049,59.7311,-0.011995,-4.8804,-3.6034,0.000594,0.0033,0,0,0,0,0.974,0,0,0.0067,0.0033,0.0051,0.9861
alma-7b-flap20-ref-dir-is-en,alma-7b-flap20-ref-dir-is-en__alma10-greedy-300__4841914d5cff,flap,ref,20,dir,is-en,is-en,False,,de-en,True,False,300,0.831877,26.515,50.4477,-0.007333,-4.8018,-3.3469,-0.002017,0.0033,0,0,0,0,0.9331,0,0,0.0067,0.0033,0.0081,0.9444
alma-7b-flap20-ref-dir-is-en,alma-7b-flap20-ref-dir-is-en__alma10-greedy-300__4841914d5cff,flap,ref,20,dir,is-en,is-en,False,,is-en,True,True,300,0.853302,34.4175,55.8402,-0.009361,-3.8318,-2.6567,-0.002693,0.0033,0,0,0,0,0.9445,0,0,0.0133,0.0033,0.0065,0.9681
alma-7b-flap20-ref-dir-is-en,alma-7b-flap20-ref-dir-is-en__alma10-greedy-300__4841914d5cff,flap,ref,20,dir,is-en,is-en,False,,ru-en,True,False,300,0.829769,34.3891,56.9832,-0.016654,-2.5479,-3.4275,0.000373,0,0,0,0,0,0.969,0.0033,0.0067,0.0233,0,0.0075,0.9834
alma-7b-flap20-ref-dir-is-en,alma-7b-flap20-ref-dir-is-en__alma10-greedy-300__4841914d5cff,flap,ref,20,dir,is-en,is-en,False,,zh-en,True,False,300,0.776573,16.2923,44.5383,-0.019562,-3.5497,-3.7682,-4.6e-05,0,0,0.0033,0.0033,0,0.9219,0,0.0067,0.0067,0,0.0056,0.9505
alma-7b-flap20-ref-dir-is-en,alma-7b-flap20-ref-dir-is-en__alma10-greedy-300__4841914d5cff,flap,ref,20,dir,is-en,is-en,False,,en-cs,False,False,300,0.784417,16.1337,39.3212,-0.085887,-8.7968,-9.0636,-0.050084,0.01,0,0.0033,0.0033,0,0.9555,0,0.0333,0.0267,0.01,0.0072,0.9772
alma-7b-flap20-ref-dir-is-en,alma-7b-flap20-ref-dir-is-en__alma10-greedy-300__4841914d5cff,flap,ref,20,dir,is-en,is-en,False,,en-de,False,False,300,0.806951,22.6429,48.5806,-0.046013,-5.3486,-6.1535,-0.016138,0.03,0,0.0033,0.0033,0,0.9838,0.02,0.0033,0.0333,0.03,0.0148,1.0007
alma-7b-flap20-ref-dir-is-en,alma-7b-flap20-ref-dir-is-en__alma10-greedy-300__4841914d5cff,flap,ref,20,dir,is-en,is-en,False,,en-is,False,False,300,0.80635,19.6754,44.4278,-0.035489,-4.0752,-4.8506,0.024643,0.0033,0,0,0,0,0.9406,0,0,0.0033,0.0033,0.0047,0.9774
alma-7b-flap20-ref-dir-is-en,alma-7b-flap20-ref-dir-is-en__alma10-greedy-300__4841914d5cff,flap,ref,20,dir,is-en,is-en,False,,en-ru,False,False,300,0.804189,18.4813,41.0868,-0.056892,-6.5247,-7.3287,-0.030169,0,0,0.0033,0.0033,0,0.9716,0,0.0133,0.0533,0,0.0111,1.0207
alma-7b-flap20-ref-dir-is-en,alma-7b-flap20-ref-dir-is-en__alma10-greedy-300__4841914d5cff,flap,ref,20,dir,is-en,is-en,False,,en-zh,False,False,300,0.760623,22.1001,19.1921,-0.090112,-11.4023,-7.0419,-0.051125,0,0.0033,0.03,0.03,0,1.0558,0,0.19,0.03,0,0.0094,1.0305
alma-7b-flap20-ref-dir-ru-en,alma-7b-flap20-ref-dir-ru-en__alma10-greedy-300__3755cabf6d12,flap,ref,20,dir,ru-en,ru-en,False,,cs-en,True,False,300,0.840654,37.8403,59.8543,-0.011779,-4.145,-3.4802,0.00081,0.0033,0,0,0,0,0.963,0.0033,0,0.0033,0.0033,0.0051,0.9839
alma-7b-flap20-ref-dir-ru-en,alma-7b-flap20-ref-dir-ru-en__alma10-greedy-300__3755cabf6d12,flap,ref,20,dir,ru-en,ru-en,False,,de-en,True,False,300,0.830396,29.441,52.2885,-0.008814,-1.8758,-1.5061,-0.003498,0,0,0,0,0,0.9435,0,0,0,0,0.0071,0.9654
alma-7b-flap20-ref-dir-ru-en,alma-7b-flap20-ref-dir-ru-en__alma10-greedy-300__3755cabf6d12,flap,ref,20,dir,ru-en,ru-en,False,,is-en,True,False,300,0.8546,36.0131,56.8094,-0.008063,-2.2362,-1.6875,-0.001395,0.0067,0,0,0,0,0.9596,0,0,0.0133,0.0067,0.0067,0.9879
alma-7b-flap20-ref-dir-ru-en,alma-7b-flap20-ref-dir-ru-en__alma10-greedy-300__3755cabf6d12,flap,ref,20,dir,ru-en,ru-en,False,,ru-en,True,True,300,0.833876,35.5482,58.6458,-0.012547,-1.3888,-1.7649,0.00448,0,0,0,0,0,0.9848,0.0033,0.0067,0.0167,0,0.0082,1.0054
alma-7b-flap20-ref-dir-ru-en,alma-7b-flap20-ref-dir-ru-en__alma10-greedy-300__3755cabf6d12,flap,ref,20,dir,ru-en,ru-en,False,,zh-en,True,False,300,0.768373,17.386,44.8012,-0.027762,-2.456,-3.5053,-0.008246,0,0,0,0,0,0.9306,0,0.0133,0.01,0,0.0047,0.976
alma-7b-flap20-ref-dir-ru-en,alma-7b-flap20-ref-dir-ru-en__alma10-greedy-300__3755cabf6d12,flap,ref,20,dir,ru-en,ru-en,False,,en-cs,False,False,300,0.828808,20.4039,43.3972,-0.041496,-4.5266,-4.9876,-0.005693,0.0033,0.0033,0.0033,0.0033,0,0.9799,0.0033,0.0267,0.0167,0.0033,0.0069,1.0252
alma-7b-flap20-ref-dir-ru-en,alma-7b-flap20-ref-dir-ru-en__alma10-greedy-300__3755cabf6d12,flap,ref,20,dir,ru-en,ru-en,False,,en-de,False,False,300,0.813765,24.1325,49.9338,-0.039199,-3.859,-4.8003,-0.009324,0.0133,0,0.0067,0.0067,0,0.9865,0.0133,0,0.0133,0.0133,0.0121,0.995
alma-7b-flap20-ref-dir-ru-en,alma-7b-flap20-ref-dir-ru-en__alma10-greedy-300__3755cabf6d12,flap,ref,20,dir,ru-en,ru-en,False,,en-is,False,False,300,0.723578,16.5383,40.0637,-0.118261,-7.2123,-9.2147,-0.058129,0.0067,0.0033,0.0133,0.0133,0,0.9459,0.0033,0,0.0167,0.0067,0.0041,0.9768
alma-7b-flap20-ref-dir-ru-en,alma-7b-flap20-ref-dir-ru-en__alma10-greedy-300__3755cabf6d12,flap,ref,20,dir,ru-en,ru-en,False,,en-ru,False,False,300,0.843095,22.1516,44.5142,-0.017986,-2.8544,-3.9013,0.008737,0,0,0,0,0,0.9659,0,0.0033,0.0433,0,0.011,1.0092
alma-7b-flap20-ref-dir-ru-en,alma-7b-flap20-ref-dir-ru-en__alma10-greedy-300__3755cabf6d12,flap,ref,20,dir,ru-en,ru-en,False,,en-zh,False,False,300,0.79581,25.5069,20.7571,-0.054925,-7.9955,-5.4769,-0.015938,0,0,0.01,0.01,0,0.9742,0,0.1867,0.0167,0,0.01,0.9726
alma-7b-flap20-ref-dir-zh-en,alma-7b-flap20-ref-dir-zh-en__alma10-greedy-300__034c592e3c59,flap,ref,20,dir,zh-en,zh-en,False,,cs-en,True,False,300,0.842437,38.541,61.2479,-0.009996,-3.4443,-2.0866,0.002593,0.0033,0,0,0,0,0.9892,0,0,0.0067,0.0033,0.0044,1.0133
alma-7b-flap20-ref-dir-zh-en,alma-7b-flap20-ref-dir-zh-en__alma10-greedy-300__034c592e3c59,flap,ref,20,dir,zh-en,zh-en,False,,de-en,True,False,300,0.833511,29.1811,52.2511,-0.005699,-2.1357,-1.5435,-0.000383,0,0,0,0,0,0.9459,0,0,0.01,0,0.0073,0.9649
alma-7b-flap20-ref-dir-zh-en,alma-7b-flap20-ref-dir-zh-en__alma10-greedy-300__034c592e3c59,flap,ref,20,dir,zh-en,zh-en,False,,is-en,True,False,300,0.854403,35.3981,56.6165,-0.00826,-2.8512,-1.8804,-0.001592,0.0033,0,0,0,0,0.9531,0,0,0.01,0.0033,0.0065,0.9855
alma-7b-flap20-ref-dir-zh-en,alma-7b-flap20-ref-dir-zh-en__alma10-greedy-300__034c592e3c59,flap,ref,20,dir,zh-en,zh-en,False,,ru-en,True,False,300,0.831582,34.3699,58.0182,-0.014841,-2.5671,-2.3925,0.002186,0,0,0,0,0,0.9906,0.0033,0.0067,0.0233,0,0.0078,1.0116
alma-7b-flap20-ref-dir-zh-en,alma-7b-flap20-ref-dir-zh-en__alma10-greedy-300__034c592e3c59,flap,ref,20,dir,zh-en,zh-en,False,,zh-en,True,True,300,0.778703,18.7416,46.163,-0.017432,-1.1004,-2.1435,0.002084,0,0.0033,0.0033,0.0033,0,0.9295,0,0.0067,0.0067,0,0.005,0.9629
alma-7b-flap20-ref-dir-zh-en,alma-7b-flap20-ref-dir-zh-en__alma10-greedy-300__034c592e3c59,flap,ref,20,dir,zh-en,zh-en,False,,en-cs,False,False,300,0.785027,17.526,40.3194,-0.085277,-7.4045,-8.0654,-0.049474,0.0033,0,0.0067,0.0067,0,0.9671,0,0.0267,0.02,0.0033,0.0071,0.997
alma-7b-flap20-ref-dir-zh-en,alma-7b-flap20-ref-dir-zh-en__alma10-greedy-300__034c592e3c59,flap,ref,20,dir,zh-en,zh-en,False,,en-de,False,False,300,0.802795,21.4001,48.8071,-0.050169,-6.5914,-5.927,-0.020294,0.02,0,0,0,0,0.9685,0.0133,0.0033,0.02,0.02,0.0128,1.0075
alma-7b-flap20-ref-dir-zh-en,alma-7b-flap20-ref-dir-zh-en__alma10-greedy-300__034c592e3c59,flap,ref,20,dir,zh-en,zh-en,False,,en-is,False,False,300,0.682775,13.5539,38.1259,-0.159064,-10.1967,-11.1525,-0.098932,0,0.0067,0.02,0.02,0,0.9659,0,0,0.01,0,0.0049,1.018
alma-7b-flap20-ref-dir-zh-en,alma-7b-flap20-ref-dir-zh-en__alma10-greedy-300__034c592e3c59,flap,ref,20,dir,zh-en,zh-en,False,,en-ru,False,False,300,0.821261,19.5725,43.7229,-0.03982,-5.4335,-4.6926,-0.013097,0,0,0,0,0,0.9873,0,0.0133,0.06,0,0.0108,1.0297
alma-7b-flap20-ref-dir-zh-en,alma-7b-flap20-ref-dir-zh-en__alma10-greedy-300__034c592e3c59,flap,ref,20,dir,zh-en,zh-en,False,,en-zh,False,False,300,0.826373,29.9297,25.1502,-0.024362,-3.5727,-1.0838,0.014625,0,0,0,0,0,0.9879,0,0.17,0.0133,0,0.0001,1.0153
alma-7b-flap20-ref-dir-en-cs,alma-7b-flap20-ref-dir-en-cs__alma10-greedy-300__668fc6d341b0,flap,ref,20,dir,en-cs,en-cs,False,,cs-en,True,False,300,0.84239,38.8525,60.3896,-0.010043,-3.1328,-2.9449,0.002546,0.0033,0,0,0,0,0.9562,0,0,0.0067,0.0033,0.0047,0.9741
alma-7b-flap20-ref-dir-en-cs,alma-7b-flap20-ref-dir-en-cs__alma10-greedy-300__668fc6d341b0,flap,ref,20,dir,en-cs,en-cs,False,,de-en,True,False,300,0.832627,29.7066,52.5759,-0.006583,-1.6102,-1.2187,-0.001267,0.0033,0,0,0,0,0.94,0,0,0.01,0.0033,0.0075,0.957
alma-7b-flap20-ref-dir-en-cs,alma-7b-flap20-ref-dir-en-cs__alma10-greedy-300__668fc6d341b0,flap,ref,20,dir,en-cs,en-cs,False,,is-en,True,False,300,0.852189,35.6266,56.8961,-0.010474,-2.6227,-1.6008,-0.003806,0.0033,0,0,0,0,0.9474,0,0,0.0067,0.0033,0.0063,0.9798
alma-7b-flap20-ref-dir-en-cs,alma-7b-flap20-ref-dir-en-cs__alma10-greedy-300__668fc6d341b0,flap,ref,20,dir,en-cs,en-cs,False,,ru-en,True,False,300,0.828947,34.4613,57.496,-0.017476,-2.4757,-2.9147,-0.000449,0,0,0,0,0,0.9783,0.0033,0.0067,0.0167,0,0.0086,0.9963
alma-7b-flap20-ref-dir-en-cs,alma-7b-flap20-ref-dir-en-cs__alma10-greedy-300__668fc6d341b0,flap,ref,20,dir,en-cs,en-cs,False,,zh-en,True,False,300,0.768224,16.9609,45.0474,-0.027911,-2.8811,-3.2591,-0.008395,0.0033,0,0.0067,0.0067,0,0.9414,0,0.0133,0.0133,0.0033,0.0052,0.9769
alma-7b-flap20-ref-dir-en-cs,alma-7b-flap20-ref-dir-en-cs__alma10-greedy-300__668fc6d341b0,flap,ref,20,dir,en-cs,en-cs,False,,en-cs,False,True,300,0.842208,22.5857,44.7906,-0.028096,-2.3448,-3.5942,0.007707,0.0033,0,0,0,0,0.9368,0,0.0367,0.03,0.0033,0.0069,0.9774
alma-7b-flap20-ref-dir-en-cs,alma-7b-flap20-ref-dir-en-cs__alma10-greedy-300__668fc6d341b0,flap,ref,20,dir,en-cs,en-cs,False,,en-de,False,False,300,0.816471,22.5052,49.2594,-0.036493,-5.4863,-5.4747,-0.006618,0.0167,0,0.0033,0.0033,0,0.9803,0.0133,0,0.02,0.0167,0.0129,1.0036
alma-7b-flap20-ref-dir-en-cs,alma-7b-flap20-ref-dir-en-cs__alma10-greedy-300__668fc6d341b0,flap,ref,20,dir,en-cs,en-cs,False,,en-is,False,False,300,0.749089,16.0093,40.7497,-0.09275,-7.7413,-8.5287,-0.032618,0,0.0033,0.0133,0.0133,0,0.9508,0,0.0033,0.0067,0,0.0046,1.0123
alma-7b-flap20-ref-dir-en-cs,alma-7b-flap20-ref-dir-en-cs__alma10-greedy-300__668fc6d341b0,flap,ref,20,dir,en-cs,en-cs,False,,en-ru,False,False,300,0.834561,21.6137,44.4044,-0.02652,-3.3923,-4.0111,0.000203,0,0,0,0,0,0.9609,0,0.0067,0.0633,0,0.0119,1.0044
alma-7b-flap20-ref-dir-en-cs,alma-7b-flap20-ref-dir-en-cs__alma10-greedy-300__668fc6d341b0,flap,ref,20,dir,en-cs,en-cs,False,,en-zh,False,False,300,0.799669,26.2831,22.7385,-0.051066,-7.2193,-3.4955,-0.012079,0,0,0.0133,0.0133,0,1.0072,0,0.1767,0.0233,0,0,1.0329
alma-7b-flap20-ref-dir-en-de,alma-7b-flap20-ref-dir-en-de__alma10-greedy-300__228c607416cc,flap,ref,20,dir,en-de,en-de,False,,cs-en,True,False,300,0.840351,38.4635,60.1857,-0.012082,-3.5218,-3.1488,0.000507,0.0067,0,0,0,0,0.9628,0.0033,0,0.01,0.0067,0.0044,0.9849
alma-7b-flap20-ref-dir-en-de,alma-7b-flap20-ref-dir-en-de__alma10-greedy-300__228c607416cc,flap,ref,20,dir,en-de,en-de,False,,de-en,True,False,300,0.828219,28.4956,51.9175,-0.010991,-2.8212,-1.8771,-0.005675,0.0033,0.0033,0.0033,0.0033,0,0.9739,0,0,0.01,0.0033,0.0067,0.9905
alma-7b-flap20-ref-dir-en-de,alma-7b-flap20-ref-dir-en-de__alma10-greedy-300__228c607416cc,flap,ref,20,dir,en-de,en-de,False,,is-en,True,False,300,0.853598,35.9434,56.968,-0.009065,-2.3059,-1.5289,-0.002397,0.0033,0,0,0,0,0.9565,0,0,0.0067,0.0033,0.0071,0.9874
alma-7b-flap20-ref-dir-en-de,alma-7b-flap20-ref-dir-en-de__alma10-greedy-300__228c607416cc,flap,ref,20,dir,en-de,en-de,False,,ru-en,True,False,300,0.832772,35.3896,58.7567,-0.013651,-1.5474,-1.654,0.003376,0,0,0,0,0,0.9799,0.0033,0.01,0.0233,0,0.0078,1.006
alma-7b-flap20-ref-dir-en-de,alma-7b-flap20-ref-dir-en-de__alma10-greedy-300__228c607416cc,flap,ref,20,dir,en-de,en-de,False,,zh-en,True,False,300,0.772661,17.439,45.2972,-0.023474,-2.403,-3.0093,-0.003958,0,0,0.0033,0.0033,0,0.9378,0,0.0067,0.0067,0,0.0045,0.9765
alma-7b-flap20-ref-dir-en-de,alma-7b-flap20-ref-dir-en-de__alma10-greedy-300__228c607416cc,flap,ref,20,dir,en-de,en-de,False,,en-cs,False,False,300,0.81589,18.919,41.7741,-0.054414,-6.0115,-6.6107,-0.018611,0.0067,0.0033,0.0067,0.0067,0,0.9962,0.0033,0.0367,0.0267,0.0067,0.0068,1.0491
alma-7b-flap20-ref-dir-en-de,alma-7b-flap20-ref-dir-en-de__alma10-greedy-300__228c607416cc,flap,ref,20,dir,en-de,en-de,False,,en-de,False,True,300,0.834947,24.7593,50.9437,-0.018017,-3.2322,-3.7904,0.011858,0.02,0,0,0,0,0.9615,0.02,0,0.0233,0.02,0.0131,0.9942
alma-7b-flap20-ref-dir-en-de,alma-7b-flap20-ref-dir-en-de__alma10-greedy-300__228c607416cc,flap,ref,20,dir,en-de,en-de,False,,en-is,False,False,300,0.736824,16.5852,40.434,-0.105015,-7.1654,-8.8444,-0.044883,0.0067,0.0033,0.01,0.01,0,0.9463,0.0033,0,0.01,0.0067,0.0047,0.9767
alma-7b-flap20-ref-dir-en-de,alma-7b-flap20-ref-dir-en-de__alma10-greedy-300__228c607416cc,flap,ref,20,dir,en-de,en-de,False,,en-ru,False,False,300,0.833735,20.9069,44.1199,-0.027346,-4.0991,-4.2956,-0.000623,0,0,0,0,0,0.9657,0,0.0067,0.0733,0,0.012,1.0143
alma-7b-flap20-ref-dir-en-de,alma-7b-flap20-ref-dir-en-de__alma10-greedy-300__228c607416cc,flap,ref,20,dir,en-de,en-de,False,,en-zh,False,False,300,0.775257,24.105,20.2921,-0.075478,-9.3974,-5.9419,-0.036491,0,0,0.0233,0.0233,0,1.0328,0,0.1833,0.02,0,0.0114,1.0234
alma-7b-flap20-ref-dir-en-is,alma-7b-flap20-ref-dir-en-is__alma10-greedy-300__1f02c0e29049,flap,ref,20,dir,en-is,en-is,False,,cs-en,True,False,300,0.842706,37.3816,59.7853,-0.009727,-4.6037,-3.5492,0.002862,0.0033,0,0,0,0,0.9599,0,0,0.0033,0.0033,0.0063,0.9771
alma-7b-flap20-ref-dir-en-is,alma-7b-flap20-ref-dir-en-is__alma10-greedy-300__1f02c0e29049,flap,ref,20,dir,en-is,en-is,False,,de-en,True,False,300,0.833225,28.5684,51.9469,-0.005985,-2.7484,-1.8477,-0.000669,0.0067,0,0,0,0,0.9224,0,0,0.0067,0.0067,0.0085,0.9377
alma-7b-flap20-ref-dir-en-is,alma-7b-flap20-ref-dir-en-is__alma10-greedy-300__1f02c0e29049,flap,ref,20,dir,en-is,en-is,False,,is-en,True,False,300,0.846365,34.3301,55.6431,-0.016298,-3.9192,-2.8538,-0.00963,0.0067,0,0,0,0,0.9449,0,0,0.0167,0.0067,0.006,0.9707
alma-7b-flap20-ref-dir-en-is,alma-7b-flap20-ref-dir-en-is__alma10-greedy-300__1f02c0e29049,flap,ref,20,dir,en-is,en-is,False,,ru-en,True,False,300,0.830762,34.6596,58.0848,-0.015661,-2.2774,-2.3259,0.001366,0,0,0,0,0,0.9716,0.0033,0.0067,0.0233,0,0.0081,0.9869
alma-7b-flap20-ref-dir-en-is,alma-7b-flap20-ref-dir-en-is__alma10-greedy-300__1f02c0e29049,flap,ref,20,dir,en-is,en-is,False,,zh-en,True,False,300,0.770098,16.4333,43.9494,-0.026037,-3.4087,-4.3571,-0.006521,0,0.0033,0.01,0.01,0,0.9625,0,0.01,0.0067,0,0.0057,1.0021
alma-7b-flap20-ref-dir-en-is,alma-7b-flap20-ref-dir-en-is__alma10-greedy-300__1f02c0e29049,flap,ref,20,dir,en-is,en-is,False,,en-cs,False,False,300,0.809241,17.9902,40.9567,-0.061063,-6.9403,-7.4281,-0.02526,0.0133,0,0,0,0,0.9503,0,0.0267,0.0267,0.0133,0.0074,0.9858
alma-7b-flap20-ref-dir-en-is,alma-7b-flap20-ref-dir-en-is__alma10-greedy-300__1f02c0e29049,flap,ref,20,dir,en-is,en-is,False,,en-de,False,False,300,0.814158,22.5567,48.9502,-0.038806,-5.4348,-5.7839,-0.008931,0.02,0,0,0,0,0.9688,0.0133,0.0033,0.0233,0.02,0.0144,1.0024
alma-7b-flap20-ref-dir-en-is,alma-7b-flap20-ref-dir-en-is__alma10-greedy-300__1f02c0e29049,flap,ref,20,dir,en-is,en-is,False,,en-is,False,True,300,0.812376,20.624,45.6394,-0.029463,-3.1266,-3.639,0.030669,0,0,0,0,0,0.9456,0,0,0,0,0.0042,0.9767
alma-7b-flap20-ref-dir-en-is,alma-7b-flap20-ref-dir-en-is__alma10-greedy-300__1f02c0e29049,flap,ref,20,dir,en-is,en-is,False,,en-ru,False,False,300,0.820648,19.4503,42.5956,-0.040433,-5.5557,-5.8199,-0.01371,0,0.0033,0.0033,0.0033,0,0.9788,0,0.01,0.0467,0,0.0109,1.0295
alma-7b-flap20-ref-dir-en-is,alma-7b-flap20-ref-dir-en-is__alma10-greedy-300__1f02c0e29049,flap,ref,20,dir,en-is,en-is,False,,en-zh,False,False,300,0.778619,24.4019,21.6748,-0.072116,-9.1005,-4.5592,-0.033129,0,0,0.0233,0.0233,0,1.0347,0,0.1533,0.0133,0,0.0089,1.026
alma-7b-flap20-ref-dir-en-ru,alma-7b-flap20-ref-dir-en-ru__alma10-greedy-300__4fea9241c561,flap,ref,20,dir,en-ru,en-ru,False,,cs-en,True,False,300,0.846411,40.463,61.6329,-0.006022,-1.5223,-1.7016,0.006567,0.0033,0,0,0,0,0.9703,0.0033,0,0.0067,0.0033,0.0047,0.9915
alma-7b-flap20-ref-dir-en-ru,alma-7b-flap20-ref-dir-en-ru__alma10-greedy-300__4fea9241c561,flap,ref,20,dir,en-ru,en-ru,False,,de-en,True,False,300,0.83227,29.5829,52.5201,-0.00694,-1.7339,-1.2745,-0.001624,0.0033,0,0,0,0,0.9431,0,0,0.01,0.0033,0.0073,0.962
alma-7b-flap20-ref-dir-en-ru,alma-7b-flap20-ref-dir-en-ru__alma10-greedy-300__4fea9241c561,flap,ref,20,dir,en-ru,en-ru,False,,is-en,True,False,300,0.854288,36.6522,57.6695,-0.008375,-1.5971,-0.8274,-0.001707,0.0033,0,0,0,0,0.9665,0,0,0.0067,0.0033,0.0064,0.996
alma-7b-flap20-ref-dir-en-ru,alma-7b-flap20-ref-dir-en-ru__alma10-greedy-300__4fea9241c561,flap,ref,20,dir,en-ru,en-ru,False,,ru-en,True,False,300,0.832426,35.4251,58.7021,-0.013997,-1.5119,-1.7086,0.00303,0,0,0,0,0,0.9896,0.0033,0.0067,0.02,0,0.0077,1.0104
alma-7b-flap20-ref-dir-en-ru,alma-7b-flap20-ref-dir-en-ru__alma10-greedy-300__4fea9241c561,flap,ref,20,dir,en-ru,en-ru,False,,zh-en,True,False,300,0.770354,17.3298,45.2747,-0.025781,-2.5122,-3.0318,-0.006265,0,0.0033,0.0067,0.0067,0,0.9745,0,0.01,0.0067,0,0.0047,1.0232
alma-7b-flap20-ref-dir-en-ru,alma-7b-flap20-ref-dir-en-ru__alma10-greedy-300__4fea9241c561,flap,ref,20,dir,en-ru,en-ru,False,,en-cs,False,False,300,0.830958,21.5798,44.2925,-0.039346,-3.3507,-4.0923,-0.003543,0.0133,0,0,0,0,0.9593,0,0.02,0.0267,0.0133,0.0066,0.9899
alma-7b-flap20-ref-dir-en-ru,alma-7b-flap20-ref-dir-en-ru__alma10-greedy-300__4fea9241c561,flap,ref,20,dir,en-ru,en-ru,False,,en-de,False,False,300,0.81953,23.5865,50.3287,-0.033434,-4.405,-4.4054,-0.003559,0.0167,0,0.0033,0.0033,0,0.9999,0.0167,0,0.02,0.0167,0.0133,1.0082
alma-7b-flap20-ref-dir-en-ru,alma-7b-flap20-ref-dir-en-ru__alma10-greedy-300__4fea9241c561,flap,ref,20,dir,en-ru,en-ru,False,,en-is,False,False,300,0.745129,15.7881,40.503,-0.09671,-7.9625,-8.7754,-0.036578,0.0067,0.0133,0.0233,0.0233,0,0.9806,0.0033,0,0.01,0.0067,0.0046,1.0363
alma-7b-flap20-ref-dir-en-ru,alma-7b-flap20-ref-dir-en-ru__alma10-greedy-300__4fea9241c561,flap,ref,20,dir,en-ru,en-ru,False,,en-ru,False,True,300,0.841764,22.5696,45.0749,-0.019317,-2.4364,-3.3406,0.007406,0,0,0,0,0,0.9656,0,0.0133,0.0567,0,0.0113,1.0086
alma-7b-flap20-ref-dir-en-ru,alma-7b-flap20-ref-dir-en-ru__alma10-greedy-300__4fea9241c561,flap,ref,20,dir,en-ru,en-ru,False,,en-zh,False,False,300,0.797918,26.824,22.1467,-0.052817,-6.6784,-4.0873,-0.01383,0,0,0.0033,0.0033,0,0.9654,0,0.1833,0.0133,0,0.0031,0.982
alma-7b-flap20-ref-dir-en-zh,alma-7b-flap20-ref-dir-en-zh__alma10-greedy-300__380fe0fb8234,flap,ref,20,dir,en-zh,en-zh,False,,cs-en,True,False,300,0.842407,38.3998,60.5263,-0.010026,-3.5855,-2.8082,0.002563,0.0033,0,0,0,0,0.9751,0,0,0.0067,0.0033,0.0054,0.9956
alma-7b-flap20-ref-dir-en-zh,alma-7b-flap20-ref-dir-en-zh__alma10-greedy-300__380fe0fb8234,flap,ref,20,dir,en-zh,en-zh,False,,de-en,True,False,300,0.837633,29.7046,52.7268,-0.001577,-1.6122,-1.0678,0.003739,0,0,0,0,0,0.9352,0,0,0.0067,0,0.008,0.9589
alma-7b-flap20-ref-dir-en-zh,alma-7b-flap20-ref-dir-en-zh__alma10-greedy-300__380fe0fb8234,flap,ref,20,dir,en-zh,en-zh,False,,is-en,True,False,300,0.853475,35.9647,56.8629,-0.009188,-2.2846,-1.634,-0.00252,0,0,0,0,0,0.9554,0,0,0.01,0,0.0065,0.989
alma-7b-flap20-ref-dir-en-zh,alma-7b-flap20-ref-dir-en-zh__alma10-greedy-300__380fe0fb8234,flap,ref,20,dir,en-zh,en-zh,False,,ru-en,True,False,300,0.832381,34.7315,57.9846,-0.014042,-2.2055,-2.4261,0.002985,0,0,0,0,0,0.9907,0.0033,0.01,0.0167,0,0.0072,1.0101
alma-7b-flap20-ref-dir-en-zh,alma-7b-flap20-ref-dir-en-zh__alma10-greedy-300__380fe0fb8234,flap,ref,20,dir,en-zh,en-zh,False,,zh-en,True,False,300,0.782951,18.0997,46.4092,-0.013184,-1.7423,-1.8973,0.006332,0,0,0,0,0,0.9311,0,0.0133,0.01,0,0.0053,0.9675
alma-7b-flap20-ref-dir-en-zh,alma-7b-flap20-ref-dir-en-zh__alma10-greedy-300__380fe0fb8234,flap,ref,20,dir,en-zh,en-zh,False,,en-cs,False,False,300,0.786578,16.7508,40.3372,-0.083726,-8.1797,-8.0476,-0.047923,0.01,0,0,0,0,0.9476,0,0.03,0.0367,0.01,0.0073,0.9817
alma-7b-flap20-ref-dir-en-zh,alma-7b-flap20-ref-dir-en-zh__alma10-greedy-300__380fe0fb8234,flap,ref,20,dir,en-zh,en-zh,False,,en-de,False,False,300,0.806264,21.6924,48.5665,-0.0467,-6.2991,-6.1676,-0.016825,0.0133,0,0,0,0,0.966,0.01,0.0033,0.0133,0.0133,0.014,0.9986
alma-7b-flap20-ref-dir-en-zh,alma-7b-flap20-ref-dir-en-zh__alma10-greedy-300__380fe0fb8234,flap,ref,20,dir,en-zh,en-zh,False,,en-is,False,False,300,0.689149,12.5979,36.8681,-0.15269,-11.1527,-12.4103,-0.092558,0.01,0,0.0133,0.0133,0,0.9535,0.0067,0,0.0133,0.01,0.0048,1.0132
alma-7b-flap20-ref-dir-en-zh,alma-7b-flap20-ref-dir-en-zh__alma10-greedy-300__380fe0fb8234,flap,ref,20,dir,en-zh,en-zh,False,,en-ru,False,False,300,0.832357,20.1844,44.2168,-0.028724,-4.8216,-4.1987,-0.002001,0,0,0,0,0,0.9824,0,0.0067,0.06,0,0.0106,1.0183
alma-7b-flap20-ref-dir-en-zh,alma-7b-flap20-ref-dir-en-zh__alma10-greedy-300__380fe0fb8234,flap,ref,20,dir,en-zh,en-zh,False,,en-zh,False,True,300,0.830379,29.7324,26.5975,-0.020356,-3.77,0.3635,0.018631,0,0,0,0,0,1.0044,0,0.1767,0.03,0,0.0001,1.0213
alma-7b-flap20-gen-dir-cs-en,alma-7b-flap20-gen-dir-cs-en__alma10-greedy-300__35dcca872eac,flap,gen,20,dir,cs-en,cs-en,False,,cs-en,True,True,300,0.846821,39.7343,61.2452,-0.005612,-2.251,-2.0893,0.007178,0.0033,0,0,0,0,0.9694,0,0,0.0033,0.0033,0.0045,0.9886
alma-7b-flap20-gen-dir-cs-en,alma-7b-flap20-gen-dir-cs-en__alma10-greedy-300__35dcca872eac,flap,gen,20,dir,cs-en,cs-en,False,,de-en,True,False,300,0.833614,30.0378,52.9561,-0.005596,-1.279,-0.8385,-0.00011,0,0,0,0,0,0.9456,0,0,0.01,0,0.0067,0.9616
alma-7b-flap20-gen-dir-cs-en,alma-7b-flap20-gen-dir-cs-en__alma10-greedy-300__35dcca872eac,flap,gen,20,dir,cs-en,cs-en,False,,is-en,True,False,300,0.853213,35.9361,57.1717,-0.00945,-2.3132,-1.3252,-0.002687,0.0067,0,0,0,0,0.9591,0,0,0.0133,0.0067,0.0062,0.9896
alma-7b-flap20-gen-dir-cs-en,alma-7b-flap20-gen-dir-cs-en__alma10-greedy-300__35dcca872eac,flap,gen,20,dir,cs-en,cs-en,False,,ru-en,True,False,300,0.833335,35.9503,58.9432,-0.013088,-0.9867,-1.4675,0.001418,0,0,0,0,0,0.9878,0.0033,0.0067,0.0167,0,0.0077,1.0039
alma-7b-flap20-gen-dir-cs-en,alma-7b-flap20-gen-dir-cs-en__alma10-greedy-300__35dcca872eac,flap,gen,20,dir,cs-en,cs-en,False,,zh-en,True,False,300,0.773086,16.6399,44.6625,-0.023049,-3.2021,-3.644,-0.00157,0,0.0033,0.0067,0.0067,0,0.9763,0,0.0133,0.0033,0,0.0041,1.0218
alma-7b-flap20-gen-dir-cs-en,alma-7b-flap20-gen-dir-cs-en__alma10-greedy-300__35dcca872eac,flap,gen,20,dir,cs-en,cs-en,False,,en-cs,False,False,300,0.840921,21.1971,43.9847,-0.029383,-3.7334,-4.4001,0.009929,0.0033,0,0.0033,0.0033,0,0.9648,0,0.03,0.02,0.0033,0.0065,1.0119
alma-7b-flap20-gen-dir-cs-en,alma-7b-flap20-gen-dir-cs-en__alma10-greedy-300__35dcca872eac,flap,gen,20,dir,cs-en,cs-en,False,,en-de,False,False,300,0.819124,23.8235,49.6262,-0.03384,-4.168,-5.1079,-0.007725,0.02,0,0,0,0,0.9588,0.0167,0,0.0233,0.02,0.013,0.9962
alma-7b-flap20-gen-dir-cs-en,alma-7b-flap20-gen-dir-cs-en__alma10-greedy-300__35dcca872eac,flap,gen,20,dir,cs-en,cs-en,False,,en-is,False,False,300,0.746053,16.0717,40.1134,-0.095786,-7.6789,-9.165,-0.028985,0.01,0.0033,0.0033,0.0033,0,0.9453,0.0033,0,0.01,0.01,0.0046,1.0071
alma-7b-flap20-gen-dir-cs-en,alma-7b-flap20-gen-dir-cs-en__alma10-greedy-300__35dcca872eac,flap,gen,20,dir,cs-en,cs-en,False,,en-ru,False,False,300,0.830983,21.125,44.3726,-0.030098,-3.881,-4.0429,-0.002185,0,0,0,0,0,0.9668,0,0.0033,0.0667,0,0.0113,1.0171
alma-7b-flap20-gen-dir-cs-en,alma-7b-flap20-gen-dir-cs-en__alma10-greedy-300__35dcca872eac,flap,gen,20,dir,cs-en,cs-en,False,,en-zh,False,False,300,0.791521,24.6809,21.2566,-0.059214,-8.8215,-4.9774,-0.015376,0,0,0.0167,0.0167,0,1.0106,0,0.1733,0.0267,0,0.0096,1.012
alma-7b-flap20-gen-dir-de-en,alma-7b-flap20-gen-dir-de-en__alma10-greedy-300__776e85c7997c,flap,gen,20,dir,de-en,de-en,False,,cs-en,True,False,300,0.84249,38.8544,60.6699,-0.009943,-3.1309,-2.6646,0.002847,0.0033,0,0,0,0,0.9669,0.0033,0,0.0033,0.0033,0.0044,0.9867
alma-7b-flap20-gen-dir-de-en,alma-7b-flap20-gen-dir-de-en__alma10-greedy-300__776e85c7997c,flap,gen,20,dir,de-en,de-en,False,,de-en,True,True,300,0.828742,28.7815,51.8627,-0.010468,-2.5353,-1.9319,-0.004982,0.0033,0,0,0,0,0.9389,0,0,0.0067,0.0033,0.0074,0.957
alma-7b-flap20-gen-dir-de-en,alma-7b-flap20-gen-dir-de-en__alma10-greedy-300__776e85c7997c,flap,gen,20,dir,de-en,de-en,False,,is-en,True,False,300,0.855349,35.6381,56.7893,-0.007314,-2.6112,-1.7076,-0.000551,0.0033,0,0,0,0,0.9463,0,0,0.0133,0.0033,0.0064,0.9756
alma-7b-flap20-gen-dir-de-en,alma-7b-flap20-gen-dir-de-en__alma10-greedy-300__776e85c7997c,flap,gen,20,dir,de-en,de-en,False,,ru-en,True,False,300,0.830751,34.8469,58.0148,-0.015672,-2.0901,-2.3959,-0.001166,0,0,0,0,0,0.9789,0.0033,0.0067,0.0167,0,0.008,0.9998
alma-7b-flap20-gen-dir-de-en,alma-7b-flap20-gen-dir-de-en__alma10-greedy-300__776e85c7997c,flap,gen,20,dir,de-en,de-en,False,,zh-en,True,False,300,0.770903,16.2941,44.6933,-0.025232,-3.5479,-3.6132,-0.003753,0,0.0033,0.0067,0.0067,0,0.9777,0,0.0067,0.0067,0,0.0047,1.0133
alma-7b-flap20-gen-dir-de-en,alma-7b-flap20-gen-dir-de-en__alma10-greedy-300__776e85c7997c,flap,gen,20,dir,de-en,de-en,False,,en-cs,False,False,300,0.789407,17.5806,40.1463,-0.080897,-7.3499,-8.2385,-0.041585,0.0167,0.0033,0.01,0.01,0,0.9923,0.0033,0.0333,0.0433,0.0167,0.0074,1.0319
alma-7b-flap20-gen-dir-de-en,alma-7b-flap20-gen-dir-de-en__alma10-greedy-300__776e85c7997c,flap,gen,20,dir,de-en,de-en,False,,en-de,False,False,300,0.831982,24.0294,50.6484,-0.020982,-3.9621,-4.0857,0.005133,0.0167,0,0,0,0,0.9583,0.0167,0,0.02,0.0167,0.0127,0.9891
alma-7b-flap20-gen-dir-de-en,alma-7b-flap20-gen-dir-de-en__alma10-greedy-300__776e85c7997c,flap,gen,20,dir,de-en,de-en,False,,en-is,False,False,300,0.720604,15.1817,39.1731,-0.121235,-8.5689,-10.1053,-0.054434,0.0033,0,0.0067,0.0067,0,0.9181,0,0,0.01,0.0033,0.0047,0.9822
alma-7b-flap20-gen-dir-de-en,alma-7b-flap20-gen-dir-de-en__alma10-greedy-300__776e85c7997c,flap,gen,20,dir,de-en,de-en,False,,en-ru,False,False,300,0.825325,20.8218,43.6509,-0.035756,-4.1842,-4.7646,-0.007843,0,0,0,0,0,0.9639,0,0.0067,0.0533,0,0.0116,1.0115
alma-7b-flap20-gen-dir-de-en,alma-7b-flap20-gen-dir-de-en__alma10-greedy-300__776e85c7997c,flap,gen,20,dir,de-en,de-en,False,,en-zh,False,False,300,0.759506,22.5035,18.3488,-0.091229,-10.9989,-7.8852,-0.047391,0,0,0.0167,0.0167,0,0.9796,0,0.1767,0.0133,0,0.0231,0.9341
alma-7b-flap20-gen-dir-is-en,alma-7b-flap20-gen-dir-is-en__alma10-greedy-300__dc34aab6404b,flap,gen,20,dir,is-en,is-en,False,,cs-en,True,False,300,0.841192,36.5897,59.2968,-0.011241,-5.3956,-4.0377,0.001549,0.0033,0,0,0,0,0.9728,0,0,0.0033,0.0033,0.0052,0.9882
alma-7b-flap20-gen-dir-is-en,alma-7b-flap20-gen-dir-is-en__alma10-greedy-300__dc34aab6404b,flap,gen,20,dir,is-en,is-en,False,,de-en,True,False,300,0.832644,27.2267,50.9788,-0.006566,-4.0901,-2.8158,-0.00108,0.0067,0,0,0,0,0.9348,0,0,0.0067,0.0067,0.0079,0.945
alma-7b-flap20-gen-dir-is-en,alma-7b-flap20-gen-dir-is-en__alma10-greedy-300__dc34aab6404b,flap,gen,20,dir,is-en,is-en,False,,is-en,True,True,300,0.852379,34.5162,56.0634,-0.010284,-3.7331,-2.4335,-0.003521,0.0033,0,0,0,0,0.9443,0,0,0.0167,0.0033,0.0059,0.9694
alma-7b-flap20-gen-dir-is-en,alma-7b-flap20-gen-dir-is-en__alma10-greedy-300__dc34aab6404b,flap,gen,20,dir,is-en,is-en,False,,ru-en,True,False,300,0.832012,34.4513,57.2399,-0.014411,-2.4857,-3.1708,9.5e-05,0,0,0,0,0,0.9655,0.0033,0.0067,0.02,0,0.0081,0.9785
alma-7b-flap20-gen-dir-is-en,alma-7b-flap20-gen-dir-is-en__alma10-greedy-300__dc34aab6404b,flap,gen,20,dir,is-en,is-en,False,,zh-en,True,False,300,0.773068,16.5827,44.2924,-0.023067,-3.2593,-4.0141,-0.001588,0,0.0067,0.0133,0.0133,0,0.9719,0,0.0067,0.0067,0,0.0053,0.9934
alma-7b-flap20-gen-dir-is-en,alma-7b-flap20-gen-dir-is-en__alma10-greedy-300__dc34aab6404b,flap,gen,20,dir,is-en,is-en,False,,en-cs,False,False,300,0.774884,16.015,38.4479,-0.09542,-8.9155,-9.9369,-0.056108,0.01,0,0.0067,0.0067,0,0.9677,0.0033,0.03,0.0267,0.01,0.0078,0.9896
alma-7b-flap20-gen-dir-is-en,alma-7b-flap20-gen-dir-is-en__alma10-greedy-300__dc34aab6404b,flap,gen,20,dir,is-en,is-en,False,,en-de,False,False,300,0.799724,21.7236,48.2064,-0.05324,-6.2679,-6.5277,-0.027125,0.03,0,0.01,0.01,0,0.9938,0.0233,0.0033,0.0367,0.03,0.0142,1.0236
alma-7b-flap20-gen-dir-is-en,alma-7b-flap20-gen-dir-is-en__alma10-greedy-300__dc34aab6404b,flap,gen,20,dir,is-en,is-en,False,,en-is,False,False,300,0.807994,19.6949,44.5545,-0.033845,-4.0557,-4.7239,0.032956,0,0,0,0,0,0.9379,0,0,0,0,0.0048,0.9734
alma-7b-flap20-gen-dir-is-en,alma-7b-flap20-gen-dir-is-en__alma10-greedy-300__dc34aab6404b,flap,gen,20,dir,is-en,is-en,False,,en-ru,False,False,300,0.81308,19.0854,41.9863,-0.048001,-5.9206,-6.4292,-0.020088,0,0,0.0033,0.0033,0,0.9856,0,0.0133,0.0567,0,0.0104,1.0352
alma-7b-flap20-gen-dir-is-en,alma-7b-flap20-gen-dir-is-en__alma10-greedy-300__dc34aab6404b,flap,gen,20,dir,is-en,is-en,False,,en-zh,False,False,300,0.766121,22.8761,20.2212,-0.084614,-10.6263,-6.0128,-0.040776,0,0,0.0267,0.0267,0,1.0275,0,0.1867,0.0333,0,0.0154,0.9877
alma-7b-flap20-gen-dir-ru-en,alma-7b-flap20-gen-dir-ru-en__alma10-greedy-300__06797c2f4627,flap,gen,20,dir,ru-en,ru-en,False,,cs-en,True,False,300,0.840916,38.7412,60.5292,-0.011517,-3.2441,-2.8053,0.001273,0.0033,0,0,0,0,0.9754,0.0033,0,0.0067,0.0033,0.005,0.9946
alma-7b-flap20-gen-dir-ru-en,alma-7b-flap20-gen-dir-ru-en__alma10-greedy-300__06797c2f4627,flap,gen,20,dir,ru-en,ru-en,False,,de-en,True,False,300,0.828985,29.8156,52.6205,-0.010225,-1.5012,-1.1741,-0.004739,0,0,0,0,0,0.9475,0,0,0.0033,0,0.007,0.9673
alma-7b-flap20-gen-dir-ru-en,alma-7b-flap20-gen-dir-ru-en__alma10-greedy-300__06797c2f4627,flap,gen,20,dir,ru-en,ru-en,False,,is-en,True,False,300,0.854356,35.6753,56.7051,-0.008307,-2.574,-1.7918,-0.001544,0.01,0,0,0,0,0.9544,0,0,0.0167,0.01,0.0068,0.9839
alma-7b-flap20-gen-dir-ru-en,alma-7b-flap20-gen-dir-ru-en__alma10-greedy-300__06797c2f4627,flap,gen,20,dir,ru-en,ru-en,False,,ru-en,True,True,300,0.831113,35.0918,58.5602,-0.01531,-1.8452,-1.8505,-0.000804,0,0,0,0,0,0.9853,0.0033,0.01,0.0167,0,0.0082,1.005
alma-7b-flap20-gen-dir-ru-en,alma-7b-flap20-gen-dir-ru-en__alma10-greedy-300__06797c2f4627,flap,gen,20,dir,ru-en,ru-en,False,,zh-en,True,False,300,0.770633,17.9535,45.296,-0.025502,-1.8885,-3.0105,-0.004023,0,0.0033,0.0033,0.0033,0,0.9457,0,0.01,0.01,0,0.0047,0.9913
alma-7b-flap20-gen-dir-ru-en,alma-7b-flap20-gen-dir-ru-en__alma10-greedy-300__06797c2f4627,flap,gen,20,dir,ru-en,ru-en,False,,en-cs,False,False,300,0.82998,20.1589,43.5851,-0.040324,-4.7716,-4.7997,-0.001012,0.0067,0.0067,0.0067,0.0067,0,1.0003,0.0033,0.0333,0.0233,0.0067,0.0074,1.045
alma-7b-flap20-gen-dir-ru-en,alma-7b-flap20-gen-dir-ru-en__alma10-greedy-300__06797c2f4627,flap,gen,20,dir,ru-en,ru-en,False,,en-de,False,False,300,0.818364,24.3775,49.9467,-0.0346,-3.614,-4.7874,-0.008485,0.02,0,0,0,0,0.9694,0.02,0,0.02,0.02,0.0125,1.0031
alma-7b-flap20-gen-dir-ru-en,alma-7b-flap20-gen-dir-ru-en__alma10-greedy-300__06797c2f4627,flap,gen,20,dir,ru-en,ru-en,False,,en-is,False,False,300,0.724698,15.1562,39.5027,-0.117141,-8.5944,-9.7757,-0.05034,0.0067,0.0033,0.01,0.01,0,0.9347,0.0033,0,0.0133,0.0067,0.0042,0.9838
alma-7b-flap20-gen-dir-ru-en,alma-7b-flap20-gen-dir-ru-en__alma10-greedy-300__06797c2f4627,flap,gen,20,dir,ru-en,ru-en,False,,en-ru,False,False,300,0.838261,20.9337,43.7865,-0.02282,-4.0723,-4.629,0.005093,0,0,0,0,0,0.9676,0,0.0033,0.06,0,0.0111,1.0096
alma-7b-flap20-gen-dir-ru-en,alma-7b-flap20-gen-dir-ru-en__alma10-greedy-300__06797c2f4627,flap,gen,20,dir,ru-en,ru-en,False,,en-zh,False,False,300,0.795966,25.7407,21.0819,-0.054769,-7.7617,-5.1521,-0.010931,0,0,0.01,0.01,0,0.9961,0,0.1767,0.0233,0,0.0124,0.9864
alma-7b-flap20-gen-dir-zh-en,alma-7b-flap20-gen-dir-zh-en__alma10-greedy-300__9695924b2f44,flap,gen,20,dir,zh-en,zh-en,False,,cs-en,True,False,300,0.844088,39.2226,61.1766,-0.008345,-2.7627,-2.1579,0.004445,0.0033,0,0,0,0,0.9768,0,0,0.0067,0.0033,0.005,0.9989
alma-7b-flap20-gen-dir-zh-en,alma-7b-flap20-gen-dir-zh-en__alma10-greedy-300__9695924b2f44,flap,gen,20,dir,zh-en,zh-en,False,,de-en,True,False,300,0.835155,29.479,52.6346,-0.004055,-1.8378,-1.16,0.001431,0.0033,0,0,0,0,0.9453,0,0,0.0067,0.0033,0.0073,0.9656
alma-7b-flap20-gen-dir-zh-en,alma-7b-flap20-gen-dir-zh-en__alma10-greedy-300__9695924b2f44,flap,gen,20,dir,zh-en,zh-en,False,,is-en,True,False,300,0.855132,36.0082,56.7088,-0.007531,-2.2411,-1.7881,-0.000768,0.0033,0,0,0,0,0.9478,0,0,0.0067,0.0033,0.0064,0.9788
alma-7b-flap20-gen-dir-zh-en,alma-7b-flap20-gen-dir-zh-en__alma10-greedy-300__9695924b2f44,flap,gen,20,dir,zh-en,zh-en,False,,ru-en,True,False,300,0.831264,34.8496,58.352,-0.015159,-2.0874,-2.0587,-0.000653,0,0,0,0,0,0.9892,0.0033,0.0067,0.02,0,0.0076,1.0065
alma-7b-flap20-gen-dir-zh-en,alma-7b-flap20-gen-dir-zh-en__alma10-greedy-300__9695924b2f44,flap,gen,20,dir,zh-en,zh-en,False,,zh-en,True,True,300,0.777487,18.0775,45.746,-0.018648,-1.7645,-2.5605,0.002831,0,0,0,0,0,0.9178,0,0.01,0.01,0,0.0052,0.9584
alma-7b-flap20-gen-dir-zh-en,alma-7b-flap20-gen-dir-zh-en__alma10-greedy-300__9695924b2f44,flap,gen,20,dir,zh-en,zh-en,False,,en-cs,False,False,300,0.779959,15.6975,39.2136,-0.090345,-9.233,-9.1712,-0.051033,0.01,0,0.01,0.01,0,1.0068,0.0033,0.02,0.03,0.01,0.0064,1.0325
alma-7b-flap20-gen-dir-zh-en,alma-7b-flap20-gen-dir-zh-en__alma10-greedy-300__9695924b2f44,flap,gen,20,dir,zh-en,zh-en,False,,en-de,False,False,300,0.806338,21.5612,48.6763,-0.046626,-6.4303,-6.0578,-0.020511,0.02,0,0,0,0,0.9671,0.0133,0.0033,0.02,0.02,0.0131,1.006
alma-7b-flap20-gen-dir-zh-en,alma-7b-flap20-gen-dir-zh-en__alma10-greedy-300__9695924b2f44,flap,gen,20,dir,zh-en,zh-en,False,,en-is,False,False,300,0.680097,13.2501,37.0228,-0.161742,-10.5005,-12.2556,-0.094941,0.01,0,0.0233,0.0233,0,0.9571,0,0,0.0167,0.01,0.0048,1.0136
alma-7b-flap20-gen-dir-zh-en,alma-7b-flap20-gen-dir-zh-en__alma10-greedy-300__9695924b2f44,flap,gen,20,dir,zh-en,zh-en,False,,en-ru,False,False,300,0.821754,19.5443,43.6715,-0.039327,-5.4617,-4.744,-0.011414,0,0,0,0,0,0.9844,0,0.0133,0.0667,0,0.0106,1.0261
alma-7b-flap20-gen-dir-zh-en,alma-7b-flap20-gen-dir-zh-en__alma10-greedy-300__9695924b2f44,flap,gen,20,dir,zh-en,zh-en,False,,en-zh,False,False,300,0.830571,29.929,25.283,-0.020164,-3.5734,-0.951,0.023674,0,0,0,0,0,0.9742,0,0.1733,0.0267,0,0.0001,1.0034
alma-7b-flap20-gen-dir-en-cs,alma-7b-flap20-gen-dir-en-cs__alma10-greedy-300__0eac75299f35,flap,gen,20,dir,en-cs,en-cs,False,,cs-en,True,False,300,0.843801,39.2428,60.806,-0.008632,-2.7425,-2.5285,0.004158,0.0033,0,0,0,0,0.9596,0.0033,0,0.0033,0.0033,0.0044,0.9754
alma-7b-flap20-gen-dir-en-cs,alma-7b-flap20-gen-dir-en-cs__alma10-greedy-300__0eac75299f35,flap,gen,20,dir,en-cs,en-cs,False,,de-en,True,False,300,0.833158,29.455,52.4724,-0.006052,-1.8618,-1.3222,-0.000566,0.0033,0,0,0,0,0.933,0,0,0.01,0.0033,0.0073,0.9495
alma-7b-flap20-gen-dir-en-cs,alma-7b-flap20-gen-dir-en-cs__alma10-greedy-300__0eac75299f35,flap,gen,20,dir,en-cs,en-cs,False,,is-en,True,False,300,0.850324,35.508,56.6484,-0.012339,-2.7413,-1.8485,-0.005576,0.0033,0,0,0,0,0.9539,0,0,0.01,0.0033,0.0067,0.9855
alma-7b-flap20-gen-dir-en-cs,alma-7b-flap20-gen-dir-en-cs__alma10-greedy-300__0eac75299f35,flap,gen,20,dir,en-cs,en-cs,False,,ru-en,True,False,300,0.829061,35.0484,57.9481,-0.017362,-1.8886,-2.4626,-0.002856,0,0,0,0,0,0.9754,0.0033,0.01,0.0167,0,0.0086,0.9888
alma-7b-flap20-gen-dir-en-cs,alma-7b-flap20-gen-dir-en-cs__alma10-greedy-300__0eac75299f35,flap,gen,20,dir,en-cs,en-cs,False,,zh-en,True,False,300,0.769818,16.6997,44.9362,-0.026317,-3.1423,-3.3703,-0.004838,0,0,0.0067,0.0067,0,0.9364,0,0.0133,0.01,0,0.0053,0.9682
alma-7b-flap20-gen-dir-en-cs,alma-7b-flap20-gen-dir-en-cs__alma10-greedy-300__0eac75299f35,flap,gen,20,dir,en-cs,en-cs,False,,en-cs,False,True,300,0.843897,22.9017,45.4655,-0.026407,-2.0288,-2.9193,0.012905,0.0067,0,0,0,0,0.9415,0,0.0333,0.0233,0.0067,0.0067,0.9782
alma-7b-flap20-gen-dir-en-cs,alma-7b-flap20-gen-dir-en-cs__alma10-greedy-300__0eac75299f35,flap,gen,20,dir,en-cs,en-cs,False,,en-de,False,False,300,0.823742,23.2668,49.9826,-0.029222,-4.7247,-4.7515,-0.003107,0.0133,0,0,0,0,0.9722,0.01,0,0.0167,0.0133,0.0126,1.0021
alma-7b-flap20-gen-dir-en-cs,alma-7b-flap20-gen-dir-en-cs__alma10-greedy-300__0eac75299f35,flap,gen,20,dir,en-cs,en-cs,False,,en-is,False,False,300,0.743885,16.0015,41.0631,-0.097954,-7.7491,-8.2153,-0.031153,0,0.0033,0.0067,0.0067,0,0.9659,0,0.0033,0.0033,0,0.0046,1.0265
alma-7b-flap20-gen-dir-en-cs,alma-7b-flap20-gen-dir-en-cs__alma10-greedy-300__0eac75299f35,flap,gen,20,dir,en-cs,en-cs,False,,en-ru,False,False,300,0.835756,21.651,44.4238,-0.025325,-3.355,-3.9917,0.002588,0,0,0,0,0,0.9658,0,0.0067,0.0633,0,0.0116,1.0072
alma-7b-flap20-gen-dir-en-cs,alma-7b-flap20-gen-dir-en-cs__alma10-greedy-300__0eac75299f35,flap,gen,20,dir,en-cs,en-cs,False,,en-zh,False,False,300,0.802135,26.9496,22.5634,-0.0486,-6.5528,-3.6706,-0.004762,0,0,0.0033,0.0033,0,0.9642,0,0.1733,0.0233,0,0.0087,0.966
alma-7b-flap20-gen-dir-en-de,alma-7b-flap20-gen-dir-en-de__alma10-greedy-300__85b7767ee2ff,flap,gen,20,dir,en-de,en-de,False,,cs-en,True,False,300,0.838143,37.8679,59.6877,-0.01429,-4.1174,-3.6468,-0.0015,0.0067,0,0,0,0,0.9624,0.0033,0,0.0067,0.0067,0.0046,0.9852
alma-7b-flap20-gen-dir-en-de,alma-7b-flap20-gen-dir-en-de__alma10-greedy-300__85b7767ee2ff,flap,gen,20,dir,en-de,en-de,False,,de-en,True,False,300,0.831025,29.1211,52.7215,-0.008185,-2.1957,-1.0731,-0.002699,0.0033,0,0,0,0,0.929,0,0.0033,0.01,0.0033,0.007,0.9433
alma-7b-flap20-gen-dir-en-de,alma-7b-flap20-gen-dir-en-de__alma10-greedy-300__85b7767ee2ff,flap,gen,20,dir,en-de,en-de,False,,is-en,True,False,300,0.851476,36.0552,57.0933,-0.011187,-2.1941,-1.4036,-0.004424,0.0033,0,0,0,0,0.952,0,0,0.01,0.0033,0.007,0.9844
alma-7b-flap20-gen-dir-en-de,alma-7b-flap20-gen-dir-en-de__alma10-greedy-300__85b7767ee2ff,flap,gen,20,dir,en-de,en-de,False,,ru-en,True,False,300,0.833426,35.556,58.5477,-0.012997,-1.381,-1.863,0.001509,0,0,0,0,0,0.9776,0.0033,0.01,0.0233,0,0.0078,1.0008
alma-7b-flap20-gen-dir-en-de,alma-7b-flap20-gen-dir-en-de__alma10-greedy-300__85b7767ee2ff,flap,gen,20,dir,en-de,en-de,False,,zh-en,True,False,300,0.771181,17.3663,45.141,-0.024954,-2.4757,-3.1655,-0.003475,0,0.0033,0.0067,0.0067,0,0.9573,0,0.0067,0.0067,0,0.0047,1.005
alma-7b-flap20-gen-dir-en-de,alma-7b-flap20-gen-dir-en-de__alma10-greedy-300__85b7767ee2ff,flap,gen,20,dir,en-de,en-de,False,,en-cs,False,False,300,0.799853,18.9097,41.8241,-0.070451,-6.0208,-6.5607,-0.031139,0.0133,0.01,0.01,0.01,0,0.9952,0,0.0333,0.04,0.0133,0.0077,1.0573
alma-7b-flap20-gen-dir-en-de,alma-7b-flap20-gen-dir-en-de__alma10-greedy-300__85b7767ee2ff,flap,gen,20,dir,en-de,en-de,False,,en-de,False,True,300,0.83972,25.1086,51.3598,-0.013244,-2.8829,-3.3743,0.012871,0.0233,0,0,0,0,0.9679,0.0233,0,0.0267,0.0233,0.0126,0.9978
alma-7b-flap20-gen-dir-en-de,alma-7b-flap20-gen-dir-en-de__alma10-greedy-300__85b7767ee2ff,flap,gen,20,dir,en-de,en-de,False,,en-is,False,False,300,0.736473,16.8485,40.8147,-0.105366,-6.9021,-8.4637,-0.038565,0.0067,0.0067,0.01,0.01,0,0.9662,0.0033,0,0.0067,0.0067,0.0045,1.0236
alma-7b-flap20-gen-dir-en-de,alma-7b-flap20-gen-dir-en-de__alma10-greedy-300__85b7767ee2ff,flap,gen,20,dir,en-de,en-de,False,,en-ru,False,False,300,0.829395,20.5832,43.7507,-0.031686,-4.4228,-4.6648,-0.003773,0,0,0,0,0,0.9692,0,0.0067,0.07,0,0.0117,1.0106
alma-7b-flap20-gen-dir-en-de,alma-7b-flap20-gen-dir-en-de__alma10-greedy-300__85b7767ee2ff,flap,gen,20,dir,en-de,en-de,False,,en-zh,False,False,300,0.767873,23.6507,20.0001,-0.082862,-9.8517,-6.2339,-0.039024,0,0,0.0233,0.0233,0,0.9971,0,0.1967,0.0267,0,0.0126,0.9846
alma-7b-flap20-gen-dir-en-is,alma-7b-flap20-gen-dir-en-is__alma10-greedy-300__fc28fc37cd05,flap,gen,20,dir,en-is,en-is,False,,cs-en,True,False,300,0.84077,36.331,59.3162,-0.011663,-5.6543,-4.0183,0.001127,0.0033,0,0,0,0,0.9622,0,0,0.0067,0.0033,0.0061,0.9803
alma-7b-flap20-gen-dir-en-is,alma-7b-flap20-gen-dir-en-is__alma10-greedy-300__fc28fc37cd05,flap,gen,20,dir,en-is,en-is,False,,de-en,True,False,300,0.834121,28.2128,51.6313,-0.005089,-3.104,-2.1633,0.000397,0.0067,0,0,0,0,0.9223,0,0,0.01,0.0067,0.008,0.938
alma-7b-flap20-gen-dir-en-is,alma-7b-flap20-gen-dir-en-is__alma10-greedy-300__fc28fc37cd05,flap,gen,20,dir,en-is,en-is,False,,is-en,True,False,300,0.847954,34.2382,55.7968,-0.014709,-4.0111,-2.7001,-0.007946,0.0033,0,0,0,0,0.9422,0,0,0.0133,0.0033,0.0065,0.9683
alma-7b-flap20-gen-dir-en-is,alma-7b-flap20-gen-dir-en-is__alma10-greedy-300__fc28fc37cd05,flap,gen,20,dir,en-is,en-is,False,,ru-en,True,False,300,0.832477,34.4129,57.9276,-0.013946,-2.5241,-2.4831,0.00056,0,0,0,0,0,0.9736,0.0033,0.0067,0.0267,0,0.008,0.9896
alma-7b-flap20-gen-dir-en-is,alma-7b-flap20-gen-dir-en-is__alma10-greedy-300__fc28fc37cd05,flap,gen,20,dir,en-is,en-is,False,,zh-en,True,False,300,0.765261,16.8101,43.9265,-0.030874,-3.0319,-4.38,-0.009395,0,0.0033,0.0133,0.0133,0,0.9878,0,0.0133,0.0133,0,0.0051,1.0073
alma-7b-flap20-gen-dir-en-is,alma-7b-flap20-gen-dir-en-is__alma10-greedy-300__fc28fc37cd05,flap,gen,20,dir,en-is,en-is,False,,en-cs,False,False,300,0.799395,18.038,40.7265,-0.070909,-6.8925,-7.6583,-0.031597,0.0067,0,0.0067,0.0067,0,0.9745,0,0.0267,0.0167,0.0067,0.0073,0.9918
alma-7b-flap20-gen-dir-en-is,alma-7b-flap20-gen-dir-en-is__alma10-greedy-300__fc28fc37cd05,flap,gen,20,dir,en-is,en-is,False,,en-de,False,False,300,0.815278,22.2087,48.8571,-0.037686,-5.7828,-5.877,-0.011571,0.0233,0,0,0,0,0.97,0.02,0.0033,0.03,0.0233,0.014,0.9998
alma-7b-flap20-gen-dir-en-is,alma-7b-flap20-gen-dir-en-is__alma10-greedy-300__fc28fc37cd05,flap,gen,20,dir,en-is,en-is,False,,en-is,False,True,300,0.809432,20.319,45.496,-0.032407,-3.4316,-3.7824,0.034394,0,0,0,0,0,0.9433,0,0,0,0,0.0046,0.9748
alma-7b-flap20-gen-dir-en-is,alma-7b-flap20-gen-dir-en-is__alma10-greedy-300__fc28fc37cd05,flap,gen,20,dir,en-is,en-is,False,,en-ru,False,False,300,0.822018,19.1277,42.2681,-0.039063,-5.8783,-6.1474,-0.01115,0,0,0.0033,0.0033,0,0.9838,0,0.0167,0.0567,0,0.0104,1.0225
alma-7b-flap20-gen-dir-en-is,alma-7b-flap20-gen-dir-en-is__alma10-greedy-300__fc28fc37cd05,flap,gen,20,dir,en-is,en-is,False,,en-zh,False,False,300,0.78283,24.3806,21.6841,-0.067905,-9.1218,-4.5499,-0.024067,0,0,0.03,0.03,0,1.0806,0,0.1467,0.0267,0,0.0254,1.0172
alma-7b-flap20-gen-dir-en-ru,alma-7b-flap20-gen-dir-en-ru__alma10-greedy-300__30e4a94209f0,flap,gen,20,dir,en-ru,en-ru,False,,cs-en,True,False,300,0.845648,40.2624,61.4642,-0.006785,-1.7229,-1.8703,0.006005,0.0033,0,0,0,0,0.9772,0.0033,0,0.0067,0.0033,0.0046,0.9984
alma-7b-flap20-gen-dir-en-ru,alma-7b-flap20-gen-dir-en-ru__alma10-greedy-300__30e4a94209f0,flap,gen,20,dir,en-ru,en-ru,False,,de-en,True,False,300,0.832131,29.6039,52.5617,-0.007079,-1.7129,-1.2329,-0.001593,0.0033,0,0,0,0,0.944,0,0,0.01,0.0033,0.007,0.9671
alma-7b-flap20-gen-dir-en-ru,alma-7b-flap20-gen-dir-en-ru__alma10-greedy-300__30e4a94209f0,flap,gen,20,dir,en-ru,en-ru,False,,is-en,True,False,300,0.854657,36.2702,57.6641,-0.008006,-1.9791,-0.8328,-0.001243,0.0033,0,0,0,0,0.9619,0,0,0.0067,0.0033,0.0066,0.9932
alma-7b-flap20-gen-dir-en-ru,alma-7b-flap20-gen-dir-en-ru__alma10-greedy-300__30e4a94209f0,flap,gen,20,dir,en-ru,en-ru,False,,ru-en,True,False,300,0.831661,34.6677,58.1187,-0.014762,-2.2693,-2.292,-0.000256,0,0,0,0,0,0.9866,0.0033,0.0067,0.0233,0,0.008,1.0072
alma-7b-flap20-gen-dir-en-ru,alma-7b-flap20-gen-dir-en-ru__alma10-greedy-300__30e4a94209f0,flap,gen,20,dir,en-ru,en-ru,False,,zh-en,True,False,300,0.773143,17.4292,45.4824,-0.022992,-2.4128,-2.8241,-0.001513,0,0.0033,0.0067,0.0067,0,0.9667,0,0.0133,0.0033,0,0.0045,1.0125
alma-7b-flap20-gen-dir-en-ru,alma-7b-flap20-gen-dir-en-ru__alma10-greedy-300__30e4a94209f0,flap,gen,20,dir,en-ru,en-ru,False,,en-cs,False,False,300,0.831367,21.4749,43.9637,-0.038937,-3.4556,-4.4211,0.000375,0.0133,0,0,0,0,0.9611,0,0.0367,0.0267,0.0133,0.0068,0.9849
alma-7b-flap20-gen-dir-en-ru,alma-7b-flap20-gen-dir-en-ru__alma10-greedy-300__30e4a94209f0,flap,gen,20,dir,en-ru,en-ru,False,,en-de,False,False,300,0.821118,24.0457,50.5013,-0.031846,-3.9458,-4.2328,-0.005731,0.0167,0,0,0,0,0.976,0.0167,0,0.0233,0.0167,0.014,1.0087
alma-7b-flap20-gen-dir-en-ru,alma-7b-flap20-gen-dir-en-ru__alma10-greedy-300__30e4a94209f0,flap,gen,20,dir,en-ru,en-ru,False,,en-is,False,False,300,0.743942,16.1339,40.808,-0.097897,-7.6167,-8.4704,-0.031096,0.0033,0.0067,0.0133,0.0133,0,0.9664,0,0.0033,0.01,0.0033,0.0045,1.0157
alma-7b-flap20-gen-dir-en-ru,alma-7b-flap20-gen-dir-en-ru__alma10-greedy-300__30e4a94209f0,flap,gen,20,dir,en-ru,en-ru,False,,en-ru,False,True,300,0.847941,22.4145,45.2818,-0.01314,-2.5915,-3.1337,0.014773,0,0,0,0,0,0.9821,0,0.0067,0.0567,0,0.0113,1.0227
alma-7b-flap20-gen-dir-en-ru,alma-7b-flap20-gen-dir-en-ru__alma10-greedy-300__30e4a94209f0,flap,gen,20,dir,en-ru,en-ru,False,,en-zh,False,False,300,0.797434,26.8746,21.766,-0.053301,-6.6278,-4.468,-0.009463,0,0,0.0167,0.0167,0,1.0247,0,0.1667,0.02,0,0.0195,0.9933
alma-7b-flap20-gen-dir-en-zh,alma-7b-flap20-gen-dir-en-zh__alma10-greedy-300__43e2fd282d35,flap,gen,20,dir,en-zh,en-zh,False,,cs-en,True,False,300,0.839112,38.2698,60.3156,-0.013321,-3.7155,-3.0189,-0.000531,0.0033,0,0,0,0,0.9763,0,0,0.0033,0.0033,0.0047,0.9976
alma-7b-flap20-gen-dir-en-zh,alma-7b-flap20-gen-dir-en-zh__alma10-greedy-300__43e2fd282d35,flap,gen,20,dir,en-zh,en-zh,False,,de-en,True,False,300,0.836869,29.6646,52.8268,-0.002341,-1.6522,-0.9678,0.003145,0.0033,0,0,0,0,0.9376,0,0.0033,0.01,0.0033,0.0081,0.9601
alma-7b-flap20-gen-dir-en-zh,alma-7b-flap20-gen-dir-en-zh__alma10-greedy-300__43e2fd282d35,flap,gen,20,dir,en-zh,en-zh,False,,is-en,True,False,300,0.853758,37.0243,57.6368,-0.008905,-1.225,-0.8601,-0.002142,0,0,0,0,0,0.9595,0,0,0.01,0,0.0064,0.9928
alma-7b-flap20-gen-dir-en-zh,alma-7b-flap20-gen-dir-en-zh__alma10-greedy-300__43e2fd282d35,flap,gen,20,dir,en-zh,en-zh,False,,ru-en,True,False,300,0.830053,35.0997,58.0172,-0.01637,-1.8373,-2.3935,-0.001864,0,0,0,0,0,0.9887,0.0033,0.01,0.02,0,0.0076,1.0057
alma-7b-flap20-gen-dir-en-zh,alma-7b-flap20-gen-dir-en-zh__alma10-greedy-300__43e2fd282d35,flap,gen,20,dir,en-zh,en-zh,False,,zh-en,True,False,300,0.781457,17.3836,45.6925,-0.014678,-2.4584,-2.614,0.006801,0,0,0.0033,0.0033,0,0.9339,0,0.0133,0.0067,0,0.0053,0.9738
alma-7b-flap20-gen-dir-en-zh,alma-7b-flap20-gen-dir-en-zh__alma10-greedy-300__43e2fd282d35,flap,gen,20,dir,en-zh,en-zh,False,,en-cs,False,False,300,0.788978,17.0213,40.0045,-0.081326,-7.9092,-8.3803,-0.042014,0.0067,0.0033,0,0,0,0.959,0,0.0267,0.0333,0.0067,0.0067,0.9869
alma-7b-flap20-gen-dir-en-zh,alma-7b-flap20-gen-dir-en-zh__alma10-greedy-300__43e2fd282d35,flap,gen,20,dir,en-zh,en-zh,False,,en-de,False,False,300,0.806057,21.832,49.0581,-0.046907,-6.1595,-5.676,-0.020792,0.0167,0,0,0,0,0.9686,0.01,0.0033,0.0167,0.0167,0.0135,1.0046
alma-7b-flap20-gen-dir-en-zh,alma-7b-flap20-gen-dir-en-zh__alma10-greedy-300__43e2fd282d35,flap,gen,20,dir,en-zh,en-zh,False,,en-is,False,False,300,0.693596,12.0585,37.2825,-0.148243,-11.6921,-11.9959,-0.081442,0.0067,0.0067,0.0233,0.0233,0,0.979,0.0033,0,0.01,0.0067,0.0048,1.0585
alma-7b-flap20-gen-dir-en-zh,alma-7b-flap20-gen-dir-en-zh__alma10-greedy-300__43e2fd282d35,flap,gen,20,dir,en-zh,en-zh,False,,en-ru,False,False,300,0.829527,20.9289,44.5059,-0.031554,-4.0771,-3.9096,-0.003641,0,0,0,0,0,0.98,0,0.0067,0.07,0,0.0105,1.0213
alma-7b-flap20-gen-dir-en-zh,alma-7b-flap20-gen-dir-en-zh__alma10-greedy-300__43e2fd282d35,flap,gen,20,dir,en-zh,en-zh,False,,en-zh,False,True,300,0.828691,30.0734,26.4411,-0.022044,-3.429,0.2071,0.021794,0,0,0,0,0,0.9882,0,0.1867,0.0367,0,0.0001,1.0055
alma-7b-slimgpt30-ref-dir-cs-en,alma-7b-slimgpt30-ref-dir-cs-en__alma10-greedy-300__2c67dd42e6c9,slimgpt,ref,30,dir,cs-en,cs-en,False,,cs-en,True,True,300,0.839505,35.7187,58.2303,-0.012928,-6.2666,-5.1042,0.002833,0.0033,0,0,0,0,0.9623,0.0033,0,0.0033,0.0033,0.0043,0.9749
alma-7b-slimgpt30-ref-dir-cs-en,alma-7b-slimgpt30-ref-dir-cs-en__alma10-greedy-300__2c67dd42e6c9,slimgpt,ref,30,dir,cs-en,cs-en,False,,de-en,True,False,300,0.827392,26.9237,50.8689,-0.011818,-4.3931,-2.9257,0.003736,0.0067,0,0,0,0,0.9297,0,0,0.01,0.0067,0.0062,0.9404
alma-7b-slimgpt30-ref-dir-cs-en,alma-7b-slimgpt30-ref-dir-cs-en__alma10-greedy-300__2c67dd42e6c9,slimgpt,ref,30,dir,cs-en,cs-en,False,,is-en,True,False,300,0.847473,33.727,55.3095,-0.01519,-4.5223,-3.1874,-0.002906,0.0067,0,0,0,0,0.9353,0,0,0.0133,0.0067,0.0062,0.9656
alma-7b-slimgpt30-ref-dir-cs-en,alma-7b-slimgpt30-ref-dir-cs-en__alma10-greedy-300__2c67dd42e6c9,slimgpt,ref,30,dir,cs-en,cs-en,False,,ru-en,True,False,300,0.824289,33.4879,57.2953,-0.022134,-3.4491,-3.1154,-0.005081,0,0,0,0,0,0.9794,0.0033,0.01,0.0267,0,0.0073,0.9884
alma-7b-slimgpt30-ref-dir-cs-en,alma-7b-slimgpt30-ref-dir-cs-en__alma10-greedy-300__2c67dd42e6c9,slimgpt,ref,30,dir,cs-en,cs-en,False,,zh-en,True,False,300,0.772192,14.721,42.1274,-0.023943,-5.121,-6.1791,-0.004541,0,0,0,0,0,0.9218,0,0.0033,0.0067,0,0.0044,0.9541
alma-7b-slimgpt30-ref-dir-cs-en,alma-7b-slimgpt30-ref-dir-cs-en__alma10-greedy-300__2c67dd42e6c9,slimgpt,ref,30,dir,cs-en,cs-en,False,,en-cs,False,False,300,0.836685,19.8721,43.5074,-0.033619,-5.0584,-4.8774,-0.005094,0.0033,0,0,0,0,0.9286,0,0.0267,0.0167,0.0033,0.0061,0.9595
alma-7b-slimgpt30-ref-dir-cs-en,alma-7b-slimgpt30-ref-dir-cs-en__alma10-greedy-300__2c67dd42e6c9,slimgpt,ref,30,dir,cs-en,cs-en,False,,en-de,False,False,300,0.785498,17.6797,45.574,-0.067466,-10.3118,-9.1601,-0.039156,0.0333,0,0,0,0,0.987,0.02,0,0.0333,0.0333,0.0129,1.0092
alma-7b-slimgpt30-ref-dir-cs-en,alma-7b-slimgpt30-ref-dir-cs-en__alma10-greedy-300__2c67dd42e6c9,slimgpt,ref,30,dir,cs-en,cs-en,False,,en-is,False,False,300,0.680562,12.056,35.8439,-0.161277,-11.6946,-13.4345,-0.124216,0.0233,0.0033,0.0067,0.0067,0,0.9618,0.0067,0,0.0267,0.0233,0.0046,1.0208
alma-7b-slimgpt30-ref-dir-cs-en,alma-7b-slimgpt30-ref-dir-cs-en__alma10-greedy-300__2c67dd42e6c9,slimgpt,ref,30,dir,cs-en,cs-en,False,,en-ru,False,False,300,0.804762,17.8855,39.584,-0.056319,-7.1205,-8.8315,-0.018229,0.0167,0,0,0,0,0.9263,0.01,0.0067,0.06,0.0167,0.0143,0.9777
alma-7b-slimgpt30-ref-dir-cs-en,alma-7b-slimgpt30-ref-dir-cs-en__alma10-greedy-300__2c67dd42e6c9,slimgpt,ref,30,dir,cs-en,cs-en,False,,en-zh,False,False,300,0.566087,9.5972,9.7762,-0.284648,-23.9052,-16.4578,-0.241804,0,0,0.0833,0.0833,0,1.3442,0,0.31,0.0433,0,0.2616,0.5616
alma-7b-slimgpt30-ref-dir-de-en,alma-7b-slimgpt30-ref-dir-de-en__alma10-greedy-300__d0180df4fb0f,slimgpt,ref,30,dir,de-en,de-en,False,,cs-en,True,False,300,0.832935,36.6798,59.3699,-0.019498,-5.3055,-3.9646,-0.003737,0.0033,0,0,0,0,0.983,0.0033,0,0.0033,0.0033,0.005,1.0003
alma-7b-slimgpt30-ref-dir-de-en,alma-7b-slimgpt30-ref-dir-de-en__alma10-greedy-300__d0180df4fb0f,slimgpt,ref,30,dir,de-en,de-en,False,,de-en,True,True,300,0.82649,27.475,51.1037,-0.01272,-3.8418,-2.6909,0.002834,0.0067,0,0,0,0,0.9277,0,0.0033,0.01,0.0067,0.007,0.9386
alma-7b-slimgpt30-ref-dir-de-en,alma-7b-slimgpt30-ref-dir-de-en__alma10-greedy-300__d0180df4fb0f,slimgpt,ref,30,dir,de-en,de-en,False,,is-en,True,False,300,0.851872,34.4191,56.0066,-0.010791,-3.8302,-2.4903,0.001493,0.0033,0,0,0,0,0.9731,0,0,0.0133,0.0033,0.006,1.0013
alma-7b-slimgpt30-ref-dir-de-en,alma-7b-slimgpt30-ref-dir-de-en__alma10-greedy-300__d0180df4fb0f,slimgpt,ref,30,dir,de-en,de-en,False,,ru-en,True,False,300,0.82475,32.8782,57.3924,-0.021673,-4.0588,-3.0183,-0.00462,0,0,0,0,0,0.9865,0.0033,0.0067,0.0133,0,0.0079,0.9985
alma-7b-slimgpt30-ref-dir-de-en,alma-7b-slimgpt30-ref-dir-de-en__alma10-greedy-300__d0180df4fb0f,slimgpt,ref,30,dir,de-en,de-en,False,,zh-en,True,False,300,0.771389,15.9107,43.4619,-0.024746,-3.9313,-4.8446,-0.005344,0,0,0,0,0,0.9049,0,0.01,0.0067,0,0.0041,0.9372
alma-7b-slimgpt30-ref-dir-de-en,alma-7b-slimgpt30-ref-dir-de-en__alma10-greedy-300__d0180df4fb0f,slimgpt,ref,30,dir,de-en,de-en,False,,en-cs,False,False,300,0.75424,13.8795,37.8025,-0.116064,-11.051,-10.5823,-0.087539,0.0067,0,0,0,0,0.9485,0,0.02,0.0267,0.0067,0.0068,0.9825
alma-7b-slimgpt30-ref-dir-de-en,alma-7b-slimgpt30-ref-dir-de-en__alma10-greedy-300__d0180df4fb0f,slimgpt,ref,30,dir,de-en,de-en,False,,en-de,False,False,300,0.826886,24.1891,50.8807,-0.026078,-3.8024,-3.8534,0.002232,0.0267,0,0,0,0,0.9622,0.0267,0,0.03,0.0267,0.0128,0.9894
alma-7b-slimgpt30-ref-dir-de-en,alma-7b-slimgpt30-ref-dir-de-en__alma10-greedy-300__d0180df4fb0f,slimgpt,ref,30,dir,de-en,de-en,False,,en-is,False,False,300,0.666423,11.4032,34.1466,-0.175416,-12.3474,-15.1318,-0.138355,0.0533,0.0067,0.01,0.01,0,0.9293,0.0167,0,0.06,0.0533,0.005,0.9996
alma-7b-slimgpt30-ref-dir-de-en,alma-7b-slimgpt30-ref-dir-de-en__alma10-greedy-300__d0180df4fb0f,slimgpt,ref,30,dir,de-en,de-en,False,,en-ru,False,False,300,0.774723,17.2607,37.7608,-0.086358,-7.7453,-10.6547,-0.048268,0.0433,0,0,0,0,0.928,0.03,0.01,0.0967,0.0433,0.0128,1.0098
alma-7b-slimgpt30-ref-dir-de-en,alma-7b-slimgpt30-ref-dir-de-en__alma10-greedy-300__d0180df4fb0f,slimgpt,ref,30,dir,de-en,de-en,False,,en-zh,False,False,300,0.530791,5.9136,8.021,-0.319944,-27.5888,-18.213,-0.2771,0.0133,0,0.0733,0.0733,0,1.1619,0.0033,0.37,0.0967,0.0133,0.2614,0.4635
alma-7b-slimgpt30-ref-dir-is-en,alma-7b-slimgpt30-ref-dir-is-en__alma10-greedy-300__941793841741,slimgpt,ref,30,dir,is-en,is-en,False,,cs-en,True,False,300,0.8298,33.8882,57.1071,-0.022633,-8.0971,-6.2274,-0.006872,0.0033,0,0,0,0,0.958,0,0,0.01,0.0033,0.0053,0.9705
alma-7b-slimgpt30-ref-dir-is-en,alma-7b-slimgpt30-ref-dir-is-en__alma10-greedy-300__941793841741,slimgpt,ref,30,dir,is-en,is-en,False,,de-en,True,False,300,0.826805,25.105,49.4538,-0.012405,-6.2118,-4.3408,0.003149,0.0033,0,0,0,0,0.9079,0,0,0.01,0.0033,0.0059,0.9214
alma-7b-slimgpt30-ref-dir-is-en,alma-7b-slimgpt30-ref-dir-is-en__alma10-greedy-300__941793841741,slimgpt,ref,30,dir,is-en,is-en,False,,is-en,True,True,300,0.84851,31.2098,54.0675,-0.014153,-7.0395,-4.4294,-0.001869,0.0033,0,0,0,0,0.9431,0,0,0.01,0.0033,0.0062,0.9607
alma-7b-slimgpt30-ref-dir-is-en,alma-7b-slimgpt30-ref-dir-is-en__alma10-greedy-300__941793841741,slimgpt,ref,30,dir,is-en,is-en,False,,ru-en,True,False,300,0.815347,29.8848,53.9528,-0.031076,-7.0522,-6.4579,-0.014023,0,0,0,0,0,0.9335,0.0033,0.0067,0.0167,0,0.0078,0.9463
alma-7b-slimgpt30-ref-dir-is-en,alma-7b-slimgpt30-ref-dir-is-en__alma10-greedy-300__941793841741,slimgpt,ref,30,dir,is-en,is-en,False,,zh-en,True,False,300,0.762481,14.0532,40.1162,-0.033654,-5.7888,-8.1903,-0.014252,0,0,0.0033,0.0033,0,0.8729,0,0.0033,0.0167,0,0.0052,0.8984
alma-7b-slimgpt30-ref-dir-is-en,alma-7b-slimgpt30-ref-dir-is-en__alma10-greedy-300__941793841741,slimgpt,ref,30,dir,is-en,is-en,False,,en-cs,False,False,300,0.749516,12.6933,35.9855,-0.120788,-12.2372,-12.3993,-0.092263,0.0067,0.0033,0.0033,0.0033,0,0.985,0,0.0167,0.0233,0.0067,0.0069,1.0222
alma-7b-slimgpt30-ref-dir-is-en,alma-7b-slimgpt30-ref-dir-is-en__alma10-greedy-300__941793841741,slimgpt,ref,30,dir,is-en,is-en,False,,en-de,False,False,300,0.780036,17.3512,44.9855,-0.072928,-10.6403,-9.7486,-0.044618,0.05,0.0033,0,0,0,0.9911,0.0233,0,0.0633,0.05,0.0127,1.0236
alma-7b-slimgpt30-ref-dir-is-en,alma-7b-slimgpt30-ref-dir-is-en__alma10-greedy-300__941793841741,slimgpt,ref,30,dir,is-en,is-en,False,,en-is,False,False,300,0.810219,18.7187,44.2559,-0.03162,-5.0319,-5.0225,0.005441,0.02,0,0,0,0,0.9169,0.01,0,0.02,0.02,0.004,0.9524
alma-7b-slimgpt30-ref-dir-is-en,alma-7b-slimgpt30-ref-dir-is-en__alma10-greedy-300__941793841741,slimgpt,ref,30,dir,is-en,is-en,False,,en-ru,False,False,300,0.773196,15.6464,36.6427,-0.087885,-9.3596,-11.7728,-0.049795,0.0367,0,0,0,0,0.9039,0.01,0.0067,0.0967,0.0367,0.0134,0.9558
alma-7b-slimgpt30-ref-dir-is-en,alma-7b-slimgpt30-ref-dir-is-en__alma10-greedy-300__941793841741,slimgpt,ref,30,dir,is-en,is-en,False,,en-zh,False,False,300,0.546253,7.1229,8.611,-0.304482,-26.3795,-17.623,-0.261638,0,0,0.08,0.08,0,1.2222,0,0.3867,0.05,0,0.2606,0.5278
alma-7b-slimgpt30-ref-dir-ru-en,alma-7b-slimgpt30-ref-dir-ru-en__alma10-greedy-300__9bd658a98fd5,slimgpt,ref,30,dir,ru-en,ru-en,False,,cs-en,True,False,300,0.837293,37.2308,59.1834,-0.01514,-4.7545,-4.1511,0.000621,0.0067,0,0,0,0,0.9749,0,0,0.0067,0.0067,0.0047,0.9902
alma-7b-slimgpt30-ref-dir-ru-en,alma-7b-slimgpt30-ref-dir-ru-en__alma10-greedy-300__9bd658a98fd5,slimgpt,ref,30,dir,ru-en,ru-en,False,,de-en,True,False,300,0.824568,25.8342,49.9509,-0.014642,-5.4826,-3.8437,0.000912,0.0033,0,0,0,0,0.9192,0,0,0.0067,0.0033,0.0062,0.9302
alma-7b-slimgpt30-ref-dir-ru-en,alma-7b-slimgpt30-ref-dir-ru-en__alma10-greedy-300__9bd658a98fd5,slimgpt,ref,30,dir,ru-en,ru-en,False,,is-en,True,False,300,0.841702,31.8576,54.0759,-0.020961,-6.3917,-4.421,-0.008677,0.01,0,0,0,0,0.9479,0,0.0033,0.02,0.01,0.0062,0.9685
alma-7b-slimgpt30-ref-dir-ru-en,alma-7b-slimgpt30-ref-dir-ru-en__alma10-greedy-300__9bd658a98fd5,slimgpt,ref,30,dir,ru-en,ru-en,False,,ru-en,True,True,300,0.829842,33.5943,57.8573,-0.016581,-3.3427,-2.5534,0.000472,0,0,0,0,0,0.9804,0.0033,0.0067,0.0133,0,0.0065,0.9906
alma-7b-slimgpt30-ref-dir-ru-en,alma-7b-slimgpt30-ref-dir-ru-en__alma10-greedy-300__9bd658a98fd5,slimgpt,ref,30,dir,ru-en,ru-en,False,,zh-en,True,False,300,0.772211,15.5811,42.2493,-0.023924,-4.2609,-6.0572,-0.004522,0,0,0,0,0,0.8786,0,0,0.0133,0,0.0047,0.9151
alma-7b-slimgpt30-ref-dir-ru-en,alma-7b-slimgpt30-ref-dir-ru-en__alma10-greedy-300__9bd658a98fd5,slimgpt,ref,30,dir,ru-en,ru-en,False,,en-cs,False,False,300,0.773458,13.4466,36.7586,-0.096846,-11.4839,-11.6262,-0.068321,0.01,0,0,0,0,0.9209,0,0.0167,0.0167,0.01,0.0088,0.9439
alma-7b-slimgpt30-ref-dir-ru-en,alma-7b-slimgpt30-ref-dir-ru-en__alma10-greedy-300__9bd658a98fd5,slimgpt,ref,30,dir,ru-en,ru-en,False,,en-de,False,False,300,0.762264,18.6947,45.7193,-0.0907,-9.2968,-9.0148,-0.06239,0.04,0,0,0,0,0.9883,0.03,0,0.0433,0.04,0.0127,1.0162
alma-7b-slimgpt30-ref-dir-ru-en,alma-7b-slimgpt30-ref-dir-ru-en__alma10-greedy-300__9bd658a98fd5,slimgpt,ref,30,dir,ru-en,ru-en,False,,en-is,False,False,300,0.622236,9.0507,31.9492,-0.219603,-14.6999,-17.3292,-0.182542,0.05,0.0033,0.0033,0.0033,0,0.904,0.02,0,0.0533,0.05,0.0046,0.976
alma-7b-slimgpt30-ref-dir-ru-en,alma-7b-slimgpt30-ref-dir-ru-en__alma10-greedy-300__9bd658a98fd5,slimgpt,ref,30,dir,ru-en,ru-en,False,,en-ru,False,False,300,0.834117,21.2626,44.2747,-0.026964,-3.7434,-4.1408,0.011126,0.0033,0,0,0,0,0.9467,0,0.0133,0.0667,0.0033,0.0108,0.9908
alma-7b-slimgpt30-ref-dir-ru-en,alma-7b-slimgpt30-ref-dir-ru-en__alma10-greedy-300__9bd658a98fd5,slimgpt,ref,30,dir,ru-en,ru-en,False,,en-zh,False,False,300,0.691072,18.489,15.2089,-0.159663,-15.0134,-11.0251,-0.116819,0.0033,0,0.01,0.01,0,0.9666,0,0.2067,0.05,0.0033,0.0618,0.7955
alma-7b-slimgpt30-ref-dir-zh-en,alma-7b-slimgpt30-ref-dir-zh-en__alma10-greedy-300__91d35cf50fe3,slimgpt,ref,30,dir,zh-en,zh-en,False,,cs-en,True,False,300,0.823661,33.6687,57.685,-0.028772,-8.3166,-5.6495,-0.013011,0.0033,0,0,0,0,0.9766,0,0,0.0033,0.0033,0.0046,0.9935
alma-7b-slimgpt30-ref-dir-zh-en,alma-7b-slimgpt30-ref-dir-zh-en__alma10-greedy-300__91d35cf50fe3,slimgpt,ref,30,dir,zh-en,zh-en,False,,de-en,True,False,300,0.826763,26.7483,50.8779,-0.012447,-4.5685,-2.9167,0.003107,0.0033,0,0,0,0,0.926,0,0.0033,0.0033,0.0033,0.0066,0.936
alma-7b-slimgpt30-ref-dir-zh-en,alma-7b-slimgpt30-ref-dir-zh-en__alma10-greedy-300__91d35cf50fe3,slimgpt,ref,30,dir,zh-en,zh-en,False,,is-en,True,False,300,0.837542,31.1938,53.4969,-0.025121,-7.0555,-5,-0.012837,0.0033,0,0,0,0,0.957,0,0,0.0133,0.0033,0.006,0.979
alma-7b-slimgpt30-ref-dir-zh-en,alma-7b-slimgpt30-ref-dir-zh-en__alma10-greedy-300__91d35cf50fe3,slimgpt,ref,30,dir,zh-en,zh-en,False,,ru-en,True,False,300,0.819064,31.532,56.2064,-0.027359,-5.405,-4.2043,-0.010306,0,0,0,0,0,0.9651,0.0033,0.01,0.0133,0,0.0067,0.9747
alma-7b-slimgpt30-ref-dir-zh-en,alma-7b-slimgpt30-ref-dir-zh-en__alma10-greedy-300__91d35cf50fe3,slimgpt,ref,30,dir,zh-en,zh-en,False,,zh-en,True,True,300,0.774611,18.184,45.8052,-0.021524,-1.658,-2.5013,-0.002122,0,0.0033,0.0033,0.0033,0,0.9044,0,0.0067,0.0067,0,0.0039,0.9479
alma-7b-slimgpt30-ref-dir-zh-en,alma-7b-slimgpt30-ref-dir-zh-en__alma10-greedy-300__91d35cf50fe3,slimgpt,ref,30,dir,zh-en,zh-en,False,,en-cs,False,False,300,0.644864,8.38,31.4709,-0.22544,-16.5505,-16.9139,-0.196915,0.06,0.0033,0.0133,0.0133,0,0.9642,0.02,0.0267,0.0633,0.06,0.0081,0.9888
alma-7b-slimgpt30-ref-dir-zh-en,alma-7b-slimgpt30-ref-dir-zh-en__alma10-greedy-300__91d35cf50fe3,slimgpt,ref,30,dir,zh-en,zh-en,False,,en-de,False,False,300,0.673728,9.9973,35.8996,-0.179236,-17.9942,-18.8345,-0.150926,0.2567,0.0033,0.01,0.01,0,1.0138,0.0833,0,0.26,0.2567,0.0102,1.1147
alma-7b-slimgpt30-ref-dir-zh-en,alma-7b-slimgpt30-ref-dir-zh-en__alma10-greedy-300__91d35cf50fe3,slimgpt,ref,30,dir,zh-en,zh-en,False,,en-is,False,False,300,0.51945,2.6457,19.0743,-0.322389,-21.1049,-30.2041,-0.285328,0.7067,0.0033,0.0267,0.0267,0,0.9935,0.2167,0.0067,0.7133,0.7067,0.0064,1.0769
alma-7b-slimgpt30-ref-dir-zh-en,alma-7b-slimgpt30-ref-dir-zh-en__alma10-greedy-300__91d35cf50fe3,slimgpt,ref,30,dir,zh-en,zh-en,False,,en-ru,False,False,300,0.730416,14.3235,38.7484,-0.130665,-10.6825,-9.6671,-0.092575,0.0333,0,0,0,0,0.9301,0.03,0.0133,0.1067,0.0333,0.0129,0.9763
alma-7b-slimgpt30-ref-dir-zh-en,alma-7b-slimgpt30-ref-dir-zh-en__alma10-greedy-300__91d35cf50fe3,slimgpt,ref,30,dir,zh-en,zh-en,False,,en-zh,False,False,300,0.807655,26.2612,23.2009,-0.04308,-7.2412,-3.0331,-0.000236,0,0,0.0133,0.0133,0,1.0043,0,0.18,0.03,0,0.0001,1.0032
alma-7b-slimgpt30-ref-dir-en-cs,alma-7b-slimgpt30-ref-dir-en-cs__alma10-greedy-300__c0a5ad21f273,slimgpt,ref,30,dir,en-cs,en-cs,False,,cs-en,True,False,300,0.839954,36.1997,59.3853,-0.012479,-5.7856,-3.9492,0.003282,0.0033,0,0,0,0,0.9832,0,0,0.0033,0.0033,0.0034,0.9932
alma-7b-slimgpt30-ref-dir-en-cs,alma-7b-slimgpt30-ref-dir-en-cs__alma10-greedy-300__c0a5ad21f273,slimgpt,ref,30,dir,en-cs,en-cs,False,,de-en,True,False,300,0.824533,26.7551,50.5308,-0.014677,-4.5617,-3.2638,0.000877,0.0033,0,0,0,0,0.9257,0,0.0033,0.0033,0.0033,0.0051,0.9391
alma-7b-slimgpt30-ref-dir-en-cs,alma-7b-slimgpt30-ref-dir-en-cs__alma10-greedy-300__c0a5ad21f273,slimgpt,ref,30,dir,en-cs,en-cs,False,,is-en,True,False,300,0.845367,33.0786,54.8647,-0.017296,-5.1707,-3.6322,-0.005012,0.0067,0,0,0,0,0.9486,0,0,0.0233,0.0067,0.0053,0.9699
alma-7b-slimgpt30-ref-dir-en-cs,alma-7b-slimgpt30-ref-dir-en-cs__alma10-greedy-300__c0a5ad21f273,slimgpt,ref,30,dir,en-cs,en-cs,False,,ru-en,True,False,300,0.822784,32.8208,57.4388,-0.023639,-4.1162,-2.9719,-0.006586,0,0,0,0,0,0.9957,0.0033,0.0067,0.0233,0,0.0062,0.9983
alma-7b-slimgpt30-ref-dir-en-cs,alma-7b-slimgpt30-ref-dir-en-cs__alma10-greedy-300__c0a5ad21f273,slimgpt,ref,30,dir,en-cs,en-cs,False,,zh-en,True,False,300,0.767226,15.0237,42.2408,-0.028909,-4.8183,-6.0657,-0.009507,0,0.0067,0.0067,0.0067,0,0.9569,0,0.0067,0.0067,0,0.0035,1.0035
alma-7b-slimgpt30-ref-dir-en-cs,alma-7b-slimgpt30-ref-dir-en-cs__alma10-greedy-300__c0a5ad21f273,slimgpt,ref,30,dir,en-cs,en-cs,False,,en-cs,False,True,300,0.855251,22.3017,45.3575,-0.015053,-2.6288,-3.0273,0.013472,0.01,0,0,0,0,0.9407,0.0033,0.02,0.0333,0.01,0.0062,0.9687
alma-7b-slimgpt30-ref-dir-en-cs,alma-7b-slimgpt30-ref-dir-en-cs__alma10-greedy-300__c0a5ad21f273,slimgpt,ref,30,dir,en-cs,en-cs,False,,en-de,False,False,300,0.801809,19.9175,47.2879,-0.051155,-8.074,-7.4462,-0.022845,0.0167,0,0,0,0,0.9803,0.0133,0,0.0167,0.0167,0.014,0.9961
alma-7b-slimgpt30-ref-dir-en-cs,alma-7b-slimgpt30-ref-dir-en-cs__alma10-greedy-300__c0a5ad21f273,slimgpt,ref,30,dir,en-cs,en-cs,False,,en-is,False,False,300,0.70646,13.7737,37.453,-0.135379,-9.9769,-11.8254,-0.098318,0.0067,0,0.0067,0.0067,0,0.9631,0,0,0.0067,0.0067,0.0043,0.9975
alma-7b-slimgpt30-ref-dir-en-cs,alma-7b-slimgpt30-ref-dir-en-cs__alma10-greedy-300__c0a5ad21f273,slimgpt,ref,30,dir,en-cs,en-cs,False,,en-ru,False,False,300,0.811837,18.2181,40.8259,-0.049244,-6.7879,-7.5896,-0.011154,0.0033,0,0.0033,0.0033,0,0.9745,0.0033,0.0033,0.05,0.0033,0.0109,0.9914
alma-7b-slimgpt30-ref-dir-en-cs,alma-7b-slimgpt30-ref-dir-en-cs__alma10-greedy-300__c0a5ad21f273,slimgpt,ref,30,dir,en-cs,en-cs,False,,en-zh,False,False,300,0.570086,10.0494,10.4305,-0.280649,-23.453,-15.8035,-0.237805,0.0067,0,0.0767,0.0767,0,1.2341,0.0033,0.2933,0.0667,0.0067,0.2372,0.5432
alma-7b-slimgpt30-ref-dir-en-de,alma-7b-slimgpt30-ref-dir-en-de__alma10-greedy-300__eb0f586ab57c,slimgpt,ref,30,dir,en-de,en-de,False,,cs-en,True,False,300,0.836307,37.183,59.8594,-0.016126,-4.8023,-3.4751,-0.000365,0.0033,0,0,0,0,0.9781,0.0033,0,0.0033,0.0033,0.0057,0.9918
alma-7b-slimgpt30-ref-dir-en-de,alma-7b-slimgpt30-ref-dir-en-de__alma10-greedy-300__eb0f586ab57c,slimgpt,ref,30,dir,en-de,en-de,False,,de-en,True,False,300,0.828534,28.0351,51.2394,-0.010676,-3.2817,-2.5552,0.004878,0.0033,0,0,0,0,0.9269,0,0,0.0033,0.0033,0.0063,0.9331
alma-7b-slimgpt30-ref-dir-en-de,alma-7b-slimgpt30-ref-dir-en-de__alma10-greedy-300__eb0f586ab57c,slimgpt,ref,30,dir,en-de,en-de,False,,is-en,True,False,300,0.85003,33.4479,55.1139,-0.012633,-4.8014,-3.383,-0.000349,0.0067,0,0,0,0,0.9686,0,0,0.0133,0.0067,0.0063,0.9893
alma-7b-slimgpt30-ref-dir-en-de,alma-7b-slimgpt30-ref-dir-en-de__alma10-greedy-300__eb0f586ab57c,slimgpt,ref,30,dir,en-de,en-de,False,,ru-en,True,False,300,0.824225,33.619,57.9575,-0.022198,-3.318,-2.4532,-0.005145,0,0.0033,0.0033,0.0033,0,1.0133,0.0033,0.0067,0.0333,0,0.0083,1.0272
alma-7b-slimgpt30-ref-dir-en-de,alma-7b-slimgpt30-ref-dir-en-de__alma10-greedy-300__eb0f586ab57c,slimgpt,ref,30,dir,en-de,en-de,False,,zh-en,True,False,300,0.765289,15.4171,42.96,-0.030846,-4.4249,-5.3465,-0.011444,0,0,0.0033,0.0033,0,0.9348,0,0.0067,0.0133,0,0.0041,0.9615
alma-7b-slimgpt30-ref-dir-en-de,alma-7b-slimgpt30-ref-dir-en-de__alma10-greedy-300__eb0f586ab57c,slimgpt,ref,30,dir,en-de,en-de,False,,en-cs,False,False,300,0.771662,15.2802,38.5609,-0.098642,-9.6503,-9.8239,-0.070117,0.01,0.0033,0.0067,0.0067,0,1.0027,0.0067,0.02,0.03,0.01,0.0069,1.0194
alma-7b-slimgpt30-ref-dir-en-de,alma-7b-slimgpt30-ref-dir-en-de__alma10-greedy-300__eb0f586ab57c,slimgpt,ref,30,dir,en-de,en-de,False,,en-de,False,True,300,0.834018,24.9741,51.5455,-0.018946,-3.0174,-3.1886,0.009364,0.02,0,0,0,0,0.9771,0.02,0,0.02,0.02,0.0124,0.9959
alma-7b-slimgpt30-ref-dir-en-de,alma-7b-slimgpt30-ref-dir-en-de__alma10-greedy-300__eb0f586ab57c,slimgpt,ref,30,dir,en-de,en-de,False,,en-is,False,False,300,0.687169,13.472,37.5538,-0.15467,-10.2786,-11.7246,-0.117609,0.0133,0,0,0,0,0.9456,0.0033,0,0.0167,0.0133,0.0049,0.9851
alma-7b-slimgpt30-ref-dir-en-de,alma-7b-slimgpt30-ref-dir-en-de__alma10-greedy-300__eb0f586ab57c,slimgpt,ref,30,dir,en-de,en-de,False,,en-ru,False,False,300,0.790549,17.5421,39.6036,-0.070532,-7.4639,-8.8119,-0.032442,0.0167,0,0,0,0,0.9526,0.0167,0.01,0.1033,0.0167,0.0124,1.0133
alma-7b-slimgpt30-ref-dir-en-de,alma-7b-slimgpt30-ref-dir-en-de__alma10-greedy-300__eb0f586ab57c,slimgpt,ref,30,dir,en-de,en-de,False,,en-zh,False,False,300,0.547307,7.9614,7.8683,-0.303428,-25.541,-18.3657,-0.260584,0.0033,0,0.16,0.16,0,1.8106,0,0.3467,0.0767,0.0033,0.3114,0.5274
alma-7b-slimgpt30-ref-dir-en-is,alma-7b-slimgpt30-ref-dir-en-is__alma10-greedy-300__c380bd0a37e4,slimgpt,ref,30,dir,en-is,en-is,False,,cs-en,True,False,300,0.835422,34.2429,58.1013,-0.017011,-7.7424,-5.2332,-0.00125,0.0033,0,0,0,0,0.9786,0.0033,0,0.0033,0.0033,0.0044,0.9836
alma-7b-slimgpt30-ref-dir-en-is,alma-7b-slimgpt30-ref-dir-en-is__alma10-greedy-300__c380bd0a37e4,slimgpt,ref,30,dir,en-is,en-is,False,,de-en,True,False,300,0.828214,26.8157,50.3442,-0.010996,-4.5011,-3.4504,0.004558,0.0033,0,0,0,0,0.9341,0,0,0.0067,0.0033,0.0062,0.9389
alma-7b-slimgpt30-ref-dir-en-is,alma-7b-slimgpt30-ref-dir-en-is__alma10-greedy-300__c380bd0a37e4,slimgpt,ref,30,dir,en-is,en-is,False,,is-en,True,False,300,0.848878,32.4664,54.8152,-0.013785,-5.7829,-3.6817,-0.001501,0.0033,0,0,0,0,0.9497,0,0,0.01,0.0033,0.0054,0.961
alma-7b-slimgpt30-ref-dir-en-is,alma-7b-slimgpt30-ref-dir-en-is__alma10-greedy-300__c380bd0a37e4,slimgpt,ref,30,dir,en-is,en-is,False,,ru-en,True,False,300,0.820623,32.3376,56.4902,-0.0258,-4.5994,-3.9205,-0.008747,0,0,0,0,0,0.9636,0.0033,0.0067,0.02,0,0.0077,0.9701
alma-7b-slimgpt30-ref-dir-en-is,alma-7b-slimgpt30-ref-dir-en-is__alma10-greedy-300__c380bd0a37e4,slimgpt,ref,30,dir,en-is,en-is,False,,zh-en,True,False,300,0.763083,14.5993,41.5006,-0.033052,-5.2427,-6.8059,-0.01365,0,0.0067,0.0067,0.0067,0,0.9367,0,0,0.0067,0,0.0041,0.9715
alma-7b-slimgpt30-ref-dir-en-is,alma-7b-slimgpt30-ref-dir-en-is__alma10-greedy-300__c380bd0a37e4,slimgpt,ref,30,dir,en-is,en-is,False,,en-cs,False,False,300,0.770784,14.8863,38.6282,-0.09952,-10.0442,-9.7566,-0.070995,0.01,0.0067,0.0067,0.0067,0,1.0064,0.0033,0.02,0.0233,0.01,0.0076,1.0142
alma-7b-slimgpt30-ref-dir-en-is,alma-7b-slimgpt30-ref-dir-en-is__alma10-greedy-300__c380bd0a37e4,slimgpt,ref,30,dir,en-is,en-is,False,,en-de,False,False,300,0.806329,20.1142,47.7947,-0.046635,-7.8773,-6.9394,-0.018325,0.0233,0,0,0,0,1.0019,0.02,0,0.0367,0.0233,0.0126,1.0188
alma-7b-slimgpt30-ref-dir-en-is,alma-7b-slimgpt30-ref-dir-en-is__alma10-greedy-300__c380bd0a37e4,slimgpt,ref,30,dir,en-is,en-is,False,,en-is,False,True,300,0.81855,20.5524,45.7833,-0.023289,-3.1982,-3.4951,0.013772,0,0,0.0033,0.0033,0,0.9591,0,0,0,0,0.0042,0.9833
alma-7b-slimgpt30-ref-dir-en-is,alma-7b-slimgpt30-ref-dir-en-is__alma10-greedy-300__c380bd0a37e4,slimgpt,ref,30,dir,en-is,en-is,False,,en-ru,False,False,300,0.785976,16.8435,39.1652,-0.075105,-8.1625,-9.2503,-0.037015,0,0,0,0,0,0.9239,0,0.0233,0.0567,0,0.0118,0.9654
alma-7b-slimgpt30-ref-dir-en-is,alma-7b-slimgpt30-ref-dir-en-is__alma10-greedy-300__c380bd0a37e4,slimgpt,ref,30,dir,en-is,en-is,False,,en-zh,False,False,300,0.552739,7.3718,7.8833,-0.297996,-26.1306,-18.3507,-0.255152,0,0,0.0967,0.0967,0,1.3014,0,0.3067,0.06,0,0.2849,0.5174
alma-7b-slimgpt30-ref-dir-en-ru,alma-7b-slimgpt30-ref-dir-en-ru__alma10-greedy-300__80aba5895162,slimgpt,ref,30,dir,en-ru,en-ru,False,,cs-en,True,False,300,0.836623,35.8407,58.9301,-0.01581,-6.1446,-4.4044,-4.9e-05,0.0033,0,0,0,0,0.9821,0,0.0033,0.0033,0.0033,0.0057,0.9962
alma-7b-slimgpt30-ref-dir-en-ru,alma-7b-slimgpt30-ref-dir-en-ru__alma10-greedy-300__80aba5895162,slimgpt,ref,30,dir,en-ru,en-ru,False,,de-en,True,False,300,0.825402,28.028,51.6044,-0.013808,-3.2888,-2.1902,0.001746,0.0033,0,0,0,0,0.9429,0,0.0033,0.0067,0.0033,0.007,0.9567
alma-7b-slimgpt30-ref-dir-en-ru,alma-7b-slimgpt30-ref-dir-en-ru__alma10-greedy-300__80aba5895162,slimgpt,ref,30,dir,en-ru,en-ru,False,,is-en,True,False,300,0.843696,31.9972,54.3252,-0.018967,-6.2521,-4.1717,-0.006683,0.0067,0.0033,0.0033,0.0033,0,0.9713,0,0,0.02,0.0067,0.006,1.0169
alma-7b-slimgpt30-ref-dir-en-ru,alma-7b-slimgpt30-ref-dir-en-ru__alma10-greedy-300__80aba5895162,slimgpt,ref,30,dir,en-ru,en-ru,False,,ru-en,True,False,300,0.82552,34.0517,57.9572,-0.020903,-2.8853,-2.4535,-0.00385,0,0,0,0,0,0.9858,0.0033,0.0067,0.0267,0,0.0071,0.9988
alma-7b-slimgpt30-ref-dir-en-ru,alma-7b-slimgpt30-ref-dir-en-ru__alma10-greedy-300__80aba5895162,slimgpt,ref,30,dir,en-ru,en-ru,False,,zh-en,True,False,300,0.769165,16.2003,43.4502,-0.02697,-3.6417,-4.8563,-0.007568,0,0,0,0,0,0.9103,0,0.0067,0.0033,0,0.0042,0.9443
alma-7b-slimgpt30-ref-dir-en-ru,alma-7b-slimgpt30-ref-dir-en-ru__alma10-greedy-300__80aba5895162,slimgpt,ref,30,dir,en-ru,en-ru,False,,en-cs,False,False,300,0.795239,16.2728,39.3662,-0.075065,-8.6577,-9.0186,-0.04654,0,0,0,0,0,0.9565,0,0.0267,0.0133,0,0.0077,0.9739
alma-7b-slimgpt30-ref-dir-en-ru,alma-7b-slimgpt30-ref-dir-en-ru__alma10-greedy-300__80aba5895162,slimgpt,ref,30,dir,en-ru,en-ru,False,,en-de,False,False,300,0.784323,20.6787,48.2128,-0.068641,-7.3128,-6.5213,-0.040331,0.02,0,0,0,0,1.0092,0.0133,0,0.02,0.02,0.014,1.0303
alma-7b-slimgpt30-ref-dir-en-ru,alma-7b-slimgpt30-ref-dir-en-ru__alma10-greedy-300__80aba5895162,slimgpt,ref,30,dir,en-ru,en-ru,False,,en-is,False,False,300,0.61835,9.974,32.1549,-0.223489,-13.7766,-17.1235,-0.186428,0.04,0.0067,0.04,0.04,0,1.0248,0.0033,0,0.0533,0.04,0.0042,1.0582
alma-7b-slimgpt30-ref-dir-en-ru,alma-7b-slimgpt30-ref-dir-en-ru__alma10-greedy-300__80aba5895162,slimgpt,ref,30,dir,en-ru,en-ru,False,,en-ru,False,True,300,0.830302,21.1809,44.6014,-0.030779,-3.8251,-3.8141,0.007311,0,0,0,0,0,0.9756,0,0.0167,0.0467,0,0.0114,1.0068
alma-7b-slimgpt30-ref-dir-en-ru,alma-7b-slimgpt30-ref-dir-en-ru__alma10-greedy-300__80aba5895162,slimgpt,ref,30,dir,en-ru,en-ru,False,,en-zh,False,False,300,0.705265,20.1758,15.2029,-0.14547,-13.3266,-11.0311,-0.102626,0,0,0.0433,0.0433,0,1.1829,0,0.2033,0.0367,0,0.1195,0.8315
alma-7b-slimgpt30-ref-dir-en-zh,alma-7b-slimgpt30-ref-dir-en-zh__alma10-greedy-300__0b9ed21da4d1,slimgpt,ref,30,dir,en-zh,en-zh,False,,cs-en,True,False,300,0.8214,33.4373,57.0158,-0.031033,-8.548,-6.3187,-0.015272,0.0033,0,0,0,0,0.9794,0,0,0.0033,0.0033,0.0054,0.9957
alma-7b-slimgpt30-ref-dir-en-zh,alma-7b-slimgpt30-ref-dir-en-zh__alma10-greedy-300__0b9ed21da4d1,slimgpt,ref,30,dir,en-zh,en-zh,False,,de-en,True,False,300,0.826365,26.5538,50.8377,-0.012845,-4.763,-2.9569,0.002709,0.0033,0,0,0,0,0.9317,0,0.0033,0.0033,0.0033,0.0068,0.942
alma-7b-slimgpt30-ref-dir-en-zh,alma-7b-slimgpt30-ref-dir-en-zh__alma10-greedy-300__0b9ed21da4d1,slimgpt,ref,30,dir,en-zh,en-zh,False,,is-en,True,False,300,0.829765,28.897,51.8144,-0.032898,-9.3523,-6.6825,-0.020614,0.0033,0,0,0,0,0.9568,0,0,0.0067,0.0033,0.0064,0.9826
alma-7b-slimgpt30-ref-dir-en-zh,alma-7b-slimgpt30-ref-dir-en-zh__alma10-greedy-300__0b9ed21da4d1,slimgpt,ref,30,dir,en-zh,en-zh,False,,ru-en,True,False,300,0.818486,32.7497,57.0422,-0.027937,-4.1873,-3.3685,-0.010884,0,0,0,0,0,0.9774,0.0033,0.0067,0.02,0,0.0081,0.9888
alma-7b-slimgpt30-ref-dir-en-zh,alma-7b-slimgpt30-ref-dir-en-zh__alma10-greedy-300__0b9ed21da4d1,slimgpt,ref,30,dir,en-zh,en-zh,False,,zh-en,True,False,300,0.773674,17.0131,44.4555,-0.022461,-2.8289,-3.851,-0.003059,0.0033,0,0,0,0,0.8888,0,0,0.01,0.0033,0.0045,0.9181
alma-7b-slimgpt30-ref-dir-en-zh,alma-7b-slimgpt30-ref-dir-en-zh__alma10-greedy-300__0b9ed21da4d1,slimgpt,ref,30,dir,en-zh,en-zh,False,,en-cs,False,False,300,0.650057,8.2885,31.9164,-0.220247,-16.642,-16.4684,-0.191722,0.02,0.0067,0.0233,0.0233,0,1.0436,0.0067,0.0267,0.0367,0.02,0.0063,1.0392
alma-7b-slimgpt30-ref-dir-en-zh,alma-7b-slimgpt30-ref-dir-en-zh__alma10-greedy-300__0b9ed21da4d1,slimgpt,ref,30,dir,en-zh,en-zh,False,,en-de,False,False,300,0.709174,12.9023,42.4442,-0.14379,-15.0892,-12.2899,-0.11548,0.04,0.0133,0.0167,0.0167,0,1.0961,0.0267,0,0.04,0.04,0.0097,1.1743
alma-7b-slimgpt30-ref-dir-en-zh,alma-7b-slimgpt30-ref-dir-en-zh__alma10-greedy-300__0b9ed21da4d1,slimgpt,ref,30,dir,en-zh,en-zh,False,,en-is,False,False,300,0.477617,4.5807,25.4987,-0.364222,-19.1699,-23.7797,-0.327161,0.0433,0.05,0.09,0.09,0,1.1058,0.0067,0,0.0567,0.0433,0.0041,1.2888
alma-7b-slimgpt30-ref-dir-en-zh,alma-7b-slimgpt30-ref-dir-en-zh__alma10-greedy-300__0b9ed21da4d1,slimgpt,ref,30,dir,en-zh,en-zh,False,,en-ru,False,False,300,0.756687,15.1867,39.5017,-0.104394,-9.8193,-8.9138,-0.066304,0,0,0,0,0,0.9391,0,0.01,0.0567,0,0.0116,0.9845
alma-7b-slimgpt30-ref-dir-en-zh,alma-7b-slimgpt30-ref-dir-en-zh__alma10-greedy-300__0b9ed21da4d1,slimgpt,ref,30,dir,en-zh,en-zh,False,,en-zh,False,True,300,0.825142,29.0613,24.7484,-0.025593,-4.4411,-1.4856,0.017251,0,0,0,0,0,0.9859,0,0.16,0.0167,0,0.0001,1.0092
alma-7b-slimgpt30-gen-dir-cs-en,alma-7b-slimgpt30-gen-dir-cs-en__alma10-greedy-300__206c93dbad6b,slimgpt,gen,30,dir,cs-en,cs-en,False,,cs-en,True,True,300,0.84055,36.996,59.5555,-0.011883,-4.9893,-3.779,0.002794,0.0033,0,0,0,0,0.9627,0.0033,0,0.0033,0.0033,0.0046,0.974
alma-7b-slimgpt30-gen-dir-cs-en,alma-7b-slimgpt30-gen-dir-cs-en__alma10-greedy-300__206c93dbad6b,slimgpt,gen,30,dir,cs-en,cs-en,False,,de-en,True,False,300,0.825686,26.3106,50.666,-0.013524,-5.0062,-3.1286,-0.000476,0.0067,0,0,0,0,0.929,0,0,0.01,0.0067,0.006,0.9386
alma-7b-slimgpt30-gen-dir-cs-en,alma-7b-slimgpt30-gen-dir-cs-en__alma10-greedy-300__206c93dbad6b,slimgpt,gen,30,dir,cs-en,cs-en,False,,is-en,True,False,300,0.849839,33.8771,55.4974,-0.012824,-4.3722,-2.9995,0.00021,0.0067,0,0,0,0,0.9453,0,0,0.0133,0.0067,0.0063,0.9758
alma-7b-slimgpt30-gen-dir-cs-en,alma-7b-slimgpt30-gen-dir-cs-en__alma10-greedy-300__206c93dbad6b,slimgpt,gen,30,dir,cs-en,cs-en,False,,ru-en,True,False,300,0.826612,34.5739,58.3239,-0.019811,-2.3631,-2.0868,-0.001706,0,0,0,0,0,0.9934,0.0033,0.0067,0.02,0,0.0071,1.0003
alma-7b-slimgpt30-gen-dir-cs-en,alma-7b-slimgpt30-gen-dir-cs-en__alma10-greedy-300__206c93dbad6b,slimgpt,gen,30,dir,cs-en,cs-en,False,,zh-en,True,False,300,0.771582,15.3272,42.5949,-0.024553,-4.5148,-5.7116,-0.010118,0,0,0,0,0,0.9159,0,0.0033,0.0133,0,0.0043,0.9471
alma-7b-slimgpt30-gen-dir-cs-en,alma-7b-slimgpt30-gen-dir-cs-en__alma10-greedy-300__206c93dbad6b,slimgpt,gen,30,dir,cs-en,cs-en,False,,en-cs,False,False,300,0.84093,20.6906,44.3184,-0.029374,-4.2399,-4.0664,0.009708,0.0033,0,0,0,0,0.9374,0,0.03,0.0167,0.0033,0.0068,0.9634
alma-7b-slimgpt30-gen-dir-cs-en,alma-7b-slimgpt30-gen-dir-cs-en__alma10-greedy-300__206c93dbad6b,slimgpt,gen,30,dir,cs-en,cs-en,False,,en-de,False,False,300,0.783003,17.0578,45.0339,-0.069961,-10.9337,-9.7002,-0.05018,0.0433,0.0067,0.0067,0.0067,0,1.0142,0.03,0,0.0467,0.0433,0.0119,1.053
alma-7b-slimgpt30-gen-dir-cs-en,alma-7b-slimgpt30-gen-dir-cs-en__alma10-greedy-300__206c93dbad6b,slimgpt,gen,30,dir,cs-en,cs-en,False,,en-is,False,False,300,0.678494,11.8044,35.6717,-0.163345,-11.9462,-13.6067,-0.123137,0.0733,0.0067,0.0067,0.0067,0,0.9911,0.0267,0,0.0767,0.0733,0.005,1.0508
alma-7b-slimgpt30-gen-dir-cs-en,alma-7b-slimgpt30-gen-dir-cs-en__alma10-greedy-300__206c93dbad6b,slimgpt,gen,30,dir,cs-en,cs-en,False,,en-ru,False,False,300,0.806788,19.1478,40.6584,-0.054293,-5.8582,-7.7571,-0.020021,0,0,0,0,0,0.9281,0,0.0067,0.0667,0,0.0126,0.9789
alma-7b-slimgpt30-gen-dir-cs-en,alma-7b-slimgpt30-gen-dir-cs-en__alma10-greedy-300__206c93dbad6b,slimgpt,gen,30,dir,cs-en,cs-en,False,,en-zh,False,False,300,0.575592,10.0303,10.0918,-0.275143,-23.4721,-16.1422,-0.237043,0,0,0.0867,0.0867,0,1.3225,0,0.32,0.0533,0,0.2687,0.549
alma-7b-slimgpt30-gen-dir-de-en,alma-7b-slimgpt30-gen-dir-de-en__alma10-greedy-300__38cef1dccb3e,slimgpt,gen,30,dir,de-en,de-en,False,,cs-en,True,False,300,0.834331,36.6469,59.4119,-0.018102,-5.3384,-3.9226,-0.003425,0.0033,0,0,0,0,0.9785,0.0033,0,0.0033,0.0033,0.006,0.9894
alma-7b-slimgpt30-gen-dir-de-en,alma-7b-slimgpt30-gen-dir-de-en__alma10-greedy-300__38cef1dccb3e,slimgpt,gen,30,dir,de-en,de-en,False,,de-en,True,True,300,0.828055,26.9174,50.449,-0.011155,-4.3994,-3.3456,0.001893,0.0067,0,0,0,0,0.9246,0,0.0033,0.0067,0.0067,0.0067,0.934
alma-7b-slimgpt30-gen-dir-de-en,alma-7b-slimgpt30-gen-dir-de-en__alma10-greedy-300__38cef1dccb3e,slimgpt,gen,30,dir,de-en,de-en,False,,is-en,True,False,300,0.850754,34.1199,55.8148,-0.011909,-4.1294,-2.6821,0.001125,0.0033,0,0,0,0,0.9639,0,0,0.0167,0.0033,0.006,0.9898
alma-7b-slimgpt30-gen-dir-de-en,alma-7b-slimgpt30-gen-dir-de-en__alma10-greedy-300__38cef1dccb3e,slimgpt,gen,30,dir,de-en,de-en,False,,ru-en,True,False,300,0.827632,32.8188,57.4271,-0.018791,-4.1182,-2.9836,-0.000686,0,0,0,0,0,0.9852,0.0033,0.0067,0.02,0,0.0079,0.995
alma-7b-slimgpt30-gen-dir-de-en,alma-7b-slimgpt30-gen-dir-de-en__alma10-greedy-300__38cef1dccb3e,slimgpt,gen,30,dir,de-en,de-en,False,,zh-en,True,False,300,0.76802,16.1807,43.2244,-0.028115,-3.6613,-5.0821,-0.01368,0,0,0,0,0,0.8917,0,0,0.0067,0,0.0038,0.9213
alma-7b-slimgpt30-gen-dir-de-en,alma-7b-slimgpt30-gen-dir-de-en__alma10-greedy-300__38cef1dccb3e,slimgpt,gen,30,dir,de-en,de-en,False,,en-cs,False,False,300,0.755456,14.5467,38.3852,-0.114848,-10.3838,-9.9996,-0.075766,0.0067,0,0.0033,0.0033,0,0.9707,0.0033,0.0233,0.0267,0.0067,0.007,1.0002
alma-7b-slimgpt30-gen-dir-de-en,alma-7b-slimgpt30-gen-dir-de-en__alma10-greedy-300__38cef1dccb3e,slimgpt,gen,30,dir,de-en,de-en,False,,en-de,False,False,300,0.823592,23.5057,50.2031,-0.029372,-4.4858,-4.531,-0.009591,0.0267,0.0033,0.0033,0.0033,0,0.9869,0.0267,0,0.0267,0.0267,0.0121,1.014
alma-7b-slimgpt30-gen-dir-de-en,alma-7b-slimgpt30-gen-dir-de-en__alma10-greedy-300__38cef1dccb3e,slimgpt,gen,30,dir,de-en,de-en,False,,en-is,False,False,300,0.665898,12.0098,35.3295,-0.175941,-11.7408,-13.9489,-0.135733,0.0367,0,0,0,0,0.9207,0.0167,0,0.04,0.0367,0.0052,0.9699
alma-7b-slimgpt30-gen-dir-de-en,alma-7b-slimgpt30-gen-dir-de-en__alma10-greedy-300__38cef1dccb3e,slimgpt,gen,30,dir,de-en,de-en,False,,en-ru,False,False,300,0.764547,17.5641,37.5786,-0.096534,-7.4419,-10.8369,-0.062262,0.04,0,0,0,0,0.9173,0.0333,0.0167,0.08,0.04,0.0127,0.9982
alma-7b-slimgpt30-gen-dir-de-en,alma-7b-slimgpt30-gen-dir-de-en__alma10-greedy-300__38cef1dccb3e,slimgpt,gen,30,dir,de-en,de-en,False,,en-zh,False,False,300,0.531666,5.3906,7.6301,-0.319069,-28.1118,-18.6039,-0.280969,0.0067,0,0.06,0.06,0,1.0029,0.0067,0.3933,0.05,0.0067,0.2583,0.4201
alma-7b-slimgpt30-gen-dir-is-en,alma-7b-slimgpt30-gen-dir-is-en__alma10-greedy-300__854fa6f09459,slimgpt,gen,30,dir,is-en,is-en,False,,cs-en,True,False,300,0.826433,33.4888,56.9936,-0.026,-8.4965,-6.3409,-0.011323,0.0033,0,0,0,0,0.9625,0.0033,0,0.01,0.0033,0.0047,0.9743
alma-7b-slimgpt30-gen-dir-is-en,alma-7b-slimgpt30-gen-dir-is-en__alma10-greedy-300__854fa6f09459,slimgpt,gen,30,dir,is-en,is-en,False,,de-en,True,False,300,0.824808,24.8025,49.5925,-0.014402,-6.5143,-4.2021,-0.001354,0.0033,0,0,0,0,0.9169,0,0.0033,0.0033,0.0033,0.0064,0.9265
alma-7b-slimgpt30-gen-dir-is-en,alma-7b-slimgpt30-gen-dir-is-en__alma10-greedy-300__854fa6f09459,slimgpt,gen,30,dir,is-en,is-en,False,,is-en,True,True,300,0.846254,32.8633,54.9182,-0.016409,-5.386,-3.5787,-0.003375,0,0,0,0,0,0.9463,0,0,0.01,0,0.0066,0.965
alma-7b-slimgpt30-gen-dir-is-en,alma-7b-slimgpt30-gen-dir-is-en__alma10-greedy-300__854fa6f09459,slimgpt,gen,30,dir,is-en,is-en,False,,ru-en,True,False,300,0.813941,29.8117,53.3077,-0.032482,-7.1253,-7.103,-0.014377,0,0.0033,0.0033,0.0033,0,0.9817,0.0033,0.0067,0.0167,0,0.0076,0.9874
alma-7b-slimgpt30-gen-dir-is-en,alma-7b-slimgpt30-gen-dir-is-en__alma10-greedy-300__854fa6f09459,slimgpt,gen,30,dir,is-en,is-en,False,,zh-en,True,False,300,0.766198,14.5171,40.7865,-0.029937,-5.3249,-7.52,-0.015502,0,0,0,0,0,0.8665,0,0.0033,0.0067,0,0.0048,0.897
alma-7b-slimgpt30-gen-dir-is-en,alma-7b-slimgpt30-gen-dir-is-en__alma10-greedy-300__854fa6f09459,slimgpt,gen,30,dir,is-en,is-en,False,,en-cs,False,False,300,0.73396,12.0688,35.3635,-0.136344,-12.8617,-13.0213,-0.097262,0.01,0.0067,0.02,0.02,0,1.0548,0,0.0133,0.0333,0.01,0.0063,1.0737
alma-7b-slimgpt30-gen-dir-is-en,alma-7b-slimgpt30-gen-dir-is-en__alma10-greedy-300__854fa6f09459,slimgpt,gen,30,dir,is-en,is-en,False,,en-de,False,False,300,0.774109,16.2989,44.2688,-0.078855,-11.6926,-10.4653,-0.059074,0.0433,0.0067,0.01,0.01,0,1.0439,0.02,0,0.0433,0.0433,0.013,1.0921
alma-7b-slimgpt30-gen-dir-is-en,alma-7b-slimgpt30-gen-dir-is-en__alma10-greedy-300__854fa6f09459,slimgpt,gen,30,dir,is-en,is-en,False,,en-is,False,False,300,0.806591,18.5483,44.2756,-0.035248,-5.2023,-5.0028,0.00496,0.0233,0,0,0,0,0.9227,0.0133,0,0.0267,0.0233,0.0044,0.9523
alma-7b-slimgpt30-gen-dir-is-en,alma-7b-slimgpt30-gen-dir-is-en__alma10-greedy-300__854fa6f09459,slimgpt,gen,30,dir,is-en,is-en,False,,en-ru,False,False,300,0.764565,14.5813,34.9132,-0.096516,-10.4247,-13.5023,-0.062244,0.0267,0,0,0,0,0.8823,0.0067,0.0133,0.0867,0.0267,0.0144,0.9369
alma-7b-slimgpt30-gen-dir-is-en,alma-7b-slimgpt30-gen-dir-is-en__alma10-greedy-300__854fa6f09459,slimgpt,gen,30,dir,is-en,is-en,False,,en-zh,False,False,300,0.524579,5.3825,8.2872,-0.326156,-28.1199,-17.9468,-0.288056,0,0,0.0667,0.0667,0,1.0234,0,0.43,0.0567,0,0.2605,0.4366
alma-7b-slimgpt30-gen-dir-ru-en,alma-7b-slimgpt30-gen-dir-ru-en__alma10-greedy-300__57a2f67f3c18,slimgpt,gen,30,dir,ru-en,ru-en,False,,cs-en,True,False,300,0.839122,36.8205,59.4408,-0.013311,-5.1648,-3.8937,0.001366,0.0033,0,0,0,0,0.9788,0,0,0.0033,0.0033,0.0045,0.9921
alma-7b-slimgpt30-gen-dir-ru-en,alma-7b-slimgpt30-gen-dir-ru-en__alma10-greedy-300__57a2f67f3c18,slimgpt,gen,30,dir,ru-en,ru-en,False,,de-en,True,False,300,0.827677,27.2967,51.1638,-0.011533,-4.0201,-2.6308,0.001515,0.0067,0,0,0,0,0.9323,0.0033,0,0.01,0.0067,0.006,0.942
alma-7b-slimgpt30-gen-dir-ru-en,alma-7b-slimgpt30-gen-dir-ru-en__alma10-greedy-300__57a2f67f3c18,slimgpt,gen,30,dir,ru-en,ru-en,False,,is-en,True,False,300,0.84476,34.5327,55.5637,-0.017903,-3.7166,-2.9332,-0.004869,0.0067,0,0,0,0,0.9617,0,0,0.0167,0.0067,0.0064,0.9822
alma-7b-slimgpt30-gen-dir-ru-en,alma-7b-slimgpt30-gen-dir-ru-en__alma10-greedy-300__57a2f67f3c18,slimgpt,gen,30,dir,ru-en,ru-en,False,,ru-en,True,True,300,0.829038,33.4247,57.7845,-0.017385,-3.5123,-2.6262,0.00072,0,0,0,0,0,0.9855,0.0033,0.0067,0.0133,0,0.0064,0.9978
alma-7b-slimgpt30-gen-dir-ru-en,alma-7b-slimgpt30-gen-dir-ru-en__alma10-greedy-300__57a2f67f3c18,slimgpt,gen,30,dir,ru-en,ru-en,False,,zh-en,True,False,300,0.772378,15.8763,42.3982,-0.023757,-3.9657,-5.9083,-0.009322,0,0,0,0,0,0.8852,0,0,0.0033,0,0.0039,0.9247
alma-7b-slimgpt30-gen-dir-ru-en,alma-7b-slimgpt30-gen-dir-ru-en__alma10-greedy-300__57a2f67f3c18,slimgpt,gen,30,dir,ru-en,ru-en,False,,en-cs,False,False,300,0.766983,13.6734,36.9011,-0.103321,-11.2571,-11.4837,-0.064239,0.0067,0,0.0033,0.0033,0,0.9532,0,0.01,0.0133,0.0067,0.0079,0.9799
alma-7b-slimgpt30-gen-dir-ru-en,alma-7b-slimgpt30-gen-dir-ru-en__alma10-greedy-300__57a2f67f3c18,slimgpt,gen,30,dir,ru-en,ru-en,False,,en-de,False,False,300,0.76367,16.5044,44.9964,-0.089294,-11.4871,-9.7377,-0.069513,0.0367,0.0067,0.0067,0.0067,0,1.043,0.0233,0,0.0367,0.0367,0.0125,1.0708
alma-7b-slimgpt30-gen-dir-ru-en,alma-7b-slimgpt30-gen-dir-ru-en__alma10-greedy-300__57a2f67f3c18,slimgpt,gen,30,dir,ru-en,ru-en,False,,en-is,False,False,300,0.621886,10.2651,32.5346,-0.219953,-13.4855,-16.7438,-0.179745,0.0833,0,0.0033,0.0033,0,0.9278,0.0167,0,0.0867,0.0833,0.0046,0.9965
alma-7b-slimgpt30-gen-dir-ru-en,alma-7b-slimgpt30-gen-dir-ru-en__alma10-greedy-300__57a2f67f3c18,slimgpt,gen,30,dir,ru-en,ru-en,False,,en-ru,False,False,300,0.830263,20.9218,44.0808,-0.030818,-4.0842,-4.3347,0.003454,0.0033,0,0,0,0,0.9509,0,0.0133,0.05,0.0033,0.0099,0.999
alma-7b-slimgpt30-gen-dir-ru-en,alma-7b-slimgpt30-gen-dir-ru-en__alma10-greedy-300__57a2f67f3c18,slimgpt,gen,30,dir,ru-en,ru-en,False,,en-zh,False,False,300,0.677633,17.2655,14.1003,-0.173102,-16.2369,-12.1337,-0.135002,0.0033,0,0.02,0.02,0,0.9699,0,0.2267,0.0267,0.0033,0.0576,0.8239
alma-7b-slimgpt30-gen-dir-zh-en,alma-7b-slimgpt30-gen-dir-zh-en__alma10-greedy-300__4f614623e3fc,slimgpt,gen,30,dir,zh-en,zh-en,False,,cs-en,True,False,300,0.825565,34.529,58.216,-0.026868,-7.4563,-5.1185,-0.012191,0.0033,0,0,0,0,0.9727,0,0,0.0033,0.0033,0.0052,0.9882
alma-7b-slimgpt30-gen-dir-zh-en,alma-7b-slimgpt30-gen-dir-zh-en__alma10-greedy-300__4f614623e3fc,slimgpt,gen,30,dir,zh-en,zh-en,False,,de-en,True,False,300,0.824926,26.5277,50.2589,-0.014284,-4.7891,-3.5357,-0.001236,0.0033,0,0,0,0,0.9323,0,0.0033,0.0033,0.0033,0.0069,0.9448
alma-7b-slimgpt30-gen-dir-zh-en,alma-7b-slimgpt30-gen-dir-zh-en__alma10-greedy-300__4f614623e3fc,slimgpt,gen,30,dir,zh-en,zh-en,False,,is-en,True,False,300,0.836992,30.9764,53.2511,-0.025671,-7.2729,-5.2458,-0.012637,0.0033,0,0,0,0,0.9534,0,0,0.01,0.0033,0.0066,0.9774
alma-7b-slimgpt30-gen-dir-zh-en,alma-7b-slimgpt30-gen-dir-zh-en__alma10-greedy-300__4f614623e3fc,slimgpt,gen,30,dir,zh-en,zh-en,False,,ru-en,True,False,300,0.820504,32.5977,57.0014,-0.025919,-4.3393,-3.4093,-0.007814,0,0,0,0,0,0.9687,0.0033,0.01,0.0233,0,0.0079,0.9819
alma-7b-slimgpt30-gen-dir-zh-en,alma-7b-slimgpt30-gen-dir-zh-en__alma10-greedy-300__4f614623e3fc,slimgpt,gen,30,dir,zh-en,zh-en,False,,zh-en,True,True,300,0.776608,18.3447,45.6301,-0.019527,-1.4973,-2.6764,-0.005092,0,0,0,0,0,0.8877,0,0.01,0.0067,0,0.0035,0.9151
alma-7b-slimgpt30-gen-dir-zh-en,alma-7b-slimgpt30-gen-dir-zh-en__alma10-greedy-300__4f614623e3fc,slimgpt,gen,30,dir,zh-en,zh-en,False,,en-cs,False,False,300,0.643635,8.1752,31.5996,-0.226669,-16.7553,-16.7852,-0.187587,0.06,0.0033,0.0133,0.0133,0,0.9906,0.02,0.03,0.0667,0.06,0.0071,1.0295
alma-7b-slimgpt30-gen-dir-zh-en,alma-7b-slimgpt30-gen-dir-zh-en__alma10-greedy-300__4f614623e3fc,slimgpt,gen,30,dir,zh-en,zh-en,False,,en-de,False,False,300,0.678831,10.2807,36.1951,-0.174133,-17.7108,-18.539,-0.154352,0.25,0.0067,0.0067,0.0067,0,0.9838,0.0833,0,0.2533,0.25,0.0102,1.0957
alma-7b-slimgpt30-gen-dir-zh-en,alma-7b-slimgpt30-gen-dir-zh-en__alma10-greedy-300__4f614623e3fc,slimgpt,gen,30,dir,zh-en,zh-en,False,,en-is,False,False,300,0.53493,2.8322,19.547,-0.306909,-20.9184,-29.7314,-0.266701,0.71,0.0067,0.0133,0.0133,0,0.963,0.23,0,0.7167,0.71,0.0061,1.0567
alma-7b-slimgpt30-gen-dir-zh-en,alma-7b-slimgpt30-gen-dir-zh-en__alma10-greedy-300__4f614623e3fc,slimgpt,gen,30,dir,zh-en,zh-en,False,,en-ru,False,False,300,0.728221,15.0561,38.9783,-0.13286,-9.9499,-9.4372,-0.098588,0.0333,0,0,0,0,0.9337,0.03,0.0133,0.1033,0.0333,0.0135,0.9845
alma-7b-slimgpt30-gen-dir-zh-en,alma-7b-slimgpt30-gen-dir-zh-en__alma10-greedy-300__4f614623e3fc,slimgpt,gen,30,dir,zh-en,zh-en,False,,en-zh,False,False,300,0.816807,27.9416,23.2636,-0.033928,-5.5608,-2.9704,0.004172,0,0,0.0133,0.0133,0,1.0112,0,0.1867,0.0133,0,0.0088,0.9972
alma-7b-slimgpt30-gen-dir-en-cs,alma-7b-slimgpt30-gen-dir-en-cs__alma10-greedy-300__60789bb8de3b,slimgpt,gen,30,dir,en-cs,en-cs,False,,cs-en,True,False,300,0.836349,36.2165,59.3516,-0.016084,-5.7688,-3.9829,-0.001407,0.0033,0,0,0,0,0.9786,0.0033,0,0.0033,0.0033,0.0043,0.988
alma-7b-slimgpt30-gen-dir-en-cs,alma-7b-slimgpt30-gen-dir-en-cs__alma10-greedy-300__60789bb8de3b,slimgpt,gen,30,dir,en-cs,en-cs,False,,de-en,True,False,300,0.825196,27.0619,50.8038,-0.014014,-4.2549,-2.9908,-0.000966,0.0033,0,0,0,0,0.9348,0,0.0033,0.0033,0.0033,0.0055,0.9457
alma-7b-slimgpt30-gen-dir-en-cs,alma-7b-slimgpt30-gen-dir-en-cs__alma10-greedy-300__60789bb8de3b,slimgpt,gen,30,dir,en-cs,en-cs,False,,is-en,True,False,300,0.845084,33.2346,54.7937,-0.017579,-5.0147,-3.7032,-0.004545,0.0033,0,0,0,0,0.9511,0,0,0.0133,0.0033,0.0055,0.9724
alma-7b-slimgpt30-gen-dir-en-cs,alma-7b-slimgpt30-gen-dir-en-cs__alma10-greedy-300__60789bb8de3b,slimgpt,gen,30,dir,en-cs,en-cs,False,,ru-en,True,False,300,0.8211,33.0569,57.5788,-0.025323,-3.8801,-2.8319,-0.007218,0,0,0,0,0,0.9907,0.0033,0.0067,0.02,0,0.0073,0.993
alma-7b-slimgpt30-gen-dir-en-cs,alma-7b-slimgpt30-gen-dir-en-cs__alma10-greedy-300__60789bb8de3b,slimgpt,gen,30,dir,en-cs,en-cs,False,,zh-en,True,False,300,0.77305,15.0614,42.7548,-0.023085,-4.7806,-5.5517,-0.00865,0.0033,0,0,0,0,0.928,0,0,0.0067,0.0033,0.0045,0.9599
alma-7b-slimgpt30-gen-dir-en-cs,alma-7b-slimgpt30-gen-dir-en-cs__alma10-greedy-300__60789bb8de3b,slimgpt,gen,30,dir,en-cs,en-cs,False,,en-cs,False,True,300,0.840523,22.6524,46.0199,-0.029781,-2.2781,-2.3649,0.009301,0.0033,0,0,0,0,0.9369,0.01,0.0233,0.0267,0.0033,0.0056,0.972
alma-7b-slimgpt30-gen-dir-en-cs,alma-7b-slimgpt30-gen-dir-en-cs__alma10-greedy-300__60789bb8de3b,slimgpt,gen,30,dir,en-cs,en-cs,False,,en-de,False,False,300,0.784188,19.7326,46.7045,-0.068776,-8.2589,-8.0296,-0.048995,0.0267,0.0033,0.0067,0.0067,0,1.0059,0.0267,0.0033,0.03,0.0267,0.0135,1.0169
alma-7b-slimgpt30-gen-dir-en-cs,alma-7b-slimgpt30-gen-dir-en-cs__alma10-greedy-300__60789bb8de3b,slimgpt,gen,30,dir,en-cs,en-cs,False,,en-is,False,False,300,0.699905,13.3881,37.1308,-0.141934,-10.3625,-12.1476,-0.101726,0.01,0,0.0233,0.0233,0,0.9903,0,0,0.0133,0.01,0.0043,1.0368
alma-7b-slimgpt30-gen-dir-en-cs,alma-7b-slimgpt30-gen-dir-en-cs__alma10-greedy-300__60789bb8de3b,slimgpt,gen,30,dir,en-cs,en-cs,False,,en-ru,False,False,300,0.805135,18.3916,41.2202,-0.055946,-6.6144,-7.1953,-0.021674,0.0067,0,0,0,0,0.9608,0.0033,0.01,0.04,0.0067,0.0108,0.9946
alma-7b-slimgpt30-gen-dir-en-cs,alma-7b-slimgpt30-gen-dir-en-cs__alma10-greedy-300__60789bb8de3b,slimgpt,gen,30,dir,en-cs,en-cs,False,,en-zh,False,False,300,0.571552,10.4477,10.6073,-0.279183,-23.0547,-15.6267,-0.241083,0.0033,0,0.0833,0.0833,0,1.2788,0,0.3233,0.0633,0.0033,0.2526,0.5538
alma-7b-slimgpt30-gen-dir-en-de,alma-7b-slimgpt30-gen-dir-en-de__alma10-greedy-300__5adac2197299,slimgpt,gen,30,dir,en-de,en-de,False,,cs-en,True,False,300,0.836841,37.2021,60.0836,-0.015592,-4.7832,-3.2509,-0.000915,0.0033,0,0,0,0,0.9909,0.0033,0,0.0033,0.0033,0.0054,1.0039
alma-7b-slimgpt30-gen-dir-en-de,alma-7b-slimgpt30-gen-dir-en-de__alma10-greedy-300__5adac2197299,slimgpt,gen,30,dir,en-de,en-de,False,,de-en,True,False,300,0.833209,28.5311,52.1666,-0.006001,-2.7857,-1.628,0.007047,0.0033,0,0,0,0,0.9428,0,0,0.0033,0.0033,0.0064,0.9455
alma-7b-slimgpt30-gen-dir-en-de,alma-7b-slimgpt30-gen-dir-en-de__alma10-greedy-300__5adac2197299,slimgpt,gen,30,dir,en-de,en-de,False,,is-en,True,False,300,0.847537,34.036,55.9344,-0.015126,-4.2133,-2.5625,-0.002092,0.0067,0,0,0,0,0.9827,0,0,0.0167,0.0067,0.006,1.0019
alma-7b-slimgpt30-gen-dir-en-de,alma-7b-slimgpt30-gen-dir-en-de__alma10-greedy-300__5adac2197299,slimgpt,gen,30,dir,en-de,en-de,False,,ru-en,True,False,300,0.824318,33.4347,58.1065,-0.022105,-3.5023,-2.3042,-0.004,0,0,0.0033,0.0033,0,1.0152,0.0033,0.0067,0.0267,0,0.0083,1.0289
alma-7b-slimgpt30-gen-dir-en-de,alma-7b-slimgpt30-gen-dir-en-de__alma10-greedy-300__5adac2197299,slimgpt,gen,30,dir,en-de,en-de,False,,zh-en,True,False,300,0.760307,15.4504,42.951,-0.035828,-4.3916,-5.3555,-0.021393,0,0,0.0033,0.0033,0,0.9511,0,0.0033,0.01,0,0.0038,0.9854
alma-7b-slimgpt30-gen-dir-en-de,alma-7b-slimgpt30-gen-dir-en-de__alma10-greedy-300__5adac2197299,slimgpt,gen,30,dir,en-de,en-de,False,,en-cs,False,False,300,0.763331,14.038,38.0925,-0.106973,-10.8925,-10.2923,-0.067891,0.0033,0,0.0067,0.0067,0,1.0091,0.0033,0.02,0.0367,0.0033,0.0063,1.0224
alma-7b-slimgpt30-gen-dir-en-de,alma-7b-slimgpt30-gen-dir-en-de__alma10-greedy-300__5adac2197299,slimgpt,gen,30,dir,en-de,en-de,False,,en-de,False,True,300,0.829476,24.4131,51.5362,-0.023488,-3.5784,-3.1979,-0.003707,0.0133,0,0.0033,0.0033,0,0.9871,0.0133,0.0033,0.0133,0.0133,0.012,1.0012
alma-7b-slimgpt30-gen-dir-en-de,alma-7b-slimgpt30-gen-dir-en-de__alma10-greedy-300__5adac2197299,slimgpt,gen,30,dir,en-de,en-de,False,,en-is,False,False,300,0.68769,13.3573,37.2505,-0.154149,-10.3933,-12.0279,-0.113941,0.0033,0.0067,0.0133,0.0133,0,0.9647,0,0,0.0067,0.0033,0.0045,1.0092
alma-7b-slimgpt30-gen-dir-en-de,alma-7b-slimgpt30-gen-dir-en-de__alma10-greedy-300__5adac2197299,slimgpt,gen,30,dir,en-de,en-de,False,,en-ru,False,False,300,0.788267,17.2101,39.8472,-0.072814,-7.7959,-8.5683,-0.038542,0.0133,0,0.0033,0.0033,0,0.9611,0.0133,0.0133,0.0833,0.0133,0.0123,1.0175
alma-7b-slimgpt30-gen-dir-en-de,alma-7b-slimgpt30-gen-dir-en-de__alma10-greedy-300__5adac2197299,slimgpt,gen,30,dir,en-de,en-de,False,,en-zh,False,False,300,0.550707,7.7506,8.4766,-0.300028,-25.7518,-17.7574,-0.261928,0.0033,0,0.1133,0.1133,0,1.4345,0,0.3833,0.0467,0.0033,0.2874,0.4959
alma-7b-slimgpt30-gen-dir-en-is,alma-7b-slimgpt30-gen-dir-en-is__alma10-greedy-300__6b15676e5300,slimgpt,gen,30,dir,en-is,en-is,False,,cs-en,True,False,300,0.833601,35.0804,58.7903,-0.018832,-6.9049,-4.5442,-0.004155,0.0033,0,0,0,0,0.9824,0.0033,0.0033,0.0033,0.0033,0.0046,0.9877
alma-7b-slimgpt30-gen-dir-en-is,alma-7b-slimgpt30-gen-dir-en-is__alma10-greedy-300__6b15676e5300,slimgpt,gen,30,dir,en-is,en-is,False,,de-en,True,False,300,0.826823,26.2432,50.1771,-0.012387,-5.0736,-3.6175,0.000661,0.0033,0,0,0,0,0.9276,0,0,0.0067,0.0033,0.0067,0.9324
alma-7b-slimgpt30-gen-dir-en-is,alma-7b-slimgpt30-gen-dir-en-is__alma10-greedy-300__6b15676e5300,slimgpt,gen,30,dir,en-is,en-is,False,,is-en,True,False,300,0.847591,32.7206,55.1687,-0.015072,-5.5287,-3.3282,-0.002038,0.0033,0,0,0,0,0.947,0,0,0.01,0.0033,0.0054,0.9618
alma-7b-slimgpt30-gen-dir-en-is,alma-7b-slimgpt30-gen-dir-en-is__alma10-greedy-300__6b15676e5300,slimgpt,gen,30,dir,en-is,en-is,False,,ru-en,True,False,300,0.821289,32.4698,56.5586,-0.025134,-4.4672,-3.8521,-0.007029,0,0,0,0,0,0.9764,0.0033,0.0067,0.0167,0,0.0075,0.9846
alma-7b-slimgpt30-gen-dir-en-is,alma-7b-slimgpt30-gen-dir-en-is__alma10-greedy-300__6b15676e5300,slimgpt,gen,30,dir,en-is,en-is,False,,zh-en,True,False,300,0.765905,15.2718,42.5866,-0.03023,-4.5702,-5.7199,-0.015795,0,0,0,0,0,0.8985,0,0.0033,0.0067,0,0.0041,0.9187
alma-7b-slimgpt30-gen-dir-en-is,alma-7b-slimgpt30-gen-dir-en-is__alma10-greedy-300__6b15676e5300,slimgpt,gen,30,dir,en-is,en-is,False,,en-cs,False,False,300,0.763133,14.7196,38.2479,-0.107171,-10.2109,-10.1369,-0.068089,0.0167,0,0.0067,0.0067,0,0.9962,0,0.02,0.0267,0.0167,0.0073,1.0177
alma-7b-slimgpt30-gen-dir-en-is,alma-7b-slimgpt30-gen-dir-en-is__alma10-greedy-300__6b15676e5300,slimgpt,gen,30,dir,en-is,en-is,False,,en-de,False,False,300,0.806757,19.9631,47.784,-0.046207,-8.0284,-6.9501,-0.026426,0.0233,0,0,0,0,1.0056,0.02,0,0.0267,0.0233,0.0124,1.0275
alma-7b-slimgpt30-gen-dir-en-is,alma-7b-slimgpt30-gen-dir-en-is__alma10-greedy-300__6b15676e5300,slimgpt,gen,30,dir,en-is,en-is,False,,en-is,False,True,300,0.822814,20.5084,46.1197,-0.019025,-3.2422,-3.1587,0.021183,0,0,0,0,0,0.9542,0,0,0.0067,0,0.0044,0.9759
alma-7b-slimgpt30-gen-dir-en-is,alma-7b-slimgpt30-gen-dir-en-is__alma10-greedy-300__6b15676e5300,slimgpt,gen,30,dir,en-is,en-is,False,,en-ru,False,False,300,0.787809,16.9845,39.6018,-0.073272,-8.0215,-8.8137,-0.039,0,0,0,0,0,0.9199,0,0.0167,0.0533,0,0.0121,0.957
alma-7b-slimgpt30-gen-dir-en-is,alma-7b-slimgpt30-gen-dir-en-is__alma10-greedy-300__6b15676e5300,slimgpt,gen,30,dir,en-is,en-is,False,,en-zh,False,False,300,0.540041,7.4244,7.1695,-0.310694,-26.078,-19.0645,-0.272594,0,0,0.1133,0.1133,0,1.3474,0,0.34,0.07,0,0.2785,0.5371
alma-7b-slimgpt30-gen-dir-en-ru,alma-7b-slimgpt30-gen-dir-en-ru__alma10-greedy-300__473fcb96dd21,slimgpt,gen,30,dir,en-ru,en-ru,False,,cs-en,True,False,300,0.837814,36.3066,59.8701,-0.014619,-5.6787,-3.4644,5.8e-05,0.0033,0,0,0,0,0.9858,0,0,0.0067,0.0033,0.0054,0.9927
alma-7b-slimgpt30-gen-dir-en-ru,alma-7b-slimgpt30-gen-dir-en-ru__alma10-greedy-300__473fcb96dd21,slimgpt,gen,30,dir,en-ru,en-ru,False,,de-en,True,False,300,0.826147,27.1331,51.353,-0.013063,-4.1837,-2.4416,-1.5e-05,0.0067,0,0,0,0,0.9389,0.0033,0.0033,0.0067,0.0067,0.0068,0.9486
alma-7b-slimgpt30-gen-dir-en-ru,alma-7b-slimgpt30-gen-dir-en-ru__alma10-greedy-300__473fcb96dd21,slimgpt,gen,30,dir,en-ru,en-ru,False,,is-en,True,False,300,0.839565,32.4404,54.4241,-0.023098,-5.8089,-4.0728,-0.010064,0.01,0.0033,0.0033,0.0033,0,0.9713,0,0,0.0267,0.01,0.0057,1.0119
alma-7b-slimgpt30-gen-dir-en-ru,alma-7b-slimgpt30-gen-dir-en-ru__alma10-greedy-300__473fcb96dd21,slimgpt,gen,30,dir,en-ru,en-ru,False,,ru-en,True,False,300,0.825809,33.6929,58.0839,-0.020614,-3.2441,-2.3268,-0.002509,0,0,0,0,0,0.9898,0.0033,0.0067,0.02,0,0.0069,1.0037
alma-7b-slimgpt30-gen-dir-en-ru,alma-7b-slimgpt30-gen-dir-en-ru__alma10-greedy-300__473fcb96dd21,slimgpt,gen,30,dir,en-ru,en-ru,False,,zh-en,True,False,300,0.769832,16.1919,43.0953,-0.026303,-3.6501,-5.2112,-0.011868,0,0,0,0,0,0.9032,0,0.0033,0.0067,0,0.0042,0.9388
alma-7b-slimgpt30-gen-dir-en-ru,alma-7b-slimgpt30-gen-dir-en-ru__alma10-greedy-300__473fcb96dd21,slimgpt,gen,30,dir,en-ru,en-ru,False,,en-cs,False,False,300,0.790865,16.5899,40.1272,-0.079439,-8.3406,-8.2576,-0.040357,0.01,0,0.0033,0.0033,0,0.9935,0.0067,0.0233,0.0267,0.01,0.0071,1.0035
alma-7b-slimgpt30-gen-dir-en-ru,alma-7b-slimgpt30-gen-dir-en-ru__alma10-greedy-300__473fcb96dd21,slimgpt,gen,30,dir,en-ru,en-ru,False,,en-de,False,False,300,0.790679,21.7004,48.8596,-0.062285,-6.2911,-5.8745,-0.042504,0.0267,0,0,0,0,1.0057,0.0167,0,0.0267,0.0267,0.0141,1.0268
alma-7b-slimgpt30-gen-dir-en-ru,alma-7b-slimgpt30-gen-dir-en-ru__alma10-greedy-300__473fcb96dd21,slimgpt,gen,30,dir,en-ru,en-ru,False,,en-is,False,False,300,0.624245,10.4357,33.7156,-0.217594,-13.3149,-15.5628,-0.177386,0.0233,0.0033,0.0267,0.0267,0,0.9979,0,0,0.03,0.0233,0.0044,1.0473
alma-7b-slimgpt30-gen-dir-en-ru,alma-7b-slimgpt30-gen-dir-en-ru__alma10-greedy-300__473fcb96dd21,slimgpt,gen,30,dir,en-ru,en-ru,False,,en-ru,False,True,300,0.83221,21.5099,44.8444,-0.028871,-3.4961,-3.5711,0.005401,0,0,0,0,0,0.9725,0,0.0167,0.06,0,0.011,1.0074
alma-7b-slimgpt30-gen-dir-en-ru,alma-7b-slimgpt30-gen-dir-en-ru__alma10-greedy-300__473fcb96dd21,slimgpt,gen,30,dir,en-ru,en-ru,False,,en-zh,False,False,300,0.70396,20.0005,15.3364,-0.146775,-13.5019,-10.8976,-0.108675,0,0,0.04,0.04,0,1.1657,0,0.1933,0.0333,0,0.1087,0.8561
alma-7b-slimgpt30-gen-dir-en-zh,alma-7b-slimgpt30-gen-dir-en-zh__alma10-greedy-300__6dd20964640a,slimgpt,gen,30,dir,en-zh,en-zh,False,,cs-en,True,False,300,0.82102,34.0231,57.3499,-0.031413,-7.9622,-5.9846,-0.016736,0.0067,0,0,0,0,0.9767,0,0,0.0067,0.0067,0.0051,0.9904
alma-7b-slimgpt30-gen-dir-en-zh,alma-7b-slimgpt30-gen-dir-en-zh__alma10-greedy-300__6dd20964640a,slimgpt,gen,30,dir,en-zh,en-zh,False,,de-en,True,False,300,0.828132,27.2447,50.7849,-0.011078,-4.0721,-3.0097,0.00197,0.0033,0,0,0,0,0.9343,0,0.0033,0.01,0.0033,0.0066,0.9484
alma-7b-slimgpt30-gen-dir-en-zh,alma-7b-slimgpt30-gen-dir-en-zh__alma10-greedy-300__6dd20964640a,slimgpt,gen,30,dir,en-zh,en-zh,False,,is-en,True,False,300,0.832005,28.853,52.1227,-0.030658,-9.3963,-6.3742,-0.017624,0.0067,0,0,0,0,0.9526,0,0,0.01,0.0067,0.0068,0.9783
alma-7b-slimgpt30-gen-dir-en-zh,alma-7b-slimgpt30-gen-dir-en-zh__alma10-greedy-300__6dd20964640a,slimgpt,gen,30,dir,en-zh,en-zh,False,,ru-en,True,False,300,0.819381,33.1599,57.1352,-0.027042,-3.7771,-3.2755,-0.008937,0,0,0,0,0,0.9728,0.0033,0.0067,0.0167,0,0.0081,0.9842
alma-7b-slimgpt30-gen-dir-en-zh,alma-7b-slimgpt30-gen-dir-en-zh__alma10-greedy-300__6dd20964640a,slimgpt,gen,30,dir,en-zh,en-zh,False,,zh-en,True,False,300,0.769778,16.3679,44.043,-0.026357,-3.4741,-4.2635,-0.011922,0,0,0,0,0,0.8755,0,0,0.0067,0,0.0044,0.9042
alma-7b-slimgpt30-gen-dir-en-zh,alma-7b-slimgpt30-gen-dir-en-zh__alma10-greedy-300__6dd20964640a,slimgpt,gen,30,dir,en-zh,en-zh,False,,en-cs,False,False,300,0.652056,8.1771,31.6646,-0.218248,-16.7534,-16.7202,-0.179166,0.02,0.01,0.02,0.02,0,1.0115,0.01,0.0233,0.03,0.02,0.0091,1.0153
alma-7b-slimgpt30-gen-dir-en-zh,alma-7b-slimgpt30-gen-dir-en-zh__alma10-greedy-300__6dd20964640a,slimgpt,gen,30,dir,en-zh,en-zh,False,,en-de,False,False,300,0.713398,13.3654,42.8082,-0.139566,-14.6261,-11.9259,-0.119785,0.0467,0.0033,0.01,0.01,0,1.0593,0.0333,0,0.0467,0.0467,0.01,1.109
alma-7b-slimgpt30-gen-dir-en-zh,alma-7b-slimgpt30-gen-dir-en-zh__alma10-greedy-300__6dd20964640a,slimgpt,gen,30,dir,en-zh,en-zh,False,,en-is,False,False,300,0.476855,5.2638,25.8627,-0.364984,-18.4868,-23.4157,-0.324776,0.0267,0.0433,0.1267,0.1267,0,1.1457,0.0033,0,0.04,0.0267,0.004,1.2489
alma-7b-slimgpt30-gen-dir-en-zh,alma-7b-slimgpt30-gen-dir-en-zh__alma10-greedy-300__6dd20964640a,slimgpt,gen,30,dir,en-zh,en-zh,False,,en-ru,False,False,300,0.763224,14.8271,39.7885,-0.097857,-10.1789,-8.627,-0.063585,0,0,0.0033,0.0033,0,0.9475,0,0.01,0.05,0,0.0214,0.9831
alma-7b-slimgpt30-gen-dir-en-zh,alma-7b-slimgpt30-gen-dir-en-zh__alma10-greedy-300__6dd20964640a,slimgpt,gen,30,dir,en-zh,en-zh,False,,en-zh,False,True,300,0.821706,28.2065,24.3773,-0.029029,-5.2959,-1.8567,0.009071,0,0,0.0033,0.0033,0,1.004,0,0.1567,0.0267,0,0,1.0178
alma-7b-flap30-ref-dir-cs-en,alma-7b-flap30-ref-dir-cs-en__alma10-greedy-300__216034256622,flap,ref,30,dir,cs-en,cs-en,False,,cs-en,True,True,300,0.823652,33.5621,56.8695,-0.028781,-8.4232,-6.465,0.000179,0.0033,0,0,0,0,0.9501,0,0,0.0033,0.0033,0.005,0.9757
alma-7b-flap30-ref-dir-cs-en,alma-7b-flap30-ref-dir-cs-en__alma10-greedy-300__216034256622,flap,ref,30,dir,cs-en,cs-en,False,,de-en,True,False,300,0.816555,26.6531,50.1848,-0.022655,-4.6637,-3.6098,-0.004186,0,0.0033,0.0033,0.0033,0,0.9585,0,0,0,0,0.0061,0.9792
alma-7b-flap30-ref-dir-cs-en,alma-7b-flap30-ref-dir-cs-en__alma10-greedy-300__216034256622,flap,ref,30,dir,cs-en,cs-en,False,,is-en,True,False,300,0.83566,31.8591,53.6778,-0.027003,-6.3902,-4.8191,0.000537,0.0067,0.0033,0.0033,0.0033,0,0.9781,0,0,0.0133,0.0067,0.0057,1.0142
alma-7b-flap30-ref-dir-cs-en,alma-7b-flap30-ref-dir-cs-en__alma10-greedy-300__216034256622,flap,ref,30,dir,cs-en,cs-en,False,,ru-en,True,False,300,0.813272,32.9436,55.8354,-0.033151,-3.9934,-4.5753,0.000218,0,0,0.0033,0.0033,0,0.9811,0.0033,0.0067,0.0067,0,0.0073,1.001
alma-7b-flap30-ref-dir-cs-en,alma-7b-flap30-ref-dir-cs-en__alma10-greedy-300__216034256622,flap,ref,30,dir,cs-en,cs-en,False,,zh-en,True,False,300,0.739504,13.2038,40.6836,-0.056631,-6.6382,-7.6229,-0.0125,0,0.0133,0.0233,0.0233,0,1.0288,0,0.01,0.0067,0,0.0045,1.0979
alma-7b-flap30-ref-dir-cs-en,alma-7b-flap30-ref-dir-cs-en__alma10-greedy-300__216034256622,flap,ref,30,dir,cs-en,cs-en,False,,en-cs,False,False,300,0.814472,19.5217,41.9896,-0.055832,-5.4088,-6.3952,0.031161,0,0.0033,0.0033,0.0033,0,0.9424,0,0.0267,0.03,0,0.007,0.9933
alma-7b-flap30-ref-dir-cs-en,alma-7b-flap30-ref-dir-cs-en__alma10-greedy-300__216034256622,flap,ref,30,dir,cs-en,cs-en,False,,en-de,False,False,300,0.779123,19.5032,46.0568,-0.073841,-8.4883,-8.6773,-0.019582,0.01,0,0.0033,0.0033,0,0.9766,0.01,0.0033,0.01,0.01,0.0133,1.0174
alma-7b-flap30-ref-dir-cs-en,alma-7b-flap30-ref-dir-cs-en__alma10-greedy-300__216034256622,flap,ref,30,dir,cs-en,cs-en,False,,en-is,False,False,300,0.576229,10.1567,31.0217,-0.26561,-13.5939,-18.2567,-0.104296,0.0067,0.01,0.0433,0.0433,0,0.9087,0,0.0033,0.02,0.0067,0.0055,1.0193
alma-7b-flap30-ref-dir-cs-en,alma-7b-flap30-ref-dir-cs-en__alma10-greedy-300__216034256622,flap,ref,30,dir,cs-en,cs-en,False,,en-ru,False,False,300,0.792377,18.5554,40.2672,-0.068704,-6.4506,-8.1483,-0.001409,0,0,0,0,0,0.9236,0,0.01,0.05,0,0.0127,0.9889
alma-7b-flap30-ref-dir-cs-en,alma-7b-flap30-ref-dir-cs-en__alma10-greedy-300__216034256622,flap,ref,30,dir,cs-en,cs-en,False,,en-zh,False,False,300,0.635373,13.6234,12.878,-0.215362,-19.879,-13.356,-0.086406,0,0,0.0333,0.0333,0,0.816,0,0.31,0.02,0,0.0468,0.7258
alma-7b-flap30-ref-dir-de-en,alma-7b-flap30-ref-dir-de-en__alma10-greedy-300__b6ebff15b6f2,flap,ref,30,dir,de-en,de-en,False,,cs-en,True,False,300,0.8233,34.1763,56.8679,-0.029133,-7.809,-6.4666,-0.000173,0.0033,0.0033,0.0033,0.0033,0,0.9772,0.0033,0,0.0033,0.0033,0.005,1.0129
alma-7b-flap30-ref-dir-de-en,alma-7b-flap30-ref-dir-de-en__alma10-greedy-300__b6ebff15b6f2,flap,ref,30,dir,de-en,de-en,False,,de-en,True,True,300,0.821443,27.7619,51.0259,-0.017767,-3.5549,-2.7687,0.000702,0.0033,0,0,0,0,0.94,0,0,0.0067,0.0033,0.0077,0.9673
alma-7b-flap30-ref-dir-de-en,alma-7b-flap30-ref-dir-de-en__alma10-greedy-300__b6ebff15b6f2,flap,ref,30,dir,de-en,de-en,False,,is-en,True,False,300,0.841653,33.0133,54.397,-0.02101,-5.236,-4.0999,0.00653,0.0067,0,0,0,0,0.9513,0,0,0.0167,0.0067,0.0062,0.9874
alma-7b-flap30-ref-dir-de-en,alma-7b-flap30-ref-dir-de-en__alma10-greedy-300__b6ebff15b6f2,flap,ref,30,dir,de-en,de-en,False,,ru-en,True,False,300,0.814113,33.2111,56.4864,-0.03231,-3.7259,-3.9243,0.001059,0,0,0.0033,0.0033,0,0.9931,0.0033,0.0067,0.0133,0,0.0078,1.0129
alma-7b-flap30-ref-dir-de-en,alma-7b-flap30-ref-dir-de-en__alma10-greedy-300__b6ebff15b6f2,flap,ref,30,dir,de-en,de-en,False,,zh-en,True,False,300,0.734846,12.9328,40.249,-0.061289,-6.9092,-8.0575,-0.017158,0,0.0133,0.0233,0.0233,0,1.0169,0,0.0133,0.0033,0,0.0042,1.1052
alma-7b-flap30-ref-dir-de-en,alma-7b-flap30-ref-dir-de-en__alma10-greedy-300__b6ebff15b6f2,flap,ref,30,dir,de-en,de-en,False,,en-cs,False,False,300,0.714606,13.3623,35.2586,-0.155698,-11.5682,-13.1262,-0.068705,0.0167,0.01,0.0233,0.0233,0,1.0376,0.0033,0.0367,0.0333,0.0167,0.0079,1.0709
alma-7b-flap30-ref-dir-de-en,alma-7b-flap30-ref-dir-de-en__alma10-greedy-300__b6ebff15b6f2,flap,ref,30,dir,de-en,de-en,False,,en-de,False,False,300,0.808046,22.7104,48.4366,-0.044918,-5.2811,-6.2975,0.009341,0.0267,0,0,0,0,0.9505,0.0267,0,0.03,0.0267,0.0136,0.9915
alma-7b-flap30-ref-dir-de-en,alma-7b-flap30-ref-dir-de-en__alma10-greedy-300__b6ebff15b6f2,flap,ref,30,dir,de-en,de-en,False,,en-is,False,False,300,0.565564,9.1765,31.1394,-0.276275,-14.5741,-18.139,-0.114961,0.0133,0.0267,0.0667,0.0667,0,1.044,0,0,0.03,0.0133,0.0053,1.1877
alma-7b-flap30-ref-dir-de-en,alma-7b-flap30-ref-dir-de-en__alma10-greedy-300__b6ebff15b6f2,flap,ref,30,dir,de-en,de-en,False,,en-ru,False,False,300,0.775451,16.4286,38.6217,-0.08563,-8.5774,-9.7938,-0.018335,0,0.0033,0.0067,0.0067,0,0.9528,0,0.0167,0.0767,0,0.0116,1.0342
alma-7b-flap30-ref-dir-de-en,alma-7b-flap30-ref-dir-de-en__alma10-greedy-300__b6ebff15b6f2,flap,ref,30,dir,de-en,de-en,False,,en-zh,False,False,300,0.592716,10.3408,10.3039,-0.258019,-23.1616,-15.9301,-0.129063,0,0,0.0333,0.0333,0,0.8271,0,0.3633,0.02,0,0.1117,0.5958
alma-7b-flap30-ref-dir-is-en,alma-7b-flap30-ref-dir-is-en__alma10-greedy-300__6084fcff4ea8,flap,ref,30,dir,is-en,is-en,False,,cs-en,True,False,300,0.82351,32.2943,55.3131,-0.028923,-9.691,-8.0214,3.7e-05,0.0067,0.0033,0.0033,0.0033,0,0.9675,0,0,0.0067,0.0067,0.0056,0.9748
alma-7b-flap30-ref-dir-is-en,alma-7b-flap30-ref-dir-is-en__alma10-greedy-300__6084fcff4ea8,flap,ref,30,dir,is-en,is-en,False,,de-en,True,False,300,0.82106,26.7252,49.4739,-0.01815,-4.5916,-4.3207,0.000319,0,0,0,0,0,0.9133,0,0,0.0033,0,0.0076,0.9335
alma-7b-flap30-ref-dir-is-en,alma-7b-flap30-ref-dir-is-en__alma10-greedy-300__6084fcff4ea8,flap,ref,30,dir,is-en,is-en,False,,is-en,True,True,300,0.842065,32.5458,54.2395,-0.020598,-5.7035,-4.2574,0.006942,0.0033,0,0,0,0,0.9421,0,0,0.01,0.0033,0.0058,0.9728
alma-7b-flap30-ref-dir-is-en,alma-7b-flap30-ref-dir-is-en__alma10-greedy-300__6084fcff4ea8,flap,ref,30,dir,is-en,is-en,False,,ru-en,True,False,300,0.815247,30.776,54.0521,-0.031176,-6.161,-6.3586,0.002193,0,0,0,0,0,0.939,0.0033,0.0067,0.02,0,0.0087,0.9646
alma-7b-flap30-ref-dir-is-en,alma-7b-flap30-ref-dir-is-en__alma10-greedy-300__6084fcff4ea8,flap,ref,30,dir,is-en,is-en,False,,zh-en,True,False,300,0.751689,14.3514,40.6745,-0.044446,-5.4906,-7.632,-0.000315,0,0.0167,0.0167,0.0167,0,0.9449,0,0.0133,0.0133,0,0.0055,1.0138
alma-7b-flap30-ref-dir-is-en,alma-7b-flap30-ref-dir-is-en__alma10-greedy-300__6084fcff4ea8,flap,ref,30,dir,is-en,is-en,False,,en-cs,False,False,300,0.719896,12.0119,34.2916,-0.150408,-12.9186,-14.0932,-0.063415,0.0167,0.0167,0.0233,0.0233,0,1.0143,0.0033,0.0233,0.0467,0.0167,0.0085,1.0882
alma-7b-flap30-ref-dir-is-en,alma-7b-flap30-ref-dir-is-en__alma10-greedy-300__6084fcff4ea8,flap,ref,30,dir,is-en,is-en,False,,en-de,False,False,300,0.7671,20.0372,45.7516,-0.085864,-7.9543,-8.9825,-0.031605,0.0233,0.0033,0.0067,0.0067,0,0.9706,0.0167,0.0033,0.0367,0.0233,0.0139,1.0043
alma-7b-flap30-ref-dir-is-en,alma-7b-flap30-ref-dir-is-en__alma10-greedy-300__6084fcff4ea8,flap,ref,30,dir,is-en,is-en,False,,en-is,False,False,300,0.772256,17.0071,41.2515,-0.069583,-6.7435,-8.0269,0.091731,0,0,0.0033,0.0033,0,0.9155,0,0,0.0033,0,0.0047,0.9735
alma-7b-flap30-ref-dir-is-en,alma-7b-flap30-ref-dir-is-en__alma10-greedy-300__6084fcff4ea8,flap,ref,30,dir,is-en,is-en,False,,en-ru,False,False,300,0.758672,16.4886,37.8024,-0.102409,-8.5174,-10.6131,-0.035114,0.0067,0,0.0033,0.0033,0,0.9182,0,0.0167,0.0633,0.0067,0.0121,0.9721
alma-7b-flap30-ref-dir-is-en,alma-7b-flap30-ref-dir-is-en__alma10-greedy-300__6084fcff4ea8,flap,ref,30,dir,is-en,is-en,False,,en-zh,False,False,300,0.612471,10.2475,10.5383,-0.238264,-23.2549,-15.6957,-0.109308,0,0,0.02,0.02,0,0.715,0,0.3333,0.02,0,0.052,0.6168
alma-7b-flap30-ref-dir-ru-en,alma-7b-flap30-ref-dir-ru-en__alma10-greedy-300__0de4ee76f87d,flap,ref,30,dir,ru-en,ru-en,False,,cs-en,True,False,300,0.825206,34.3925,57.0856,-0.027227,-7.5928,-6.2489,0.001733,0.0067,0,0,0,0,0.9675,0.0033,0,0.0067,0.0067,0.0051,0.9951
alma-7b-flap30-ref-dir-ru-en,alma-7b-flap30-ref-dir-ru-en__alma10-greedy-300__0de4ee76f87d,flap,ref,30,dir,ru-en,ru-en,False,,de-en,True,False,300,0.822381,28.6489,51.1063,-0.016829,-2.6679,-2.6883,0.00164,0,0,0,0,0,0.9332,0,0,0,0,0.0073,0.9605
alma-7b-flap30-ref-dir-ru-en,alma-7b-flap30-ref-dir-ru-en__alma10-greedy-300__0de4ee76f87d,flap,ref,30,dir,ru-en,ru-en,False,,is-en,True,False,300,0.8319,32.7831,54.1058,-0.030763,-5.4662,-4.3911,-0.003223,0.01,0,0,0,0,0.9577,0,0,0.02,0.01,0.0066,0.9967
alma-7b-flap30-ref-dir-ru-en,alma-7b-flap30-ref-dir-ru-en__alma10-greedy-300__0de4ee76f87d,flap,ref,30,dir,ru-en,ru-en,False,,ru-en,True,True,300,0.81693,31.756,55.9786,-0.029493,-5.181,-4.4321,0.003876,0,0.0033,0.0033,0.0033,0,1.0282,0.0033,0.0067,0.0167,0,0.0074,1.0429
alma-7b-flap30-ref-dir-ru-en,alma-7b-flap30-ref-dir-ru-en__alma10-greedy-300__0de4ee76f87d,flap,ref,30,dir,ru-en,ru-en,False,,zh-en,True,False,300,0.738187,14.4791,40.9933,-0.057948,-5.3629,-7.3132,-0.013817,0,0.0067,0.0133,0.0133,0,0.9555,0,0.0033,0.01,0,0.0053,1.0403
alma-7b-flap30-ref-dir-ru-en,alma-7b-flap30-ref-dir-ru-en__alma10-greedy-300__0de4ee76f87d,flap,ref,30,dir,ru-en,ru-en,False,,en-cs,False,False,300,0.736354,14.7061,36.4606,-0.13395,-10.2244,-11.9242,-0.046957,0,0,0.0133,0.0133,0,0.9647,0,0.03,0.01,0,0.0083,0.9912
alma-7b-flap30-ref-dir-ru-en,alma-7b-flap30-ref-dir-ru-en__alma10-greedy-300__0de4ee76f87d,flap,ref,30,dir,ru-en,ru-en,False,,en-de,False,False,300,0.762452,19.2929,45.5579,-0.090512,-8.6986,-9.1762,-0.036253,0.0267,0,0.0033,0.0033,0,0.9661,0.0167,0,0.0267,0.0267,0.0151,1.0012
alma-7b-flap30-ref-dir-ru-en,alma-7b-flap30-ref-dir-ru-en__alma10-greedy-300__0de4ee76f87d,flap,ref,30,dir,ru-en,ru-en,False,,en-is,False,False,300,0.523237,8.177,29.4618,-0.318602,-15.5736,-19.8166,-0.157288,0.0133,0.02,0.06,0.06,0,0.9649,0.0067,0,0.0267,0.0133,0.0056,1.1267
alma-7b-flap30-ref-dir-ru-en,alma-7b-flap30-ref-dir-ru-en__alma10-greedy-300__0de4ee76f87d,flap,ref,30,dir,ru-en,ru-en,False,,en-ru,False,False,300,0.796498,18.1497,40.203,-0.064583,-6.8563,-8.2125,0.002712,0,0.0033,0.0033,0.0033,0,0.9403,0,0.0233,0.0533,0,0.0129,0.9938
alma-7b-flap30-ref-dir-ru-en,alma-7b-flap30-ref-dir-ru-en__alma10-greedy-300__0de4ee76f87d,flap,ref,30,dir,ru-en,ru-en,False,,en-zh,False,False,300,0.702949,18.1653,15.0357,-0.147786,-15.3371,-11.1983,-0.01883,0,0,0.0233,0.0233,0,0.9476,0,0.2167,0.0233,0,0.019,0.9273
alma-7b-flap30-ref-dir-zh-en,alma-7b-flap30-ref-dir-zh-en__alma10-greedy-300__3f226542327f,flap,ref,30,dir,zh-en,zh-en,False,,cs-en,True,False,300,0.826685,34.8352,57.5635,-0.025748,-7.1501,-5.771,0.003212,0.0033,0,0,0,0,0.9541,0.0033,0,0.0033,0.0033,0.0053,0.9834
alma-7b-flap30-ref-dir-zh-en,alma-7b-flap30-ref-dir-zh-en__alma10-greedy-300__3f226542327f,flap,ref,30,dir,zh-en,zh-en,False,,de-en,True,False,300,0.821623,28.0431,50.7151,-0.017587,-3.2737,-3.0795,0.000882,0,0,0,0,0,0.9283,0,0,0.0033,0,0.0076,0.9563
alma-7b-flap30-ref-dir-zh-en,alma-7b-flap30-ref-dir-zh-en__alma10-greedy-300__3f226542327f,flap,ref,30,dir,zh-en,zh-en,False,,is-en,True,False,300,0.836589,32.94,54.1046,-0.026074,-5.3093,-4.3923,0.001466,0.0033,0,0,0,0,0.9393,0,0.0033,0.01,0.0033,0.0064,0.9745
alma-7b-flap30-ref-dir-zh-en,alma-7b-flap30-ref-dir-zh-en__alma10-greedy-300__3f226542327f,flap,ref,30,dir,zh-en,zh-en,False,,ru-en,True,False,300,0.817643,33.0982,56.6593,-0.02878,-3.8388,-3.7514,0.004589,0,0,0,0,0,0.9807,0.0033,0.01,0.0167,0,0.0082,1.0074
alma-7b-flap30-ref-dir-zh-en,alma-7b-flap30-ref-dir-zh-en__alma10-greedy-300__3f226542327f,flap,ref,30,dir,zh-en,zh-en,False,,zh-en,True,True,300,0.754661,16.0105,43.3358,-0.041474,-3.8315,-4.9707,0.002657,0,0.0033,0.01,0.01,0,0.9272,0,0.0067,0.0067,0,0.0043,0.9978
alma-7b-flap30-ref-dir-zh-en,alma-7b-flap30-ref-dir-zh-en__alma10-greedy-300__3f226542327f,flap,ref,30,dir,zh-en,zh-en,False,,en-cs,False,False,300,0.690301,11.5652,34.8958,-0.180003,-13.3653,-13.489,-0.09301,0.0167,0.01,0.0067,0.0067,0,0.9578,0.0033,0.0367,0.03,0.0167,0.0076,1.0002
alma-7b-flap30-ref-dir-zh-en,alma-7b-flap30-ref-dir-zh-en__alma10-greedy-300__3f226542327f,flap,ref,30,dir,zh-en,zh-en,False,,en-de,False,False,300,0.741088,16.6279,43.966,-0.111876,-11.3636,-10.7681,-0.057617,0.03,0.0033,0.0033,0.0033,0,0.9636,0.0167,0,0.03,0.03,0.0138,1.0138
alma-7b-flap30-ref-dir-zh-en,alma-7b-flap30-ref-dir-zh-en__alma10-greedy-300__3f226542327f,flap,ref,30,dir,zh-en,zh-en,False,,en-is,False,False,300,0.528051,8.8223,29.5784,-0.313788,-14.9283,-19.7,-0.152474,0.0067,0.0067,0.02,0.02,0,0.8692,0.0033,0,0.01,0.0067,0.0062,0.9905
alma-7b-flap30-ref-dir-zh-en,alma-7b-flap30-ref-dir-zh-en__alma10-greedy-300__3f226542327f,flap,ref,30,dir,zh-en,zh-en,False,,en-ru,False,False,300,0.744485,14.2863,38.429,-0.116596,-10.7197,-9.9865,-0.049301,0,0,0,0,0,0.9046,0,0.03,0.0533,0,0.0135,0.9476
alma-7b-flap30-ref-dir-zh-en,alma-7b-flap30-ref-dir-zh-en__alma10-greedy-300__3f226542327f,flap,ref,30,dir,zh-en,zh-en,False,,en-zh,False,False,300,0.755477,21.501,17.7909,-0.095258,-12.0014,-8.4431,0.033698,0,0,0.01,0.01,0,0.8877,0,0.2033,0.0233,0,0.0111,0.8858
alma-7b-flap30-ref-dir-en-cs,alma-7b-flap30-ref-dir-en-cs__alma10-greedy-300__7b36b5c71d0d,flap,ref,30,dir,en-cs,en-cs,False,,cs-en,True,False,300,0.826105,34.8857,57.4404,-0.026328,-7.0996,-5.8941,0.002632,0.0067,0,0,0,0,0.9638,0,0,0.01,0.0067,0.0053,0.9902
alma-7b-flap30-ref-dir-en-cs,alma-7b-flap30-ref-dir-en-cs__alma10-greedy-300__7b36b5c71d0d,flap,ref,30,dir,en-cs,en-cs,False,,de-en,True,False,300,0.818649,28.3336,50.5851,-0.020561,-2.9832,-3.2095,-0.002092,0.0067,0.0033,0.0033,0.0033,0,0.9642,0,0,0.0167,0.0067,0.0064,0.9777
alma-7b-flap30-ref-dir-en-cs,alma-7b-flap30-ref-dir-en-cs__alma10-greedy-300__7b36b5c71d0d,flap,ref,30,dir,en-cs,en-cs,False,,is-en,True,False,300,0.82523,32.5025,53.3092,-0.037433,-5.7468,-5.1877,-0.009893,0.01,0,0.0033,0.0033,0,0.9784,0,0,0.0133,0.01,0.0061,0.9927
alma-7b-flap30-ref-dir-en-cs,alma-7b-flap30-ref-dir-en-cs__alma10-greedy-300__7b36b5c71d0d,flap,ref,30,dir,en-cs,en-cs,False,,ru-en,True,False,300,0.821325,33.8026,56.9457,-0.025098,-3.1344,-3.465,0.008271,0,0,0,0,0,0.977,0.0033,0.0067,0.0167,0,0.0091,0.9908
alma-7b-flap30-ref-dir-en-cs,alma-7b-flap30-ref-dir-en-cs__alma10-greedy-300__7b36b5c71d0d,flap,ref,30,dir,en-cs,en-cs,False,,zh-en,True,False,300,0.734118,12.3887,40.3679,-0.062017,-7.4533,-7.9386,-0.017886,0,0.0267,0.03,0.03,0,1.1418,0,0.0067,0.0167,0,0.0044,1.186
alma-7b-flap30-ref-dir-en-cs,alma-7b-flap30-ref-dir-en-cs__alma10-greedy-300__7b36b5c71d0d,flap,ref,30,dir,en-cs,en-cs,False,,en-cs,False,True,300,0.8091,20.4589,42.6855,-0.061204,-4.4716,-5.6993,0.025789,0.0033,0.0067,0.0067,0.0067,0,0.9746,0.0033,0.0233,0.02,0.0033,0.0065,1.0108
alma-7b-flap30-ref-dir-en-cs,alma-7b-flap30-ref-dir-en-cs__alma10-greedy-300__7b36b5c71d0d,flap,ref,30,dir,en-cs,en-cs,False,,en-de,False,False,300,0.780131,20.0753,47.1062,-0.072833,-7.9162,-7.6279,-0.018574,0.0233,0,0.0033,0.0033,0,1.0037,0.0167,0.0033,0.0233,0.0233,0.0128,1.0248
alma-7b-flap30-ref-dir-en-cs,alma-7b-flap30-ref-dir-en-cs__alma10-greedy-300__7b36b5c71d0d,flap,ref,30,dir,en-cs,en-cs,False,,en-is,False,False,300,0.558095,8.9867,31.3248,-0.283744,-14.7639,-17.9536,-0.12243,0.0033,0.03,0.0933,0.0933,0,1.1072,0,0,0.0133,0.0033,0.0069,1.2449
alma-7b-flap30-ref-dir-en-cs,alma-7b-flap30-ref-dir-en-cs__alma10-greedy-300__7b36b5c71d0d,flap,ref,30,dir,en-cs,en-cs,False,,en-ru,False,False,300,0.78679,17.6082,40.1195,-0.074291,-7.3978,-8.296,-0.006996,0,0.0033,0.01,0.01,0,0.9887,0,0.0233,0.0567,0,0.0122,1.0354
alma-7b-flap30-ref-dir-en-cs,alma-7b-flap30-ref-dir-en-cs__alma10-greedy-300__7b36b5c71d0d,flap,ref,30,dir,en-cs,en-cs,False,,en-zh,False,False,300,0.615359,13.3371,12.1026,-0.235376,-20.1653,-14.1314,-0.10642,0,0,0.0433,0.0433,0,0.9225,0,0.3033,0.0233,0,0.0832,0.7378
alma-7b-flap30-ref-dir-en-de,alma-7b-flap30-ref-dir-en-de__alma10-greedy-300__9e7c99cb33da,flap,ref,30,dir,en-de,en-de,False,,cs-en,True,False,300,0.825062,35.3506,57.456,-0.027371,-6.6347,-5.8785,0.001589,0.0067,0,0,0,0,0.9579,0.0033,0,0.01,0.0067,0.004,0.9863
alma-7b-flap30-ref-dir-en-de,alma-7b-flap30-ref-dir-en-de__alma10-greedy-300__9e7c99cb33da,flap,ref,30,dir,en-de,en-de,False,,de-en,True,False,300,0.823161,27.3774,50.611,-0.016049,-3.9394,-3.1836,0.00242,0.0033,0,0,0,0,0.923,0,0,0.0067,0.0033,0.0064,0.9382
alma-7b-flap30-ref-dir-en-de,alma-7b-flap30-ref-dir-en-de__alma10-greedy-300__9e7c99cb33da,flap,ref,30,dir,en-de,en-de,False,,is-en,True,False,300,0.832459,30.8802,53.5372,-0.030204,-7.3691,-4.9597,-0.002664,0.0067,0.0067,0.01,0.01,0,1.0496,0,0,0.02,0.0067,0.0056,1.0733
alma-7b-flap30-ref-dir-en-de,alma-7b-flap30-ref-dir-en-de__alma10-greedy-300__9e7c99cb33da,flap,ref,30,dir,en-de,en-de,False,,ru-en,True,False,300,0.820588,33.5766,57.1454,-0.025835,-3.3604,-3.2653,0.007534,0,0,0,0,0,0.9816,0.0033,0.0067,0.02,0,0.0083,1.0037
alma-7b-flap30-ref-dir-en-de,alma-7b-flap30-ref-dir-en-de__alma10-greedy-300__9e7c99cb33da,flap,ref,30,dir,en-de,en-de,False,,zh-en,True,False,300,0.741722,14.5308,41.6666,-0.054413,-5.3112,-6.6399,-0.010282,0.0033,0.01,0.0133,0.0133,0,0.9959,0,0.0167,0.0133,0.0033,0.0048,1.0562
alma-7b-flap30-ref-dir-en-de,alma-7b-flap30-ref-dir-en-de__alma10-greedy-300__9e7c99cb33da,flap,ref,30,dir,en-de,en-de,False,,en-cs,False,False,300,0.736161,12.795,35.1303,-0.134143,-12.1355,-13.2545,-0.04715,0.0033,0.0067,0.04,0.04,0,1.1325,0,0.0333,0.01,0.0033,0.0064,1.1677
alma-7b-flap30-ref-dir-en-de,alma-7b-flap30-ref-dir-en-de__alma10-greedy-300__9e7c99cb33da,flap,ref,30,dir,en-de,en-de,False,,en-de,False,True,300,0.816947,23.6164,49.8637,-0.036017,-4.3751,-4.8704,0.018242,0.0233,0,0,0,0,0.966,0.02,0,0.0233,0.0233,0.0131,1.0063
alma-7b-flap30-ref-dir-en-de,alma-7b-flap30-ref-dir-en-de__alma10-greedy-300__9e7c99cb33da,flap,ref,30,dir,en-de,en-de,False,,en-is,False,False,300,0.575264,9.7485,31.9824,-0.266575,-14.0021,-17.296,-0.105261,0.0067,0.0233,0.0833,0.0833,0,1.0364,0,0.0033,0.0167,0.0067,0.0069,1.1267
alma-7b-flap30-ref-dir-en-de,alma-7b-flap30-ref-dir-en-de__alma10-greedy-300__9e7c99cb33da,flap,ref,30,dir,en-de,en-de,False,,en-ru,False,False,300,0.766665,16.844,38.5564,-0.094416,-8.162,-9.8591,-0.027121,0,0,0.0067,0.0067,0,0.9469,0,0.0133,0.0767,0,0.0115,1.0004
alma-7b-flap30-ref-dir-en-de,alma-7b-flap30-ref-dir-en-de__alma10-greedy-300__9e7c99cb33da,flap,ref,30,dir,en-de,en-de,False,,en-zh,False,False,300,0.552774,7.921,9.1143,-0.297961,-25.5814,-17.1197,-0.169005,0,0,0.0433,0.0433,0,0.7985,0,0.4133,0.0333,0,0.1341,0.5241
alma-7b-flap30-ref-dir-en-is,alma-7b-flap30-ref-dir-en-is__alma10-greedy-300__3010839a8493,flap,ref,30,dir,en-is,en-is,False,,cs-en,True,False,300,0.827155,34.1301,57.4147,-0.025278,-7.8552,-5.9198,0.003682,0.0067,0,0,0,0,0.9653,0.0033,0,0.0067,0.0067,0.0064,0.982
alma-7b-flap30-ref-dir-en-is,alma-7b-flap30-ref-dir-en-is__alma10-greedy-300__3010839a8493,flap,ref,30,dir,en-is,en-is,False,,de-en,True,False,300,0.822574,26.7398,49.9058,-0.016636,-4.577,-3.8888,0.001833,0,0,0,0,0,0.9274,0,0,0.0033,0,0.008,0.9422
alma-7b-flap30-ref-dir-en-is,alma-7b-flap30-ref-dir-en-is__alma10-greedy-300__3010839a8493,flap,ref,30,dir,en-is,en-is,False,,is-en,True,False,300,0.839894,32.4285,54.2428,-0.022769,-5.8208,-4.2541,0.004771,0.0067,0,0,0,0,0.9464,0,0,0.0133,0.0067,0.0051,0.9761
alma-7b-flap30-ref-dir-en-is,alma-7b-flap30-ref-dir-en-is__alma10-greedy-300__3010839a8493,flap,ref,30,dir,en-is,en-is,False,,ru-en,True,False,300,0.813944,31.299,54.8744,-0.032479,-5.638,-5.5363,0.00089,0,0,0.0033,0.0033,0,0.9824,0.0033,0.0067,0.02,0,0.0075,0.9975
alma-7b-flap30-ref-dir-en-is,alma-7b-flap30-ref-dir-en-is__alma10-greedy-300__3010839a8493,flap,ref,30,dir,en-is,en-is,False,,zh-en,True,False,300,0.752117,14.5824,41.8842,-0.044018,-5.2596,-6.4223,0.000113,0,0.0133,0.0133,0.0133,0,0.9538,0,0.0133,0.0067,0,0.0051,0.9813
alma-7b-flap30-ref-dir-en-is,alma-7b-flap30-ref-dir-en-is__alma10-greedy-300__3010839a8493,flap,ref,30,dir,en-is,en-is,False,,en-cs,False,False,300,0.69105,11.0302,33.0935,-0.179254,-13.9003,-15.2913,-0.092261,0.01,0.02,0.0367,0.0367,0,1.1161,0.0033,0.03,0.0233,0.01,0.0073,1.1546
alma-7b-flap30-ref-dir-en-is,alma-7b-flap30-ref-dir-en-is__alma10-greedy-300__3010839a8493,flap,ref,30,dir,en-is,en-is,False,,en-de,False,False,300,0.768454,19.6629,45.5035,-0.08451,-8.3286,-9.2306,-0.030251,0.0167,0,0.01,0.01,0,0.9976,0.0167,0.0033,0.02,0.0167,0.0142,0.981
alma-7b-flap30-ref-dir-en-is,alma-7b-flap30-ref-dir-en-is__alma10-greedy-300__3010839a8493,flap,ref,30,dir,en-is,en-is,False,,en-is,False,True,300,0.750394,15.9596,40.5879,-0.091445,-7.791,-8.6905,0.069869,0.0067,0.0033,0.0133,0.0133,0,0.9698,0,0,0.01,0.0067,0.0046,1.0119
alma-7b-flap30-ref-dir-en-is,alma-7b-flap30-ref-dir-en-is__alma10-greedy-300__3010839a8493,flap,ref,30,dir,en-is,en-is,False,,en-ru,False,False,300,0.758909,15.88,37.4919,-0.102172,-9.126,-10.9236,-0.034877,0,0,0.0033,0.0033,0,0.9058,0,0.0233,0.05,0,0.0116,0.96
alma-7b-flap30-ref-dir-en-is,alma-7b-flap30-ref-dir-en-is__alma10-greedy-300__3010839a8493,flap,ref,30,dir,en-is,en-is,False,,en-zh,False,False,300,0.592672,11.0847,10.1234,-0.258063,-22.4177,-16.1106,-0.129107,0.0033,0.0067,0.0567,0.0567,0,0.8925,0,0.3167,0.0367,0.0033,0.0547,0.7526
alma-7b-flap30-ref-dir-en-ru,alma-7b-flap30-ref-dir-en-ru__alma10-greedy-300__68546c89fff5,flap,ref,30,dir,en-ru,en-ru,False,,cs-en,True,False,300,0.819425,33.7295,56.4267,-0.033008,-8.2558,-6.9078,-0.004048,0.0033,0,0,0,0,0.9559,0.0033,0,0.0067,0.0033,0.0058,0.9866
alma-7b-flap30-ref-dir-en-ru,alma-7b-flap30-ref-dir-en-ru__alma10-greedy-300__68546c89fff5,flap,ref,30,dir,en-ru,en-ru,False,,de-en,True,False,300,0.818977,26.9787,49.9483,-0.020233,-4.3381,-3.8463,-0.001764,0.0067,0,0,0,0,0.9335,0,0,0.01,0.0067,0.0077,0.9611
alma-7b-flap30-ref-dir-en-ru,alma-7b-flap30-ref-dir-en-ru__alma10-greedy-300__68546c89fff5,flap,ref,30,dir,en-ru,en-ru,False,,is-en,True,False,300,0.826252,30.9806,53.2622,-0.036411,-7.2687,-5.2347,-0.008871,0.0067,0.0033,0.0033,0.0033,0,0.9908,0,0,0.0133,0.0067,0.0059,1.0331
alma-7b-flap30-ref-dir-en-ru,alma-7b-flap30-ref-dir-en-ru__alma10-greedy-300__68546c89fff5,flap,ref,30,dir,en-ru,en-ru,False,,ru-en,True,False,300,0.814161,32.1229,56.1636,-0.032262,-4.8141,-4.2471,0.001107,0,0,0,0,0,0.9853,0.0033,0.0067,0.0167,0,0.0079,1.0126
alma-7b-flap30-ref-dir-en-ru,alma-7b-flap30-ref-dir-en-ru__alma10-greedy-300__68546c89fff5,flap,ref,30,dir,en-ru,en-ru,False,,zh-en,True,False,300,0.741388,14.4469,42.0038,-0.054747,-5.3951,-6.3027,-0.010616,0.0033,0,0.01,0.01,0,0.986,0,0.01,0.02,0.0033,0.0044,1.0565
alma-7b-flap30-ref-dir-en-ru,alma-7b-flap30-ref-dir-en-ru__alma10-greedy-300__68546c89fff5,flap,ref,30,dir,en-ru,en-ru,False,,en-cs,False,False,300,0.753787,16.0314,38.312,-0.116517,-8.8991,-10.0728,-0.029524,0.0033,0.0033,0.0067,0.0067,0,0.9805,0,0.02,0.0167,0.0033,0.0078,1.0422
alma-7b-flap30-ref-dir-en-ru,alma-7b-flap30-ref-dir-en-ru__alma10-greedy-300__68546c89fff5,flap,ref,30,dir,en-ru,en-ru,False,,en-de,False,False,300,0.770784,19.5765,46.8988,-0.08218,-8.415,-7.8353,-0.027921,0.0133,0.0033,0.0067,0.0067,0,1.0058,0.0067,0.0033,0.0133,0.0133,0.0141,1.054
alma-7b-flap30-ref-dir-en-ru,alma-7b-flap30-ref-dir-en-ru__alma10-greedy-300__68546c89fff5,flap,ref,30,dir,en-ru,en-ru,False,,en-is,False,False,300,0.52492,7.413,29.4198,-0.316919,-16.3376,-19.8586,-0.155605,0.0067,0.03,0.0967,0.0967,0,1.0796,0,0,0.0167,0.0067,0.0045,1.2156
alma-7b-flap30-ref-dir-en-ru,alma-7b-flap30-ref-dir-en-ru__alma10-greedy-300__68546c89fff5,flap,ref,30,dir,en-ru,en-ru,False,,en-ru,False,True,300,0.805196,18.9561,41.1992,-0.055885,-6.0499,-7.2163,0.01141,0,0,0,0,0,0.9455,0,0,0.0533,0,0.0117,0.9924
alma-7b-flap30-ref-dir-en-ru,alma-7b-flap30-ref-dir-en-ru__alma10-greedy-300__68546c89fff5,flap,ref,30,dir,en-ru,en-ru,False,,en-zh,False,False,300,0.691896,17.2687,13.9664,-0.158839,-16.2337,-12.2676,-0.029883,0,0,0.0433,0.0433,0,0.9959,0,0.2233,0.04,0,0.0272,0.9549
alma-7b-flap30-ref-dir-en-zh,alma-7b-flap30-ref-dir-en-zh__alma10-greedy-300__a0e25144758d,flap,ref,30,dir,en-zh,en-zh,False,,cs-en,True,False,300,0.818974,34.0357,56.6483,-0.033459,-7.9496,-6.6862,-0.004499,0.0033,0,0,0,0,0.9463,0,0,0.0033,0.0033,0.0055,0.9729
alma-7b-flap30-ref-dir-en-zh,alma-7b-flap30-ref-dir-en-zh__alma10-greedy-300__a0e25144758d,flap,ref,30,dir,en-zh,en-zh,False,,de-en,True,False,300,0.815956,26.9473,49.816,-0.023254,-4.3695,-3.9786,-0.004785,0,0.0033,0.0033,0.0033,0,0.9529,0,0.0033,0.0067,0,0.0072,0.9952
alma-7b-flap30-ref-dir-en-zh,alma-7b-flap30-ref-dir-en-zh__alma10-greedy-300__a0e25144758d,flap,ref,30,dir,en-zh,en-zh,False,,is-en,True,False,300,0.830968,30.9882,53.517,-0.031695,-7.2611,-4.9799,-0.004155,0.0067,0.0033,0.0033,0.0033,0,0.9654,0,0,0.0133,0.0067,0.0065,1.0272
alma-7b-flap30-ref-dir-en-zh,alma-7b-flap30-ref-dir-en-zh__alma10-greedy-300__a0e25144758d,flap,ref,30,dir,en-zh,en-zh,False,,ru-en,True,False,300,0.811043,32.3738,55.6878,-0.03538,-4.5632,-4.7229,-0.002011,0,0,0,0,0,0.9756,0.0033,0.0067,0.0167,0,0.0079,1.0067
alma-7b-flap30-ref-dir-en-zh,alma-7b-flap30-ref-dir-en-zh__alma10-greedy-300__a0e25144758d,flap,ref,30,dir,en-zh,en-zh,False,,zh-en,True,False,300,0.758125,15.9517,43.3137,-0.03801,-3.8903,-4.9928,0.006121,0,0.01,0.0133,0.0133,0,0.9933,0,0.0067,0.01,0,0.0042,1.0362
alma-7b-flap30-ref-dir-en-zh,alma-7b-flap30-ref-dir-en-zh__alma10-greedy-300__a0e25144758d,flap,ref,30,dir,en-zh,en-zh,False,,en-cs,False,False,300,0.678406,10.9127,33.7343,-0.191898,-14.0178,-14.6505,-0.104905,0.03,0.0067,0.0167,0.0167,0,1.0267,0.02,0.03,0.0367,0.03,0.0064,1.0847
alma-7b-flap30-ref-dir-en-zh,alma-7b-flap30-ref-dir-en-zh__alma10-greedy-300__a0e25144758d,flap,ref,30,dir,en-zh,en-zh,False,,en-de,False,False,300,0.753243,17.5201,44.9659,-0.099721,-10.4714,-9.7682,-0.045462,0.04,0,0,0,0,0.9513,0.02,0,0.04,0.04,0.0144,0.9903
alma-7b-flap30-ref-dir-en-zh,alma-7b-flap30-ref-dir-en-zh__alma10-greedy-300__a0e25144758d,flap,ref,30,dir,en-zh,en-zh,False,,en-is,False,False,300,0.512433,6.5213,27.9452,-0.329406,-17.2293,-21.3332,-0.168092,0.0067,0.0267,0.08,0.08,0,1.0609,0.0033,0,0.02,0.0067,0.0048,1.2313
alma-7b-flap30-ref-dir-en-zh,alma-7b-flap30-ref-dir-en-zh__alma10-greedy-300__a0e25144758d,flap,ref,30,dir,en-zh,en-zh,False,,en-ru,False,False,300,0.75464,16.1292,39.7947,-0.106441,-8.8768,-8.6208,-0.039146,0,0,0,0,0,0.9418,0,0.02,0.0433,0,0.0128,0.991
alma-7b-flap30-ref-dir-en-zh,alma-7b-flap30-ref-dir-en-zh__alma10-greedy-300__a0e25144758d,flap,ref,30,dir,en-zh,en-zh,False,,en-zh,False,True,300,0.776441,24.2897,21.7748,-0.074294,-9.2127,-4.4592,0.054662,0,0,0.0033,0.0033,0,0.9319,0,0.1833,0.0267,0,0.0006,0.9431
alma-7b-flap30-gen-dir-cs-en,alma-7b-flap30-gen-dir-cs-en__alma10-greedy-300__82aa79cbc33d,flap,gen,30,dir,cs-en,cs-en,False,,cs-en,True,True,300,0.824456,34.4551,57.3307,-0.027977,-7.5302,-6.0038,-0.003333,0.0033,0,0,0,0,0.9553,0,0,0.0067,0.0033,0.0053,0.9823
alma-7b-flap30-gen-dir-cs-en,alma-7b-flap30-gen-dir-cs-en__alma10-greedy-300__82aa79cbc33d,flap,gen,30,dir,cs-en,cs-en,False,,de-en,True,False,300,0.816509,27.7051,50.5642,-0.022701,-3.6117,-3.2304,-0.001908,0,0,0.0033,0.0033,0,0.9665,0,0,0.0033,0,0.0061,0.9909
alma-7b-flap30-gen-dir-cs-en,alma-7b-flap30-gen-dir-cs-en__alma10-greedy-300__82aa79cbc33d,flap,gen,30,dir,cs-en,cs-en,False,,is-en,True,False,300,0.834537,31.9601,53.9977,-0.028126,-6.2892,-4.4992,0.000525,0.0033,0.0033,0.0033,0.0033,0,0.9849,0,0,0.01,0.0033,0.0062,1.0264
alma-7b-flap30-gen-dir-cs-en,alma-7b-flap30-gen-dir-cs-en__alma10-greedy-300__82aa79cbc33d,flap,gen,30,dir,cs-en,cs-en,False,,ru-en,True,False,300,0.814621,32.8757,56.3805,-0.031802,-4.0613,-4.0302,-0.000273,0,0,0,0,0,0.9776,0.0033,0.0067,0.01,0,0.007,1.0025
alma-7b-flap30-gen-dir-cs-en,alma-7b-flap30-gen-dir-cs-en__alma10-greedy-300__82aa79cbc33d,flap,gen,30,dir,cs-en,cs-en,False,,zh-en,True,False,300,0.742951,14.5539,41.5857,-0.053184,-5.2881,-6.7208,-0.014663,0,0.01,0.0133,0.0133,0,0.9792,0,0.0067,0.0067,0,0.0046,1.0277
alma-7b-flap30-gen-dir-cs-en,alma-7b-flap30-gen-dir-cs-en__alma10-greedy-300__82aa79cbc33d,flap,gen,30,dir,cs-en,cs-en,False,,en-cs,False,False,300,0.803778,17.7034,41.1426,-0.066526,-7.2271,-7.2422,0.017856,0,0,0.0067,0.0067,0,0.954,0,0.0333,0.02,0,0.0069,0.9892
alma-7b-flap30-gen-dir-cs-en,alma-7b-flap30-gen-dir-cs-en__alma10-greedy-300__82aa79cbc33d,flap,gen,30,dir,cs-en,cs-en,False,,en-de,False,False,300,0.776609,20.3807,46.5585,-0.076355,-7.6108,-8.1756,-0.018295,0.0133,0,0.0033,0.0033,0,0.9757,0.01,0,0.0133,0.0133,0.0139,1.0179
alma-7b-flap30-gen-dir-cs-en,alma-7b-flap30-gen-dir-cs-en__alma10-greedy-300__82aa79cbc33d,flap,gen,30,dir,cs-en,cs-en,False,,en-is,False,False,300,0.56724,9.4407,31.2704,-0.274599,-14.3099,-18.008,-0.112956,0.0067,0.0167,0.05,0.05,0,0.9507,0,0.0033,0.0167,0.0067,0.0051,1.1026
alma-7b-flap30-gen-dir-cs-en,alma-7b-flap30-gen-dir-cs-en__alma10-greedy-300__82aa79cbc33d,flap,gen,30,dir,cs-en,cs-en,False,,en-ru,False,False,300,0.801499,18.8356,40.7363,-0.059582,-6.1704,-7.6792,0.004168,0,0,0,0,0,0.9241,0,0.0167,0.0567,0,0.0122,0.992
alma-7b-flap30-gen-dir-cs-en,alma-7b-flap30-gen-dir-cs-en__alma10-greedy-300__82aa79cbc33d,flap,gen,30,dir,cs-en,cs-en,False,,en-zh,False,False,300,0.62813,12.8791,11.9444,-0.222605,-20.6233,-14.2896,-0.090533,0,0,0.03,0.03,0,0.7749,0,0.3433,0.0267,0,0.027,0.7306
alma-7b-flap30-gen-dir-de-en,alma-7b-flap30-gen-dir-de-en__alma10-greedy-300__5daf3571bc7d,flap,gen,30,dir,de-en,de-en,False,,cs-en,True,False,300,0.823663,35.1947,57.3183,-0.02877,-6.7906,-6.0162,-0.004126,0.0067,0.0033,0.0033,0.0033,0,0.9723,0.0033,0,0.0067,0.0067,0.0053,1.0069
alma-7b-flap30-gen-dir-de-en,alma-7b-flap30-gen-dir-de-en__alma10-greedy-300__5daf3571bc7d,flap,gen,30,dir,de-en,de-en,False,,de-en,True,True,300,0.82312,28.1068,50.9838,-0.01609,-3.21,-2.8108,0.004703,0.0033,0,0,0,0,0.9341,0,0,0.0067,0.0033,0.0074,0.9623
alma-7b-flap30-gen-dir-de-en,alma-7b-flap30-gen-dir-de-en__alma10-greedy-300__5daf3571bc7d,flap,gen,30,dir,de-en,de-en,False,,is-en,True,False,300,0.843018,33.4671,54.8527,-0.019645,-4.7822,-3.6442,0.009006,0.0067,0,0,0,0,0.9519,0,0,0.0167,0.0067,0.0065,0.9911
alma-7b-flap30-gen-dir-de-en,alma-7b-flap30-gen-dir-de-en__alma10-greedy-300__5daf3571bc7d,flap,gen,30,dir,de-en,de-en,False,,ru-en,True,False,300,0.813443,33.0478,56.348,-0.03298,-3.8892,-4.0627,-0.001451,0,0.0033,0.0033,0.0033,0,0.9857,0.0033,0.0067,0.02,0,0.0081,1.0154
alma-7b-flap30-gen-dir-de-en,alma-7b-flap30-gen-dir-de-en__alma10-greedy-300__5daf3571bc7d,flap,gen,30,dir,de-en,de-en,False,,zh-en,True,False,300,0.736777,13.4822,40.7955,-0.059358,-6.3598,-7.511,-0.020837,0,0.0067,0.02,0.02,0,1.0068,0,0.01,0.0067,0,0.0043,1.0697
alma-7b-flap30-gen-dir-de-en,alma-7b-flap30-gen-dir-de-en__alma10-greedy-300__5daf3571bc7d,flap,gen,30,dir,de-en,de-en,False,,en-cs,False,False,300,0.718975,14.9489,36.1734,-0.151329,-9.9816,-12.2114,-0.066947,0.02,0.0067,0.01,0.01,0,0.9525,0.0033,0.0367,0.0333,0.02,0.0088,1.0026
alma-7b-flap30-gen-dir-de-en,alma-7b-flap30-gen-dir-de-en__alma10-greedy-300__5daf3571bc7d,flap,gen,30,dir,de-en,de-en,False,,en-de,False,False,300,0.819225,22.9805,48.7351,-0.033739,-5.011,-5.999,0.024321,0.0233,0,0.0033,0.0033,0,0.9623,0.0233,0,0.0233,0.0233,0.0124,0.9896
alma-7b-flap30-gen-dir-de-en,alma-7b-flap30-gen-dir-de-en__alma10-greedy-300__5daf3571bc7d,flap,gen,30,dir,de-en,de-en,False,,en-is,False,False,300,0.578291,10.1093,31.6414,-0.263548,-13.6413,-17.637,-0.101905,0.0133,0.02,0.0533,0.0533,0,1.0138,0,0,0.0333,0.0133,0.007,1.1036
alma-7b-flap30-gen-dir-de-en,alma-7b-flap30-gen-dir-de-en__alma10-greedy-300__5daf3571bc7d,flap,gen,30,dir,de-en,de-en,False,,en-ru,False,False,300,0.771681,17.0819,38.4402,-0.0894,-7.9241,-9.9753,-0.02565,0,0.0033,0.0033,0.0033,0,0.9234,0,0.0133,0.0667,0,0.0123,0.9825
alma-7b-flap30-gen-dir-de-en,alma-7b-flap30-gen-dir-de-en__alma10-greedy-300__5daf3571bc7d,flap,gen,30,dir,de-en,de-en,False,,en-zh,False,False,300,0.586524,10.5104,11.2907,-0.264211,-22.992,-14.9433,-0.132139,0,0,0.03,0.03,0,0.7984,0,0.37,0.0333,0,0.0975,0.5915
alma-7b-flap30-gen-dir-is-en,alma-7b-flap30-gen-dir-is-en__alma10-greedy-300__ee477854df25,flap,gen,30,dir,is-en,is-en,False,,cs-en,True,False,300,0.827978,32.8099,56.1107,-0.024455,-9.1754,-7.2238,0.000189,0.0067,0,0,0,0,0.9388,0,0,0.0067,0.0067,0.005,0.9564
alma-7b-flap30-gen-dir-is-en,alma-7b-flap30-gen-dir-is-en__alma10-greedy-300__ee477854df25,flap,gen,30,dir,is-en,is-en,False,,de-en,True,False,300,0.822892,26.5547,49.4862,-0.016318,-4.7621,-4.3084,0.004475,0,0,0,0,0,0.9177,0,0,0,0,0.0074,0.9367
alma-7b-flap30-gen-dir-is-en,alma-7b-flap30-gen-dir-is-en__alma10-greedy-300__ee477854df25,flap,gen,30,dir,is-en,is-en,False,,is-en,True,True,300,0.841561,32.4788,54.077,-0.021102,-5.7705,-4.4199,0.007549,0.0033,0,0.0033,0.0033,0,0.9629,0,0,0.01,0.0033,0.0057,0.9997
alma-7b-flap30-gen-dir-is-en,alma-7b-flap30-gen-dir-is-en__alma10-greedy-300__ee477854df25,flap,gen,30,dir,is-en,is-en,False,,ru-en,True,False,300,0.818824,31.5269,54.4626,-0.027599,-5.4101,-5.9481,0.00393,0,0,0,0,0,0.9418,0.0033,0.0067,0.02,0,0.0084,0.9644
alma-7b-flap30-gen-dir-is-en,alma-7b-flap30-gen-dir-is-en__alma10-greedy-300__ee477854df25,flap,gen,30,dir,is-en,is-en,False,,zh-en,True,False,300,0.748824,14.2534,40.6669,-0.047311,-5.5886,-7.6396,-0.00879,0,0.0133,0.02,0.02,0,0.9809,0,0.01,0.01,0,0.0048,1.0436
alma-7b-flap30-gen-dir-is-en,alma-7b-flap30-gen-dir-is-en__alma10-greedy-300__ee477854df25,flap,gen,30,dir,is-en,is-en,False,,en-cs,False,False,300,0.714854,11.4013,33.8995,-0.15545,-13.5292,-14.4853,-0.071068,0.0067,0.02,0.0267,0.0267,0,1.0601,0,0.02,0.0267,0.0067,0.0077,1.1503
alma-7b-flap30-gen-dir-is-en,alma-7b-flap30-gen-dir-is-en__alma10-greedy-300__ee477854df25,flap,gen,30,dir,is-en,is-en,False,,en-de,False,False,300,0.768429,19.3398,45.4798,-0.084535,-8.6517,-9.2543,-0.026475,0.03,0,0.0033,0.0033,0,0.9645,0.02,0.0033,0.04,0.03,0.0137,0.9979
alma-7b-flap30-gen-dir-is-en,alma-7b-flap30-gen-dir-is-en__alma10-greedy-300__ee477854df25,flap,gen,30,dir,is-en,is-en,False,,en-is,False,False,300,0.760715,17.2044,40.8834,-0.081124,-6.5462,-8.395,0.080519,0,0.0033,0.01,0.01,0,0.9415,0,0,0.0033,0,0.0042,0.9925
alma-7b-flap30-gen-dir-is-en,alma-7b-flap30-gen-dir-is-en__alma10-greedy-300__ee477854df25,flap,gen,30,dir,is-en,is-en,False,,en-ru,False,False,300,0.751394,16.2405,36.8771,-0.109687,-8.7655,-11.5384,-0.045937,0,0.0033,0.01,0.01,0,0.9233,0,0.0167,0.0733,0,0.0112,0.9807
alma-7b-flap30-gen-dir-is-en,alma-7b-flap30-gen-dir-is-en__alma10-greedy-300__ee477854df25,flap,gen,30,dir,is-en,is-en,False,,en-zh,False,False,300,0.617089,10.3995,11.2352,-0.233646,-23.1029,-14.9988,-0.101574,0,0,0.02,0.02,0,0.6806,0,0.37,0.02,0,0.03,0.6281
alma-7b-flap30-gen-dir-ru-en,alma-7b-flap30-gen-dir-ru-en__alma10-greedy-300__32ce7661522d,flap,gen,30,dir,ru-en,ru-en,False,,cs-en,True,False,300,0.825971,34.6633,57.3189,-0.026462,-7.322,-6.0156,-0.001818,0.0067,0,0,0,0,0.9618,0.0033,0,0.0067,0.0067,0.0056,0.9897
alma-7b-flap30-gen-dir-ru-en,alma-7b-flap30-gen-dir-ru-en__alma10-greedy-300__32ce7661522d,flap,gen,30,dir,ru-en,ru-en,False,,de-en,True,False,300,0.820916,28.2108,51.187,-0.018294,-3.106,-2.6076,0.002499,0,0,0,0,0,0.9378,0,0,0,0,0.0074,0.9631
alma-7b-flap30-gen-dir-ru-en,alma-7b-flap30-gen-dir-ru-en__alma10-greedy-300__32ce7661522d,flap,gen,30,dir,ru-en,ru-en,False,,is-en,True,False,300,0.832734,32.8578,54.2417,-0.029929,-5.3915,-4.2552,-0.001278,0.0067,0,0,0,0,0.961,0,0,0.0133,0.0067,0.0065,1.0003
alma-7b-flap30-gen-dir-ru-en,alma-7b-flap30-gen-dir-ru-en__alma10-greedy-300__32ce7661522d,flap,gen,30,dir,ru-en,ru-en,False,,ru-en,True,True,300,0.819089,32.0222,55.9374,-0.027334,-4.9148,-4.4733,0.004195,0,0.0033,0.0033,0.0033,0,1.0243,0.0033,0.0067,0.02,0,0.0079,1.0394
alma-7b-flap30-gen-dir-ru-en,alma-7b-flap30-gen-dir-ru-en__alma10-greedy-300__32ce7661522d,flap,gen,30,dir,ru-en,ru-en,False,,zh-en,True,False,300,0.742181,14.6118,41.4555,-0.053954,-5.2302,-6.851,-0.015433,0,0.0033,0.0067,0.0067,0,0.9474,0,0.0067,0.01,0,0.0053,1.0262
alma-7b-flap30-gen-dir-ru-en,alma-7b-flap30-gen-dir-ru-en__alma10-greedy-300__32ce7661522d,flap,gen,30,dir,ru-en,ru-en,False,,en-cs,False,False,300,0.740955,14.4461,36.9286,-0.129349,-10.4844,-11.4562,-0.044967,0.0067,0.0067,0.01,0.01,0,0.9758,0,0.0267,0.02,0.0067,0.0086,1.0215
alma-7b-flap30-gen-dir-ru-en,alma-7b-flap30-gen-dir-ru-en__alma10-greedy-300__32ce7661522d,flap,gen,30,dir,ru-en,ru-en,False,,en-de,False,False,300,0.766124,18.7309,45.2605,-0.08684,-9.2606,-9.4736,-0.02878,0.0267,0,0,0,0,0.9479,0.0133,0,0.0267,0.0267,0.0146,0.9971
alma-7b-flap30-gen-dir-ru-en,alma-7b-flap30-gen-dir-ru-en__alma10-greedy-300__32ce7661522d,flap,gen,30,dir,ru-en,ru-en,False,,en-is,False,False,300,0.537511,8.0464,29.7425,-0.304328,-15.7042,-19.5359,-0.142685,0.0133,0.0233,0.0567,0.0567,0,0.9657,0.0033,0,0.0133,0.0133,0.0048,1.1387
alma-7b-flap30-gen-dir-ru-en,alma-7b-flap30-gen-dir-ru-en__alma10-greedy-300__32ce7661522d,flap,gen,30,dir,ru-en,ru-en,False,,en-ru,False,False,300,0.805236,19.5337,41.5127,-0.055845,-5.4723,-6.9028,0.007905,0,0.0033,0.0033,0.0033,0,0.9402,0,0.0167,0.05,0,0.0118,0.9954
alma-7b-flap30-gen-dir-ru-en,alma-7b-flap30-gen-dir-ru-en__alma10-greedy-300__32ce7661522d,flap,gen,30,dir,ru-en,ru-en,False,,en-zh,False,False,300,0.697907,17.1137,13.9331,-0.152828,-16.3887,-12.3009,-0.020756,0,0,0.0467,0.0467,0,1.0706,0,0.2033,0.03,0,0.042,0.9796
alma-7b-flap30-gen-dir-zh-en,alma-7b-flap30-gen-dir-zh-en__alma10-greedy-300__ee6626a45ef6,flap,gen,30,dir,zh-en,zh-en,False,,cs-en,True,False,300,0.822576,34.3038,57.1498,-0.029857,-7.6815,-6.1847,-0.005213,0.0033,0,0,0,0,0.9513,0.0033,0,0.0033,0.0033,0.0057,0.9752
alma-7b-flap30-gen-dir-zh-en,alma-7b-flap30-gen-dir-zh-en__alma10-greedy-300__ee6626a45ef6,flap,gen,30,dir,zh-en,zh-en,False,,de-en,True,False,300,0.822857,28.5294,50.873,-0.016353,-2.7874,-2.9216,0.00444,0,0,0,0,0,0.9201,0,0.0033,0.0033,0,0.0078,0.9473
alma-7b-flap30-gen-dir-zh-en,alma-7b-flap30-gen-dir-zh-en__alma10-greedy-300__ee6626a45ef6,flap,gen,30,dir,zh-en,zh-en,False,,is-en,True,False,300,0.838959,33.0869,54.6184,-0.023704,-5.1624,-3.8785,0.004947,0.0033,0,0,0,0,0.9466,0,0,0.01,0.0033,0.0067,0.9847
alma-7b-flap30-gen-dir-zh-en,alma-7b-flap30-gen-dir-zh-en__alma10-greedy-300__ee6626a45ef6,flap,gen,30,dir,zh-en,zh-en,False,,ru-en,True,False,300,0.819733,32.802,56.3602,-0.02669,-4.135,-4.0505,0.004839,0,0,0,0,0,0.9824,0.0033,0.01,0.0167,0,0.0078,1.0099
alma-7b-flap30-gen-dir-zh-en,alma-7b-flap30-gen-dir-zh-en__alma10-greedy-300__ee6626a45ef6,flap,gen,30,dir,zh-en,zh-en,False,,zh-en,True,True,300,0.756168,16.072,43.2569,-0.039967,-3.77,-5.0496,-0.001446,0,0.0033,0.0033,0.0033,0,0.9229,0,0.0067,0.01,0,0.0045,0.9697
alma-7b-flap30-gen-dir-zh-en,alma-7b-flap30-gen-dir-zh-en__alma10-greedy-300__ee6626a45ef6,flap,gen,30,dir,zh-en,zh-en,False,,en-cs,False,False,300,0.677425,12.5849,35.0353,-0.192879,-12.3456,-13.3495,-0.108497,0.01,0.0033,0.0067,0.0067,0,0.9159,0,0.0333,0.03,0.01,0.0079,0.9571
alma-7b-flap30-gen-dir-zh-en,alma-7b-flap30-gen-dir-zh-en__alma10-greedy-300__ee6626a45ef6,flap,gen,30,dir,zh-en,zh-en,False,,en-de,False,False,300,0.738391,17.2898,44.5697,-0.114573,-10.7017,-10.1644,-0.056513,0.0333,0,0.0067,0.0067,0,0.9538,0.02,0,0.0333,0.0333,0.0131,0.9844
alma-7b-flap30-gen-dir-zh-en,alma-7b-flap30-gen-dir-zh-en__alma10-greedy-300__ee6626a45ef6,flap,gen,30,dir,zh-en,zh-en,False,,en-is,False,False,300,0.530723,7.6156,29.0988,-0.311116,-16.135,-20.1796,-0.149473,0.01,0.0233,0.03,0.03,0,0.9371,0.0033,0.0033,0.0167,0.01,0.0061,1.0927
alma-7b-flap30-gen-dir-zh-en,alma-7b-flap30-gen-dir-zh-en__alma10-greedy-300__ee6626a45ef6,flap,gen,30,dir,zh-en,zh-en,False,,en-ru,False,False,300,0.742617,14.031,38.4707,-0.118464,-10.975,-9.9448,-0.054714,0,0,0,0,0,0.8981,0,0.03,0.0567,0,0.0137,0.9395
alma-7b-flap30-gen-dir-zh-en,alma-7b-flap30-gen-dir-zh-en__alma10-greedy-300__ee6626a45ef6,flap,gen,30,dir,zh-en,zh-en,False,,en-zh,False,False,300,0.759638,21.3241,17.4363,-0.091097,-12.1783,-8.7977,0.040975,0,0,0,0,0,0.8448,0,0.1967,0.0367,0,0.001,0.8716
alma-7b-flap30-gen-dir-en-cs,alma-7b-flap30-gen-dir-en-cs__alma10-greedy-300__d5ff85f76406,flap,gen,30,dir,en-cs,en-cs,False,,cs-en,True,False,300,0.822478,35.4577,57.654,-0.029955,-6.5276,-5.6805,-0.005311,0.0067,0,0,0,0,0.9693,0.0033,0,0.01,0.0067,0.0057,0.9961
alma-7b-flap30-gen-dir-en-cs,alma-7b-flap30-gen-dir-en-cs__alma10-greedy-300__d5ff85f76406,flap,gen,30,dir,en-cs,en-cs,False,,de-en,True,False,300,0.815888,28.4266,50.6086,-0.023322,-2.8902,-3.186,-0.002529,0.0067,0.0033,0.0033,0.0033,0,0.9668,0,0,0.0133,0.0067,0.0062,0.9804
alma-7b-flap30-gen-dir-en-cs,alma-7b-flap30-gen-dir-en-cs__alma10-greedy-300__d5ff85f76406,flap,gen,30,dir,en-cs,en-cs,False,,is-en,True,False,300,0.829157,32.6386,53.6475,-0.033506,-5.6107,-4.8494,-0.004855,0.0067,0,0.0033,0.0033,0,0.9951,0,0,0.01,0.0067,0.0063,1.0062
alma-7b-flap30-gen-dir-en-cs,alma-7b-flap30-gen-dir-en-cs__alma10-greedy-300__d5ff85f76406,flap,gen,30,dir,en-cs,en-cs,False,,ru-en,True,False,300,0.819339,32.9366,56.4225,-0.027084,-4.0004,-3.9882,0.004445,0,0,0,0,0,0.9721,0.0033,0.0067,0.02,0,0.0087,0.9888
alma-7b-flap30-gen-dir-en-cs,alma-7b-flap30-gen-dir-en-cs__alma10-greedy-300__d5ff85f76406,flap,gen,30,dir,en-cs,en-cs,False,,zh-en,True,False,300,0.73326,11.6328,39.7717,-0.062875,-8.2092,-8.5348,-0.024354,0,0.04,0.04,0.04,0,1.1907,0,0.0033,0.0133,0,0.0043,1.24
alma-7b-flap30-gen-dir-en-cs,alma-7b-flap30-gen-dir-en-cs__alma10-greedy-300__d5ff85f76406,flap,gen,30,dir,en-cs,en-cs,False,,en-cs,False,True,300,0.810348,20.989,43.1915,-0.059956,-3.9415,-5.1933,0.024426,0.0033,0,0.0067,0.0067,0,0.9776,0.0033,0.0233,0.0233,0.0033,0.0073,1.0272
alma-7b-flap30-gen-dir-en-cs,alma-7b-flap30-gen-dir-en-cs__alma10-greedy-300__d5ff85f76406,flap,gen,30,dir,en-cs,en-cs,False,,en-de,False,False,300,0.773131,19.7616,46.5621,-0.079833,-8.2299,-8.172,-0.021773,0.0267,0,0.0033,0.0033,0,1.0025,0.02,0,0.0267,0.0267,0.0129,1.0272
alma-7b-flap30-gen-dir-en-cs,alma-7b-flap30-gen-dir-en-cs__alma10-greedy-300__d5ff85f76406,flap,gen,30,dir,en-cs,en-cs,False,,en-is,False,False,300,0.55999,9.1999,30.9537,-0.281849,-14.5507,-18.3247,-0.120206,0.0033,0.0333,0.09,0.09,0,1.0998,0,0,0.0133,0.0033,0.0043,1.2143
alma-7b-flap30-gen-dir-en-cs,alma-7b-flap30-gen-dir-en-cs__alma10-greedy-300__d5ff85f76406,flap,gen,30,dir,en-cs,en-cs,False,,en-ru,False,False,300,0.790347,18.294,40.733,-0.070734,-6.712,-7.6825,-0.006984,0,0,0.0033,0.0033,0,0.9582,0,0.0233,0.05,0,0.0123,1.0104
alma-7b-flap30-gen-dir-en-cs,alma-7b-flap30-gen-dir-en-cs__alma10-greedy-300__d5ff85f76406,flap,gen,30,dir,en-cs,en-cs,False,,en-zh,False,False,300,0.625474,13.5532,12.6621,-0.225261,-19.9492,-13.5719,-0.093189,0,0,0.0233,0.0233,0,0.8185,0,0.2767,0.0233,0,0.0437,0.729
alma-7b-flap30-gen-dir-en-de,alma-7b-flap30-gen-dir-en-de__alma10-greedy-300__9c0842de504f,flap,gen,30,dir,en-de,en-de,False,,cs-en,True,False,300,0.826082,34.9828,57.1159,-0.026351,-7.0025,-6.2186,-0.001707,0.0033,0,0,0,0,0.9521,0,0,0.0067,0.0033,0.004,0.9796
alma-7b-flap30-gen-dir-en-de,alma-7b-flap30-gen-dir-en-de__alma10-greedy-300__9c0842de504f,flap,gen,30,dir,en-de,en-de,False,,de-en,True,False,300,0.822852,27.9317,50.822,-0.016358,-3.3851,-2.9726,0.004435,0.0067,0,0,0,0,0.9209,0,0,0.01,0.0067,0.0067,0.9408
alma-7b-flap30-gen-dir-en-de,alma-7b-flap30-gen-dir-en-de__alma10-greedy-300__9c0842de504f,flap,gen,30,dir,en-de,en-de,False,,is-en,True,False,300,0.835063,31.3688,54.176,-0.0276,-6.8805,-4.3209,0.001051,0.0067,0.0067,0.01,0.01,0,1.0561,0,0,0.0167,0.0067,0.0053,1.0793
alma-7b-flap30-gen-dir-en-de,alma-7b-flap30-gen-dir-en-de__alma10-greedy-300__9c0842de504f,flap,gen,30,dir,en-de,en-de,False,,ru-en,True,False,300,0.817096,33.6705,57.3368,-0.029327,-3.2665,-3.0739,0.002202,0,0,0.0033,0.0033,0,0.998,0.0033,0.0067,0.0167,0,0.0081,1.023
alma-7b-flap30-gen-dir-en-de,alma-7b-flap30-gen-dir-en-de__alma10-greedy-300__9c0842de504f,flap,gen,30,dir,en-de,en-de,False,,zh-en,True,False,300,0.744302,15.4083,42.6862,-0.051833,-4.4337,-5.6203,-0.013312,0.0033,0.0033,0.0067,0.0067,0,0.9529,0,0.0133,0.0133,0.0033,0.0053,1.0158
alma-7b-flap30-gen-dir-en-de,alma-7b-flap30-gen-dir-en-de__alma10-greedy-300__9c0842de504f,flap,gen,30,dir,en-de,en-de,False,,en-cs,False,False,300,0.718738,13.8109,35.6854,-0.151566,-11.1196,-12.6994,-0.067184,0.0033,0.0133,0.04,0.04,0,1.1333,0,0.0333,0.0267,0.0033,0.0069,1.1009
alma-7b-flap30-gen-dir-en-de,alma-7b-flap30-gen-dir-en-de__alma10-greedy-300__9c0842de504f,flap,gen,30,dir,en-de,en-de,False,,en-de,False,True,300,0.804578,23.1253,48.6207,-0.048386,-4.8662,-6.1134,0.009674,0.0233,0,0.0067,0.0067,0,0.9951,0.0233,0,0.0233,0.0233,0.0127,1.0007
alma-7b-flap30-gen-dir-en-de,alma-7b-flap30-gen-dir-en-de__alma10-greedy-300__9c0842de504f,flap,gen,30,dir,en-de,en-de,False,,en-is,False,False,300,0.575786,9.8789,32.3421,-0.266053,-13.8717,-16.9363,-0.10441,0.0033,0.02,0.0667,0.0667,0,1.0115,0,0,0.0167,0.0033,0.005,1.0995
alma-7b-flap30-gen-dir-en-de,alma-7b-flap30-gen-dir-en-de__alma10-greedy-300__9c0842de504f,flap,gen,30,dir,en-de,en-de,False,,en-ru,False,False,300,0.773538,17.3755,39.2719,-0.087543,-7.6305,-9.1436,-0.023793,0,0,0.01,0.01,0,0.9811,0,0.0067,0.08,0,0.0117,1.0167
alma-7b-flap30-gen-dir-en-de,alma-7b-flap30-gen-dir-en-de__alma10-greedy-300__9c0842de504f,flap,gen,30,dir,en-de,en-de,False,,en-zh,False,False,300,0.570425,9.1401,9.6593,-0.28031,-24.3623,-16.5747,-0.148238,0,0,0.0367,0.0367,0,0.7735,0,0.3833,0.02,0,0.0826,0.5996
alma-7b-flap30-gen-dir-en-is,alma-7b-flap30-gen-dir-en-is__alma10-greedy-300__fa5a8c0702e5,flap,gen,30,dir,en-is,en-is,False,,cs-en,True,False,300,0.828109,33.9573,57.3427,-0.024324,-8.028,-5.9918,0.00032,0.0067,0,0,0,0,0.9646,0.0033,0,0.0067,0.0067,0.0062,0.9834
alma-7b-flap30-gen-dir-en-is,alma-7b-flap30-gen-dir-en-is__alma10-greedy-300__fa5a8c0702e5,flap,gen,30,dir,en-is,en-is,False,,de-en,True,False,300,0.821682,26.4574,49.732,-0.017528,-4.8594,-4.0626,0.003265,0,0,0,0,0,0.9207,0,0,0.0033,0,0.0078,0.9353
alma-7b-flap30-gen-dir-en-is,alma-7b-flap30-gen-dir-en-is__alma10-greedy-300__fa5a8c0702e5,flap,gen,30,dir,en-is,en-is,False,,is-en,True,False,300,0.839104,32.0035,53.8885,-0.023559,-6.2458,-4.6084,0.005092,0.0033,0,0,0,0,0.9426,0,0,0.0167,0.0033,0.0053,0.971
alma-7b-flap30-gen-dir-en-is,alma-7b-flap30-gen-dir-en-is__alma10-greedy-300__fa5a8c0702e5,flap,gen,30,dir,en-is,en-is,False,,ru-en,True,False,300,0.813649,31.4398,55.0277,-0.032774,-5.4972,-5.383,-0.001245,0,0,0.0033,0.0033,0,0.977,0.0033,0.0067,0.0233,0,0.0081,0.9925
alma-7b-flap30-gen-dir-en-is,alma-7b-flap30-gen-dir-en-is__alma10-greedy-300__fa5a8c0702e5,flap,gen,30,dir,en-is,en-is,False,,zh-en,True,False,300,0.747063,15.0818,41.7228,-0.049072,-4.7602,-6.5837,-0.010551,0,0.0067,0.0167,0.0167,0,0.9493,0,0.0133,0.0067,0,0.0055,0.9979
alma-7b-flap30-gen-dir-en-is,alma-7b-flap30-gen-dir-en-is__alma10-greedy-300__fa5a8c0702e5,flap,gen,30,dir,en-is,en-is,False,,en-cs,False,False,300,0.69811,11.1252,33.9303,-0.172194,-13.8053,-14.4545,-0.087812,0.01,0.0133,0.03,0.03,0,1.0855,0,0.02,0.0267,0.01,0.0073,1.1436
alma-7b-flap30-gen-dir-en-is,alma-7b-flap30-gen-dir-en-is__alma10-greedy-300__fa5a8c0702e5,flap,gen,30,dir,en-is,en-is,False,,en-de,False,False,300,0.767312,18.347,44.8724,-0.085652,-9.6445,-9.8617,-0.027592,0.02,0.0067,0.0067,0.0067,0,0.9856,0.0167,0.0033,0.02,0.02,0.0144,1.0113
alma-7b-flap30-gen-dir-en-is,alma-7b-flap30-gen-dir-en-is__alma10-greedy-300__fa5a8c0702e5,flap,gen,30,dir,en-is,en-is,False,,en-is,False,True,300,0.745503,16.0673,40.0857,-0.096336,-7.6833,-9.1927,0.065307,0,0.0133,0.02,0.02,0,0.9532,0,0,0,0,0.0046,1.008
alma-7b-flap30-gen-dir-en-is,alma-7b-flap30-gen-dir-en-is__alma10-greedy-300__fa5a8c0702e5,flap,gen,30,dir,en-is,en-is,False,,en-ru,False,False,300,0.767578,16.6943,38.3833,-0.093503,-8.3117,-10.0322,-0.029753,0,0,0,0,0,0.908,0,0.0167,0.0467,0,0.0123,0.964
alma-7b-flap30-gen-dir-en-is,alma-7b-flap30-gen-dir-en-is__alma10-greedy-300__fa5a8c0702e5,flap,gen,30,dir,en-is,en-is,False,,en-zh,False,False,300,0.582902,10.0819,10.1453,-0.267833,-23.4205,-16.0887,-0.135761,0.0033,0.0067,0.0567,0.0567,0,0.9075,0,0.3067,0.0367,0.0033,0.0721,0.7129
alma-7b-flap30-gen-dir-en-ru,alma-7b-flap30-gen-dir-en-ru__alma10-greedy-300__09c89076b9f4,flap,gen,30,dir,en-ru,en-ru,False,,cs-en,True,False,300,0.818659,33.856,55.9406,-0.033774,-8.1293,-7.3939,-0.00913,0.0033,0,0.0033,0.0033,0,0.9811,0.0033,0,0.0067,0.0033,0.0052,1.0017
alma-7b-flap30-gen-dir-en-ru,alma-7b-flap30-gen-dir-en-ru__alma10-greedy-300__09c89076b9f4,flap,gen,30,dir,en-ru,en-ru,False,,de-en,True,False,300,0.820454,27.9964,50.6876,-0.018756,-3.3204,-3.107,0.002037,0.0033,0,0,0,0,0.9389,0,0,0.0067,0.0033,0.0077,0.9634
alma-7b-flap30-gen-dir-en-ru,alma-7b-flap30-gen-dir-en-ru__alma10-greedy-300__09c89076b9f4,flap,gen,30,dir,en-ru,en-ru,False,,is-en,True,False,300,0.832261,32.4706,54.0692,-0.030402,-5.7787,-4.4277,-0.001751,0.01,0,0,0,0,0.966,0,0,0.0167,0.01,0.0064,1.0032
alma-7b-flap30-gen-dir-en-ru,alma-7b-flap30-gen-dir-en-ru__alma10-greedy-300__09c89076b9f4,flap,gen,30,dir,en-ru,en-ru,False,,ru-en,True,False,300,0.81318,32.1654,55.5699,-0.033243,-4.7716,-4.8408,-0.001714,0,0,0,0,0,0.9782,0.0033,0.0067,0.02,0,0.008,1.0042
alma-7b-flap30-gen-dir-en-ru,alma-7b-flap30-gen-dir-en-ru__alma10-greedy-300__09c89076b9f4,flap,gen,30,dir,en-ru,en-ru,False,,zh-en,True,False,300,0.739584,14.2678,41.8222,-0.056551,-5.5742,-6.4843,-0.01803,0,0.0067,0.01,0.01,0,0.9822,0,0.01,0.01,0,0.0047,1.0551
alma-7b-flap30-gen-dir-en-ru,alma-7b-flap30-gen-dir-en-ru__alma10-greedy-300__09c89076b9f4,flap,gen,30,dir,en-ru,en-ru,False,,en-cs,False,False,300,0.755373,16.9348,38.837,-0.114931,-7.9957,-9.5478,-0.030549,0.0033,0,0.0033,0.0033,0,0.972,0,0.02,0.0233,0.0033,0.0078,1.017
alma-7b-flap30-gen-dir-en-ru,alma-7b-flap30-gen-dir-en-ru__alma10-greedy-300__09c89076b9f4,flap,gen,30,dir,en-ru,en-ru,False,,en-de,False,False,300,0.768343,19.5863,46.1856,-0.084621,-8.4052,-8.5485,-0.026561,0.02,0,0.0033,0.0033,0,0.9856,0.0167,0,0.02,0.02,0.0143,1.0219
alma-7b-flap30-gen-dir-en-ru,alma-7b-flap30-gen-dir-en-ru__alma10-greedy-300__09c89076b9f4,flap,gen,30,dir,en-ru,en-ru,False,,en-is,False,False,300,0.524747,7.9123,29.9612,-0.317092,-15.8383,-19.3172,-0.155449,0.0133,0.03,0.09,0.09,0,1.0791,0.0067,0,0.0267,0.0133,0.0049,1.2404
alma-7b-flap30-gen-dir-en-ru,alma-7b-flap30-gen-dir-en-ru__alma10-greedy-300__09c89076b9f4,flap,gen,30,dir,en-ru,en-ru,False,,en-ru,False,True,300,0.802193,18.5405,41.1692,-0.058888,-6.4655,-7.2463,0.004862,0,0.0033,0.0033,0.0033,0,0.9796,0,0.0033,0.0433,0,0.0115,1.0157
alma-7b-flap30-gen-dir-en-ru,alma-7b-flap30-gen-dir-en-ru__alma10-greedy-300__09c89076b9f4,flap,gen,30,dir,en-ru,en-ru,False,,en-zh,False,False,300,0.686894,17.5558,14.7087,-0.163841,-15.9466,-11.5253,-0.031769,0,0,0.0433,0.0433,0,1.0578,0,0.2133,0.0333,0,0.0489,0.9428
alma-7b-flap30-gen-dir-en-zh,alma-7b-flap30-gen-dir-en-zh__alma10-greedy-300__7657ff6759ae,flap,gen,30,dir,en-zh,en-zh,False,,cs-en,True,False,300,0.820563,34.6046,57.2427,-0.03187,-7.3807,-6.0918,-0.007226,0.0033,0,0,0,0,0.9506,0.0033,0,0.0033,0.0033,0.0056,0.9765
alma-7b-flap30-gen-dir-en-zh,alma-7b-flap30-gen-dir-en-zh__alma10-greedy-300__7657ff6759ae,flap,gen,30,dir,en-zh,en-zh,False,,de-en,True,False,300,0.816199,27.0998,49.6093,-0.023011,-4.217,-4.1853,-0.002218,0,0.0033,0.0033,0.0033,0,0.9431,0,0,0.0067,0,0.0074,0.9854
alma-7b-flap30-gen-dir-en-zh,alma-7b-flap30-gen-dir-en-zh__alma10-greedy-300__7657ff6759ae,flap,gen,30,dir,en-zh,en-zh,False,,is-en,True,False,300,0.833674,32.2637,53.6312,-0.028989,-5.9856,-4.8657,-0.000338,0.0067,0,0,0,0,0.9477,0,0,0.0133,0.0067,0.007,0.9839
alma-7b-flap30-gen-dir-en-zh,alma-7b-flap30-gen-dir-en-zh__alma10-greedy-300__7657ff6759ae,flap,gen,30,dir,en-zh,en-zh,False,,ru-en,True,False,300,0.814387,31.976,56.1295,-0.032036,-4.961,-4.2812,-0.000507,0,0.0033,0.0033,0.0033,0,0.999,0.0033,0.01,0.02,0,0.0074,1.025
alma-7b-flap30-gen-dir-en-zh,alma-7b-flap30-gen-dir-en-zh__alma10-greedy-300__7657ff6759ae,flap,gen,30,dir,en-zh,en-zh,False,,zh-en,True,False,300,0.763568,16.5956,43.9409,-0.032567,-3.2464,-4.3656,0.005954,0,0,0.0033,0.0033,0,0.9136,0,0.0067,0.0067,0,0.0049,0.9614
alma-7b-flap30-gen-dir-en-zh,alma-7b-flap30-gen-dir-en-zh__alma10-greedy-300__7657ff6759ae,flap,gen,30,dir,en-zh,en-zh,False,,en-cs,False,False,300,0.672339,11.0768,33.8029,-0.197965,-13.8537,-14.5819,-0.113583,0.0267,0.0167,0.03,0.03,0,1.0714,0.02,0.0333,0.0333,0.0267,0.0063,1.111
alma-7b-flap30-gen-dir-en-zh,alma-7b-flap30-gen-dir-en-zh__alma10-greedy-300__7657ff6759ae,flap,gen,30,dir,en-zh,en-zh,False,,en-de,False,False,300,0.75336,17.7147,44.6676,-0.099604,-10.2768,-10.0665,-0.041544,0.0333,0,0.0033,0.0033,0,0.9684,0.02,0,0.04,0.0333,0.014,1.0217
alma-7b-flap30-gen-dir-en-zh,alma-7b-flap30-gen-dir-en-zh__alma10-greedy-300__7657ff6759ae,flap,gen,30,dir,en-zh,en-zh,False,,en-is,False,False,300,0.504598,6.3238,28.2663,-0.337241,-17.4268,-21.0121,-0.175598,0.0067,0.04,0.0833,0.0833,0,1.0636,0.0033,0,0.02,0.0067,0.0046,1.2504
alma-7b-flap30-gen-dir-en-zh,alma-7b-flap30-gen-dir-en-zh__alma10-greedy-300__7657ff6759ae,flap,gen,30,dir,en-zh,en-zh,False,,en-ru,False,False,300,0.750407,15.9112,39.3388,-0.110674,-9.0948,-9.0767,-0.046924,0,0.0033,0.0033,0.0033,0,0.9692,0,0.0133,0.0467,0,0.0124,1.0072
alma-7b-flap30-gen-dir-en-zh,alma-7b-flap30-gen-dir-en-zh__alma10-greedy-300__7657ff6759ae,flap,gen,30,dir,en-zh,en-zh,False,,en-zh,False,True,300,0.779032,24.0445,21.2497,-0.071703,-9.4579,-4.9843,0.060369,0,0,0,0,0,0.9176,0,0.1933,0.04,0,0.0005,0.929
alma-7b-slimgpt40-ref-dir-cs-en,alma-7b-slimgpt40-ref-dir-cs-en__alma10-greedy-300__af8cf7b2371f,slimgpt,ref,40,dir,cs-en,cs-en,False,,cs-en,True,True,300,0.833309,34.906,57.5922,-0.019124,-7.0793,-5.7423,0.011021,0.0067,0,0,0,0,0.9495,0,0,0.0067,0.0067,0.0041,0.965
alma-7b-slimgpt40-ref-dir-cs-en,alma-7b-slimgpt40-ref-dir-cs-en__alma10-greedy-300__af8cf7b2371f,slimgpt,ref,40,dir,cs-en,cs-en,False,,de-en,True,False,300,0.818963,26.2838,50.0813,-0.020247,-5.033,-3.7133,0.003741,0.0033,0,0,0,0,0.9086,0,0.0033,0.0067,0.0033,0.0053,0.9238
alma-7b-slimgpt40-ref-dir-cs-en,alma-7b-slimgpt40-ref-dir-cs-en__alma10-greedy-300__af8cf7b2371f,slimgpt,ref,40,dir,cs-en,cs-en,False,,is-en,True,False,300,0.834047,32.0999,53.8295,-0.028616,-6.1494,-4.6674,0.000312,0.0033,0,0,0,0,0.9513,0,0,0.0133,0.0033,0.0066,0.9782
alma-7b-slimgpt40-ref-dir-cs-en,alma-7b-slimgpt40-ref-dir-cs-en__alma10-greedy-300__af8cf7b2371f,slimgpt,ref,40,dir,cs-en,cs-en,False,,ru-en,True,False,300,0.813414,30.4869,54.7815,-0.033009,-6.4501,-5.6292,-0.003317,0,0,0,0,0,0.9526,0.0033,0.0067,0.0167,0,0.0068,0.9661
alma-7b-slimgpt40-ref-dir-cs-en,alma-7b-slimgpt40-ref-dir-cs-en__alma10-greedy-300__af8cf7b2371f,slimgpt,ref,40,dir,cs-en,cs-en,False,,zh-en,True,False,300,0.751383,13.3206,39.4103,-0.044752,-6.5214,-8.8962,0.000402,0.0033,0.0033,0,0,0,0.9249,0,0.0033,0.01,0.0033,0.0041,0.9584
alma-7b-slimgpt40-ref-dir-cs-en,alma-7b-slimgpt40-ref-dir-cs-en__alma10-greedy-300__af8cf7b2371f,slimgpt,ref,40,dir,cs-en,cs-en,False,,en-cs,False,False,300,0.808887,16.6695,39.8461,-0.061417,-8.261,-8.5387,0.019008,0.0133,0,0,0,0,0.9228,0.0033,0.0133,0.02,0.0133,0.0057,0.9653
alma-7b-slimgpt40-ref-dir-cs-en,alma-7b-slimgpt40-ref-dir-cs-en__alma10-greedy-300__af8cf7b2371f,slimgpt,ref,40,dir,cs-en,cs-en,False,,en-de,False,False,300,0.730559,14.6559,41.4369,-0.122405,-13.3356,-13.2972,-0.066476,0.0833,0,0,0,0,0.9929,0.04,0,0.0867,0.0833,0.0131,1.0525
alma-7b-slimgpt40-ref-dir-cs-en,alma-7b-slimgpt40-ref-dir-cs-en__alma10-greedy-300__af8cf7b2371f,slimgpt,ref,40,dir,cs-en,cs-en,False,,en-is,False,False,300,0.526505,7.2767,27.8082,-0.315334,-16.4739,-21.4702,-0.221402,0.13,0,0.0033,0.0033,0,0.9036,0.0233,0,0.1367,0.13,0.0061,1.0003
alma-7b-slimgpt40-ref-dir-cs-en,alma-7b-slimgpt40-ref-dir-cs-en__alma10-greedy-300__af8cf7b2371f,slimgpt,ref,40,dir,cs-en,cs-en,False,,en-ru,False,False,300,0.724653,12.8433,31.8158,-0.136428,-12.1627,-16.5997,-0.068624,0.0833,0,0,0,0,0.8733,0.04,0.02,0.1667,0.0833,0.0171,0.9542
alma-7b-slimgpt40-ref-dir-cs-en,alma-7b-slimgpt40-ref-dir-cs-en__alma10-greedy-300__af8cf7b2371f,slimgpt,ref,40,dir,cs-en,cs-en,False,,en-zh,False,False,300,0.46606,2.4835,4.8891,-0.384675,-31.0189,-21.3449,-0.280874,0.0033,0,0.08,0.08,0,0.9933,0.0033,0.5467,0.0633,0.0033,0.3032,0.3547
alma-7b-slimgpt40-ref-dir-de-en,alma-7b-slimgpt40-ref-dir-de-en__alma10-greedy-300__0cec5dc59e85,slimgpt,ref,40,dir,de-en,de-en,False,,cs-en,True,False,300,0.826883,34.3382,57.4262,-0.02555,-7.6471,-5.9083,0.004595,0.0033,0,0,0,0,0.9763,0,0.0033,0.0033,0.0033,0.0046,0.9972
alma-7b-slimgpt40-ref-dir-de-en,alma-7b-slimgpt40-ref-dir-de-en__alma10-greedy-300__0cec5dc59e85,slimgpt,ref,40,dir,de-en,de-en,False,,de-en,True,True,300,0.818746,25.7187,49.8397,-0.020464,-5.5981,-3.9549,0.003524,0.0067,0,0,0,0,0.9203,0,0.0033,0.01,0.0067,0.0052,0.932
alma-7b-slimgpt40-ref-dir-de-en,alma-7b-slimgpt40-ref-dir-de-en__alma10-greedy-300__0cec5dc59e85,slimgpt,ref,40,dir,de-en,de-en,False,,is-en,True,False,300,0.835779,32.1408,53.5505,-0.026884,-6.1085,-4.9464,0.002044,0.0033,0,0,0,0,0.9669,0,0,0.0133,0.0033,0.0057,0.9952
alma-7b-slimgpt40-ref-dir-de-en,alma-7b-slimgpt40-ref-dir-de-en__alma10-greedy-300__0cec5dc59e85,slimgpt,ref,40,dir,de-en,de-en,False,,ru-en,True,False,300,0.813711,32.1468,56.3796,-0.032712,-4.7902,-4.0311,-0.00302,0,0,0,0,0,0.9804,0.0033,0.0067,0.0133,0,0.0077,0.9951
alma-7b-slimgpt40-ref-dir-de-en,alma-7b-slimgpt40-ref-dir-de-en__alma10-greedy-300__0cec5dc59e85,slimgpt,ref,40,dir,de-en,de-en,False,,zh-en,True,False,300,0.744917,12.9825,39.1261,-0.051218,-6.8595,-9.1804,-0.006064,0,0.01,0.01,0.01,0,0.959,0,0,0.01,0,0.0038,1.0029
alma-7b-slimgpt40-ref-dir-de-en,alma-7b-slimgpt40-ref-dir-de-en__alma10-greedy-300__0cec5dc59e85,slimgpt,ref,40,dir,de-en,de-en,False,,en-cs,False,False,300,0.593827,7.1183,27.7526,-0.276477,-17.8122,-20.6322,-0.196052,0.0733,0.0033,0.02,0.02,0,1.0088,0.03,0.0267,0.1,0.0733,0.0115,1.0358
alma-7b-slimgpt40-ref-dir-de-en,alma-7b-slimgpt40-ref-dir-de-en__alma10-greedy-300__0cec5dc59e85,slimgpt,ref,40,dir,de-en,de-en,False,,en-de,False,False,300,0.804081,21.0697,47.9105,-0.048883,-6.9218,-6.8236,0.007046,0.05,0,0,0,0,0.9614,0.0367,0,0.05,0.05,0.0138,1.0048
alma-7b-slimgpt40-ref-dir-de-en,alma-7b-slimgpt40-ref-dir-de-en__alma10-greedy-300__0cec5dc59e85,slimgpt,ref,40,dir,de-en,de-en,False,,en-is,False,False,300,0.512302,5.2095,23.5169,-0.329537,-18.5411,-25.7615,-0.235605,0.3633,0,0.0067,0.0067,0,0.9042,0.0967,0,0.3767,0.3633,0.0083,0.9838
alma-7b-slimgpt40-ref-dir-de-en,alma-7b-slimgpt40-ref-dir-de-en__alma10-greedy-300__0cec5dc59e85,slimgpt,ref,40,dir,de-en,de-en,False,,en-ru,False,False,300,0.573842,6.4744,15.2202,-0.287239,-18.5316,-33.1953,-0.219435,0.5833,0,0,0,0,0.9197,0.2633,0.02,0.6033,0.5833,0.0126,1.0555
alma-7b-slimgpt40-ref-dir-de-en,alma-7b-slimgpt40-ref-dir-de-en__alma10-greedy-300__0cec5dc59e85,slimgpt,ref,40,dir,de-en,de-en,False,,en-zh,False,False,300,0.489429,2.1317,5.3391,-0.361306,-31.3707,-20.8949,-0.257505,0.2033,0,0.0467,0.0467,0,1.278,0.09,0.46,0.2433,0.2033,0.239,0.3855
alma-7b-slimgpt40-ref-dir-is-en,alma-7b-slimgpt40-ref-dir-is-en__alma10-greedy-300__efd09f6acca7,slimgpt,ref,40,dir,is-en,is-en,False,,cs-en,True,False,300,0.809733,29.8628,53.6424,-0.0427,-12.1225,-9.6921,-0.012555,0.0033,0,0,0,0,0.9366,0,0.0033,0.0033,0.0033,0.0051,0.9498
alma-7b-slimgpt40-ref-dir-is-en,alma-7b-slimgpt40-ref-dir-is-en__alma10-greedy-300__efd09f6acca7,slimgpt,ref,40,dir,is-en,is-en,False,,de-en,True,False,300,0.813609,22.329,46.9085,-0.025601,-8.9878,-6.8861,-0.001613,0.0033,0,0,0,0,0.9083,0,0.0033,0.0033,0.0033,0.0062,0.9208
alma-7b-slimgpt40-ref-dir-is-en,alma-7b-slimgpt40-ref-dir-is-en__alma10-greedy-300__efd09f6acca7,slimgpt,ref,40,dir,is-en,is-en,False,,is-en,True,True,300,0.830921,28.0686,51.1775,-0.031742,-10.1807,-7.3194,-0.002814,0,0,0,0,0,0.927,0,0,0.01,0,0.0072,0.9501
alma-7b-slimgpt40-ref-dir-is-en,alma-7b-slimgpt40-ref-dir-is-en__alma10-greedy-300__efd09f6acca7,slimgpt,ref,40,dir,is-en,is-en,False,,ru-en,True,False,300,0.799706,27.0335,51.7108,-0.046717,-9.9035,-8.6999,-0.017025,0,0,0,0,0,0.9366,0,0.0067,0.0133,0,0.0081,0.9508
alma-7b-slimgpt40-ref-dir-is-en,alma-7b-slimgpt40-ref-dir-is-en__alma10-greedy-300__efd09f6acca7,slimgpt,ref,40,dir,is-en,is-en,False,,zh-en,True,False,300,0.737857,12.4248,37.1165,-0.058278,-7.4172,-11.19,-0.013124,0,0.0067,0.0067,0.0067,0,0.9132,0,0.0067,0.0067,0,0.004,0.9443
alma-7b-slimgpt40-ref-dir-is-en,alma-7b-slimgpt40-ref-dir-is-en__alma10-greedy-300__efd09f6acca7,slimgpt,ref,40,dir,is-en,is-en,False,,en-cs,False,False,300,0.608047,7.8015,28.7286,-0.262257,-17.129,-19.6562,-0.181832,0.03,0,0,0,0,0.8856,0,0.02,0.05,0.03,0.0103,0.9345
alma-7b-slimgpt40-ref-dir-is-en,alma-7b-slimgpt40-ref-dir-is-en__alma10-greedy-300__efd09f6acca7,slimgpt,ref,40,dir,is-en,is-en,False,,en-de,False,False,300,0.70297,12.5528,38.3335,-0.149994,-15.4387,-16.4006,-0.094065,0.0733,0.01,0.01,0.01,0,1.0219,0.0167,0,0.0767,0.0733,0.0118,1.069
alma-7b-slimgpt40-ref-dir-is-en,alma-7b-slimgpt40-ref-dir-is-en__alma10-greedy-300__efd09f6acca7,slimgpt,ref,40,dir,is-en,is-en,False,,en-is,False,False,300,0.774199,15.184,39.8652,-0.06764,-8.5666,-9.4132,0.026292,0.0233,0,0,0,0,0.904,0.0067,0,0.0267,0.0233,0.0045,0.9615
alma-7b-slimgpt40-ref-dir-is-en,alma-7b-slimgpt40-ref-dir-is-en__alma10-greedy-300__efd09f6acca7,slimgpt,ref,40,dir,is-en,is-en,False,,en-ru,False,False,300,0.587777,5.6828,17.2311,-0.273304,-19.3232,-31.1844,-0.2055,0.44,0,0,0,0,0.8323,0.0967,0.0233,0.5,0.44,0.0165,0.9345
alma-7b-slimgpt40-ref-dir-is-en,alma-7b-slimgpt40-ref-dir-is-en__alma10-greedy-300__efd09f6acca7,slimgpt,ref,40,dir,is-en,is-en,False,,en-zh,False,False,300,0.458933,2.3447,5.0994,-0.391802,-31.1577,-21.1346,-0.288001,0.01,0,0.03,0.03,0,0.7668,0,0.5133,0.0667,0.01,0.236,0.3628
alma-7b-slimgpt40-ref-dir-ru-en,alma-7b-slimgpt40-ref-dir-ru-en__alma10-greedy-300__92566b69a979,slimgpt,ref,40,dir,ru-en,ru-en,False,,cs-en,True,False,300,0.824023,33.7093,57.1334,-0.02841,-8.276,-6.2011,0.001735,0.0033,0,0,0,0,0.9676,0,0,0.0033,0.0033,0.0042,0.9837
alma-7b-slimgpt40-ref-dir-ru-en,alma-7b-slimgpt40-ref-dir-ru-en__alma10-greedy-300__92566b69a979,slimgpt,ref,40,dir,ru-en,ru-en,False,,de-en,True,False,300,0.814481,25.594,49.4651,-0.024729,-5.7228,-4.3295,-0.000741,0.0033,0,0,0,0,0.9319,0,0.0033,0.0033,0.0033,0.0063,0.9517
alma-7b-slimgpt40-ref-dir-ru-en,alma-7b-slimgpt40-ref-dir-ru-en__alma10-greedy-300__92566b69a979,slimgpt,ref,40,dir,ru-en,ru-en,False,,is-en,True,False,300,0.828262,31.1617,52.7582,-0.034401,-7.0876,-5.7387,-0.005473,0.0033,0,0,0,0,0.9544,0,0,0.01,0.0033,0.0054,0.9809
alma-7b-slimgpt40-ref-dir-ru-en,alma-7b-slimgpt40-ref-dir-ru-en__alma10-greedy-300__92566b69a979,slimgpt,ref,40,dir,ru-en,ru-en,False,,ru-en,True,True,300,0.8156,31.3474,55.9966,-0.030823,-5.5896,-4.4141,-0.001131,0,0,0,0,0,0.9712,0.0033,0.01,0.02,0,0.0079,0.9879
alma-7b-slimgpt40-ref-dir-ru-en,alma-7b-slimgpt40-ref-dir-ru-en__alma10-greedy-300__92566b69a979,slimgpt,ref,40,dir,ru-en,ru-en,False,,zh-en,True,False,300,0.738354,12.7622,38.4959,-0.057781,-7.0798,-9.8106,-0.012627,0,0,0.01,0.01,0,0.9125,0,0.0067,0.01,0,0.0035,0.9609
alma-7b-slimgpt40-ref-dir-ru-en,alma-7b-slimgpt40-ref-dir-ru-en__alma10-greedy-300__92566b69a979,slimgpt,ref,40,dir,ru-en,ru-en,False,,en-cs,False,False,300,0.661255,9.1713,31.1807,-0.209049,-15.7592,-17.2041,-0.128624,0.0133,0,0.0033,0.0033,0,0.9315,0,0.0233,0.0333,0.0133,0.0108,0.9565
alma-7b-slimgpt40-ref-dir-ru-en,alma-7b-slimgpt40-ref-dir-ru-en__alma10-greedy-300__92566b69a979,slimgpt,ref,40,dir,ru-en,ru-en,False,,en-de,False,False,300,0.685365,13.485,39.0894,-0.167599,-14.5065,-15.6447,-0.11167,0.1,0,0.0033,0.0033,0,0.9777,0.05,0.0033,0.1,0.1,0.0127,1.0514
alma-7b-slimgpt40-ref-dir-ru-en,alma-7b-slimgpt40-ref-dir-ru-en__alma10-greedy-300__92566b69a979,slimgpt,ref,40,dir,ru-en,ru-en,False,,en-is,False,False,300,0.456201,5.0368,22.4739,-0.385638,-18.7138,-26.8045,-0.291706,0.26,0.0033,0.01,0.01,0,0.8597,0.05,0,0.2667,0.26,0.0064,0.9735
alma-7b-slimgpt40-ref-dir-ru-en,alma-7b-slimgpt40-ref-dir-ru-en__alma10-greedy-300__92566b69a979,slimgpt,ref,40,dir,ru-en,ru-en,False,,en-ru,False,False,300,0.802133,17.96,40.6329,-0.058948,-7.046,-7.7826,0.008856,0.0267,0,0,0,0,0.9322,0.0133,0.0133,0.0667,0.0267,0.011,0.9855
alma-7b-slimgpt40-ref-dir-ru-en,alma-7b-slimgpt40-ref-dir-ru-en__alma10-greedy-300__92566b69a979,slimgpt,ref,40,dir,ru-en,ru-en,False,,en-zh,False,False,300,0.526399,8.099,9.0554,-0.324336,-25.4034,-17.1786,-0.220535,0.0067,0,0.0667,0.0667,0,1.2046,0.0033,0.3,0.0733,0.0067,0.2422,0.5408
alma-7b-slimgpt40-ref-dir-zh-en,alma-7b-slimgpt40-ref-dir-zh-en__alma10-greedy-300__a609216bae42,slimgpt,ref,40,dir,zh-en,zh-en,False,,cs-en,True,False,300,0.80211,28.684,53.5462,-0.050323,-13.3013,-9.7883,-0.020178,0.0033,0,0,0,0,0.9436,0,0,0.0033,0.0033,0.0046,0.9596
alma-7b-slimgpt40-ref-dir-zh-en,alma-7b-slimgpt40-ref-dir-zh-en__alma10-greedy-300__a609216bae42,slimgpt,ref,40,dir,zh-en,zh-en,False,,de-en,True,False,300,0.80978,24.3913,48.8533,-0.02943,-6.9255,-4.9413,-0.005442,0,0,0,0,0,0.9229,0,0.0033,0,0,0.0062,0.9313
alma-7b-slimgpt40-ref-dir-zh-en,alma-7b-slimgpt40-ref-dir-zh-en__alma10-greedy-300__a609216bae42,slimgpt,ref,40,dir,zh-en,zh-en,False,,is-en,True,False,300,0.801849,25.7268,49.0295,-0.060814,-12.5225,-9.4674,-0.031886,0.0033,0,0,0,0,0.9539,0,0,0.0067,0.0033,0.0068,0.983
alma-7b-slimgpt40-ref-dir-zh-en,alma-7b-slimgpt40-ref-dir-zh-en__alma10-greedy-300__a609216bae42,slimgpt,ref,40,dir,zh-en,zh-en,False,,ru-en,True,False,300,0.797599,29.4074,54.5581,-0.048824,-7.5296,-5.8526,-0.019132,0,0,0,0,0,0.9617,0.0033,0.01,0.0167,0,0.0072,0.9688
alma-7b-slimgpt40-ref-dir-zh-en,alma-7b-slimgpt40-ref-dir-zh-en__alma10-greedy-300__a609216bae42,slimgpt,ref,40,dir,zh-en,zh-en,False,,zh-en,True,True,300,0.757402,16.1877,43.1497,-0.038733,-3.6543,-5.1568,0.006421,0,0.0033,0.0067,0.0067,0,0.9118,0,0.0067,0.01,0,0.0043,0.9572
alma-7b-slimgpt40-ref-dir-zh-en,alma-7b-slimgpt40-ref-dir-zh-en__alma10-greedy-300__a609216bae42,slimgpt,ref,40,dir,zh-en,zh-en,False,,en-cs,False,False,300,0.521414,3.8186,22.0508,-0.34889,-21.1119,-26.334,-0.268465,0.18,0.0167,0.0267,0.0267,0,0.9609,0.0467,0.0467,0.1867,0.18,0.0067,0.9813
alma-7b-slimgpt40-ref-dir-zh-en,alma-7b-slimgpt40-ref-dir-zh-en__alma10-greedy-300__a609216bae42,slimgpt,ref,40,dir,zh-en,zh-en,False,,en-de,False,False,300,0.600284,6.0216,26.9968,-0.25268,-21.9699,-27.7373,-0.196751,0.4967,0,0.0067,0.0067,0,0.9286,0.12,0.0033,0.4967,0.4967,0.0121,1.0371
alma-7b-slimgpt40-ref-dir-zh-en,alma-7b-slimgpt40-ref-dir-zh-en__alma10-greedy-300__a609216bae42,slimgpt,ref,40,dir,zh-en,zh-en,False,,en-is,False,False,300,0.516415,1.5078,15.9862,-0.325424,-22.2428,-33.2922,-0.231492,0.9467,0.0067,0.01,0.01,0,0.9877,0.2067,0,0.95,0.9467,0.0066,1.0948
alma-7b-slimgpt40-ref-dir-zh-en,alma-7b-slimgpt40-ref-dir-zh-en__alma10-greedy-300__a609216bae42,slimgpt,ref,40,dir,zh-en,zh-en,False,,en-ru,False,False,300,0.653705,9.9516,32.2464,-0.207376,-15.0544,-16.1691,-0.139572,0.11,0.0033,0.0033,0.0033,0,0.8948,0.0633,0.0167,0.1533,0.11,0.0171,0.9484
alma-7b-slimgpt40-ref-dir-zh-en,alma-7b-slimgpt40-ref-dir-zh-en__alma10-greedy-300__a609216bae42,slimgpt,ref,40,dir,zh-en,zh-en,False,,en-zh,False,False,300,0.77259,23.5021,20.2688,-0.078145,-10.0003,-5.9652,0.025656,0.01,0,0,0,0,0.9548,0,0.1767,0.04,0.01,0.0005,0.9153
alma-7b-slimgpt40-ref-dir-en-cs,alma-7b-slimgpt40-ref-dir-en-cs__alma10-greedy-300__1145b8399d3d,slimgpt,ref,40,dir,en-cs,en-cs,False,,cs-en,True,False,300,0.826926,33.5939,56.8601,-0.025507,-8.3914,-6.4744,0.004638,0.0033,0,0,0,0,0.9643,0,0,0.0033,0.0033,0.0034,0.9765
alma-7b-slimgpt40-ref-dir-en-cs,alma-7b-slimgpt40-ref-dir-en-cs__alma10-greedy-300__1145b8399d3d,slimgpt,ref,40,dir,en-cs,en-cs,False,,de-en,True,False,300,0.815035,24.5011,48.5815,-0.024175,-6.8157,-5.2131,-0.000187,0,0.0033,0.0033,0.0033,0,0.9985,0,0.0033,0,0,0.0052,0.9814
alma-7b-slimgpt40-ref-dir-en-cs,alma-7b-slimgpt40-ref-dir-en-cs__alma10-greedy-300__1145b8399d3d,slimgpt,ref,40,dir,en-cs,en-cs,False,,is-en,True,False,300,0.823393,30.1318,51.7605,-0.03927,-8.1175,-6.7364,-0.010342,0.0167,0,0,0,0,0.9533,0,0,0.0267,0.0167,0.0049,0.9771
alma-7b-slimgpt40-ref-dir-en-cs,alma-7b-slimgpt40-ref-dir-en-cs__alma10-greedy-300__1145b8399d3d,slimgpt,ref,40,dir,en-cs,en-cs,False,,ru-en,True,False,300,0.807258,30.7972,55.7042,-0.039165,-6.1398,-4.7065,-0.009473,0,0.0033,0.0033,0.0033,0,0.9978,0.0033,0.0067,0.0167,0,0.0071,1.0089
alma-7b-slimgpt40-ref-dir-en-cs,alma-7b-slimgpt40-ref-dir-en-cs__alma10-greedy-300__1145b8399d3d,slimgpt,ref,40,dir,en-cs,en-cs,False,,zh-en,True,False,300,0.736024,11.9707,37.2545,-0.060111,-7.8713,-11.052,-0.014957,0,0.0133,0.0167,0.0167,0,1.0398,0,0,0.02,0,0.0032,1.0396
alma-7b-slimgpt40-ref-dir-en-cs,alma-7b-slimgpt40-ref-dir-en-cs__alma10-greedy-300__1145b8399d3d,slimgpt,ref,40,dir,en-cs,en-cs,False,,en-cs,False,True,300,0.816659,20.3217,43.2787,-0.053645,-4.6088,-5.1061,0.02678,0.0133,0,0.0033,0.0033,0,0.962,0.0033,0.02,0.03,0.0133,0.0066,0.9823
alma-7b-slimgpt40-ref-dir-en-cs,alma-7b-slimgpt40-ref-dir-en-cs__alma10-greedy-300__1145b8399d3d,slimgpt,ref,40,dir,en-cs,en-cs,False,,en-de,False,False,300,0.739179,16.0721,43.5064,-0.113785,-11.9194,-11.2277,-0.057856,0.0333,0,0,0,0,1.002,0.0167,0,0.04,0.0333,0.0119,1.0238
alma-7b-slimgpt40-ref-dir-en-cs,alma-7b-slimgpt40-ref-dir-en-cs__alma10-greedy-300__1145b8399d3d,slimgpt,ref,40,dir,en-cs,en-cs,False,,en-is,False,False,300,0.543853,9.0819,30.2507,-0.297986,-14.6687,-19.0277,-0.204054,0.01,0.01,0.0233,0.0233,0,0.9329,0,0,0.0167,0.01,0.0057,1.0353
alma-7b-slimgpt40-ref-dir-en-cs,alma-7b-slimgpt40-ref-dir-en-cs__alma10-greedy-300__1145b8399d3d,slimgpt,ref,40,dir,en-cs,en-cs,False,,en-ru,False,False,300,0.764458,14.8956,36.1773,-0.096623,-10.1104,-12.2382,-0.028819,0.02,0,0,0,0,0.9092,0.0133,0.02,0.0767,0.02,0.0141,0.962
alma-7b-slimgpt40-ref-dir-en-cs,alma-7b-slimgpt40-ref-dir-en-cs__alma10-greedy-300__1145b8399d3d,slimgpt,ref,40,dir,en-cs,en-cs,False,,en-zh,False,False,300,0.475686,3.8368,6.2441,-0.375049,-29.6656,-19.9899,-0.271248,0.01,0,0.0933,0.0933,0,1.1378,0,0.52,0.08,0.01,0.2965,0.4138
alma-7b-slimgpt40-ref-dir-en-de,alma-7b-slimgpt40-ref-dir-en-de__alma10-greedy-300__4198e70d285e,slimgpt,ref,40,dir,en-de,en-de,False,,cs-en,True,False,300,0.819848,34.0549,57.3709,-0.032585,-7.9304,-5.9636,-0.00244,0.0033,0,0,0,0,0.9801,0.0033,0,0.0033,0.0033,0.0046,0.9997
alma-7b-slimgpt40-ref-dir-en-de,alma-7b-slimgpt40-ref-dir-en-de__alma10-greedy-300__4198e70d285e,slimgpt,ref,40,dir,en-de,en-de,False,,de-en,True,False,300,0.815848,26.253,50.1328,-0.023362,-5.0638,-3.6618,0.000626,0.0167,0,0,0,0,0.9289,0.0033,0.0033,0.0167,0.0167,0.0063,0.9362
alma-7b-slimgpt40-ref-dir-en-de,alma-7b-slimgpt40-ref-dir-en-de__alma10-greedy-300__4198e70d285e,slimgpt,ref,40,dir,en-de,en-de,False,,is-en,True,False,300,0.831515,32.182,53.6024,-0.031148,-6.0673,-4.8945,-0.00222,0.01,0,0,0,0,0.971,0,0,0.0133,0.01,0.0053,0.9994
alma-7b-slimgpt40-ref-dir-en-de,alma-7b-slimgpt40-ref-dir-en-de__alma10-greedy-300__4198e70d285e,slimgpt,ref,40,dir,en-de,en-de,False,,ru-en,True,False,300,0.80855,32.5784,56.8342,-0.037873,-4.3586,-3.5765,-0.008181,0,0,0,0,0,0.9919,0.0033,0.0067,0.0167,0,0.0088,1.0126
alma-7b-slimgpt40-ref-dir-en-de,alma-7b-slimgpt40-ref-dir-en-de__alma10-greedy-300__4198e70d285e,slimgpt,ref,40,dir,en-de,en-de,False,,zh-en,True,False,300,0.737887,12.6327,38.3215,-0.058248,-7.2093,-9.985,-0.013094,0,0.01,0.01,0.01,0,0.9682,0,0,0.01,0,0.0039,1.0202
alma-7b-slimgpt40-ref-dir-en-de,alma-7b-slimgpt40-ref-dir-en-de__alma10-greedy-300__4198e70d285e,slimgpt,ref,40,dir,en-de,en-de,False,,en-cs,False,False,300,0.597742,1.7991,16.5238,-0.272562,-23.1314,-31.861,-0.192137,0.4567,0.01,0.0233,0.0233,0,1.1836,0.0067,0.01,0.6533,0.4567,0.0119,1.1692
alma-7b-slimgpt40-ref-dir-en-de,alma-7b-slimgpt40-ref-dir-en-de__alma10-greedy-300__4198e70d285e,slimgpt,ref,40,dir,en-de,en-de,False,,en-de,False,True,300,0.816592,22.4187,49.1921,-0.036372,-5.5728,-5.542,0.019557,0.0167,0,0,0,0,0.9659,0.0133,0.0033,0.0167,0.0167,0.0117,0.9947
alma-7b-slimgpt40-ref-dir-en-de,alma-7b-slimgpt40-ref-dir-en-de__alma10-greedy-300__4198e70d285e,slimgpt,ref,40,dir,en-de,en-de,False,,en-is,False,False,300,0.549851,3.6456,19.872,-0.291988,-20.105,-29.4064,-0.198056,0.47,0.0033,0.01,0.01,0,1.03,0,0.0033,0.6767,0.47,0.0077,1.0428
alma-7b-slimgpt40-ref-dir-en-de,alma-7b-slimgpt40-ref-dir-en-de__alma10-greedy-300__4198e70d285e,slimgpt,ref,40,dir,en-de,en-de,False,,en-ru,False,False,300,0.58924,2.9955,7.8794,-0.271841,-22.0105,-40.5361,-0.204037,0.7133,0.0033,0.0033,0.0033,0,1.0807,0.0167,0.0133,0.7667,0.7133,0.0141,1.1169
alma-7b-slimgpt40-ref-dir-en-de,alma-7b-slimgpt40-ref-dir-en-de__alma10-greedy-300__4198e70d285e,slimgpt,ref,40,dir,en-de,en-de,False,,en-zh,False,False,300,0.519805,2.1279,5.3424,-0.33093,-31.3745,-20.8916,-0.227129,0.4133,0,0.05,0.05,0,2.5701,0.0067,0.3267,0.4967,0.4133,0.128,0.6128
alma-7b-slimgpt40-ref-dir-en-is,alma-7b-slimgpt40-ref-dir-en-is__alma10-greedy-300__01b0392f77ea,slimgpt,ref,40,dir,en-is,en-is,False,,cs-en,True,False,300,0.811931,30.046,54.404,-0.040502,-11.9393,-8.9305,-0.010357,0.0033,0.0033,0.0033,0.0033,0,0.9869,0.0033,0.0033,0.0033,0.0033,0.005,1.0095
alma-7b-slimgpt40-ref-dir-en-is,alma-7b-slimgpt40-ref-dir-en-is__alma10-greedy-300__01b0392f77ea,slimgpt,ref,40,dir,en-is,en-is,False,,de-en,True,False,300,0.814688,23.4599,48.033,-0.024522,-7.8569,-5.7616,-0.000534,0.01,0,0,0,0,0.9183,0.0033,0,0.01,0.01,0.0049,0.9331
alma-7b-slimgpt40-ref-dir-en-is,alma-7b-slimgpt40-ref-dir-en-is__alma10-greedy-300__01b0392f77ea,slimgpt,ref,40,dir,en-is,en-is,False,,is-en,True,False,300,0.828733,29.0468,52.2049,-0.03393,-9.2025,-6.292,-0.005002,0.0033,0,0,0,0,0.9463,0,0,0.0067,0.0033,0.0049,0.9611
alma-7b-slimgpt40-ref-dir-en-is,alma-7b-slimgpt40-ref-dir-en-is__alma10-greedy-300__01b0392f77ea,slimgpt,ref,40,dir,en-is,en-is,False,,ru-en,True,False,300,0.796028,28.4692,52.8342,-0.050395,-8.4678,-7.5765,-0.020703,0,0.0067,0.0033,0.0033,0,1.0236,0.0033,0.0067,0.03,0,0.0082,1.0148
alma-7b-slimgpt40-ref-dir-en-is,alma-7b-slimgpt40-ref-dir-en-is__alma10-greedy-300__01b0392f77ea,slimgpt,ref,40,dir,en-is,en-is,False,,zh-en,True,False,300,0.726187,11.4139,37.2462,-0.069948,-8.4281,-11.0603,-0.024794,0,0.0267,0.0233,0.0233,0,1.0743,0,0.0033,0.0067,0,0.0039,1.1019
alma-7b-slimgpt40-ref-dir-en-is,alma-7b-slimgpt40-ref-dir-en-is__alma10-greedy-300__01b0392f77ea,slimgpt,ref,40,dir,en-is,en-is,False,,en-cs,False,False,300,0.648679,8.2038,30.3511,-0.221625,-16.7267,-18.0337,-0.1412,0.0133,0.01,0.04,0.04,0,1.1168,0.0033,0.0133,0.02,0.0133,0.0075,1.1074
alma-7b-slimgpt40-ref-dir-en-is,alma-7b-slimgpt40-ref-dir-en-is__alma10-greedy-300__01b0392f77ea,slimgpt,ref,40,dir,en-is,en-is,False,,en-de,False,False,300,0.731955,16.7368,43.0373,-0.121009,-11.2547,-11.6968,-0.06508,0.04,0,0.0067,0.0067,0,1.0166,0.0333,0,0.0433,0.04,0.0126,1.0123
alma-7b-slimgpt40-ref-dir-en-is,alma-7b-slimgpt40-ref-dir-en-is__alma10-greedy-300__01b0392f77ea,slimgpt,ref,40,dir,en-is,en-is,False,,en-is,False,True,300,0.792002,17.7648,43.3365,-0.049837,-5.9858,-5.9419,0.044095,0,0,0.0033,0.0033,0,0.9415,0,0,0.0033,0,0.0043,0.9728
alma-7b-slimgpt40-ref-dir-en-is,alma-7b-slimgpt40-ref-dir-en-is__alma10-greedy-300__01b0392f77ea,slimgpt,ref,40,dir,en-is,en-is,False,,en-ru,False,False,300,0.656535,11.0782,29.0436,-0.204546,-13.9278,-19.3719,-0.136742,0.0267,0.0033,0.0133,0.0133,0,0.8397,0.0033,0.03,0.1167,0.0267,0.0164,0.8947
alma-7b-slimgpt40-ref-dir-en-is,alma-7b-slimgpt40-ref-dir-en-is__alma10-greedy-300__01b0392f77ea,slimgpt,ref,40,dir,en-is,en-is,False,,en-zh,False,False,300,0.456598,2.2965,4.5263,-0.394137,-31.2059,-21.7077,-0.290336,0.0033,0,0.1367,0.1367,0,1.4364,0,0.52,0.0967,0.0033,0.3759,0.3435
alma-7b-slimgpt40-ref-dir-en-ru,alma-7b-slimgpt40-ref-dir-en-ru__alma10-greedy-300__2d82c83a1216,slimgpt,ref,40,dir,en-ru,en-ru,False,,cs-en,True,False,300,0.826126,32.8358,56.7401,-0.026307,-9.1495,-6.5944,0.003838,0.0033,0,0,0,0,0.9654,0,0,0.0033,0.0033,0.0055,0.9801
alma-7b-slimgpt40-ref-dir-en-ru,alma-7b-slimgpt40-ref-dir-en-ru__alma10-greedy-300__2d82c83a1216,slimgpt,ref,40,dir,en-ru,en-ru,False,,de-en,True,False,300,0.818002,25.9729,49.6535,-0.021208,-5.3439,-4.1411,0.00278,0.0067,0,0,0,0,0.9164,0,0.0033,0.01,0.0067,0.0067,0.9324
alma-7b-slimgpt40-ref-dir-en-ru,alma-7b-slimgpt40-ref-dir-en-ru__alma10-greedy-300__2d82c83a1216,slimgpt,ref,40,dir,en-ru,en-ru,False,,is-en,True,False,300,0.823251,30.0865,52.1862,-0.039412,-8.1628,-6.3107,-0.010484,0.01,0,0,0,0,0.9481,0,0,0.0133,0.01,0.0056,0.9724
alma-7b-slimgpt40-ref-dir-en-ru,alma-7b-slimgpt40-ref-dir-en-ru__alma10-greedy-300__2d82c83a1216,slimgpt,ref,40,dir,en-ru,en-ru,False,,ru-en,True,False,300,0.810593,32.8164,56.8141,-0.03583,-4.1206,-3.5966,-0.006138,0,0,0,0,0,0.9747,0.0033,0.0067,0.0167,0,0.0085,0.9956
alma-7b-slimgpt40-ref-dir-en-ru,alma-7b-slimgpt40-ref-dir-en-ru__alma10-greedy-300__2d82c83a1216,slimgpt,ref,40,dir,en-ru,en-ru,False,,zh-en,True,False,300,0.742608,12.8287,38.8175,-0.053527,-7.0133,-9.489,-0.008373,0,0.0033,0.0067,0.0067,0,0.9275,0,0.0033,0.0067,0,0.0039,0.967
alma-7b-slimgpt40-ref-dir-en-ru,alma-7b-slimgpt40-ref-dir-en-ru__alma10-greedy-300__2d82c83a1216,slimgpt,ref,40,dir,en-ru,en-ru,False,,en-cs,False,False,300,0.701265,11.5972,35.3182,-0.169039,-13.3333,-13.0666,-0.088614,0,0.0067,0.0067,0.0067,0,0.9932,0,0.02,0.0067,0,0.0095,1.019
alma-7b-slimgpt40-ref-dir-en-ru,alma-7b-slimgpt40-ref-dir-en-ru__alma10-greedy-300__2d82c83a1216,slimgpt,ref,40,dir,en-ru,en-ru,False,,en-de,False,False,300,0.700541,15.725,42.3083,-0.152423,-12.2665,-12.4258,-0.096494,0.0233,0.0033,0.0133,0.0133,0,1.0551,0.0167,0,0.0367,0.0233,0.0133,1.0766
alma-7b-slimgpt40-ref-dir-en-ru,alma-7b-slimgpt40-ref-dir-en-ru__alma10-greedy-300__2d82c83a1216,slimgpt,ref,40,dir,en-ru,en-ru,False,,en-is,False,False,300,0.457738,5.7643,21.754,-0.384101,-17.9863,-27.5244,-0.290169,0.07,0.0233,0.07,0.07,0,0.9789,0.0067,0,0.1467,0.07,0.0055,1.0806
alma-7b-slimgpt40-ref-dir-en-ru,alma-7b-slimgpt40-ref-dir-en-ru__alma10-greedy-300__2d82c83a1216,slimgpt,ref,40,dir,en-ru,en-ru,False,,en-ru,False,True,300,0.81055,18.7571,42.0018,-0.050531,-6.2489,-6.4137,0.017273,0,0,0,0,0,0.9566,0,0.01,0.03,0,0.0135,0.9974
alma-7b-slimgpt40-ref-dir-en-ru,alma-7b-slimgpt40-ref-dir-en-ru__alma10-greedy-300__2d82c83a1216,slimgpt,ref,40,dir,en-ru,en-ru,False,,en-zh,False,False,300,0.55649,7.6951,7.4916,-0.294245,-25.8073,-18.7424,-0.190444,0,0,0.0467,0.0467,0,1.8669,0,0.2367,0.3567,0,0.162,0.6291
alma-7b-slimgpt40-ref-dir-en-zh,alma-7b-slimgpt40-ref-dir-en-zh__alma10-greedy-300__35dce62fdd4f,slimgpt,ref,40,dir,en-zh,en-zh,False,,cs-en,True,False,300,0.798592,27.9575,52.7933,-0.053841,-14.0278,-10.5412,-0.023696,0.0033,0,0,0,0,0.9638,0,0,0.0067,0.0033,0.0043,0.9814
alma-7b-slimgpt40-ref-dir-en-zh,alma-7b-slimgpt40-ref-dir-en-zh__alma10-greedy-300__35dce62fdd4f,slimgpt,ref,40,dir,en-zh,en-zh,False,,de-en,True,False,300,0.81006,22.9234,48.1444,-0.02915,-8.3934,-5.6502,-0.005162,0.0067,0,0,0,0,0.9342,0,0.0033,0.0067,0.0067,0.0056,0.9499
alma-7b-slimgpt40-ref-dir-en-zh,alma-7b-slimgpt40-ref-dir-en-zh__alma10-greedy-300__35dce62fdd4f,slimgpt,ref,40,dir,en-zh,en-zh,False,,is-en,True,False,300,0.799071,24.3739,47.832,-0.063592,-13.8754,-10.6649,-0.034664,0.0067,0,0,0,0,0.9503,0,0,0.01,0.0067,0.0067,0.9865
alma-7b-slimgpt40-ref-dir-en-zh,alma-7b-slimgpt40-ref-dir-en-zh__alma10-greedy-300__35dce62fdd4f,slimgpt,ref,40,dir,en-zh,en-zh,False,,ru-en,True,False,300,0.794616,28.6423,53.8752,-0.051807,-8.2947,-6.5355,-0.022115,0,0,0,0,0,0.9708,0,0.01,0.0167,0,0.0084,0.9829
alma-7b-slimgpt40-ref-dir-en-zh,alma-7b-slimgpt40-ref-dir-en-zh__alma10-greedy-300__35dce62fdd4f,slimgpt,ref,40,dir,en-zh,en-zh,False,,zh-en,True,False,300,0.75787,15.358,42.4302,-0.038265,-4.484,-5.8763,0.006889,0.0067,0,0.0033,0.0033,0,0.8842,0.0033,0,0.0167,0.0067,0.0034,0.9289
alma-7b-slimgpt40-ref-dir-en-zh,alma-7b-slimgpt40-ref-dir-en-zh__alma10-greedy-300__35dce62fdd4f,slimgpt,ref,40,dir,en-zh,en-zh,False,,en-cs,False,False,300,0.526224,4.8898,24.4025,-0.34408,-20.0407,-23.9823,-0.263655,0.0433,0.01,0.03,0.03,0,0.983,0.02,0.04,0.0633,0.0433,0.0081,0.9702
alma-7b-slimgpt40-ref-dir-en-zh,alma-7b-slimgpt40-ref-dir-en-zh__alma10-greedy-300__35dce62fdd4f,slimgpt,ref,40,dir,en-zh,en-zh,False,,en-de,False,False,300,0.570947,7.2386,31.1268,-0.282017,-20.7529,-23.6073,-0.226088,0.12,0.02,0.0333,0.0333,0,1.057,0.02,0.0133,0.13,0.12,0.0101,1.1502
alma-7b-slimgpt40-ref-dir-en-zh,alma-7b-slimgpt40-ref-dir-en-zh__alma10-greedy-300__35dce62fdd4f,slimgpt,ref,40,dir,en-zh,en-zh,False,,en-is,False,False,300,0.415513,1.7068,10.1918,-0.426326,-22.0438,-39.0866,-0.332394,0.4867,0.04,0.1067,0.1067,0,0.7936,0,0.0067,0.5133,0.4867,0.0034,0.8756
alma-7b-slimgpt40-ref-dir-en-zh,alma-7b-slimgpt40-ref-dir-en-zh__alma10-greedy-300__35dce62fdd4f,slimgpt,ref,40,dir,en-zh,en-zh,False,,en-ru,False,False,300,0.666923,9.6734,32.856,-0.194158,-15.3326,-15.5595,-0.126354,0.0233,0,0,0,0,0.8591,0,0.03,0.0867,0.0233,0.0143,0.8887
alma-7b-slimgpt40-ref-dir-en-zh,alma-7b-slimgpt40-ref-dir-en-zh__alma10-greedy-300__35dce62fdd4f,slimgpt,ref,40,dir,en-zh,en-zh,False,,en-zh,False,True,300,0.784105,25.7842,22.395,-0.06663,-7.7182,-3.839,0.037171,0,0,0.01,0.01,0,1.0098,0,0.1533,0.03,0,0.0098,1.0001
alma-7b-slimgpt40-gen-dir-cs-en,alma-7b-slimgpt40-gen-dir-cs-en__alma10-greedy-300__5e0a7dabf02f,slimgpt,gen,40,dir,cs-en,cs-en,False,,cs-en,True,True,300,0.833524,35.2495,57.706,-0.018909,-6.7358,-5.6285,0.013025,0.0033,0,0,0,0,0.9541,0,0.0033,0.0033,0.0033,0.0035,0.9736
alma-7b-slimgpt40-gen-dir-cs-en,alma-7b-slimgpt40-gen-dir-cs-en__alma10-greedy-300__5e0a7dabf02f,slimgpt,gen,40,dir,cs-en,cs-en,False,,de-en,True,False,300,0.819066,26.5373,50.5465,-0.020144,-4.7795,-3.2481,0.002226,0.0033,0,0,0,0,0.9282,0,0.0033,0.0067,0.0033,0.0051,0.9399
alma-7b-slimgpt40-gen-dir-cs-en,alma-7b-slimgpt40-gen-dir-cs-en__alma10-greedy-300__5e0a7dabf02f,slimgpt,gen,40,dir,cs-en,cs-en,False,,is-en,True,False,300,0.830286,31.9467,53.3298,-0.032377,-6.3026,-5.1671,-0.003807,0.01,0,0,0,0,0.9531,0,0,0.0167,0.01,0.0065,0.9823
alma-7b-slimgpt40-gen-dir-cs-en,alma-7b-slimgpt40-gen-dir-cs-en__alma10-greedy-300__5e0a7dabf02f,slimgpt,gen,40,dir,cs-en,cs-en,False,,ru-en,True,False,300,0.818295,31.7721,55.9729,-0.028128,-5.1649,-4.4378,0.006073,0,0,0,0,0,0.9791,0.0033,0.0067,0.0167,0,0.0069,0.9956
alma-7b-slimgpt40-gen-dir-cs-en,alma-7b-slimgpt40-gen-dir-cs-en__alma10-greedy-300__5e0a7dabf02f,slimgpt,gen,40,dir,cs-en,cs-en,False,,zh-en,True,False,300,0.748637,13.438,40.1149,-0.047498,-6.404,-8.1916,-0.001638,0.0033,0,0,0,0,0.9019,0,0.0033,0.0067,0.0033,0.0044,0.9393
alma-7b-slimgpt40-gen-dir-cs-en,alma-7b-slimgpt40-gen-dir-cs-en__alma10-greedy-300__5e0a7dabf02f,slimgpt,gen,40,dir,cs-en,cs-en,False,,en-cs,False,False,300,0.799436,16.7423,40.1145,-0.070868,-8.1882,-8.2703,0.010166,0.01,0,0,0,0,0.9009,0.0067,0.0267,0.0167,0.01,0.0062,0.9379
alma-7b-slimgpt40-gen-dir-cs-en,alma-7b-slimgpt40-gen-dir-cs-en__alma10-greedy-300__5e0a7dabf02f,slimgpt,gen,40,dir,cs-en,cs-en,False,,en-de,False,False,300,0.710278,13.441,40.4342,-0.142686,-14.5505,-14.2999,-0.086777,0.0867,0,0.0033,0.0033,0,0.9724,0.0267,0,0.0867,0.0867,0.0129,1.0275
alma-7b-slimgpt40-gen-dir-cs-en,alma-7b-slimgpt40-gen-dir-cs-en__alma10-greedy-300__5e0a7dabf02f,slimgpt,gen,40,dir,cs-en,cs-en,False,,en-is,False,False,300,0.530152,6.8548,26.6631,-0.311687,-16.8958,-22.6153,-0.210823,0.2033,0.0033,0.01,0.01,0,0.8951,0.0333,0,0.2067,0.2033,0.0064,0.973
alma-7b-slimgpt40-gen-dir-cs-en,alma-7b-slimgpt40-gen-dir-cs-en__alma10-greedy-300__5e0a7dabf02f,slimgpt,gen,40,dir,cs-en,cs-en,False,,en-ru,False,False,300,0.694873,11.2539,28.3362,-0.166208,-13.7521,-20.0793,-0.095648,0.22,0,0,0,0,0.8722,0.1067,0.0067,0.2967,0.22,0.016,0.964
alma-7b-slimgpt40-gen-dir-cs-en,alma-7b-slimgpt40-gen-dir-cs-en__alma10-greedy-300__5e0a7dabf02f,slimgpt,gen,40,dir,cs-en,cs-en,False,,en-zh,False,False,300,0.463483,2.3958,5.2182,-0.387252,-31.1066,-21.0158,-0.290193,0,0,0.06,0.06,0,0.8823,0,0.6067,0.0433,0,0.276,0.3468
alma-7b-slimgpt40-gen-dir-de-en,alma-7b-slimgpt40-gen-dir-de-en__alma10-greedy-300__88f6cd75ee48,slimgpt,gen,40,dir,de-en,de-en,False,,cs-en,True,False,300,0.827307,35.1547,57.6859,-0.025126,-6.8306,-5.6486,0.006808,0.0067,0,0,0,0,0.9668,0,0.0033,0.0067,0.0067,0.0052,0.9878
alma-7b-slimgpt40-gen-dir-de-en,alma-7b-slimgpt40-gen-dir-de-en__alma10-greedy-300__88f6cd75ee48,slimgpt,gen,40,dir,de-en,de-en,False,,de-en,True,True,300,0.817148,25.9969,49.8282,-0.022062,-5.3199,-3.9664,0.000308,0.0033,0,0,0,0,0.9208,0,0.0033,0.0067,0.0033,0.0062,0.9316
alma-7b-slimgpt40-gen-dir-de-en,alma-7b-slimgpt40-gen-dir-de-en__alma10-greedy-300__88f6cd75ee48,slimgpt,gen,40,dir,de-en,de-en,False,,is-en,True,False,300,0.835372,31.9057,53.5991,-0.027291,-6.3436,-4.8978,0.001279,0.0033,0,0,0,0,0.9671,0,0,0.01,0.0033,0.0058,0.9963
alma-7b-slimgpt40-gen-dir-de-en,alma-7b-slimgpt40-gen-dir-de-en__alma10-greedy-300__88f6cd75ee48,slimgpt,gen,40,dir,de-en,de-en,False,,ru-en,True,False,300,0.81228,31.3178,55.8396,-0.034143,-5.6192,-4.5711,5.8e-05,0,0,0.0033,0.0033,0,0.9997,0.0033,0.0067,0.0167,0,0.0084,1.0144
alma-7b-slimgpt40-gen-dir-de-en,alma-7b-slimgpt40-gen-dir-de-en__alma10-greedy-300__88f6cd75ee48,slimgpt,gen,40,dir,de-en,de-en,False,,zh-en,True,False,300,0.743001,12.9863,39.2339,-0.053134,-6.8557,-9.0726,-0.007274,0,0,0.0033,0.0033,0,0.897,0,0,0.0067,0,0.005,0.9306
alma-7b-slimgpt40-gen-dir-de-en,alma-7b-slimgpt40-gen-dir-de-en__alma10-greedy-300__88f6cd75ee48,slimgpt,gen,40,dir,de-en,de-en,False,,en-cs,False,False,300,0.614505,9.1731,29.8322,-0.255799,-15.7574,-18.5526,-0.174765,0.0367,0.0067,0.0167,0.0167,0,0.984,0.0167,0.0267,0.0733,0.0367,0.0108,1.011
alma-7b-slimgpt40-gen-dir-de-en,alma-7b-slimgpt40-gen-dir-de-en__alma10-greedy-300__88f6cd75ee48,slimgpt,gen,40,dir,de-en,de-en,False,,en-de,False,False,300,0.808322,21.5957,48.4609,-0.044642,-6.3958,-6.2732,0.011267,0.0333,0,0,0,0,0.9632,0.0233,0,0.0333,0.0333,0.0135,1.0027
alma-7b-slimgpt40-gen-dir-de-en,alma-7b-slimgpt40-gen-dir-de-en__alma10-greedy-300__88f6cd75ee48,slimgpt,gen,40,dir,de-en,de-en,False,,en-is,False,False,300,0.506565,6.5044,25.6714,-0.335274,-17.2462,-23.607,-0.23441,0.1967,0.0033,0.01,0.01,0,0.9042,0.0633,0.0033,0.2133,0.1967,0.0069,0.9783
alma-7b-slimgpt40-gen-dir-de-en,alma-7b-slimgpt40-gen-dir-de-en__alma10-greedy-300__88f6cd75ee48,slimgpt,gen,40,dir,de-en,de-en,False,,en-ru,False,False,300,0.635697,10.8251,25.738,-0.225384,-14.1809,-22.6775,-0.154824,0.2967,0,0,0,0,0.8735,0.16,0.02,0.3267,0.2967,0.0148,0.9805
alma-7b-slimgpt40-gen-dir-de-en,alma-7b-slimgpt40-gen-dir-de-en__alma10-greedy-300__88f6cd75ee48,slimgpt,gen,40,dir,de-en,de-en,False,,en-zh,False,False,300,0.473723,2.5343,5.2768,-0.377012,-30.9681,-20.9572,-0.279953,0.0567,0,0.09,0.09,0,1.2731,0.0267,0.5067,0.1133,0.0567,0.3057,0.3944
alma-7b-slimgpt40-gen-dir-is-en,alma-7b-slimgpt40-gen-dir-is-en__alma10-greedy-300__33aa793cad3a,slimgpt,gen,40,dir,is-en,is-en,False,,cs-en,True,False,300,0.810631,30.8711,54.4985,-0.041802,-11.1142,-8.836,-0.009868,0.0033,0,0,0,0,0.9447,0,0.0033,0.0033,0.0033,0.005,0.9601
alma-7b-slimgpt40-gen-dir-is-en,alma-7b-slimgpt40-gen-dir-is-en__alma10-greedy-300__33aa793cad3a,slimgpt,gen,40,dir,is-en,is-en,False,,de-en,True,False,300,0.812949,22.2425,47.2979,-0.026261,-9.0743,-6.4967,-0.003891,0.0067,0,0,0,0,0.8992,0,0.0033,0.01,0.0067,0.006,0.913
alma-7b-slimgpt40-gen-dir-is-en,alma-7b-slimgpt40-gen-dir-is-en__alma10-greedy-300__33aa793cad3a,slimgpt,gen,40,dir,is-en,is-en,False,,is-en,True,True,300,0.831693,29.2217,52.2208,-0.03097,-9.0276,-6.2761,-0.0024,0.0033,0,0,0,0,0.9377,0,0,0.01,0.0033,0.007,0.9578
alma-7b-slimgpt40-gen-dir-is-en,alma-7b-slimgpt40-gen-dir-is-en__alma10-greedy-300__33aa793cad3a,slimgpt,gen,40,dir,is-en,is-en,False,,ru-en,True,False,300,0.80251,28.8213,53.0158,-0.043913,-8.1157,-7.3949,-0.009712,0,0,0,0,0,0.9548,0,0.0067,0.02,0,0.0071,0.9737
alma-7b-slimgpt40-gen-dir-is-en,alma-7b-slimgpt40-gen-dir-is-en__alma10-greedy-300__33aa793cad3a,slimgpt,gen,40,dir,is-en,is-en,False,,zh-en,True,False,300,0.739148,12.8565,37.7398,-0.056987,-6.9855,-10.5667,-0.011127,0,0.0033,0.0067,0.0067,0,0.9095,0,0.0067,0.0033,0,0.0059,0.9394
alma-7b-slimgpt40-gen-dir-is-en,alma-7b-slimgpt40-gen-dir-is-en__alma10-greedy-300__33aa793cad3a,slimgpt,gen,40,dir,is-en,is-en,False,,en-cs,False,False,300,0.618704,7.5726,28.8693,-0.2516,-17.3579,-19.5155,-0.170566,0.04,0,0,0,0,0.8936,0.0067,0.02,0.06,0.04,0.0102,0.9498
alma-7b-slimgpt40-gen-dir-is-en,alma-7b-slimgpt40-gen-dir-is-en__alma10-greedy-300__33aa793cad3a,slimgpt,gen,40,dir,is-en,is-en,False,,en-de,False,False,300,0.702305,12.2621,38.7206,-0.150659,-15.7294,-16.0135,-0.09475,0.09,0.0033,0.0067,0.0067,0,1.0009,0.0267,0,0.09,0.09,0.0123,1.0485
alma-7b-slimgpt40-gen-dir-is-en,alma-7b-slimgpt40-gen-dir-is-en__alma10-greedy-300__33aa793cad3a,slimgpt,gen,40,dir,is-en,is-en,False,,en-is,False,False,300,0.761248,14.2866,38.361,-0.080591,-9.464,-10.9174,0.020273,0.07,0.0033,0.0033,0.0033,0,0.9263,0.01,0,0.0733,0.07,0.0046,0.9803
alma-7b-slimgpt40-gen-dir-is-en,alma-7b-slimgpt40-gen-dir-is-en__alma10-greedy-300__33aa793cad3a,slimgpt,gen,40,dir,is-en,is-en,False,,en-ru,False,False,300,0.561264,3.7482,13.1549,-0.299817,-21.2578,-35.2606,-0.229257,0.5433,0,0,0,0,0.8627,0.1067,0.0233,0.6267,0.5433,0.016,0.9687
alma-7b-slimgpt40-gen-dir-is-en,alma-7b-slimgpt40-gen-dir-is-en__alma10-greedy-300__33aa793cad3a,slimgpt,gen,40,dir,is-en,is-en,False,,en-zh,False,False,300,0.457082,1.9965,4.4404,-0.393653,-31.5059,-21.7936,-0.296594,0.0367,0,0.0633,0.0633,0,0.9762,0.0067,0.5567,0.0967,0.0367,0.2879,0.3487
alma-7b-slimgpt40-gen-dir-ru-en,alma-7b-slimgpt40-gen-dir-ru-en__alma10-greedy-300__ac1260c1dbae,slimgpt,gen,40,dir,ru-en,ru-en,False,,cs-en,True,False,300,0.823803,34.0452,57.1858,-0.02863,-7.9401,-6.1487,0.003304,0.0067,0,0,0,0,0.9686,0.0033,0,0.0067,0.0067,0.004,0.9836
alma-7b-slimgpt40-gen-dir-ru-en,alma-7b-slimgpt40-gen-dir-ru-en__alma10-greedy-300__ac1260c1dbae,slimgpt,gen,40,dir,ru-en,ru-en,False,,de-en,True,False,300,0.816188,26.3748,50.2526,-0.023022,-4.942,-3.542,-0.000652,0.0067,0,0,0,0,0.9336,0,0.0033,0.0067,0.0067,0.0056,0.9521
alma-7b-slimgpt40-gen-dir-ru-en,alma-7b-slimgpt40-gen-dir-ru-en__alma10-greedy-300__ac1260c1dbae,slimgpt,gen,40,dir,ru-en,ru-en,False,,is-en,True,False,300,0.826564,30.9079,52.7465,-0.036099,-7.3414,-5.7504,-0.007529,0.0067,0,0,0,0,0.965,0,0,0.0133,0.0067,0.0058,0.9947
alma-7b-slimgpt40-gen-dir-ru-en,alma-7b-slimgpt40-gen-dir-ru-en__alma10-greedy-300__ac1260c1dbae,slimgpt,gen,40,dir,ru-en,ru-en,False,,ru-en,True,True,300,0.816038,32.0716,56.1617,-0.030385,-4.8654,-4.249,0.003816,0,0,0,0,0,0.9694,0.0033,0.01,0.02,0,0.0072,0.9879
alma-7b-slimgpt40-gen-dir-ru-en,alma-7b-slimgpt40-gen-dir-ru-en__alma10-greedy-300__ac1260c1dbae,slimgpt,gen,40,dir,ru-en,ru-en,False,,zh-en,True,False,300,0.741217,13.5081,39.2102,-0.054918,-6.3339,-9.0963,-0.009058,0,0,0.0033,0.0033,0,0.8837,0,0.0067,0.01,0,0.0035,0.9255
alma-7b-slimgpt40-gen-dir-ru-en,alma-7b-slimgpt40-gen-dir-ru-en__alma10-greedy-300__ac1260c1dbae,slimgpt,gen,40,dir,ru-en,ru-en,False,,en-cs,False,False,300,0.64201,8.8565,29.8873,-0.228294,-16.074,-18.4975,-0.14726,0.0133,0,0.0033,0.0033,0,0.9082,0.0033,0.0233,0.03,0.0133,0.0106,0.9446
alma-7b-slimgpt40-gen-dir-ru-en,alma-7b-slimgpt40-gen-dir-ru-en__alma10-greedy-300__ac1260c1dbae,slimgpt,gen,40,dir,ru-en,ru-en,False,,en-de,False,False,300,0.677453,11.6701,37.8513,-0.175511,-16.3214,-16.8828,-0.119602,0.1033,0.01,0.02,0.02,0,1.054,0.0433,0.0033,0.1033,0.1033,0.0127,1.1519
alma-7b-slimgpt40-gen-dir-ru-en,alma-7b-slimgpt40-gen-dir-ru-en__alma10-greedy-300__ac1260c1dbae,slimgpt,gen,40,dir,ru-en,ru-en,False,,en-is,False,False,300,0.453499,4.7246,21.9235,-0.38834,-19.026,-27.3549,-0.287476,0.2267,0.02,0.0433,0.0433,0,0.9472,0.03,0,0.2467,0.2267,0.0061,1.1068
alma-7b-slimgpt40-gen-dir-ru-en,alma-7b-slimgpt40-gen-dir-ru-en__alma10-greedy-300__ac1260c1dbae,slimgpt,gen,40,dir,ru-en,ru-en,False,,en-ru,False,False,300,0.798184,18.2133,40.5215,-0.062897,-6.7927,-7.894,0.007663,0.02,0,0.0033,0.0033,0,0.9539,0.0133,0.01,0.0533,0.02,0.0111,0.9996
alma-7b-slimgpt40-gen-dir-ru-en,alma-7b-slimgpt40-gen-dir-ru-en__alma10-greedy-300__ac1260c1dbae,slimgpt,gen,40,dir,ru-en,ru-en,False,,en-zh,False,False,300,0.53915,8.0208,8.8728,-0.311585,-25.4816,-17.3612,-0.214526,0.0033,0,0.0667,0.0667,0,1.147,0.0033,0.31,0.0667,0.0033,0.2403,0.5261
alma-7b-slimgpt40-gen-dir-zh-en,alma-7b-slimgpt40-gen-dir-zh-en__alma10-greedy-300__6fb9bdcc73f4,slimgpt,gen,40,dir,zh-en,zh-en,False,,cs-en,True,False,300,0.807613,29.4761,54.2384,-0.04482,-12.5092,-9.0961,-0.012886,0.0033,0,0,0,0,0.9529,0,0,0.0033,0.0033,0.0045,0.9672
alma-7b-slimgpt40-gen-dir-zh-en,alma-7b-slimgpt40-gen-dir-zh-en__alma10-greedy-300__6fb9bdcc73f4,slimgpt,gen,40,dir,zh-en,zh-en,False,,de-en,True,False,300,0.808153,24.6204,48.8626,-0.031057,-6.6964,-4.932,-0.008687,0.0033,0,0,0,0,0.9196,0,0.0033,0.0033,0.0033,0.0057,0.9369
alma-7b-slimgpt40-gen-dir-zh-en,alma-7b-slimgpt40-gen-dir-zh-en__alma10-greedy-300__6fb9bdcc73f4,slimgpt,gen,40,dir,zh-en,zh-en,False,,is-en,True,False,300,0.801552,26.3547,49.026,-0.061111,-11.8946,-9.4709,-0.032541,0.0067,0.0033,0.0033,0.0033,0,0.9614,0,0,0.01,0.0067,0.0063,1.0148
alma-7b-slimgpt40-gen-dir-zh-en,alma-7b-slimgpt40-gen-dir-zh-en__alma10-greedy-300__6fb9bdcc73f4,slimgpt,gen,40,dir,zh-en,zh-en,False,,ru-en,True,False,300,0.796148,27.5758,53.7577,-0.050275,-9.3612,-6.653,-0.016074,0,0.0067,0.01,0.01,0,0.9981,0.0033,0.01,0.0267,0,0.0062,1.0611
alma-7b-slimgpt40-gen-dir-zh-en,alma-7b-slimgpt40-gen-dir-zh-en__alma10-greedy-300__6fb9bdcc73f4,slimgpt,gen,40,dir,zh-en,zh-en,False,,zh-en,True,True,300,0.762329,16.3594,43.851,-0.033806,-3.4826,-4.4555,0.012054,0,0.0067,0.0067,0.0067,0,0.9222,0,0.0033,0.0133,0,0.0034,0.9693
alma-7b-slimgpt40-gen-dir-zh-en,alma-7b-slimgpt40-gen-dir-zh-en__alma10-greedy-300__6fb9bdcc73f4,slimgpt,gen,40,dir,zh-en,zh-en,False,,en-cs,False,False,300,0.534206,3.4073,21.8708,-0.336098,-21.5232,-26.514,-0.255064,0.24,0.0067,0.0133,0.0133,0,0.9171,0.0567,0.0467,0.2467,0.24,0.0076,0.9564
alma-7b-slimgpt40-gen-dir-zh-en,alma-7b-slimgpt40-gen-dir-zh-en__alma10-greedy-300__6fb9bdcc73f4,slimgpt,gen,40,dir,zh-en,zh-en,False,,en-de,False,False,300,0.601662,4.3499,24.5147,-0.251302,-23.6416,-30.2194,-0.195393,0.6267,0.0067,0.0067,0.0067,0,0.919,0.1833,0,0.6267,0.6267,0.0116,1.0757
alma-7b-slimgpt40-gen-dir-zh-en,alma-7b-slimgpt40-gen-dir-zh-en__alma10-greedy-300__6fb9bdcc73f4,slimgpt,gen,40,dir,zh-en,zh-en,False,,en-is,False,False,300,0.527845,1.558,16.0703,-0.313994,-22.1926,-33.2081,-0.21313,0.9867,0.0033,0.0033,0.0033,0,0.9587,0.2467,0,0.99,0.9867,0.0079,1.0467
alma-7b-slimgpt40-gen-dir-zh-en,alma-7b-slimgpt40-gen-dir-zh-en__alma10-greedy-300__6fb9bdcc73f4,slimgpt,gen,40,dir,zh-en,zh-en,False,,en-ru,False,False,300,0.637187,8.629,31.052,-0.223894,-16.377,-17.3635,-0.153334,0.19,0,0,0,0,0.8925,0.11,0.01,0.2233,0.19,0.0151,0.9622
alma-7b-slimgpt40-gen-dir-zh-en,alma-7b-slimgpt40-gen-dir-zh-en__alma10-greedy-300__6fb9bdcc73f4,slimgpt,gen,40,dir,zh-en,zh-en,False,,en-zh,False,False,300,0.759246,22.7337,19.067,-0.091489,-10.7687,-7.167,0.00557,0.02,0,0.01,0.01,0,1.0363,0.0033,0.1933,0.0467,0.02,0.0191,0.9181
alma-7b-slimgpt40-gen-dir-en-cs,alma-7b-slimgpt40-gen-dir-en-cs__alma10-greedy-300__f075f0c3c70a,slimgpt,gen,40,dir,en-cs,en-cs,False,,cs-en,True,False,300,0.828504,33.4613,56.7694,-0.023929,-8.524,-6.5651,0.008005,0.0067,0,0.0033,0.0033,0,0.9895,0.0033,0,0.0067,0.0067,0.0037,1.0003
alma-7b-slimgpt40-gen-dir-en-cs,alma-7b-slimgpt40-gen-dir-en-cs__alma10-greedy-300__f075f0c3c70a,slimgpt,gen,40,dir,en-cs,en-cs,False,,de-en,True,False,300,0.812244,26.0555,49.3861,-0.026966,-5.2613,-4.4085,-0.004596,0.0033,0.0033,0.0033,0.0033,0,0.9973,0,0.0033,0.0067,0.0033,0.0057,0.9773
alma-7b-slimgpt40-gen-dir-en-cs,alma-7b-slimgpt40-gen-dir-en-cs__alma10-greedy-300__f075f0c3c70a,slimgpt,gen,40,dir,en-cs,en-cs,False,,is-en,True,False,300,0.821865,29.7086,51.7558,-0.040798,-8.5407,-6.7411,-0.012228,0.0233,0.0033,0.0033,0.0033,0,0.9831,0,0,0.0233,0.0233,0.0047,0.9936
alma-7b-slimgpt40-gen-dir-en-cs,alma-7b-slimgpt40-gen-dir-en-cs__alma10-greedy-300__f075f0c3c70a,slimgpt,gen,40,dir,en-cs,en-cs,False,,ru-en,True,False,300,0.807963,31.5373,56.5162,-0.03846,-5.3997,-3.8945,-0.004259,0,0,0,0,0,0.9922,0.0033,0.0067,0.0167,0,0.0073,1.0003
alma-7b-slimgpt40-gen-dir-en-cs,alma-7b-slimgpt40-gen-dir-en-cs__alma10-greedy-300__f075f0c3c70a,slimgpt,gen,40,dir,en-cs,en-cs,False,,zh-en,True,False,300,0.737572,11.676,38.1427,-0.058563,-8.166,-10.1638,-0.012703,0,0.0133,0.02,0.02,0,1.051,0,0.0067,0.0167,0,0.0037,1.0645
alma-7b-slimgpt40-gen-dir-en-cs,alma-7b-slimgpt40-gen-dir-en-cs__alma10-greedy-300__f075f0c3c70a,slimgpt,gen,40,dir,en-cs,en-cs,False,,en-cs,False,True,300,0.813577,20.0364,42.9049,-0.056727,-4.8941,-5.4799,0.024307,0,0.0033,0.0033,0.0033,0,0.964,0,0.0233,0.0267,0,0.0058,0.9856
alma-7b-slimgpt40-gen-dir-en-cs,alma-7b-slimgpt40-gen-dir-en-cs__alma10-greedy-300__f075f0c3c70a,slimgpt,gen,40,dir,en-cs,en-cs,False,,en-de,False,False,300,0.737266,15.7028,43.3445,-0.115698,-12.2887,-11.3896,-0.059789,0.0267,0.0067,0.0067,0.0067,0,1.0319,0.0133,0,0.0333,0.0267,0.0129,1.0533
alma-7b-slimgpt40-gen-dir-en-cs,alma-7b-slimgpt40-gen-dir-en-cs__alma10-greedy-300__f075f0c3c70a,slimgpt,gen,40,dir,en-cs,en-cs,False,,en-is,False,False,300,0.539455,9.234,29.9516,-0.302384,-14.5166,-19.3268,-0.20152,0.01,0.0167,0.03,0.03,0,0.9411,0,0.0033,0.0233,0.01,0.0055,1.0475
alma-7b-slimgpt40-gen-dir-en-cs,alma-7b-slimgpt40-gen-dir-en-cs__alma10-greedy-300__f075f0c3c70a,slimgpt,gen,40,dir,en-cs,en-cs,False,,en-ru,False,False,300,0.767697,14.5668,36.867,-0.093384,-10.4392,-11.5485,-0.022824,0.0033,0,0,0,0,0.9121,0,0.0167,0.05,0.0033,0.0139,0.9558
alma-7b-slimgpt40-gen-dir-en-cs,alma-7b-slimgpt40-gen-dir-en-cs__alma10-greedy-300__f075f0c3c70a,slimgpt,gen,40,dir,en-cs,en-cs,False,,en-zh,False,False,300,0.472254,3.6168,5.9584,-0.378481,-29.8856,-20.2756,-0.281422,0.0033,0,0.07,0.07,0,0.9801,0,0.5533,0.0733,0.0033,0.2723,0.3988
alma-7b-slimgpt40-gen-dir-en-de,alma-7b-slimgpt40-gen-dir-en-de__alma10-greedy-300__c4508f0c394b,slimgpt,gen,40,dir,en-de,en-de,False,,cs-en,True,False,300,0.819287,34.2428,57.5921,-0.033146,-7.7425,-5.7424,-0.001212,0.0033,0,0,0,0,0.9808,0.0033,0,0.0033,0.0033,0.004,0.9943
alma-7b-slimgpt40-gen-dir-en-de,alma-7b-slimgpt40-gen-dir-en-de__alma10-greedy-300__c4508f0c394b,slimgpt,gen,40,dir,en-de,en-de,False,,de-en,True,False,300,0.814875,26.1674,49.7941,-0.024335,-5.1494,-4.0005,-0.001965,0.0133,0,0,0,0,0.9283,0,0.0033,0.0133,0.0133,0.0069,0.9369
alma-7b-slimgpt40-gen-dir-en-de,alma-7b-slimgpt40-gen-dir-en-de__alma10-greedy-300__c4508f0c394b,slimgpt,gen,40,dir,en-de,en-de,False,,is-en,True,False,300,0.832541,31.3832,53.4335,-0.030122,-6.8661,-5.0634,-0.001552,0.01,0,0,0,0,0.9712,0,0,0.02,0.01,0.0047,0.9967
alma-7b-slimgpt40-gen-dir-en-de,alma-7b-slimgpt40-gen-dir-en-de__alma10-greedy-300__c4508f0c394b,slimgpt,gen,40,dir,en-de,en-de,False,,ru-en,True,False,300,0.807754,31.3054,56.2331,-0.038669,-5.6316,-4.1776,-0.004468,0,0,0.0033,0.0033,0,0.9985,0.0033,0.0067,0.0167,0,0.0088,1.0178
alma-7b-slimgpt40-gen-dir-en-de,alma-7b-slimgpt40-gen-dir-en-de__alma10-greedy-300__c4508f0c394b,slimgpt,gen,40,dir,en-de,en-de,False,,zh-en,True,False,300,0.724025,11.965,37.9595,-0.07211,-7.877,-10.347,-0.02625,0,0.0233,0.0233,0.0233,0,1.0562,0,0.0067,0.0067,0,0.0034,1.1037
alma-7b-slimgpt40-gen-dir-en-de,alma-7b-slimgpt40-gen-dir-en-de__alma10-greedy-300__c4508f0c394b,slimgpt,gen,40,dir,en-de,en-de,False,,en-cs,False,False,300,0.582122,2.3786,18.7719,-0.288182,-22.5519,-29.6129,-0.207148,0.3133,0.01,0.0433,0.0433,0,1.2456,0.01,0.0067,0.51,0.3133,0.011,1.211
alma-7b-slimgpt40-gen-dir-en-de,alma-7b-slimgpt40-gen-dir-en-de__alma10-greedy-300__c4508f0c394b,slimgpt,gen,40,dir,en-de,en-de,False,,en-de,False,True,300,0.818641,21.9608,49.3725,-0.034323,-6.0307,-5.3616,0.021586,0.0233,0,0,0,0,0.971,0.0233,0.0033,0.0233,0.0233,0.012,0.9981
alma-7b-slimgpt40-gen-dir-en-de,alma-7b-slimgpt40-gen-dir-en-de__alma10-greedy-300__c4508f0c394b,slimgpt,gen,40,dir,en-de,en-de,False,,en-is,False,False,300,0.56192,3.4989,20.3495,-0.279919,-20.2517,-28.9289,-0.179055,0.55,0,0.0133,0.0133,0,1.0266,0,0,0.66,0.55,0.0085,1.0148
alma-7b-slimgpt40-gen-dir-en-de,alma-7b-slimgpt40-gen-dir-en-de__alma10-greedy-300__c4508f0c394b,slimgpt,gen,40,dir,en-de,en-de,False,,en-ru,False,False,300,0.635197,7.0282,16.1861,-0.225884,-17.9778,-32.2294,-0.155324,0.52,0,0,0,0,0.9884,0.03,0.0133,0.5833,0.52,0.0141,1.0458
alma-7b-slimgpt40-gen-dir-en-de,alma-7b-slimgpt40-gen-dir-en-de__alma10-greedy-300__c4508f0c394b,slimgpt,gen,40,dir,en-de,en-de,False,,en-zh,False,False,300,0.507876,3.6939,6.5104,-0.342859,-29.8085,-19.7236,-0.2458,0.2267,0,0.0867,0.0867,0,2.0452,0,0.3933,0.2967,0.2267,0.233,0.5607
alma-7b-slimgpt40-gen-dir-en-is,alma-7b-slimgpt40-gen-dir-en-is__alma10-greedy-300__e83c14965cca,slimgpt,gen,40,dir,en-is,en-is,False,,cs-en,True,False,300,0.815368,31.1417,55.3155,-0.037065,-10.8436,-8.019,-0.005131,0.0033,0,0,0,0,0.9619,0.0033,0.0033,0.0033,0.0033,0.0045,0.974
alma-7b-slimgpt40-gen-dir-en-is,alma-7b-slimgpt40-gen-dir-en-is__alma10-greedy-300__e83c14965cca,slimgpt,gen,40,dir,en-is,en-is,False,,de-en,True,False,300,0.816693,24.2656,48.7864,-0.022517,-7.0512,-5.0082,-0.000147,0.0067,0,0,0,0,0.9221,0,0,0.0067,0.0067,0.0056,0.9362
alma-7b-slimgpt40-gen-dir-en-is,alma-7b-slimgpt40-gen-dir-en-is__alma10-greedy-300__e83c14965cca,slimgpt,gen,40,dir,en-is,en-is,False,,is-en,True,False,300,0.829838,29.2913,52.0215,-0.032825,-8.958,-6.4754,-0.004255,0.01,0,0,0,0,0.9356,0,0,0.0167,0.01,0.0052,0.95
alma-7b-slimgpt40-gen-dir-en-is,alma-7b-slimgpt40-gen-dir-en-is__alma10-greedy-300__e83c14965cca,slimgpt,gen,40,dir,en-is,en-is,False,,ru-en,True,False,300,0.797674,28.0417,53.1704,-0.048749,-8.8953,-7.2403,-0.014548,0,0.0033,0.0033,0.0033,0,1.0285,0.0033,0.0067,0.0267,0,0.0078,1.02
alma-7b-slimgpt40-gen-dir-en-is,alma-7b-slimgpt40-gen-dir-en-is__alma10-greedy-300__e83c14965cca,slimgpt,gen,40,dir,en-is,en-is,False,,zh-en,True,False,300,0.727488,11.2622,37.0646,-0.068647,-8.5798,-11.2419,-0.022787,0.0033,0.0133,0.0233,0.0233,0,1.0729,0,0.0033,0.0167,0.0033,0.0037,1.1056
alma-7b-slimgpt40-gen-dir-en-is,alma-7b-slimgpt40-gen-dir-en-is__alma10-greedy-300__e83c14965cca,slimgpt,gen,40,dir,en-is,en-is,False,,en-cs,False,False,300,0.64394,9.3436,31.6357,-0.226364,-15.5869,-16.7491,-0.14533,0.0067,0.0133,0.03,0.03,0,1.1208,0.0033,0.0267,0.0167,0.0067,0.007,1.141
alma-7b-slimgpt40-gen-dir-en-is,alma-7b-slimgpt40-gen-dir-en-is__alma10-greedy-300__e83c14965cca,slimgpt,gen,40,dir,en-is,en-is,False,,en-de,False,False,300,0.73162,16.7398,43.569,-0.121344,-11.2517,-11.1651,-0.065435,0.04,0,0.0033,0.0033,0,1.0127,0.0333,0.0033,0.0433,0.04,0.0127,1.0185
alma-7b-slimgpt40-gen-dir-en-is,alma-7b-slimgpt40-gen-dir-en-is__alma10-greedy-300__e83c14965cca,slimgpt,gen,40,dir,en-is,en-is,False,,en-is,False,True,300,0.792896,18.0801,43.5431,-0.048943,-5.6705,-5.7353,0.051921,0,0,0,0,0,0.9438,0,0,0.0033,0,0.0042,0.9734
alma-7b-slimgpt40-gen-dir-en-is,alma-7b-slimgpt40-gen-dir-en-is__alma10-greedy-300__e83c14965cca,slimgpt,gen,40,dir,en-is,en-is,False,,en-ru,False,False,300,0.652136,10.6855,28.978,-0.208945,-14.3205,-19.4375,-0.138385,0.03,0.0033,0.0067,0.0067,0,0.8294,0.01,0.0267,0.1233,0.03,0.0223,0.8652
alma-7b-slimgpt40-gen-dir-en-is,alma-7b-slimgpt40-gen-dir-en-is__alma10-greedy-300__e83c14965cca,slimgpt,gen,40,dir,en-is,en-is,False,,en-zh,False,False,300,0.444639,2.0541,3.8751,-0.406096,-31.4483,-22.3589,-0.309037,0,0,0.1333,0.1333,0,1.3871,0,0.55,0.0833,0,0.3623,0.3383
alma-7b-slimgpt40-gen-dir-en-ru,alma-7b-slimgpt40-gen-dir-en-ru__alma10-greedy-300__e9bacd5e1878,slimgpt,gen,40,dir,en-ru,en-ru,False,,cs-en,True,False,300,0.825635,32.9526,56.7967,-0.026798,-9.0327,-6.5378,0.005136,0.0033,0,0,0,0,0.9711,0,0,0.0033,0.0033,0.0055,0.9856
alma-7b-slimgpt40-gen-dir-en-ru,alma-7b-slimgpt40-gen-dir-en-ru__alma10-greedy-300__e9bacd5e1878,slimgpt,gen,40,dir,en-ru,en-ru,False,,de-en,True,False,300,0.815595,25.2782,49.2748,-0.023615,-6.0386,-4.5198,-0.001245,0.01,0,0,0,0,0.9075,0.0033,0.0033,0.01,0.01,0.0068,0.9203
alma-7b-slimgpt40-gen-dir-en-ru,alma-7b-slimgpt40-gen-dir-en-ru__alma10-greedy-300__e9bacd5e1878,slimgpt,gen,40,dir,en-ru,en-ru,False,,is-en,True,False,300,0.831983,31.7318,53.2332,-0.03068,-6.5175,-5.2637,-0.00211,0.01,0,0,0,0,0.9634,0,0,0.02,0.01,0.0051,0.992
alma-7b-slimgpt40-gen-dir-en-ru,alma-7b-slimgpt40-gen-dir-en-ru__alma10-greedy-300__e9bacd5e1878,slimgpt,gen,40,dir,en-ru,en-ru,False,,ru-en,True,False,300,0.810484,31.3959,56.3144,-0.035939,-5.5411,-4.0963,-0.001738,0,0.0033,0.0033,0.0033,0,0.9834,0.0033,0.0067,0.0267,0,0.0078,1.0258
alma-7b-slimgpt40-gen-dir-en-ru,alma-7b-slimgpt40-gen-dir-en-ru__alma10-greedy-300__e9bacd5e1878,slimgpt,gen,40,dir,en-ru,en-ru,False,,zh-en,True,False,300,0.740723,12.833,38.8136,-0.055412,-7.009,-9.4929,-0.009552,0,0.0033,0.0067,0.0067,0,0.8897,0,0.0033,0.0067,0,0.0042,0.9401
alma-7b-slimgpt40-gen-dir-en-ru,alma-7b-slimgpt40-gen-dir-en-ru__alma10-greedy-300__e9bacd5e1878,slimgpt,gen,40,dir,en-ru,en-ru,False,,en-cs,False,False,300,0.69992,13.2793,36.3078,-0.170384,-11.6512,-12.077,-0.08935,0.0033,0,0,0,0,0.9565,0,0.02,0.0133,0.0033,0.0102,0.9761
alma-7b-slimgpt40-gen-dir-en-ru,alma-7b-slimgpt40-gen-dir-en-ru__alma10-greedy-300__e9bacd5e1878,slimgpt,gen,40,dir,en-ru,en-ru,False,,en-de,False,False,300,0.700263,15.7932,41.958,-0.152701,-12.1983,-12.7761,-0.096792,0.0267,0.0033,0.0167,0.0167,0,1.0481,0.02,0,0.0367,0.0267,0.0129,1.0614
alma-7b-slimgpt40-gen-dir-en-ru,alma-7b-slimgpt40-gen-dir-en-ru__alma10-greedy-300__e9bacd5e1878,slimgpt,gen,40,dir,en-ru,en-ru,False,,en-is,False,False,300,0.463334,5.2151,22.4516,-0.378505,-18.5355,-26.8268,-0.277641,0.0533,0.0233,0.0633,0.0633,0,0.9857,0.0033,0,0.1233,0.0533,0.0056,1.1099
alma-7b-slimgpt40-gen-dir-en-ru,alma-7b-slimgpt40-gen-dir-en-ru__alma10-greedy-300__e9bacd5e1878,slimgpt,gen,40,dir,en-ru,en-ru,False,,en-ru,False,True,300,0.808705,19.7447,42.3238,-0.052376,-5.2613,-6.0917,0.018184,0,0,0,0,0,0.9556,0,0.0133,0.0367,0,0.013,0.9926
alma-7b-slimgpt40-gen-dir-en-ru,alma-7b-slimgpt40-gen-dir-en-ru__alma10-greedy-300__e9bacd5e1878,slimgpt,gen,40,dir,en-ru,en-ru,False,,en-zh,False,False,300,0.549329,5.7784,5.8377,-0.301406,-27.724,-20.3963,-0.204347,0,0,0.0633,0.0633,0,2.1031,0,0.2667,0.35,0,0.2137,0.5875
alma-7b-slimgpt40-gen-dir-en-zh,alma-7b-slimgpt40-gen-dir-en-zh__alma10-greedy-300__b1514d18f38a,slimgpt,gen,40,dir,en-zh,en-zh,False,,cs-en,True,False,300,0.802541,28.3176,53.0656,-0.049892,-13.6677,-10.2689,-0.017958,0.0033,0,0,0,0,0.9484,0,0,0.0033,0.0033,0.0043,0.9677
alma-7b-slimgpt40-gen-dir-en-zh,alma-7b-slimgpt40-gen-dir-en-zh__alma10-greedy-300__b1514d18f38a,slimgpt,gen,40,dir,en-zh,en-zh,False,,de-en,True,False,300,0.803864,24.2623,48.6394,-0.035346,-7.0545,-5.1552,-0.012976,0.0067,0,0,0,0,0.9332,0,0.0033,0.01,0.0067,0.0059,0.9516
alma-7b-slimgpt40-gen-dir-en-zh,alma-7b-slimgpt40-gen-dir-en-zh__alma10-greedy-300__b1514d18f38a,slimgpt,gen,40,dir,en-zh,en-zh,False,,is-en,True,False,300,0.798742,25.479,48.2676,-0.063921,-12.7703,-10.2293,-0.035351,0.01,0,0,0,0,0.9428,0.0033,0,0.02,0.01,0.0069,0.9756
alma-7b-slimgpt40-gen-dir-en-zh,alma-7b-slimgpt40-gen-dir-en-zh__alma10-greedy-300__b1514d18f38a,slimgpt,gen,40,dir,en-zh,en-zh,False,,ru-en,True,False,300,0.790851,28.1807,53.1739,-0.055572,-8.7563,-7.2368,-0.021371,0.0033,0.0033,0.0033,0.0033,0,0.9782,0,0.01,0.0233,0.0033,0.0078,1.0181
alma-7b-slimgpt40-gen-dir-en-zh,alma-7b-slimgpt40-gen-dir-en-zh__alma10-greedy-300__b1514d18f38a,slimgpt,gen,40,dir,en-zh,en-zh,False,,zh-en,True,False,300,0.755117,15.4536,42.1018,-0.041018,-4.3884,-6.2047,0.004842,0.0167,0,0.0033,0.0033,0,0.8746,0.01,0.0067,0.02,0.0167,0.0034,0.9073
alma-7b-slimgpt40-gen-dir-en-zh,alma-7b-slimgpt40-gen-dir-en-zh__alma10-greedy-300__b1514d18f38a,slimgpt,gen,40,dir,en-zh,en-zh,False,,en-cs,False,False,300,0.522739,4.6135,22.9994,-0.347565,-20.317,-25.3854,-0.266531,0.0667,0.0133,0.0367,0.0367,0,0.9645,0.02,0.04,0.1133,0.0667,0.0121,0.9952
alma-7b-slimgpt40-gen-dir-en-zh,alma-7b-slimgpt40-gen-dir-en-zh__alma10-greedy-300__b1514d18f38a,slimgpt,gen,40,dir,en-zh,en-zh,False,,en-de,False,False,300,0.577536,7.4702,29.666,-0.275428,-20.5213,-25.0681,-0.219519,0.2267,0.0133,0.0267,0.0267,0,0.9895,0.05,0,0.26,0.2267,0.0101,1.0668
alma-7b-slimgpt40-gen-dir-en-zh,alma-7b-slimgpt40-gen-dir-en-zh__alma10-greedy-300__b1514d18f38a,slimgpt,gen,40,dir,en-zh,en-zh,False,,en-is,False,False,300,0.487912,0.2766,4.3235,-0.353927,-23.474,-44.9549,-0.253063,0.91,0.0067,0.0433,0.0433,0,0.4729,0.0067,0.0133,0.9333,0.91,0.0065,0.3061
alma-7b-slimgpt40-gen-dir-en-zh,alma-7b-slimgpt40-gen-dir-en-zh__alma10-greedy-300__b1514d18f38a,slimgpt,gen,40,dir,en-zh,en-zh,False,,en-ru,False,False,300,0.640694,7.7768,27.4443,-0.220387,-17.2292,-20.9712,-0.149827,0.14,0.0033,0.01,0.01,0,0.7784,0,0.0467,0.22,0.14,0.0133,0.7742
alma-7b-slimgpt40-gen-dir-en-zh,alma-7b-slimgpt40-gen-dir-en-zh__alma10-greedy-300__b1514d18f38a,slimgpt,gen,40,dir,en-zh,en-zh,False,,en-zh,False,True,300,0.786052,25.7181,21.9218,-0.064683,-7.7843,-4.3122,0.032376,0,0,0.01,0.01,0,1.0085,0,0.1533,0.03,0,0.0182,0.9767
alma-7b-flap40-ref-dir-cs-en,alma-7b-flap40-ref-dir-cs-en__alma10-greedy-300__2ef5fa9eef8c,flap,ref,40,dir,cs-en,cs-en,False,,cs-en,True,True,300,0.799571,29.8174,53.1769,-0.052862,-12.1679,-10.1576,-0.014183,0.0033,0,0,0,0,0.9382,0.0033,0,0.0033,0.0033,0.0059,0.9763
alma-7b-flap40-ref-dir-cs-en,alma-7b-flap40-ref-dir-cs-en__alma10-greedy-300__2ef5fa9eef8c,flap,ref,40,dir,cs-en,cs-en,False,,de-en,True,False,300,0.806946,25.0321,48.171,-0.032264,-6.2847,-5.6236,0.000655,0.0033,0,0,0,0,0.9006,0,0,0.0033,0.0033,0.006,0.9318
alma-7b-flap40-ref-dir-cs-en,alma-7b-flap40-ref-dir-cs-en__alma10-greedy-300__2ef5fa9eef8c,flap,ref,40,dir,cs-en,cs-en,False,,is-en,True,False,300,0.802302,28.7713,49.6692,-0.060361,-9.478,-8.8277,-0.000915,0.0033,0,0,0,0,0.9286,0,0,0.01,0.0033,0.0055,0.9779
alma-7b-flap40-ref-dir-cs-en,alma-7b-flap40-ref-dir-cs-en__alma10-greedy-300__2ef5fa9eef8c,flap,ref,40,dir,cs-en,cs-en,False,,ru-en,True,False,300,0.793536,28.8576,52.5708,-0.052887,-8.0794,-7.8399,0.003602,0,0,0,0,0,0.9628,0.0033,0.0133,0.01,0,0.0069,1.0022
alma-7b-flap40-ref-dir-cs-en,alma-7b-flap40-ref-dir-cs-en__alma10-greedy-300__2ef5fa9eef8c,flap,ref,40,dir,cs-en,cs-en,False,,zh-en,True,False,300,0.716827,11.2166,36.7465,-0.079308,-8.6254,-11.56,-0.003564,0,0,0.01,0.01,0,0.8804,0,0.01,0.0033,0,0.0043,0.9545
alma-7b-flap40-ref-dir-cs-en,alma-7b-flap40-ref-dir-cs-en__alma10-greedy-300__2ef5fa9eef8c,flap,ref,40,dir,cs-en,cs-en,False,,en-cs,False,False,300,0.748644,15.4555,36.6448,-0.12166,-9.475,-11.74,0.031399,0,0,0,0,0,0.8875,0,0.03,0.0167,0,0.0093,0.9552
alma-7b-flap40-ref-dir-cs-en,alma-7b-flap40-ref-dir-cs-en__alma10-greedy-300__2ef5fa9eef8c,flap,ref,40,dir,cs-en,cs-en,False,,en-de,False,False,300,0.686113,14.4622,39.8575,-0.166851,-13.5293,-14.8766,-0.076429,0.03,0.0033,0.0033,0.0033,0,0.9371,0.0167,0.0033,0.03,0.03,0.0145,1.0101
alma-7b-flap40-ref-dir-cs-en,alma-7b-flap40-ref-dir-cs-en__alma10-greedy-300__2ef5fa9eef8c,flap,ref,40,dir,cs-en,cs-en,False,,en-is,False,False,300,0.442369,5.7747,23.4692,-0.39947,-17.9759,-25.8092,-0.140236,0.03,0.01,0.0267,0.0267,0,0.779,0.0067,0,0.0533,0.03,0.0073,0.9809
alma-7b-flap40-ref-dir-cs-en,alma-7b-flap40-ref-dir-cs-en__alma10-greedy-300__2ef5fa9eef8c,flap,ref,40,dir,cs-en,cs-en,False,,en-ru,False,False,300,0.710188,13.9249,34.0078,-0.150893,-11.0811,-14.4077,-0.035361,0.0033,0,0,0,0,0.8187,0,0.0267,0.03,0.0033,0.0176,0.9015
alma-7b-flap40-ref-dir-cs-en,alma-7b-flap40-ref-dir-cs-en__alma10-greedy-300__2ef5fa9eef8c,flap,ref,40,dir,cs-en,cs-en,False,,en-zh,False,False,300,0.450621,1.0979,4.9065,-0.400114,-32.4045,-21.3275,-0.20069,0.0033,0,0,0,0,0.3003,0,0.6967,0.03,0.0033,0.033,0.2534
alma-7b-flap40-ref-dir-de-en,alma-7b-flap40-ref-dir-de-en__alma10-greedy-300__c4bd2cc1bdda,flap,ref,40,dir,de-en,de-en,False,,cs-en,True,False,300,0.801194,29.7965,53.0618,-0.051239,-12.1888,-10.2727,-0.01256,0.0033,0,0,0,0,0.9525,0,0,0.0033,0.0033,0.0052,0.9934
alma-7b-flap40-ref-dir-de-en,alma-7b-flap40-ref-dir-de-en__alma10-greedy-300__c4bd2cc1bdda,flap,ref,40,dir,de-en,de-en,False,,de-en,True,True,300,0.80036,24.3941,47.4387,-0.03885,-6.9227,-6.3559,-0.005931,0,0,0,0,0,0.9065,0,0,0,0,0.006,0.9408
alma-7b-flap40-ref-dir-de-en,alma-7b-flap40-ref-dir-de-en__alma10-greedy-300__c4bd2cc1bdda,flap,ref,40,dir,de-en,de-en,False,,is-en,True,False,300,0.793619,26.2583,47.53,-0.069044,-11.991,-10.9669,-0.009598,0.0067,0,0,0,0,0.9321,0,0.0033,0.02,0.0067,0.0054,0.985
alma-7b-flap40-ref-dir-de-en,alma-7b-flap40-ref-dir-de-en__alma10-greedy-300__c4bd2cc1bdda,flap,ref,40,dir,de-en,de-en,False,,ru-en,True,False,300,0.780991,28.0295,51.7283,-0.065432,-8.9075,-8.6824,-0.008943,0,0.0067,0.0067,0.0067,0,0.9906,0.0033,0.0067,0.0167,0,0.0063,1.0374
alma-7b-flap40-ref-dir-de-en,alma-7b-flap40-ref-dir-de-en__alma10-greedy-300__c4bd2cc1bdda,flap,ref,40,dir,de-en,de-en,False,,zh-en,True,False,300,0.705191,11.8868,36.9394,-0.090944,-7.9552,-11.3671,-0.0152,0,0,0.0067,0.0067,0,0.8736,0,0.01,0.0067,0,0.0046,0.9587
alma-7b-flap40-ref-dir-de-en,alma-7b-flap40-ref-dir-de-en__alma10-greedy-300__c4bd2cc1bdda,flap,ref,40,dir,de-en,de-en,False,,en-cs,False,False,300,0.565145,7.6531,27.7552,-0.305159,-17.2774,-20.6296,-0.1521,0.0067,0.0167,0.02,0.02,0,0.9226,0,0.06,0.0133,0.0067,0.0096,1.0481
alma-7b-flap40-ref-dir-de-en,alma-7b-flap40-ref-dir-de-en__alma10-greedy-300__c4bd2cc1bdda,flap,ref,40,dir,de-en,de-en,False,,en-de,False,False,300,0.769654,17.6952,43.7815,-0.08331,-10.2963,-10.9526,0.007112,0.02,0,0.0033,0.0033,0,0.936,0.0133,0.0033,0.02,0.02,0.0161,0.9711
alma-7b-flap40-ref-dir-de-en,alma-7b-flap40-ref-dir-de-en__alma10-greedy-300__c4bd2cc1bdda,flap,ref,40,dir,de-en,de-en,False,,en-is,False,False,300,0.417981,4.5221,20.9271,-0.423858,-19.2285,-28.3513,-0.164624,0.0067,0.0333,0.0633,0.0633,0,0.8671,0,0,0.24,0.0067,0.0073,1.1109
alma-7b-flap40-ref-dir-de-en,alma-7b-flap40-ref-dir-de-en__alma10-greedy-300__c4bd2cc1bdda,flap,ref,40,dir,de-en,de-en,False,,en-ru,False,False,300,0.635329,11.0055,30.4461,-0.225752,-14.0005,-17.9694,-0.11022,0,0,0,0,0,0.7497,0,0.0367,0.0467,0,0.0193,0.8411
alma-7b-flap40-ref-dir-de-en,alma-7b-flap40-ref-dir-de-en__alma10-greedy-300__c4bd2cc1bdda,flap,ref,40,dir,de-en,de-en,False,,en-zh,False,False,300,0.441858,0.9773,3.5837,-0.408877,-32.5251,-22.6503,-0.209453,0.0033,0,0.0067,0.0067,0,0.3182,0,0.7367,0.0233,0.0033,0.0367,0.2763
alma-7b-flap40-ref-dir-is-en,alma-7b-flap40-ref-dir-is-en__alma10-greedy-300__e9a958948eb7,flap,ref,40,dir,is-en,is-en,False,,cs-en,True,False,300,0.787308,23.5921,48.3922,-0.065125,-18.3932,-14.9423,-0.026446,0.0033,0.0167,0.0133,0.0133,0,1.1596,0.0033,0,0.0067,0.0033,0.0058,1.1114
alma-7b-flap40-ref-dir-is-en,alma-7b-flap40-ref-dir-is-en__alma10-greedy-300__e9a958948eb7,flap,ref,40,dir,is-en,is-en,False,,de-en,True,False,300,0.791094,20.6645,44.3631,-0.048116,-10.6523,-9.4315,-0.015197,0,0.0067,0.0067,0.0067,0,0.904,0,0.0033,0.0033,0,0.0066,0.975
alma-7b-flap40-ref-dir-is-en,alma-7b-flap40-ref-dir-is-en__alma10-greedy-300__e9a958948eb7,flap,ref,40,dir,is-en,is-en,False,,is-en,True,True,300,0.812858,26.6947,49.3285,-0.049805,-11.5546,-9.1684,0.009641,0,0.0033,0.0033,0.0033,0,0.9347,0,0,0.0067,0,0.0054,0.9906
alma-7b-flap40-ref-dir-is-en,alma-7b-flap40-ref-dir-is-en__alma10-greedy-300__e9a958948eb7,flap,ref,40,dir,is-en,is-en,False,,ru-en,True,False,300,0.792865,25.9144,50.6593,-0.053558,-11.0226,-9.7514,0.002931,0,0,0,0,0,0.9202,0.0033,0.0067,0.02,0,0.01,0.9415
alma-7b-flap40-ref-dir-is-en,alma-7b-flap40-ref-dir-is-en__alma10-greedy-300__e9a958948eb7,flap,ref,40,dir,is-en,is-en,False,,zh-en,True,False,300,0.708386,10.9444,36.3792,-0.087749,-8.8976,-11.9273,-0.012005,0.0033,0.01,0.0167,0.0167,0,0.9494,0,0.0167,0.0133,0.0033,0.0054,0.9904
alma-7b-flap40-ref-dir-is-en,alma-7b-flap40-ref-dir-is-en__alma10-greedy-300__e9a958948eb7,flap,ref,40,dir,is-en,is-en,False,,en-cs,False,False,300,0.577172,6.7603,27.052,-0.293132,-18.1702,-21.3328,-0.140073,0.02,0,0,0,0,0.8404,0.0033,0.0233,0.0333,0.02,0.0091,0.8814
alma-7b-flap40-ref-dir-is-en,alma-7b-flap40-ref-dir-is-en__alma10-greedy-300__e9a958948eb7,flap,ref,40,dir,is-en,is-en,False,,en-de,False,False,300,0.67779,13.2838,38.1039,-0.175174,-14.7077,-16.6302,-0.084752,0.06,0.0033,0.0067,0.0067,0,0.9052,0.02,0.0033,0.06,0.06,0.016,0.9566
alma-7b-flap40-ref-dir-is-en,alma-7b-flap40-ref-dir-is-en__alma10-greedy-300__e9a958948eb7,flap,ref,40,dir,is-en,is-en,False,,en-is,False,False,300,0.660154,11.4147,33.7427,-0.181685,-12.3359,-15.5357,0.077549,0.0133,0,0,0,0,0.8121,0.0067,0.0033,0.0133,0.0133,0.0046,0.8895
alma-7b-flap40-ref-dir-is-en,alma-7b-flap40-ref-dir-is-en__alma10-greedy-300__e9a958948eb7,flap,ref,40,dir,is-en,is-en,False,,en-ru,False,False,300,0.590346,8.563,25.2379,-0.270735,-16.443,-23.1776,-0.155203,0.0033,0,0,0,0,0.5953,0,0.0833,0.0667,0.0033,0.0231,0.6693
alma-7b-flap40-ref-dir-is-en,alma-7b-flap40-ref-dir-is-en__alma10-greedy-300__e9a958948eb7,flap,ref,40,dir,is-en,is-en,False,,en-zh,False,False,300,0.431185,0.5198,3.2567,-0.41955,-32.9826,-22.9773,-0.220126,0.0033,0,0.0033,0.0033,0,0.271,0,0.7967,0.02,0.0033,0.0264,0.2309
alma-7b-flap40-ref-dir-ru-en,alma-7b-flap40-ref-dir-ru-en__alma10-greedy-300__d685430084ba,flap,ref,40,dir,ru-en,ru-en,False,,cs-en,True,False,300,0.80327,30.0463,53.3968,-0.049163,-11.939,-9.9377,-0.010484,0.0033,0,0.0033,0.0033,0,0.9914,0,0,0.0033,0.0033,0.0057,1.0229
alma-7b-flap40-ref-dir-ru-en,alma-7b-flap40-ref-dir-ru-en__alma10-greedy-300__d685430084ba,flap,ref,40,dir,ru-en,ru-en,False,,de-en,True,False,300,0.805972,25.1467,48.5033,-0.033238,-6.1701,-5.2913,-0.000319,0,0,0,0,0,0.9245,0,0.0033,0.0033,0,0.0052,0.9601
alma-7b-flap40-ref-dir-ru-en,alma-7b-flap40-ref-dir-ru-en__alma10-greedy-300__d685430084ba,flap,ref,40,dir,ru-en,ru-en,False,,is-en,True,False,300,0.792867,27.6052,49.8771,-0.069796,-10.6441,-8.6198,-0.01035,0.0067,0.0033,0.0033,0.0033,0,0.982,0,0,0.0133,0.0067,0.0052,1.0433
alma-7b-flap40-ref-dir-ru-en,alma-7b-flap40-ref-dir-ru-en__alma10-greedy-300__d685430084ba,flap,ref,40,dir,ru-en,ru-en,False,,ru-en,True,True,300,0.784075,27.0883,51.9694,-0.062348,-9.8487,-8.4413,-0.005859,0,0.01,0.0033,0.0033,0,1.0754,0.0033,0.0067,0.0167,0,0.0058,1.0988
alma-7b-flap40-ref-dir-ru-en,alma-7b-flap40-ref-dir-ru-en__alma10-greedy-300__d685430084ba,flap,ref,40,dir,ru-en,ru-en,False,,zh-en,True,False,300,0.719143,12.4751,38.0198,-0.076992,-7.3669,-10.2867,-0.001248,0,0,0.0033,0.0033,0,0.8997,0,0.0033,0.01,0,0.0045,0.9846
alma-7b-flap40-ref-dir-ru-en,alma-7b-flap40-ref-dir-ru-en__alma10-greedy-300__d685430084ba,flap,ref,40,dir,ru-en,ru-en,False,,en-cs,False,False,300,0.672416,11.7579,33.8001,-0.197888,-13.1726,-14.5847,-0.044829,0,0.01,0.0067,0.0067,0,0.9445,0,0.03,0.0167,0,0.0094,1.0063
alma-7b-flap40-ref-dir-ru-en,alma-7b-flap40-ref-dir-ru-en__alma10-greedy-300__d685430084ba,flap,ref,40,dir,ru-en,ru-en,False,,en-de,False,False,300,0.705593,16.0862,42.195,-0.147371,-11.9053,-12.5391,-0.056949,0.0333,0,0,0,0,0.9396,0.0167,0,0.0333,0.0333,0.0145,1.0067
alma-7b-flap40-ref-dir-ru-en,alma-7b-flap40-ref-dir-ru-en__alma10-greedy-300__d685430084ba,flap,ref,40,dir,ru-en,ru-en,False,,en-is,False,False,300,0.446839,6.5924,24.5308,-0.395,-17.1582,-24.7476,-0.135766,0.0267,0.01,0.0167,0.0167,0,0.8015,0.01,0.0033,0.0533,0.0267,0.0073,1.0183
alma-7b-flap40-ref-dir-ru-en,alma-7b-flap40-ref-dir-ru-en__alma10-greedy-300__d685430084ba,flap,ref,40,dir,ru-en,ru-en,False,,en-ru,False,False,300,0.77266,15.8252,38.5275,-0.088421,-9.1808,-9.888,0.027111,0,0.0033,0.0033,0.0033,0,0.9484,0,0.0133,0.05,0,0.013,1.0068
alma-7b-flap40-ref-dir-ru-en,alma-7b-flap40-ref-dir-ru-en__alma10-greedy-300__d685430084ba,flap,ref,40,dir,ru-en,ru-en,False,,en-zh,False,False,300,0.63,13.2706,11.4881,-0.220735,-20.2318,-14.7459,-0.021311,0,0,0.02,0.02,0,0.8538,0,0.2433,0.02,0,0.0137,0.8571
alma-7b-flap40-ref-dir-zh-en,alma-7b-flap40-ref-dir-zh-en__alma10-greedy-300__73d7a1bd28ac,flap,ref,40,dir,zh-en,zh-en,False,,cs-en,True,False,300,0.802675,30.3915,53.376,-0.049758,-11.5938,-9.9585,-0.011079,0.0033,0,0,0,0,0.9213,0,0,0.0033,0.0033,0.006,0.9549
alma-7b-flap40-ref-dir-zh-en,alma-7b-flap40-ref-dir-zh-en__alma10-greedy-300__73d7a1bd28ac,flap,ref,40,dir,zh-en,zh-en,False,,de-en,True,False,300,0.80728,23.9345,47.535,-0.03193,-7.3823,-6.2596,0.000989,0,0,0.0033,0.0033,0,0.9306,0,0.0033,0.0033,0,0.0065,0.9569
alma-7b-flap40-ref-dir-zh-en,alma-7b-flap40-ref-dir-zh-en__alma10-greedy-300__73d7a1bd28ac,flap,ref,40,dir,zh-en,zh-en,False,,is-en,True,False,300,0.811645,27.9357,50.3677,-0.051018,-10.3136,-8.1292,0.008428,0.0067,0,0,0,0,0.9358,0,0,0.0133,0.0067,0.0063,0.9744
alma-7b-flap40-ref-dir-zh-en,alma-7b-flap40-ref-dir-zh-en__alma10-greedy-300__73d7a1bd28ac,flap,ref,40,dir,zh-en,zh-en,False,,ru-en,True,False,300,0.788192,29.5749,53.2603,-0.058231,-7.3621,-7.1504,-0.001742,0,0,0,0,0,0.9692,0.0033,0.0133,0.0167,0,0.0071,1.0049
alma-7b-flap40-ref-dir-zh-en,alma-7b-flap40-ref-dir-zh-en__alma10-greedy-300__73d7a1bd28ac,flap,ref,40,dir,zh-en,zh-en,False,,zh-en,True,True,300,0.73389,13.9288,40.2271,-0.062245,-5.9132,-8.0794,0.013499,0.0033,0,0.0033,0.0033,0,0.856,0,0.01,0.0133,0.0033,0.0057,0.911
alma-7b-flap40-ref-dir-zh-en,alma-7b-flap40-ref-dir-zh-en__alma10-greedy-300__73d7a1bd28ac,flap,ref,40,dir,zh-en,zh-en,False,,en-cs,False,False,300,0.580601,6.7793,27.9095,-0.289703,-18.1512,-20.4753,-0.136644,0.0233,0.0033,0.01,0.01,0,0.881,0.0133,0.03,0.0467,0.0233,0.0097,0.9308
alma-7b-flap40-ref-dir-zh-en,alma-7b-flap40-ref-dir-zh-en__alma10-greedy-300__73d7a1bd28ac,flap,ref,40,dir,zh-en,zh-en,False,,en-de,False,False,300,0.662387,11.2046,36.6758,-0.190577,-16.7869,-18.0583,-0.100155,0.15,0,0,0,0,0.8808,0.07,0,0.16,0.15,0.0154,0.9448
alma-7b-flap40-ref-dir-zh-en,alma-7b-flap40-ref-dir-zh-en__alma10-greedy-300__73d7a1bd28ac,flap,ref,40,dir,zh-en,zh-en,False,,en-is,False,False,300,0.409642,4.6279,20.9853,-0.432197,-19.1227,-28.2931,-0.172963,0.08,0.03,0.0533,0.0533,0,0.838,0.02,0,0.0933,0.08,0.006,1.0571
alma-7b-flap40-ref-dir-zh-en,alma-7b-flap40-ref-dir-zh-en__alma10-greedy-300__73d7a1bd28ac,flap,ref,40,dir,zh-en,zh-en,False,,en-ru,False,False,300,0.675378,12.1438,35.2379,-0.185703,-12.8622,-13.1776,-0.070171,0,0,0.0067,0.0067,0,0.9038,0.0067,0.02,0.04,0,0.0161,0.952
alma-7b-flap40-ref-dir-zh-en,alma-7b-flap40-ref-dir-zh-en__alma10-greedy-300__73d7a1bd28ac,flap,ref,40,dir,zh-en,zh-en,False,,en-zh,False,False,300,0.69958,17.0978,14.4836,-0.151155,-16.4046,-11.7504,0.048269,0,0,0.0067,0.0067,0,0.8139,0,0.2133,0.02,0,0.0012,0.8351
alma-7b-flap40-ref-dir-en-cs,alma-7b-flap40-ref-dir-en-cs__alma10-greedy-300__12c72fa6bd53,flap,ref,40,dir,en-cs,en-cs,False,,cs-en,True,False,300,0.795616,29.2408,52.8466,-0.056817,-12.7445,-10.4879,-0.018138,0.0033,0.0033,0.0033,0.0033,0,0.9752,0.0033,0,0.0033,0.0033,0.0059,1.0174
alma-7b-flap40-ref-dir-en-cs,alma-7b-flap40-ref-dir-en-cs__alma10-greedy-300__12c72fa6bd53,flap,ref,40,dir,en-cs,en-cs,False,,de-en,True,False,300,0.801055,24.3779,47.7195,-0.038155,-6.9389,-6.0751,-0.005236,0,0.0033,0.0033,0.0033,0,0.9388,0,0,0.0033,0,0.0056,0.959
alma-7b-flap40-ref-dir-en-cs,alma-7b-flap40-ref-dir-en-cs__alma10-greedy-300__12c72fa6bd53,flap,ref,40,dir,en-cs,en-cs,False,,is-en,True,False,300,0.807354,28.7486,50.1173,-0.055309,-9.5007,-8.3796,0.004137,0.01,0,0,0,0,0.9544,0,0,0.0167,0.01,0.006,0.9968
alma-7b-flap40-ref-dir-en-cs,alma-7b-flap40-ref-dir-en-cs__alma10-greedy-300__12c72fa6bd53,flap,ref,40,dir,en-cs,en-cs,False,,ru-en,True,False,300,0.78413,27.6695,51.4431,-0.062293,-9.2675,-8.9676,-0.005804,0,0.0033,0.0133,0.0133,0,1.0314,0.0033,0.01,0.0133,0,0.0074,1.0327
alma-7b-flap40-ref-dir-en-cs,alma-7b-flap40-ref-dir-en-cs__alma10-greedy-300__12c72fa6bd53,flap,ref,40,dir,en-cs,en-cs,False,,zh-en,True,False,300,0.703748,10.5257,36.9877,-0.092387,-9.3163,-11.3188,-0.016643,0,0.02,0.0233,0.0233,0,1.0554,0,0.0067,0.0167,0,0.0039,1.136
alma-7b-flap40-ref-dir-en-cs,alma-7b-flap40-ref-dir-en-cs__alma10-greedy-300__12c72fa6bd53,flap,ref,40,dir,en-cs,en-cs,False,,en-cs,False,True,300,0.738032,16.4185,37.8423,-0.132272,-8.512,-10.5425,0.020787,0,0.0033,0.0133,0.0133,0,0.9593,0,0.02,0.0133,0,0.0091,0.9901
alma-7b-flap40-ref-dir-en-cs,alma-7b-flap40-ref-dir-en-cs__alma10-greedy-300__12c72fa6bd53,flap,ref,40,dir,en-cs,en-cs,False,,en-de,False,False,300,0.692684,15.6819,40.9038,-0.16028,-12.3096,-13.8303,-0.069858,0.0367,0.0033,0.0167,0.0167,0,0.9847,0.02,0.0067,0.0433,0.0367,0.0134,1.0075
alma-7b-flap40-ref-dir-en-cs,alma-7b-flap40-ref-dir-en-cs__alma10-greedy-300__12c72fa6bd53,flap,ref,40,dir,en-cs,en-cs,False,,en-is,False,False,300,0.407559,3.7602,20.4542,-0.43428,-19.9904,-28.8242,-0.175046,0.0067,0.11,0.2,0.2,0,1.2057,0,0.0033,0.0367,0.0067,0.0043,1.5054
alma-7b-flap40-ref-dir-en-cs,alma-7b-flap40-ref-dir-en-cs__alma10-greedy-300__12c72fa6bd53,flap,ref,40,dir,en-cs,en-cs,False,,en-ru,False,False,300,0.673234,13.3466,32.1404,-0.187847,-11.6594,-16.2751,-0.072315,0,0.0033,0.0067,0.0067,0,0.8473,0,0.0333,0.0567,0,0.0167,0.92
alma-7b-flap40-ref-dir-en-cs,alma-7b-flap40-ref-dir-en-cs__alma10-greedy-300__12c72fa6bd53,flap,ref,40,dir,en-cs,en-cs,False,,en-zh,False,False,300,0.420173,0.9384,3.1039,-0.430562,-32.564,-23.1301,-0.231138,0,0,0.0233,0.0233,0,0.4493,0,0.77,0.0167,0,0.1402,0.2957
alma-7b-flap40-ref-dir-en-de,alma-7b-flap40-ref-dir-en-de__alma10-greedy-300__3bf6bdcf2ebb,flap,ref,40,dir,en-de,en-de,False,,cs-en,True,False,300,0.801575,30.8411,53.99,-0.050858,-11.1442,-9.3445,-0.012179,0.0067,0,0,0,0,0.9435,0.0033,0,0.0067,0.0067,0.0053,0.9763
alma-7b-flap40-ref-dir-en-de,alma-7b-flap40-ref-dir-en-de__alma10-greedy-300__3bf6bdcf2ebb,flap,ref,40,dir,en-de,en-de,False,,de-en,True,False,300,0.799312,24.3458,48.0619,-0.039898,-6.971,-5.7327,-0.006979,0.0033,0,0,0,0,0.9042,0,0,0.0033,0.0033,0.0061,0.9245
alma-7b-flap40-ref-dir-en-de,alma-7b-flap40-ref-dir-en-de__alma10-greedy-300__3bf6bdcf2ebb,flap,ref,40,dir,en-de,en-de,False,,is-en,True,False,300,0.794498,27.0989,49.2768,-0.068165,-11.1504,-9.2201,-0.008719,0.01,0.0067,0.0133,0.0133,0,1.0593,0,0.0033,0.02,0.01,0.0052,1.0827
alma-7b-flap40-ref-dir-en-de,alma-7b-flap40-ref-dir-en-de__alma10-greedy-300__3bf6bdcf2ebb,flap,ref,40,dir,en-de,en-de,False,,ru-en,True,False,300,0.784152,26.2253,51.668,-0.062271,-10.7117,-8.7427,-0.005782,0,0.01,0.01,0.01,0,1.0321,0.0033,0.0067,0.02,0,0.0077,1.0788
alma-7b-flap40-ref-dir-en-de,alma-7b-flap40-ref-dir-en-de__alma10-greedy-300__3bf6bdcf2ebb,flap,ref,40,dir,en-de,en-de,False,,zh-en,True,False,300,0.698427,10.4488,36.4543,-0.097708,-9.3932,-11.8522,-0.021964,0.0067,0.0233,0.0233,0.0233,0,0.9979,0,0.0067,0.02,0.0067,0.0048,1.0709
alma-7b-flap40-ref-dir-en-de,alma-7b-flap40-ref-dir-en-de__alma10-greedy-300__3bf6bdcf2ebb,flap,ref,40,dir,en-de,en-de,False,,en-cs,False,False,300,0.552402,6.2808,26.4975,-0.317902,-18.6497,-21.8873,-0.164843,0.02,0.0333,0.08,0.08,0,1.178,0.01,0.0433,0.0267,0.02,0.0084,1.2102
alma-7b-flap40-ref-dir-en-de,alma-7b-flap40-ref-dir-en-de__alma10-greedy-300__3bf6bdcf2ebb,flap,ref,40,dir,en-de,en-de,False,,en-de,False,True,300,0.769633,19.6997,45.6354,-0.083331,-8.2918,-9.0987,0.007091,0.04,0,0.0033,0.0033,0,0.9502,0.0333,0,0.0433,0.04,0.0134,0.9802
alma-7b-flap40-ref-dir-en-de,alma-7b-flap40-ref-dir-en-de__alma10-greedy-300__3bf6bdcf2ebb,flap,ref,40,dir,en-de,en-de,False,,en-is,False,False,300,0.432341,5.0954,22.8983,-0.409498,-18.6552,-26.3801,-0.150264,0.0167,0.04,0.1433,0.1433,0,1.1153,0,0.0033,0.06,0.0167,0.0069,1.3182
alma-7b-flap40-ref-dir-en-de,alma-7b-flap40-ref-dir-en-de__alma10-greedy-300__3bf6bdcf2ebb,flap,ref,40,dir,en-de,en-de,False,,en-ru,False,False,300,0.636352,12.2291,31.0391,-0.224729,-12.7769,-17.3764,-0.109197,0,0.0033,0.0067,0.0067,0,0.7679,0,0.0467,0.0433,0,0.0172,0.8379
alma-7b-flap40-ref-dir-en-de,alma-7b-flap40-ref-dir-en-de__alma10-greedy-300__3bf6bdcf2ebb,flap,ref,40,dir,en-de,en-de,False,,en-zh,False,False,300,0.422534,0.8514,3.6159,-0.428201,-32.651,-22.6181,-0.228777,0,0,0.0133,0.0133,0,0.4213,0,0.7433,0.03,0,0.1526,0.2628
alma-7b-flap40-ref-dir-en-is,alma-7b-flap40-ref-dir-en-is__alma10-greedy-300__c0abf234b910,flap,ref,40,dir,en-is,en-is,False,,cs-en,True,False,300,0.800361,28.7861,51.925,-0.052072,-13.1992,-11.4095,-0.013393,0.0033,0.0033,0,0,0,0.9714,0,0.0033,0.0067,0.0033,0.0073,0.9989
alma-7b-flap40-ref-dir-en-is,alma-7b-flap40-ref-dir-en-is__alma10-greedy-300__c0abf234b910,flap,ref,40,dir,en-is,en-is,False,,de-en,True,False,300,0.793327,22.9069,45.6128,-0.045883,-8.4099,-8.1818,-0.012964,0.0033,0.0033,0.0033,0.0033,0,0.9242,0,0,0.0033,0.0033,0.0061,0.9534
alma-7b-flap40-ref-dir-en-is,alma-7b-flap40-ref-dir-en-is__alma10-greedy-300__c0abf234b910,flap,ref,40,dir,en-is,en-is,False,,is-en,True,False,300,0.799847,24.4378,47.6369,-0.062816,-13.8115,-10.86,-0.00337,0,0.01,0.0133,0.0133,0,1.0927,0,0.0033,0.01,0,0.0048,1.0933
alma-7b-flap40-ref-dir-en-is,alma-7b-flap40-ref-dir-en-is__alma10-greedy-300__c0abf234b910,flap,ref,40,dir,en-is,en-is,False,,ru-en,True,False,300,0.785511,26.1379,49.7178,-0.060912,-10.7991,-10.6929,-0.004423,0,0.01,0.0067,0.0067,0,0.9877,0.0033,0.01,0.02,0,0.0077,1.0116
alma-7b-flap40-ref-dir-en-is,alma-7b-flap40-ref-dir-en-is__alma10-greedy-300__c0abf234b910,flap,ref,40,dir,en-is,en-is,False,,zh-en,True,False,300,0.70986,10.417,36.7962,-0.086275,-9.425,-11.5103,-0.010531,0,0.0233,0.03,0.03,0,1.0614,0,0.0067,0.0133,0,0.0045,1.1555
alma-7b-flap40-ref-dir-en-is,alma-7b-flap40-ref-dir-en-is__alma10-greedy-300__c0abf234b910,flap,ref,40,dir,en-is,en-is,False,,en-cs,False,False,300,0.561938,6.9619,25.0561,-0.308366,-17.9686,-23.3287,-0.155307,0.0067,0.0167,0.04,0.04,0,1.024,0,0.0433,0.0167,0.0067,0.0092,1.0731
alma-7b-flap40-ref-dir-en-is,alma-7b-flap40-ref-dir-en-is__alma10-greedy-300__c0abf234b910,flap,ref,40,dir,en-is,en-is,False,,en-de,False,False,300,0.678552,13.2561,37.8059,-0.174412,-14.7354,-16.9282,-0.08399,0.0367,0.0033,0.0167,0.0167,0,0.9998,0.02,0.0067,0.0367,0.0367,0.0201,1.0234
alma-7b-flap40-ref-dir-en-is,alma-7b-flap40-ref-dir-en-is__alma10-greedy-300__c0abf234b910,flap,ref,40,dir,en-is,en-is,False,,en-is,False,True,300,0.650722,11.8213,33.9728,-0.191117,-11.9293,-15.3056,0.068117,0,0.0133,0.0333,0.0333,0,0.926,0,0,0.0067,0,0.0047,0.9868
alma-7b-flap40-ref-dir-en-is,alma-7b-flap40-ref-dir-en-is__alma10-greedy-300__c0abf234b910,flap,ref,40,dir,en-is,en-is,False,,en-ru,False,False,300,0.604056,8.6341,24.8361,-0.257025,-16.3719,-23.5794,-0.141493,0,0.0033,0.0067,0.0067,0,0.6415,0,0.0833,0.0733,0,0.0209,0.6847
alma-7b-flap40-ref-dir-en-is,alma-7b-flap40-ref-dir-en-is__alma10-greedy-300__c0abf234b910,flap,ref,40,dir,en-is,en-is,False,,en-zh,False,False,300,0.425385,0.7742,3.0596,-0.42535,-32.7282,-23.1744,-0.225926,0.0033,0,0.0067,0.0067,0,0.3654,0,0.7833,0.0267,0.0033,0.0876,0.2744
alma-7b-flap40-ref-dir-en-ru,alma-7b-flap40-ref-dir-en-ru__alma10-greedy-300__0f0c2adb2cd0,flap,ref,40,dir,en-ru,en-ru,False,,cs-en,True,False,300,0.79087,28.4108,51.8196,-0.061563,-13.5745,-11.5149,-0.022884,0.0033,0.0033,0.0033,0.0033,0,0.9534,0.0033,0,0.0033,0.0033,0.0053,0.982
alma-7b-flap40-ref-dir-en-ru,alma-7b-flap40-ref-dir-en-ru__alma10-greedy-300__0f0c2adb2cd0,flap,ref,40,dir,en-ru,en-ru,False,,de-en,True,False,300,0.795273,24.173,47.7396,-0.043937,-7.1438,-6.055,-0.011018,0,0,0,0,0,0.9095,0,0.0033,0,0,0.0069,0.94
alma-7b-flap40-ref-dir-en-ru,alma-7b-flap40-ref-dir-en-ru__alma10-greedy-300__0f0c2adb2cd0,flap,ref,40,dir,en-ru,en-ru,False,,is-en,True,False,300,0.787679,27.3806,48.7636,-0.074984,-10.8687,-9.7333,-0.015538,0,0.0033,0.0033,0.0033,0,0.9759,0,0,0.0033,0,0.0056,1.0164
alma-7b-flap40-ref-dir-en-ru,alma-7b-flap40-ref-dir-en-ru__alma10-greedy-300__0f0c2adb2cd0,flap,ref,40,dir,en-ru,en-ru,False,,ru-en,True,False,300,0.782186,26.3165,51.5001,-0.064237,-10.6205,-8.9106,-0.007748,0,0.01,0.01,0.01,0,1.0966,0.0033,0.0067,0.0233,0,0.007,1.1361
alma-7b-flap40-ref-dir-en-ru,alma-7b-flap40-ref-dir-en-ru__alma10-greedy-300__0f0c2adb2cd0,flap,ref,40,dir,en-ru,en-ru,False,,zh-en,True,False,300,0.696706,9.79,35.6356,-0.099429,-10.052,-12.6709,-0.023685,0.0033,0.0267,0.0367,0.0367,0,1.111,0,0.0067,0.02,0.0033,0.0042,1.2029
alma-7b-flap40-ref-dir-en-ru,alma-7b-flap40-ref-dir-en-ru__alma10-greedy-300__0f0c2adb2cd0,flap,ref,40,dir,en-ru,en-ru,False,,en-cs,False,False,300,0.662514,12.0897,33.0888,-0.20779,-12.8408,-15.296,-0.054731,0.0033,0.01,0.0133,0.0133,0,0.9657,0,0.0233,0.02,0.0033,0.0094,1.0285
alma-7b-flap40-ref-dir-en-ru,alma-7b-flap40-ref-dir-en-ru__alma10-greedy-300__0f0c2adb2cd0,flap,ref,40,dir,en-ru,en-ru,False,,en-de,False,False,300,0.711904,17.3964,43.1671,-0.14106,-10.5951,-11.567,-0.050638,0.03,0,0.0033,0.0033,0,0.9637,0.0167,0,0.0333,0.03,0.0145,1.0222
alma-7b-flap40-ref-dir-en-ru,alma-7b-flap40-ref-dir-en-ru__alma10-greedy-300__0f0c2adb2cd0,flap,ref,40,dir,en-ru,en-ru,False,,en-is,False,False,300,0.40169,3.6397,21.1073,-0.440149,-20.1109,-28.1711,-0.180915,0.0267,0.0833,0.15,0.15,0,1.1554,0,0.0067,0.07,0.0267,0.0056,1.5256
alma-7b-flap40-ref-dir-en-ru,alma-7b-flap40-ref-dir-en-ru__alma10-greedy-300__0f0c2adb2cd0,flap,ref,40,dir,en-ru,en-ru,False,,en-ru,False,True,300,0.758004,16.3185,39.1605,-0.103077,-8.6875,-9.255,0.012455,0,0,0,0,0,0.9341,0,0.0167,0.0533,0,0.013,0.9908
alma-7b-flap40-ref-dir-en-ru,alma-7b-flap40-ref-dir-en-ru__alma10-greedy-300__0f0c2adb2cd0,flap,ref,40,dir,en-ru,en-ru,False,,en-zh,False,False,300,0.57971,10.7087,9.1656,-0.271025,-22.7937,-17.0684,-0.071601,0,0,0.0833,0.0833,0,1.1865,0,0.2633,0.05,0,0.0923,0.9357
alma-7b-flap40-ref-dir-en-zh,alma-7b-flap40-ref-dir-en-zh__alma10-greedy-300__ccebc677c9a6,flap,ref,40,dir,en-zh,en-zh,False,,cs-en,True,False,300,0.793267,27.1591,51.3031,-0.059166,-14.8262,-12.0314,-0.020487,0.0033,0,0,0,0,0.9335,0,0.0033,0.0033,0.0033,0.0064,0.974
alma-7b-flap40-ref-dir-en-zh,alma-7b-flap40-ref-dir-en-zh__alma10-greedy-300__ccebc677c9a6,flap,ref,40,dir,en-zh,en-zh,False,,de-en,True,False,300,0.797771,22.3261,46.0563,-0.041439,-8.9907,-7.7383,-0.00852,0,0,0,0,0,0.8953,0,0.0033,0,0,0.0069,0.925
alma-7b-flap40-ref-dir-en-zh,alma-7b-flap40-ref-dir-en-zh__alma10-greedy-300__ccebc677c9a6,flap,ref,40,dir,en-zh,en-zh,False,,is-en,True,False,300,0.801144,26.7834,49.0198,-0.061519,-11.4659,-9.4771,-0.002073,0,0,0,0,0,0.9399,0,0.0067,0.0033,0,0.006,0.9865
alma-7b-flap40-ref-dir-en-zh,alma-7b-flap40-ref-dir-en-zh__alma10-greedy-300__ccebc677c9a6,flap,ref,40,dir,en-zh,en-zh,False,,ru-en,True,False,300,0.786126,28.4704,52.0625,-0.060297,-8.4666,-8.3482,-0.003808,0,0,0.0033,0.0033,0,0.9678,0.0033,0.01,0.01,0,0.0086,1.0035
alma-7b-flap40-ref-dir-en-zh,alma-7b-flap40-ref-dir-en-zh__alma10-greedy-300__ccebc677c9a6,flap,ref,40,dir,en-zh,en-zh,False,,zh-en,True,False,300,0.743982,14.7126,40.8539,-0.052153,-5.1294,-7.4526,0.023591,0.0033,0.0033,0.0067,0.0067,0,0.9223,0,0.0033,0.01,0.0033,0.0044,0.9821
alma-7b-flap40-ref-dir-en-zh,alma-7b-flap40-ref-dir-en-zh__alma10-greedy-300__ccebc677c9a6,flap,ref,40,dir,en-zh,en-zh,False,,en-cs,False,False,300,0.576946,7.0402,28.5989,-0.293358,-17.8903,-19.7859,-0.140299,0.04,0,0.0067,0.0067,0,0.9024,0.0133,0.0267,0.05,0.04,0.0098,0.9519
alma-7b-flap40-ref-dir-en-zh,alma-7b-flap40-ref-dir-en-zh__alma10-greedy-300__ccebc677c9a6,flap,ref,40,dir,en-zh,en-zh,False,,en-de,False,False,300,0.667797,12.0649,37.6138,-0.185167,-15.9266,-17.1203,-0.094745,0.1233,0,0,0,0,0.9096,0.0367,0,0.1233,0.1233,0.0142,0.9708
alma-7b-flap40-ref-dir-en-zh,alma-7b-flap40-ref-dir-en-zh__alma10-greedy-300__ccebc677c9a6,flap,ref,40,dir,en-zh,en-zh,False,,en-is,False,False,300,0.399044,3.4461,20.3391,-0.442795,-20.3045,-28.9393,-0.183561,0.0733,0.0567,0.1033,0.1033,0,1.0821,0.0033,0.0033,0.0967,0.0733,0.0044,1.3899
alma-7b-flap40-ref-dir-en-zh,alma-7b-flap40-ref-dir-en-zh__alma10-greedy-300__ccebc677c9a6,flap,ref,40,dir,en-zh,en-zh,False,,en-ru,False,False,300,0.669287,10.0527,32.8723,-0.191794,-14.9533,-15.5432,-0.076262,0,0.0167,0.0167,0.0167,0,0.9855,0,0.0167,0.0333,0,0.0146,0.9924
alma-7b-flap40-ref-dir-en-zh,alma-7b-flap40-ref-dir-en-zh__alma10-greedy-300__ccebc677c9a6,flap,ref,40,dir,en-zh,en-zh,False,,en-zh,False,True,300,0.704996,17.158,14.6954,-0.145739,-16.3444,-11.5386,0.053685,0,0,0.01,0.01,0,0.848,0,0.2167,0.03,0,0.0111,0.8555
alma-7b-flap40-gen-dir-cs-en,alma-7b-flap40-gen-dir-cs-en__alma10-greedy-300__d0bae91d0025,flap,gen,40,dir,cs-en,cs-en,False,,cs-en,True,True,300,0.797144,29.6145,53.0235,-0.055289,-12.3708,-10.311,-0.01167,0.0033,0,0.0033,0.0033,0,0.9604,0.0033,0,0.0033,0.0033,0.0056,0.9871
alma-7b-flap40-gen-dir-cs-en,alma-7b-flap40-gen-dir-cs-en__alma10-greedy-300__d0bae91d0025,flap,gen,40,dir,cs-en,cs-en,False,,de-en,True,False,300,0.806193,24.7425,47.9655,-0.033017,-6.5743,-5.8291,-0.000624,0.0033,0,0,0,0,0.9061,0,0,0.0033,0.0033,0.006,0.9356
alma-7b-flap40-gen-dir-cs-en,alma-7b-flap40-gen-dir-cs-en__alma10-greedy-300__d0bae91d0025,flap,gen,40,dir,cs-en,cs-en,False,,is-en,True,False,300,0.803654,27.7461,49.3404,-0.059009,-10.5032,-9.1565,-0.002441,0.0033,0,0,0,0,0.9309,0,0,0.01,0.0033,0.0061,0.9769
alma-7b-flap40-gen-dir-cs-en,alma-7b-flap40-gen-dir-cs-en__alma10-greedy-300__d0bae91d0025,flap,gen,40,dir,cs-en,cs-en,False,,ru-en,True,False,300,0.795012,29.3446,52.8669,-0.051411,-7.5924,-7.5438,0.004855,0,0,0,0,0,0.9595,0.0033,0.0133,0.01,0,0.0067,0.995
alma-7b-flap40-gen-dir-cs-en,alma-7b-flap40-gen-dir-cs-en__alma10-greedy-300__d0bae91d0025,flap,gen,40,dir,cs-en,cs-en,False,,zh-en,True,False,300,0.71414,11.0693,36.8507,-0.081995,-8.7727,-11.4558,-0.00859,0,0,0.0133,0.0133,0,0.8905,0,0.0067,0.0033,0,0.004,0.954
alma-7b-flap40-gen-dir-cs-en,alma-7b-flap40-gen-dir-cs-en__alma10-greedy-300__d0bae91d0025,flap,gen,40,dir,cs-en,cs-en,False,,en-cs,False,False,300,0.751323,15.6897,37.0729,-0.118981,-9.2408,-11.3119,0.0357,0,0,0,0,0,0.888,0,0.0367,0.0133,0,0.0085,0.9465
alma-7b-flap40-gen-dir-cs-en,alma-7b-flap40-gen-dir-cs-en__alma10-greedy-300__d0bae91d0025,flap,gen,40,dir,cs-en,cs-en,False,,en-de,False,False,300,0.699045,15.005,40.6989,-0.153919,-12.9865,-14.0352,-0.056105,0.03,0,0.0033,0.0033,0,0.9394,0.02,0.0033,0.03,0.03,0.014,0.9913
alma-7b-flap40-gen-dir-cs-en,alma-7b-flap40-gen-dir-cs-en__alma10-greedy-300__d0bae91d0025,flap,gen,40,dir,cs-en,cs-en,False,,en-is,False,False,300,0.440056,5.7805,23.5277,-0.401783,-17.9701,-25.7507,-0.131738,0.0367,0.03,0.0333,0.0333,0,0.8282,0.0033,0.0067,0.0533,0.0367,0.0082,1.0576
alma-7b-flap40-gen-dir-cs-en,alma-7b-flap40-gen-dir-cs-en__alma10-greedy-300__d0bae91d0025,flap,gen,40,dir,cs-en,cs-en,False,,en-ru,False,False,300,0.711984,14.1526,34.2515,-0.149097,-10.8534,-14.164,-0.043692,0.0033,0,0,0,0,0.8265,0,0.03,0.05,0.0033,0.017,0.905
alma-7b-flap40-gen-dir-cs-en,alma-7b-flap40-gen-dir-cs-en__alma10-greedy-300__d0bae91d0025,flap,gen,40,dir,cs-en,cs-en,False,,en-zh,False,False,300,0.454133,1.5634,4.4459,-0.396602,-31.939,-21.7881,-0.204659,0,0,0.01,0.01,0,0.3635,0,0.7133,0.02,0,0.047,0.3073
alma-7b-flap40-gen-dir-de-en,alma-7b-flap40-gen-dir-de-en__alma10-greedy-300__95506ae9df06,flap,gen,40,dir,de-en,de-en,False,,cs-en,True,False,300,0.800438,30.3449,53.4375,-0.051995,-11.6404,-9.897,-0.008376,0.0033,0,0,0,0,0.9434,0,0,0.0033,0.0033,0.0054,0.9785
alma-7b-flap40-gen-dir-de-en,alma-7b-flap40-gen-dir-de-en__alma10-greedy-300__95506ae9df06,flap,gen,40,dir,de-en,de-en,False,,de-en,True,True,300,0.80206,24.0176,47.4173,-0.03715,-7.2992,-6.3773,-0.004757,0,0,0,0,0,0.9051,0,0,0,0,0.0066,0.9364
alma-7b-flap40-gen-dir-de-en,alma-7b-flap40-gen-dir-de-en__alma10-greedy-300__95506ae9df06,flap,gen,40,dir,de-en,de-en,False,,is-en,True,False,300,0.798726,26.8574,47.9474,-0.063937,-11.3919,-10.5495,-0.007369,0.0067,0,0.0033,0.0033,0,0.9691,0,0.0033,0.02,0.0067,0.0053,1.0186
alma-7b-flap40-gen-dir-de-en,alma-7b-flap40-gen-dir-de-en__alma10-greedy-300__95506ae9df06,flap,gen,40,dir,de-en,de-en,False,,ru-en,True,False,300,0.780966,28.0903,51.5164,-0.065457,-8.8467,-8.8943,-0.009191,0,0.0033,0.0067,0.0067,0,0.9844,0.0033,0.0067,0.0167,0,0.0062,1.0299
alma-7b-flap40-gen-dir-de-en,alma-7b-flap40-gen-dir-de-en__alma10-greedy-300__95506ae9df06,flap,gen,40,dir,de-en,de-en,False,,zh-en,True,False,300,0.704237,11.4002,36.2562,-0.091898,-8.4418,-12.0503,-0.018493,0,0.0067,0.0067,0.0067,0,0.8953,0,0.0133,0.01,0,0.0047,0.977
alma-7b-flap40-gen-dir-de-en,alma-7b-flap40-gen-dir-de-en__alma10-greedy-300__95506ae9df06,flap,gen,40,dir,de-en,de-en,False,,en-cs,False,False,300,0.560953,6.4874,26.583,-0.309351,-18.4431,-21.8018,-0.15467,0.0033,0.0133,0.0433,0.0433,0,0.9943,0,0.0467,0.0167,0.0033,0.01,1.1345
alma-7b-flap40-gen-dir-de-en,alma-7b-flap40-gen-dir-de-en__alma10-greedy-300__95506ae9df06,flap,gen,40,dir,de-en,de-en,False,,en-de,False,False,300,0.761092,17.7417,43.3227,-0.091872,-10.2498,-11.4114,0.005942,0.0267,0,0,0,0,0.9191,0.0167,0.0033,0.03,0.0267,0.0157,0.9614
alma-7b-flap40-gen-dir-de-en,alma-7b-flap40-gen-dir-de-en__alma10-greedy-300__95506ae9df06,flap,gen,40,dir,de-en,de-en,False,,en-is,False,False,300,0.420004,4.6726,21.0351,-0.421835,-19.078,-28.2433,-0.15179,0.0067,0.0567,0.08,0.08,0,0.9339,0,0,0.2167,0.0067,0.0071,1.1749
alma-7b-flap40-gen-dir-de-en,alma-7b-flap40-gen-dir-de-en__alma10-greedy-300__95506ae9df06,flap,gen,40,dir,de-en,de-en,False,,en-ru,False,False,300,0.628089,10.5103,29.3954,-0.232992,-14.4957,-19.0201,-0.127587,0,0.0067,0.01,0.01,0,0.7884,0,0.0567,0.07,0,0.0183,0.9032
alma-7b-flap40-gen-dir-de-en,alma-7b-flap40-gen-dir-de-en__alma10-greedy-300__95506ae9df06,flap,gen,40,dir,de-en,de-en,False,,en-zh,False,False,300,0.435199,0.9436,3.429,-0.415536,-32.5588,-22.805,-0.223593,0.0033,0,0.0067,0.0067,0,0.312,0,0.7767,0.02,0.0033,0.0893,0.278
alma-7b-flap40-gen-dir-is-en,alma-7b-flap40-gen-dir-is-en__alma10-greedy-300__5a5ab4cd5936,flap,gen,40,dir,is-en,is-en,False,,cs-en,True,False,300,0.787191,24.2626,48.9017,-0.065242,-17.7227,-14.4328,-0.021623,0,0.0167,0.0067,0.0067,0,1.1374,0,0,0,0,0.0056,1.0993
alma-7b-flap40-gen-dir-is-en,alma-7b-flap40-gen-dir-is-en__alma10-greedy-300__5a5ab4cd5936,flap,gen,40,dir,is-en,is-en,False,,de-en,True,False,300,0.791434,21.2493,44.6673,-0.047776,-10.0675,-9.1273,-0.015383,0,0.0033,0.0033,0.0033,0,0.8965,0,0.0033,0.0033,0,0.0068,0.9428
alma-7b-flap40-gen-dir-is-en,alma-7b-flap40-gen-dir-is-en__alma10-greedy-300__5a5ab4cd5936,flap,gen,40,dir,is-en,is-en,False,,is-en,True,True,300,0.816576,26.6661,49.4945,-0.046087,-11.5832,-9.0024,0.010481,0.0033,0,0,0,0,0.9166,0,0,0.0133,0.0033,0.0056,0.9516
alma-7b-flap40-gen-dir-is-en,alma-7b-flap40-gen-dir-is-en__alma10-greedy-300__5a5ab4cd5936,flap,gen,40,dir,is-en,is-en,False,,ru-en,True,False,300,0.795362,26.3475,50.8619,-0.051061,-10.5895,-9.5488,0.005205,0,0,0,0,0,0.9266,0.0033,0.0067,0.0167,0,0.0098,0.9497
alma-7b-flap40-gen-dir-is-en,alma-7b-flap40-gen-dir-is-en__alma10-greedy-300__5a5ab4cd5936,flap,gen,40,dir,is-en,is-en,False,,zh-en,True,False,300,0.705986,11.0331,36.5814,-0.090149,-8.8089,-11.7251,-0.016744,0.0033,0.01,0.02,0.02,0,0.9413,0,0.0167,0.0233,0.0033,0.0055,0.9971
alma-7b-flap40-gen-dir-is-en,alma-7b-flap40-gen-dir-is-en__alma10-greedy-300__5a5ab4cd5936,flap,gen,40,dir,is-en,is-en,False,,en-cs,False,False,300,0.590781,7.7708,27.3967,-0.279523,-17.1597,-20.9881,-0.124842,0.0233,0.01,0.0067,0.0067,0,0.8514,0,0.03,0.05,0.0233,0.009,0.9287
alma-7b-flap40-gen-dir-is-en,alma-7b-flap40-gen-dir-is-en__alma10-greedy-300__5a5ab4cd5936,flap,gen,40,dir,is-en,is-en,False,,en-de,False,False,300,0.670656,13.2129,37.9282,-0.182308,-14.7786,-16.8059,-0.084494,0.07,0.0033,0.0033,0.0033,0,0.8749,0.0167,0.0033,0.0733,0.07,0.0161,0.9498
alma-7b-flap40-gen-dir-is-en,alma-7b-flap40-gen-dir-is-en__alma10-greedy-300__5a5ab4cd5936,flap,gen,40,dir,is-en,is-en,False,,en-is,False,False,300,0.668862,12.1333,34.2819,-0.172977,-11.6173,-14.9965,0.097068,0.0167,0,0,0,0,0.8179,0.0067,0.0033,0.0167,0.0167,0.0048,0.896
alma-7b-flap40-gen-dir-is-en,alma-7b-flap40-gen-dir-is-en__alma10-greedy-300__5a5ab4cd5936,flap,gen,40,dir,is-en,is-en,False,,en-ru,False,False,300,0.607155,9.2721,25.9907,-0.253926,-15.7339,-22.4248,-0.148521,0.0133,0,0,0,0,0.6492,0,0.06,0.0933,0.0133,0.0211,0.7249
alma-7b-flap40-gen-dir-is-en,alma-7b-flap40-gen-dir-is-en__alma10-greedy-300__5a5ab4cd5936,flap,gen,40,dir,is-en,is-en,False,,en-zh,False,False,300,0.426489,0.4063,3.0412,-0.424246,-33.0961,-23.1928,-0.232303,0,0,0,0,0,0.2567,0,0.81,0.03,0,0.0291,0.2157
alma-7b-flap40-gen-dir-ru-en,alma-7b-flap40-gen-dir-ru-en__alma10-greedy-300__60a170088da0,flap,gen,40,dir,ru-en,ru-en,False,,cs-en,True,False,300,0.807126,30.9938,54.5665,-0.045307,-10.9915,-8.768,-0.001688,0.0033,0,0,0,0,0.9646,0,0,0.0067,0.0033,0.0047,1.0055
alma-7b-flap40-gen-dir-ru-en,alma-7b-flap40-gen-dir-ru-en__alma10-greedy-300__60a170088da0,flap,gen,40,dir,ru-en,ru-en,False,,de-en,True,False,300,0.79936,24.2728,47.6938,-0.03985,-7.044,-6.1008,-0.007457,0,0.0067,0.0067,0.0067,0,0.9937,0,0.0033,0,0,0.005,1.0185
alma-7b-flap40-gen-dir-ru-en,alma-7b-flap40-gen-dir-ru-en__alma10-greedy-300__60a170088da0,flap,gen,40,dir,ru-en,ru-en,False,,is-en,True,False,300,0.791433,26.7349,49.6822,-0.07123,-11.5144,-8.8147,-0.014662,0.01,0.0067,0.0067,0.0067,0,1.0232,0,0,0.0167,0.01,0.0047,1.0852
alma-7b-flap40-gen-dir-ru-en,alma-7b-flap40-gen-dir-ru-en__alma10-greedy-300__60a170088da0,flap,gen,40,dir,ru-en,ru-en,False,,ru-en,True,True,300,0.785172,27.9514,52.6892,-0.061251,-8.9856,-7.7215,-0.004985,0,0.01,0.0067,0.0067,0,1.0589,0.0033,0.0067,0.0167,0,0.0063,1.0835
alma-7b-flap40-gen-dir-ru-en,alma-7b-flap40-gen-dir-ru-en__alma10-greedy-300__60a170088da0,flap,gen,40,dir,ru-en,ru-en,False,,zh-en,True,False,300,0.716083,11.923,37.6201,-0.080052,-7.919,-10.6864,-0.006647,0.0033,0.0067,0.0133,0.0133,0,0.9485,0,0.0067,0.01,0.0033,0.0042,1.041
alma-7b-flap40-gen-dir-ru-en,alma-7b-flap40-gen-dir-ru-en__alma10-greedy-300__60a170088da0,flap,gen,40,dir,ru-en,ru-en,False,,en-cs,False,False,300,0.667591,11.9755,33.5099,-0.202713,-12.955,-14.8749,-0.048032,0,0.0033,0.0067,0.0067,0,0.9342,0,0.0333,0.0133,0,0.0089,0.9763
alma-7b-flap40-gen-dir-ru-en,alma-7b-flap40-gen-dir-ru-en__alma10-greedy-300__60a170088da0,flap,gen,40,dir,ru-en,ru-en,False,,en-de,False,False,300,0.714126,14.8772,41.8033,-0.138838,-13.1143,-12.9308,-0.041024,0.04,0.0033,0.0067,0.0067,0,0.9742,0.02,0,0.0467,0.04,0.0139,1.0491
alma-7b-flap40-gen-dir-ru-en,alma-7b-flap40-gen-dir-ru-en__alma10-greedy-300__60a170088da0,flap,gen,40,dir,ru-en,ru-en,False,,en-is,False,False,300,0.442054,6.0852,23.2773,-0.399785,-17.6654,-26.0011,-0.12974,0.0167,0.02,0.04,0.04,0,0.8258,0.0033,0.0033,0.0567,0.0167,0.0073,1.0281
alma-7b-flap40-gen-dir-ru-en,alma-7b-flap40-gen-dir-ru-en__alma10-greedy-300__60a170088da0,flap,gen,40,dir,ru-en,ru-en,False,,en-ru,False,False,300,0.770407,16.0765,38.8573,-0.090674,-8.9295,-9.5582,0.014731,0,0.0033,0.0033,0.0033,0,0.9447,0,0.0133,0.0633,0,0.0136,1.0034
alma-7b-flap40-gen-dir-ru-en,alma-7b-flap40-gen-dir-ru-en__alma10-greedy-300__60a170088da0,flap,gen,40,dir,ru-en,ru-en,False,,en-zh,False,False,300,0.615876,13.4006,11.763,-0.234859,-20.1018,-14.471,-0.042916,0,0,0.04,0.04,0,0.9718,0,0.24,0.03,0,0.0444,0.8846
alma-7b-flap40-gen-dir-zh-en,alma-7b-flap40-gen-dir-zh-en__alma10-greedy-300__8c1c1b147b34,flap,gen,40,dir,zh-en,zh-en,False,,cs-en,True,False,300,0.800311,30.044,53.1244,-0.052122,-11.9413,-10.2101,-0.008503,0.0033,0,0,0,0,0.9217,0.0033,0,0.0033,0.0033,0.0057,0.9539
alma-7b-flap40-gen-dir-zh-en,alma-7b-flap40-gen-dir-zh-en__alma10-greedy-300__8c1c1b147b34,flap,gen,40,dir,zh-en,zh-en,False,,de-en,True,False,300,0.80833,24.1108,47.703,-0.03088,-7.206,-6.0916,0.001513,0,0,0.0033,0.0033,0,0.9206,0,0.0033,0.0033,0,0.0069,0.9483
alma-7b-flap40-gen-dir-zh-en,alma-7b-flap40-gen-dir-zh-en__alma10-greedy-300__8c1c1b147b34,flap,gen,40,dir,zh-en,zh-en,False,,is-en,True,False,300,0.811575,28.4183,50.1186,-0.051088,-9.831,-8.3783,0.00548,0.0067,0,0,0,0,0.9294,0,0.0033,0.0067,0.0067,0.0069,0.9724
alma-7b-flap40-gen-dir-zh-en,alma-7b-flap40-gen-dir-zh-en__alma10-greedy-300__8c1c1b147b34,flap,gen,40,dir,zh-en,zh-en,False,,ru-en,True,False,300,0.786996,28.4694,52.6697,-0.059427,-8.4676,-7.741,-0.003161,0,0.0033,0.0033,0.0033,0,0.9975,0.0033,0.01,0.0133,0,0.0063,1.0396
alma-7b-flap40-gen-dir-zh-en,alma-7b-flap40-gen-dir-zh-en__alma10-greedy-300__8c1c1b147b34,flap,gen,40,dir,zh-en,zh-en,False,,zh-en,True,True,300,0.735762,13.4876,39.9082,-0.060373,-6.3544,-8.3983,0.013032,0.0033,0.0033,0.0067,0.0067,0,0.8805,0,0.01,0.0133,0.0033,0.0057,0.9259
alma-7b-flap40-gen-dir-zh-en,alma-7b-flap40-gen-dir-zh-en__alma10-greedy-300__8c1c1b147b34,flap,gen,40,dir,zh-en,zh-en,False,,en-cs,False,False,300,0.576578,6.9565,27.0997,-0.293726,-17.974,-21.2851,-0.139045,0.0267,0.0033,0.0167,0.0167,0,0.9044,0.0167,0.0433,0.0367,0.0267,0.0091,0.9412
alma-7b-flap40-gen-dir-zh-en,alma-7b-flap40-gen-dir-zh-en__alma10-greedy-300__8c1c1b147b34,flap,gen,40,dir,zh-en,zh-en,False,,en-de,False,False,300,0.66398,11.6053,36.9768,-0.188984,-16.3862,-17.7573,-0.09117,0.1233,0,0,0,0,0.8802,0.0667,0,0.13,0.1233,0.0155,0.9373
alma-7b-flap40-gen-dir-zh-en,alma-7b-flap40-gen-dir-zh-en__alma10-greedy-300__8c1c1b147b34,flap,gen,40,dir,zh-en,zh-en,False,,en-is,False,False,300,0.419437,4.7281,21.6095,-0.422402,-19.0225,-27.6689,-0.152357,0.05,0.03,0.0633,0.0633,0,0.8725,0.01,0,0.0667,0.05,0.0064,1.0647
alma-7b-flap40-gen-dir-zh-en,alma-7b-flap40-gen-dir-zh-en__alma10-greedy-300__8c1c1b147b34,flap,gen,40,dir,zh-en,zh-en,False,,en-ru,False,False,300,0.682212,11.6818,34.8754,-0.178869,-13.3242,-13.5401,-0.073464,0,0.0033,0.0033,0.0033,0,0.9083,0,0.01,0.06,0,0.016,0.9375
alma-7b-flap40-gen-dir-zh-en,alma-7b-flap40-gen-dir-zh-en__alma10-greedy-300__8c1c1b147b34,flap,gen,40,dir,zh-en,zh-en,False,,en-zh,False,False,300,0.700707,17.477,15.6542,-0.150028,-16.0254,-10.5798,0.041915,0,0,0.0167,0.0167,0,0.876,0,0.1967,0.03,0,0.0121,0.8608
alma-7b-flap40-gen-dir-en-cs,alma-7b-flap40-gen-dir-en-cs__alma10-greedy-300__b9218fc7c589,flap,gen,40,dir,en-cs,en-cs,False,,cs-en,True,False,300,0.788589,28.5724,51.9562,-0.063844,-13.4129,-11.3783,-0.020225,0.0033,0,0.0067,0.0067,0,0.9784,0.0033,0,0.0033,0.0033,0.0054,1.0163
alma-7b-flap40-gen-dir-en-cs,alma-7b-flap40-gen-dir-en-cs__alma10-greedy-300__b9218fc7c589,flap,gen,40,dir,en-cs,en-cs,False,,de-en,True,False,300,0.796543,24.3077,47.2226,-0.042667,-7.0091,-6.572,-0.010274,0.0033,0.0033,0.0033,0.0033,0,0.9724,0,0,0.01,0.0033,0.0058,0.979
alma-7b-flap40-gen-dir-en-cs,alma-7b-flap40-gen-dir-en-cs__alma10-greedy-300__b9218fc7c589,flap,gen,40,dir,en-cs,en-cs,False,,is-en,True,False,300,0.801859,28.9343,50.1448,-0.060804,-9.315,-8.3521,-0.004236,0.01,0,0,0,0,0.9418,0,0,0.02,0.01,0.0046,0.9853
alma-7b-flap40-gen-dir-en-cs,alma-7b-flap40-gen-dir-en-cs__alma10-greedy-300__b9218fc7c589,flap,gen,40,dir,en-cs,en-cs,False,,ru-en,True,False,300,0.783737,27.8737,51.6786,-0.062686,-9.0633,-8.7321,-0.00642,0,0.0067,0.0133,0.0133,0,1.0154,0.0033,0.01,0.0167,0,0.007,1.0351
alma-7b-flap40-gen-dir-en-cs,alma-7b-flap40-gen-dir-en-cs__alma10-greedy-300__b9218fc7c589,flap,gen,40,dir,en-cs,en-cs,False,,zh-en,True,False,300,0.70488,10.9769,37.2938,-0.091255,-8.8651,-11.0127,-0.01785,0,0.0167,0.0167,0.0167,0,0.978,0,0.0033,0.0133,0,0.0042,1.0552
alma-7b-flap40-gen-dir-en-cs,alma-7b-flap40-gen-dir-en-cs__alma10-greedy-300__b9218fc7c589,flap,gen,40,dir,en-cs,en-cs,False,,en-cs,False,True,300,0.749181,16.4525,38.246,-0.121123,-8.478,-10.1388,0.033558,0.0033,0.0033,0.0067,0.0067,0,0.932,0,0.0267,0.0133,0.0033,0.0099,0.9679
alma-7b-flap40-gen-dir-en-cs,alma-7b-flap40-gen-dir-en-cs__alma10-greedy-300__b9218fc7c589,flap,gen,40,dir,en-cs,en-cs,False,,en-de,False,False,300,0.67808,15.0522,39.9025,-0.174884,-12.9393,-14.8316,-0.07707,0.0367,0.0067,0.0167,0.0167,0,0.9674,0.0167,0.01,0.0367,0.0367,0.0126,0.9894
alma-7b-flap40-gen-dir-en-cs,alma-7b-flap40-gen-dir-en-cs__alma10-greedy-300__b9218fc7c589,flap,gen,40,dir,en-cs,en-cs,False,,en-is,False,False,300,0.411019,4.451,21.0071,-0.43082,-19.2996,-28.2713,-0.160775,0.0067,0.07,0.1733,0.1733,0,1.1564,0,0,0.0333,0.0067,0.004,1.4224
alma-7b-flap40-gen-dir-en-cs,alma-7b-flap40-gen-dir-en-cs__alma10-greedy-300__b9218fc7c589,flap,gen,40,dir,en-cs,en-cs,False,,en-ru,False,False,300,0.668851,13.1812,32.6647,-0.19223,-11.8248,-15.7508,-0.086825,0,0,0,0,0,0.793,0,0.0367,0.0633,0,0.0175,0.86
alma-7b-flap40-gen-dir-en-cs,alma-7b-flap40-gen-dir-en-cs__alma10-greedy-300__b9218fc7c589,flap,gen,40,dir,en-cs,en-cs,False,,en-zh,False,False,300,0.418382,1.3749,3.2393,-0.432353,-32.1275,-22.9947,-0.24041,0.0067,0,0.0267,0.0267,0,0.4499,0,0.78,0.03,0.0067,0.1081,0.3328
alma-7b-flap40-gen-dir-en-de,alma-7b-flap40-gen-dir-en-de__alma10-greedy-300__f09969882432,flap,gen,40,dir,en-de,en-de,False,,cs-en,True,False,300,0.801149,30.8276,54.0498,-0.051284,-11.1577,-9.2847,-0.007665,0.0067,0,0,0,0,0.9507,0.0033,0,0.0067,0.0067,0.0051,0.983
alma-7b-flap40-gen-dir-en-de,alma-7b-flap40-gen-dir-en-de__alma10-greedy-300__f09969882432,flap,gen,40,dir,en-de,en-de,False,,de-en,True,False,300,0.80132,25.6748,49.243,-0.03789,-5.642,-4.5516,-0.005497,0,0,0,0,0,0.9097,0,0,0,0,0.0063,0.9358
alma-7b-flap40-gen-dir-en-de,alma-7b-flap40-gen-dir-en-de__alma10-greedy-300__f09969882432,flap,gen,40,dir,en-de,en-de,False,,is-en,True,False,300,0.799278,27.5659,50.2495,-0.063385,-10.6834,-8.2474,-0.006817,0.0067,0.0067,0.01,0.01,0,1.0496,0,0.0067,0.0167,0.0067,0.0047,1.094
alma-7b-flap40-gen-dir-en-de,alma-7b-flap40-gen-dir-en-de__alma10-greedy-300__f09969882432,flap,gen,40,dir,en-de,en-de,False,,ru-en,True,False,300,0.783672,26.7344,51.9964,-0.062751,-10.2026,-8.4143,-0.006485,0,0.0167,0.0133,0.0133,0,1.05,0.0033,0.0067,0.0167,0,0.0062,1.0805
alma-7b-flap40-gen-dir-en-de,alma-7b-flap40-gen-dir-en-de__alma10-greedy-300__f09969882432,flap,gen,40,dir,en-de,en-de,False,,zh-en,True,False,300,0.687372,10.187,36.2738,-0.108763,-9.655,-12.0327,-0.035358,0.0067,0.03,0.0267,0.0267,0,1.0531,0,0.0067,0.0167,0.0067,0.0044,1.1294
alma-7b-flap40-gen-dir-en-de,alma-7b-flap40-gen-dir-en-de__alma10-greedy-300__f09969882432,flap,gen,40,dir,en-de,en-de,False,,en-cs,False,False,300,0.546553,6.221,26.3494,-0.323751,-18.7095,-22.0354,-0.16907,0.0033,0.01,0.0667,0.0667,0,1.1261,0.0033,0.0433,0.01,0.0033,0.0124,1.1919
alma-7b-flap40-gen-dir-en-de,alma-7b-flap40-gen-dir-en-de__alma10-greedy-300__f09969882432,flap,gen,40,dir,en-de,en-de,False,,en-de,False,True,300,0.763402,20.022,45.8614,-0.089562,-7.9695,-8.8727,0.008252,0.03,0.0033,0.0067,0.0067,0,0.9544,0.0233,0,0.03,0.03,0.0135,1.0005
alma-7b-flap40-gen-dir-en-de,alma-7b-flap40-gen-dir-en-de__alma10-greedy-300__f09969882432,flap,gen,40,dir,en-de,en-de,False,,en-is,False,False,300,0.410574,3.9755,21.2036,-0.431265,-19.7751,-28.0748,-0.16122,0.0167,0.08,0.1967,0.1967,0,1.2361,0,0.0067,0.07,0.0167,0.0053,1.5285
alma-7b-flap40-gen-dir-en-de,alma-7b-flap40-gen-dir-en-de__alma10-greedy-300__f09969882432,flap,gen,40,dir,en-de,en-de,False,,en-ru,False,False,300,0.627807,11.521,29.4863,-0.233274,-13.485,-18.9292,-0.127869,0,0.0167,0.0233,0.0233,0,0.8355,0,0.04,0.0333,0,0.0142,0.9552
alma-7b-flap40-gen-dir-en-de,alma-7b-flap40-gen-dir-en-de__alma10-greedy-300__f09969882432,flap,gen,40,dir,en-de,en-de,False,,en-zh,False,False,300,0.431473,0.9552,3.3055,-0.419262,-32.5472,-22.9285,-0.227319,0,0,0.0167,0.0167,0,0.419,0,0.7267,0.0233,0,0.1358,0.2783
alma-7b-flap40-gen-dir-en-is,alma-7b-flap40-gen-dir-en-is__alma10-greedy-300__9ed444df6776,flap,gen,40,dir,en-is,en-is,False,,cs-en,True,False,300,0.801078,28.8801,52.0114,-0.051355,-13.1052,-11.3231,-0.007736,0.0033,0.0033,0.0033,0.0033,0,0.9941,0,0.0033,0.0067,0.0033,0.0068,1.0118
alma-7b-flap40-gen-dir-en-is,alma-7b-flap40-gen-dir-en-is__alma10-greedy-300__9ed444df6776,flap,gen,40,dir,en-is,en-is,False,,de-en,True,False,300,0.792062,21.5748,45.1702,-0.047148,-9.742,-8.6244,-0.014755,0.0033,0.01,0.0067,0.0067,0,1.0428,0,0,0.0067,0.0033,0.0054,1.0431
alma-7b-flap40-gen-dir-en-is,alma-7b-flap40-gen-dir-en-is__alma10-greedy-300__9ed444df6776,flap,gen,40,dir,en-is,en-is,False,,is-en,True,False,300,0.796751,23.8829,47.021,-0.065912,-14.3664,-11.4759,-0.009344,0.0033,0.0133,0.0167,0.0167,0,1.1104,0,0.0033,0.0133,0.0033,0.0045,1.0976
alma-7b-flap40-gen-dir-en-is,alma-7b-flap40-gen-dir-en-is__alma10-greedy-300__9ed444df6776,flap,gen,40,dir,en-is,en-is,False,,ru-en,True,False,300,0.784622,26.0489,49.6065,-0.061801,-10.8881,-10.8042,-0.005535,0,0.0067,0.0033,0.0033,0,0.976,0.0033,0.01,0.02,0,0.0084,0.9878
alma-7b-flap40-gen-dir-en-is,alma-7b-flap40-gen-dir-en-is__alma10-greedy-300__9ed444df6776,flap,gen,40,dir,en-is,en-is,False,,zh-en,True,False,300,0.703699,9.4727,35.9889,-0.092436,-10.3693,-12.3176,-0.019031,0,0.0333,0.04,0.04,0,1.1,0,0.01,0.02,0,0.0048,1.2049
alma-7b-flap40-gen-dir-en-is,alma-7b-flap40-gen-dir-en-is__alma10-greedy-300__9ed444df6776,flap,gen,40,dir,en-is,en-is,False,,en-cs,False,False,300,0.552758,6.9317,26.4642,-0.317546,-17.9988,-21.9206,-0.162865,0.0067,0.0267,0.03,0.03,0,1.0107,0,0.0333,0.0267,0.0067,0.0095,1.1134
alma-7b-flap40-gen-dir-en-is,alma-7b-flap40-gen-dir-en-is__alma10-greedy-300__9ed444df6776,flap,gen,40,dir,en-is,en-is,False,,en-de,False,False,300,0.677527,13.2285,38.2259,-0.175437,-14.763,-16.5082,-0.077623,0.03,0.0067,0.01,0.01,0,0.9453,0.0167,0.01,0.0333,0.03,0.0168,0.9578
alma-7b-flap40-gen-dir-en-is,alma-7b-flap40-gen-dir-en-is__alma10-greedy-300__9ed444df6776,flap,gen,40,dir,en-is,en-is,False,,en-is,False,True,300,0.654329,12.095,34.9829,-0.18751,-11.6556,-14.2955,0.082535,0,0.0133,0.0267,0.0267,0,0.9315,0,0,0.0033,0,0.0047,0.9986
alma-7b-flap40-gen-dir-en-is,alma-7b-flap40-gen-dir-en-is__alma10-greedy-300__9ed444df6776,flap,gen,40,dir,en-is,en-is,False,,en-ru,False,False,300,0.58711,7.884,23.592,-0.273971,-17.122,-24.8235,-0.168566,0,0.0067,0.0033,0.0033,0,0.5865,0,0.1367,0.0633,0,0.0234,0.6484
alma-7b-flap40-gen-dir-en-is,alma-7b-flap40-gen-dir-en-is__alma10-greedy-300__9ed444df6776,flap,gen,40,dir,en-is,en-is,False,,en-zh,False,False,300,0.425963,0.7045,3.0185,-0.424772,-32.7979,-23.2155,-0.232829,0.0033,0,0.0133,0.0133,0,0.3627,0,0.8033,0.0233,0.0033,0.1001,0.263
alma-7b-flap40-gen-dir-en-ru,alma-7b-flap40-gen-dir-en-ru__alma10-greedy-300__049080da9fe1,flap,gen,40,dir,en-ru,en-ru,False,,cs-en,True,False,300,0.790798,28.9632,52.4422,-0.061635,-13.0221,-10.8923,-0.018016,0.0033,0,0,0,0,0.946,0.0033,0,0.0033,0.0033,0.0053,0.9847
alma-7b-flap40-gen-dir-en-ru,alma-7b-flap40-gen-dir-en-ru__alma10-greedy-300__049080da9fe1,flap,gen,40,dir,en-ru,en-ru,False,,de-en,True,False,300,0.791189,23.9902,47.0501,-0.048021,-7.3266,-6.7445,-0.015628,0.0033,0.0067,0.01,0.01,0,0.9836,0,0,0.0033,0.0033,0.0057,0.9916
alma-7b-flap40-gen-dir-en-ru,alma-7b-flap40-gen-dir-en-ru__alma10-greedy-300__049080da9fe1,flap,gen,40,dir,en-ru,en-ru,False,,is-en,True,False,300,0.790959,28.2197,49.0176,-0.071704,-10.0296,-9.4793,-0.015136,0.0067,0,0,0,0,0.9469,0,0,0.0133,0.0067,0.0051,0.9984
alma-7b-flap40-gen-dir-en-ru,alma-7b-flap40-gen-dir-en-ru__alma10-greedy-300__049080da9fe1,flap,gen,40,dir,en-ru,en-ru,False,,ru-en,True,False,300,0.78204,28.1309,52.525,-0.064383,-8.8061,-7.8857,-0.008117,0,0.0067,0.0033,0.0033,0,1.014,0.0033,0.0067,0.02,0,0.0071,1.0533
alma-7b-flap40-gen-dir-en-ru,alma-7b-flap40-gen-dir-en-ru__alma10-greedy-300__049080da9fe1,flap,gen,40,dir,en-ru,en-ru,False,,zh-en,True,False,300,0.697067,10.8827,35.7841,-0.099068,-8.9593,-12.5224,-0.025663,0.0033,0.01,0.0233,0.0233,0,1.0354,0,0.0033,0.0133,0.0033,0.0046,1.0858
alma-7b-flap40-gen-dir-en-ru,alma-7b-flap40-gen-dir-en-ru__alma10-greedy-300__049080da9fe1,flap,gen,40,dir,en-ru,en-ru,False,,en-cs,False,False,300,0.648904,10.47,32.1639,-0.2214,-14.4605,-16.2209,-0.066719,0.0067,0.0133,0.04,0.04,0,1.102,0,0.03,0.0233,0.0067,0.009,1.1479
alma-7b-flap40-gen-dir-en-ru,alma-7b-flap40-gen-dir-en-ru__alma10-greedy-300__049080da9fe1,flap,gen,40,dir,en-ru,en-ru,False,,en-de,False,False,300,0.702254,17.2454,42.1476,-0.15071,-10.7461,-12.5865,-0.052896,0.0267,0.0033,0.0167,0.0167,0,1.0126,0.0133,0.0033,0.0267,0.0267,0.0136,1.008
alma-7b-flap40-gen-dir-en-ru,alma-7b-flap40-gen-dir-en-ru__alma10-greedy-300__049080da9fe1,flap,gen,40,dir,en-ru,en-ru,False,,en-is,False,False,300,0.385339,3.1762,19.9219,-0.4565,-20.5744,-29.3565,-0.186455,0.0167,0.1133,0.19,0.19,0,1.3043,0,0.0067,0.0567,0.0167,0.0047,1.7142
alma-7b-flap40-gen-dir-en-ru,alma-7b-flap40-gen-dir-en-ru__alma10-greedy-300__049080da9fe1,flap,gen,40,dir,en-ru,en-ru,False,,en-ru,False,True,300,0.757058,16.4583,38.9023,-0.104023,-8.5477,-9.5132,0.001382,0,0,0.0033,0.0033,0,0.9584,0,0.0133,0.0633,0,0.0128,0.9976
alma-7b-flap40-gen-dir-en-ru,alma-7b-flap40-gen-dir-en-ru__alma10-greedy-300__049080da9fe1,flap,gen,40,dir,en-ru,en-ru,False,,en-zh,False,False,300,0.571021,10.7001,9.1903,-0.279714,-22.8023,-17.0437,-0.087771,0,0,0.1133,0.1133,0,1.4533,0,0.26,0.0533,0,0.1572,0.912
alma-7b-flap40-gen-dir-en-zh,alma-7b-flap40-gen-dir-en-zh__alma10-greedy-300__85b8f0ba6fdb,flap,gen,40,dir,en-zh,en-zh,False,,cs-en,True,False,300,0.794576,28.8619,52.3756,-0.057857,-13.1234,-10.9589,-0.014238,0.0033,0,0,0,0,0.9229,0.0033,0.0033,0.0033,0.0033,0.0072,0.9572
alma-7b-flap40-gen-dir-en-zh,alma-7b-flap40-gen-dir-en-zh__alma10-greedy-300__85b8f0ba6fdb,flap,gen,40,dir,en-zh,en-zh,False,,de-en,True,False,300,0.801098,24.0568,47.7832,-0.038112,-7.26,-6.0114,-0.005719,0,0,0,0,0,0.8992,0,0.0033,0.0033,0,0.0067,0.9276
alma-7b-flap40-gen-dir-en-zh,alma-7b-flap40-gen-dir-en-zh__alma10-greedy-300__85b8f0ba6fdb,flap,gen,40,dir,en-zh,en-zh,False,,is-en,True,False,300,0.7991,26.8305,48.6752,-0.063563,-11.4188,-9.8217,-0.006995,0.0033,0,0,0,0,0.9343,0,0.0033,0.0033,0.0033,0.0059,0.9818
alma-7b-flap40-gen-dir-en-zh,alma-7b-flap40-gen-dir-en-zh__alma10-greedy-300__85b8f0ba6fdb,flap,gen,40,dir,en-zh,en-zh,False,,ru-en,True,False,300,0.783279,27.0586,51.6687,-0.063144,-9.8784,-8.742,-0.006878,0,0.0067,0.0067,0.0067,0,0.9903,0.0033,0.0067,0.0067,0,0.0081,1.0478
alma-7b-flap40-gen-dir-en-zh,alma-7b-flap40-gen-dir-en-zh__alma10-greedy-300__85b8f0ba6fdb,flap,gen,40,dir,en-zh,en-zh,False,,zh-en,True,False,300,0.734554,13.8119,40.0623,-0.061581,-6.0301,-8.2442,0.011824,0.0033,0.0067,0.0133,0.0133,0,0.9608,0,0.0033,0.01,0.0033,0.0045,1.019
alma-7b-flap40-gen-dir-en-zh,alma-7b-flap40-gen-dir-en-zh__alma10-greedy-300__85b8f0ba6fdb,flap,gen,40,dir,en-zh,en-zh,False,,en-cs,False,False,300,0.580871,6.7729,28.8438,-0.289433,-18.1576,-19.541,-0.134752,0.0467,0,0.0167,0.0167,0,0.9653,0.0133,0.03,0.0567,0.0467,0.0094,1.0097
alma-7b-flap40-gen-dir-en-zh,alma-7b-flap40-gen-dir-en-zh__alma10-greedy-300__85b8f0ba6fdb,flap,gen,40,dir,en-zh,en-zh,False,,en-de,False,False,300,0.656774,10.9418,37.1543,-0.19619,-17.0497,-17.5798,-0.098376,0.1433,0.0067,0.0067,0.0067,0,0.9805,0.0433,0,0.1467,0.1433,0.0132,1.0366
alma-7b-flap40-gen-dir-en-zh,alma-7b-flap40-gen-dir-en-zh__alma10-greedy-300__85b8f0ba6fdb,flap,gen,40,dir,en-zh,en-zh,False,,en-is,False,False,300,0.394469,3.0003,19.6091,-0.44737,-20.7503,-29.6693,-0.177325,0.0933,0.06,0.1133,0.1133,0,1.1144,0.01,0,0.13,0.0933,0.0052,1.4357
alma-7b-flap40-gen-dir-en-zh,alma-7b-flap40-gen-dir-en-zh__alma10-greedy-300__85b8f0ba6fdb,flap,gen,40,dir,en-zh,en-zh,False,,en-ru,False,False,300,0.672626,10.1593,34.093,-0.188455,-14.8467,-14.3225,-0.08305,0,0.0067,0.01,0.01,0,0.9477,0,0.0267,0.0333,0,0.0151,0.9705
alma-7b-flap40-gen-dir-en-zh,alma-7b-flap40-gen-dir-en-zh__alma10-greedy-300__85b8f0ba6fdb,flap,gen,40,dir,en-zh,en-zh,False,,en-zh,False,True,300,0.696354,17.8523,14.8471,-0.154381,-15.6501,-11.3869,0.037562,0,0,0.0367,0.0367,0,0.9793,0,0.21,0.03,0,0.019,0.9631
