system,run,method,calib,sparsity,scope,scope_key,pruned_directions,repaired,source_system,direction,into_english,in_scope,n_segments,comet,bleu,chrf,metricx,comet_minus_dense,bleu_minus_dense,chrf_minus_dense,metricx_minus_dense,comet_minus_multi,metricx_minus_multi,off_target_rate,repetition_rate,budget_hit_rate,truncation_rate,empty_rate,length_ratio,source_copy_rate,unverifiable_rate,off_target_rate_open,source_language_rate,wasted_token_fraction,bleu_token_length_ratio
alma-7b,alma-7b__alma10-greedy__a3469aefba68,dense,,0,,,,False,,cs-en,True,True,1448,0.855847,41.3222,62.6381,3.91192,0,0,0,0,,,0.0041,0,0.0007,0.0007,0,0.9803,0.0007,0,0.0069,0.0041,0.0059,0.9966
alma-7b,alma-7b__alma10-greedy__a3469aefba68,dense,,0,,,,False,,de-en,True,True,1984,0.837543,29.0724,52.3227,3.41959,0,0,0,0,,,0.0025,0.0005,0.0005,0.0005,0,0.9283,0.0005,0.0081,0.0076,0.0025,0.0055,0.9497
alma-7b,alma-7b__alma10-greedy__a3469aefba68,dense,,0,,,,False,,is-en,True,True,1000,0.856746,34.5992,56.1218,3.44241,0,0,0,0,,,0.005,0,0,0,0,0.9382,0,0,0.007,0.005,0.0065,0.9673
alma-7b,alma-7b__alma10-greedy__a3469aefba68,dense,,0,,,,False,,ru-en,True,True,2016,0.844522,37.0034,60.5465,3.11265,0,0,0,0,,,0,0,0,0,0,0.9892,0.0005,0.005,0.0188,0,0.008,1.0064
alma-7b,alma-7b__alma10-greedy__a3469aefba68,dense,,0,,,,False,,zh-en,True,True,1875,0.796694,22.4213,49.7443,2.70317,0,0,0,0,,,0.0005,0.0005,0.0016,0.0016,0,0.9545,0.0005,0.0128,0.0112,0.0005,0.0041,0.9768
alma-7b,alma-7b__alma10-greedy__a3469aefba68,dense,,0,,,,False,,en-cs,False,True,2037,0.879238,26.4123,49.9716,3.48375,0,0,0,0,,,0.001,0,0.0005,0.0005,0,0.9633,0.0005,0.0088,0.0157,0.001,0.0065,0.9861
alma-7b,alma-7b__alma10-greedy__a3469aefba68,dense,,0,,,,False,,en-de,False,True,2037,0.848681,28.2662,54.4616,1.09351,0,0,0,0,,,0.0039,0,0,0,0,0.9973,0.0049,0.0054,0.0074,0.0039,0.0146,1.0121
alma-7b,alma-7b__alma10-greedy__a3469aefba68,dense,,0,,,,False,,en-is,False,True,1000,0.844816,23.9132,49.0787,4.07228,0,0,0,0,,,0.001,0,0.001,0.001,0,0.9647,0.001,0,0.003,0.001,0.0037,0.9788
alma-7b,alma-7b__alma10-greedy__a3469aefba68,dense,,0,,,,False,,en-ru,False,True,2037,0.863028,25.1489,48.9809,2.27043,0,0,0,0,,,0.0005,0,0,0,0,0.9645,0.0005,0.0098,0.0344,0.0005,0.0108,0.9942
alma-7b,alma-7b__alma10-greedy__a3469aefba68,dense,,0,,,,False,,en-zh,False,True,2037,0.847674,35.0434,27.3921,1.85928,0,0,0,0,,,0,0,0,0,0,0.9793,0,0.1546,0.0216,0,0.0001,0.9957
alma-7b-slimgpt20-ref-multi,alma-7b-slimgpt20-ref-multi__alma10-greedy__a801b9336234,slimgpt,ref,20,multi,,cs-en+de-en+is-en+ru-en+zh-en+en-cs+en-de+en-is+en-ru+en-zh,False,,cs-en,True,True,1448,0.849615,38.2429,60.5552,4.12918,-0.006232,-3.0793,-2.0829,0.217269,0,0,0.0069,0.0007,0.0007,0.0007,0,0.9769,0.0007,0,0.009,0.0069,0.0055,0.9899
alma-7b-slimgpt20-ref-multi,alma-7b-slimgpt20-ref-multi__alma10-greedy__a801b9336234,slimgpt,ref,20,multi,,cs-en+de-en+is-en+ru-en+zh-en+en-cs+en-de+en-is+en-ru+en-zh,False,,de-en,True,True,1984,0.833099,26.6208,51.1115,3.59401,-0.004444,-2.4516,-1.2112,0.174417,0,0,0.001,0,0,0,0,0.9217,0.0005,0.006,0.0081,0.001,0.0052,0.9317
alma-7b-slimgpt20-ref-multi,alma-7b-slimgpt20-ref-multi__alma10-greedy__a801b9336234,slimgpt,ref,20,multi,,cs-en+de-en+is-en+ru-en+zh-en+en-cs+en-de+en-is+en-ru+en-zh,False,,is-en,True,True,1000,0.853236,33.0114,55.3047,3.56196,-0.00351,-1.5878,-0.8171,0.119542,0,0,0.004,0,0,0,0,0.9427,0,0,0.008,0.004,0.0062,0.9688
alma-7b-slimgpt20-ref-multi,alma-7b-slimgpt20-ref-multi__alma10-greedy__a801b9336234,slimgpt,ref,20,multi,,cs-en+de-en+is-en+ru-en+zh-en+en-cs+en-de+en-is+en-ru+en-zh,False,,ru-en,True,True,2016,0.83629,34.5857,58.6228,3.37883,-0.008232,-2.4177,-1.9237,0.266183,0,0,0,0,0.0005,0.0005,0,0.9905,0.0005,0.005,0.0164,0,0.0071,1.0056
alma-7b-slimgpt20-ref-multi,alma-7b-slimgpt20-ref-multi__alma10-greedy__a801b9336234,slimgpt,ref,20,multi,,cs-en+de-en+is-en+ru-en+zh-en+en-cs+en-de+en-is+en-ru+en-zh,False,,zh-en,True,True,1875,0.786819,20.4059,47.6603,3.05531,-0.009875,-2.0154,-2.084,0.352148,0,0,0.0005,0.0011,0.0027,0.0027,0,0.9358,0.0011,0.0112,0.0101,0.0005,0.004,0.9588
alma-7b-slimgpt20-ref-multi,alma-7b-slimgpt20-ref-multi__alma10-greedy__a801b9336234,slimgpt,ref,20,multi,,cs-en+de-en+is-en+ru-en+zh-en+en-cs+en-de+en-is+en-ru+en-zh,False,,en-cs,False,True,2037,0.859784,23.8125,47.4253,4.14177,-0.019454,-2.5998,-2.5463,0.658017,0,0,0.0025,0,0.0015,0.0015,0,0.9726,0.0025,0.0093,0.0196,0.0025,0.0068,0.9948
alma-7b-slimgpt20-ref-multi,alma-7b-slimgpt20-ref-multi__alma10-greedy__a801b9336234,slimgpt,ref,20,multi,,cs-en+de-en+is-en+ru-en+zh-en+en-cs+en-de+en-is+en-ru+en-zh,False,,en-de,False,True,2037,0.833329,25.687,52.0596,1.42537,-0.015352,-2.5792,-2.402,0.331859,0,0,0.0113,0,0,0,0,0.9908,0.0123,0.0054,0.0133,0.0113,0.0147,1.0062
alma-7b-slimgpt20-ref-multi,alma-7b-slimgpt20-ref-multi__alma10-greedy__a801b9336234,slimgpt,ref,20,multi,,cs-en+de-en+is-en+ru-en+zh-en+en-cs+en-de+en-is+en-ru+en-zh,False,,en-is,False,True,1000,0.83087,21.3578,46.477,5.23159,-0.013946,-2.5554,-2.6017,1.15932,0,0,0,0,0,0,0,0.9542,0,0,0.005,0,0.0039,0.9809
alma-7b-slimgpt20-ref-multi,alma-7b-slimgpt20-ref-multi__alma10-greedy__a801b9336234,slimgpt,ref,20,multi,,cs-en+de-en+is-en+ru-en+zh-en+en-cs+en-de+en-is+en-ru+en-zh,False,,en-ru,False,True,2037,0.848129,22.6728,46.707,2.74766,-0.014899,-2.4761,-2.2739,0.477232,0,0,0.0005,0,0.0005,0.0005,0,0.9596,0.0005,0.0098,0.0309,0.0005,0.0111,0.9943
alma-7b-slimgpt20-ref-multi,alma-7b-slimgpt20-ref-multi__alma10-greedy__a801b9336234,slimgpt,ref,20,multi,,cs-en+de-en+is-en+ru-en+zh-en+en-cs+en-de+en-is+en-ru+en-zh,False,,en-zh,False,True,2037,0.829488,31.2111,25.096,2.29406,-0.018186,-3.8323,-2.2961,0.434786,0,0,0.0005,0,0.001,0.001,0,0.9815,0.0005,0.1537,0.0221,0.0005,0.0013,0.9866
alma-7b-slimgpt20-gen-multi,alma-7b-slimgpt20-gen-multi__alma10-greedy__85dba714a6e1,slimgpt,gen,20,multi,,cs-en+de-en+is-en+ru-en+zh-en+en-cs+en-de+en-is+en-ru+en-zh,False,,cs-en,True,True,1448,0.849329,38.1332,60.474,4.10456,-0.006518,-3.189,-2.1641,0.19264,0,0,0.0062,0.0007,0.0014,0.0014,0,0.9839,0.0007,0.0007,0.0083,0.0062,0.0054,0.998
alma-7b-slimgpt20-gen-multi,alma-7b-slimgpt20-gen-multi__alma10-greedy__85dba714a6e1,slimgpt,gen,20,multi,,cs-en+de-en+is-en+ru-en+zh-en+en-cs+en-de+en-is+en-ru+en-zh,False,,de-en,True,True,1984,0.832374,26.8914,51.2147,3.6191,-0.005169,-2.181,-1.108,0.199508,0,0,0.0015,0.0005,0.0005,0.0005,0,0.9267,0.0005,0.0066,0.0076,0.0015,0.0054,0.9373
alma-7b-slimgpt20-gen-multi,alma-7b-slimgpt20-gen-multi__alma10-greedy__85dba714a6e1,slimgpt,gen,20,multi,,cs-en+de-en+is-en+ru-en+zh-en+en-cs+en-de+en-is+en-ru+en-zh,False,,is-en,True,True,1000,0.854515,33.3852,55.5657,3.53908,-0.002231,-1.214,-0.5561,0.096669,0,0,0.004,0,0,0,0,0.9429,0,0,0.01,0.004,0.0062,0.9687
alma-7b-slimgpt20-gen-multi,alma-7b-slimgpt20-gen-multi__alma10-greedy__85dba714a6e1,slimgpt,gen,20,multi,,cs-en+de-en+is-en+ru-en+zh-en+en-cs+en-de+en-is+en-ru+en-zh,False,,ru-en,True,True,2016,0.836756,34.8215,58.8569,3.35613,-0.007766,-2.1819,-1.6896,0.243486,0,0,0,0,0.0005,0.0005,0,0.9896,0.0005,0.004,0.0179,0,0.0073,1.0066
alma-7b-slimgpt20-gen-multi,alma-7b-slimgpt20-gen-multi__alma10-greedy__85dba714a6e1,slimgpt,gen,20,multi,,cs-en+de-en+is-en+ru-en+zh-en+en-cs+en-de+en-is+en-ru+en-zh,False,,zh-en,True,True,1875,0.787028,20.6976,47.8896,3.08818,-0.009666,-1.7237,-1.8547,0.38501,0,0,0.0011,0.0011,0.0011,0.0011,0,0.9346,0.0016,0.0107,0.0117,0.0011,0.0041,0.9549
alma-7b-slimgpt20-gen-multi,alma-7b-slimgpt20-gen-multi__alma10-greedy__85dba714a6e1,slimgpt,gen,20,multi,,cs-en+de-en+is-en+ru-en+zh-en+en-cs+en-de+en-is+en-ru+en-zh,False,,en-cs,False,True,2037,0.861052,23.7294,47.5162,4.13807,-0.018186,-2.6829,-2.4554,0.65432,0,0,0.0034,0.0005,0.001,0.001,0,0.9721,0.0029,0.0088,0.0142,0.0034,0.0068,0.9945
alma-7b-slimgpt20-gen-multi,alma-7b-slimgpt20-gen-multi__alma10-greedy__85dba714a6e1,slimgpt,gen,20,multi,,cs-en+de-en+is-en+ru-en+zh-en+en-cs+en-de+en-is+en-ru+en-zh,False,,en-de,False,True,2037,0.834114,25.6783,52.1087,1.392,-0.014567,-2.5879,-2.3529,0.298489,0,0,0.0118,0,0,0,0,0.9898,0.0103,0.0049,0.0133,0.0118,0.0146,1.0051
alma-7b-slimgpt20-gen-multi,alma-7b-slimgpt20-gen-multi__alma10-greedy__85dba714a6e1,slimgpt,gen,20,multi,,cs-en+de-en+is-en+ru-en+zh-en+en-cs+en-de+en-is+en-ru+en-zh,False,,en-is,False,True,1000,0.828714,21.5246,46.492,5.20261,-0.016102,-2.3886,-2.5867,1.13034,0,0,0,0,0.001,0.001,0,0.9584,0,0,0.004,0,0.0038,0.9805
alma-7b-slimgpt20-gen-multi,alma-7b-slimgpt20-gen-multi__alma10-greedy__85dba714a6e1,slimgpt,gen,20,multi,,cs-en+de-en+is-en+ru-en+zh-en+en-cs+en-de+en-is+en-ru+en-zh,False,,en-ru,False,True,2037,0.846897,22.8982,46.97,2.7177,-0.016131,-2.2507,-2.0109,0.447269,0,0,0.0005,0,0.0005,0.0005,0,0.959,0.0005,0.0098,0.0187,0.0005,0.0113,0.9959
alma-7b-slimgpt20-gen-multi,alma-7b-slimgpt20-gen-multi__alma10-greedy__85dba714a6e1,slimgpt,gen,20,multi,,cs-en+de-en+is-en+ru-en+zh-en+en-cs+en-de+en-is+en-ru+en-zh,False,,en-zh,False,True,2037,0.828274,31.3817,24.8225,2.28877,-0.0194,-3.6617,-2.5696,0.429496,0,0,0.0005,0.0005,0.0005,0.0005,0,0.9795,0.0005,0.1502,0.0221,0.0005,0.0001,0.9885
alma-7b-flap20-ref-multi,alma-7b-flap20-ref-multi__alma10-greedy__e6648bb9a662,flap,ref,20,multi,,cs-en+de-en+is-en+ru-en+zh-en+en-cs+en-de+en-is+en-ru+en-zh,False,,cs-en,True,True,1448,0.845602,37.2557,59.7676,4.33263,-0.010245,-4.0665,-2.8705,0.420711,0,0,0.0048,0,0,0,0,0.9628,0,0,0.0062,0.0048,0.0062,0.9777
alma-7b-flap20-ref-multi,alma-7b-flap20-ref-multi__alma10-greedy__e6648bb9a662,flap,ref,20,multi,,cs-en+de-en+is-en+ru-en+zh-en+en-cs+en-de+en-is+en-ru+en-zh,False,,de-en,True,True,1984,0.830655,27.6459,51.2269,3.74071,-0.006888,-1.4265,-1.0958,0.321117,0,0,0.0015,0,0,0,0,0.9197,0.0005,0.0076,0.0071,0.0015,0.0058,0.936
alma-7b-flap20-ref-multi,alma-7b-flap20-ref-multi__alma10-greedy__e6648bb9a662,flap,ref,20,multi,,cs-en+de-en+is-en+ru-en+zh-en+en-cs+en-de+en-is+en-ru+en-zh,False,,is-en,True,True,1000,0.848713,32.7185,54.8088,3.74009,-0.008033,-1.8807,-1.313,0.297678,0,0,0.005,0,0,0,0,0.9411,0,0,0.01,0.005,0.0063,0.9716
alma-7b-flap20-ref-multi,alma-7b-flap20-ref-multi__alma10-greedy__e6648bb9a662,flap,ref,20,multi,,cs-en+de-en+is-en+ru-en+zh-en+en-cs+en-de+en-is+en-ru+en-zh,False,,ru-en,True,True,2016,0.83268,35.0838,58.5353,3.5177,-0.011842,-1.9196,-2.0112,0.405052,0,0,0.0005,0,0,0,0,0.9828,0.0005,0.003,0.0198,0.0005,0.0083,1.0012
alma-7b-flap20-ref-multi,alma-7b-flap20-ref-multi__alma10-greedy__e6648bb9a662,flap,ref,20,multi,,cs-en+de-en+is-en+ru-en+zh-en+en-cs+en-de+en-is+en-ru+en-zh,False,,zh-en,True,True,1875,0.781018,19.891,47.1089,3.38347,-0.015676,-2.5303,-2.6354,0.680299,0,0,0.0011,0,0.0005,0.0005,0,0.9359,0.0011,0.016,0.0128,0.0011,0.0044,0.9664
alma-7b-flap20-ref-multi,alma-7b-flap20-ref-multi__alma10-greedy__e6648bb9a662,flap,ref,20,multi,,cs-en+de-en+is-en+ru-en+zh-en+en-cs+en-de+en-is+en-ru+en-zh,False,,en-cs,False,True,2037,0.842797,22.1731,45.551,4.98539,-0.036441,-4.2392,-4.4206,1.50164,0,0,0.0054,0,0.001,0.001,0,0.9591,0.002,0.0123,0.0201,0.0054,0.008,0.9871
alma-7b-flap20-ref-multi,alma-7b-flap20-ref-multi__alma10-greedy__e6648bb9a662,flap,ref,20,multi,,cs-en+de-en+is-en+ru-en+zh-en+en-cs+en-de+en-is+en-ru+en-zh,False,,en-de,False,True,2037,0.816004,24.8072,50.3459,1.63791,-0.032677,-3.459,-4.1157,0.5444,0,0,0.0069,0.0005,0.0015,0.0015,0,0.9832,0.0049,0.0059,0.0093,0.0069,0.0149,1.0072
alma-7b-flap20-ref-multi,alma-7b-flap20-ref-multi__alma10-greedy__e6648bb9a662,flap,ref,20,multi,,cs-en+de-en+is-en+ru-en+zh-en+en-cs+en-de+en-is+en-ru+en-zh,False,,en-is,False,True,1000,0.788597,18.0577,42.6286,7.24007,-0.056219,-5.8555,-6.4501,3.16779,0,0,0.001,0.001,0.001,0.001,0,0.938,0.001,0,0.006,0.001,0.004,0.9759
alma-7b-flap20-ref-multi,alma-7b-flap20-ref-multi__alma10-greedy__e6648bb9a662,flap,ref,20,multi,,cs-en+de-en+is-en+ru-en+zh-en+en-cs+en-de+en-is+en-ru+en-zh,False,,en-ru,False,True,2037,0.834382,21.4863,44.8313,3.16322,-0.028646,-3.6626,-4.1496,0.892789,0,0,0.0005,0,0.0005,0.0005,0,0.9433,0.0005,0.0118,0.0353,0.0005,0.0124,0.9861
alma-7b-flap20-ref-multi,alma-7b-flap20-ref-multi__alma10-greedy__e6648bb9a662,flap,ref,20,multi,,cs-en+de-en+is-en+ru-en+zh-en+en-cs+en-de+en-is+en-ru+en-zh,False,,en-zh,False,True,2037,0.803622,28.2776,23.4264,2.76918,-0.044052,-6.7658,-3.9657,0.909906,0,0,0,0,0.0049,0.0049,0,0.9768,0,0.1669,0.026,0,0.0043,0.9799
alma-7b-flap20-gen-multi,alma-7b-flap20-gen-multi__alma10-greedy__20fd1a4c6cad,flap,gen,20,multi,,cs-en+de-en+is-en+ru-en+zh-en+en-cs+en-de+en-is+en-ru+en-zh,False,,cs-en,True,True,1448,0.845219,37.9241,60.0961,4.35023,-0.010628,-3.3981,-2.542,0.438311,0,0,0.0048,0,0,0,0,0.9649,0,0,0.0062,0.0048,0.0061,0.9814
alma-7b-flap20-gen-multi,alma-7b-flap20-gen-multi__alma10-greedy__20fd1a4c6cad,flap,gen,20,multi,,cs-en+de-en+is-en+ru-en+zh-en+en-cs+en-de+en-is+en-ru+en-zh,False,,de-en,True,True,1984,0.830323,27.744,51.3108,3.73687,-0.00722,-1.3284,-1.0119,0.317278,0,0,0.001,0,0,0,0,0.9211,0.0005,0.0066,0.0071,0.001,0.0056,0.9392
alma-7b-flap20-gen-multi,alma-7b-flap20-gen-multi__alma10-greedy__20fd1a4c6cad,flap,gen,20,multi,,cs-en+de-en+is-en+ru-en+zh-en+en-cs+en-de+en-is+en-ru+en-zh,False,,is-en,True,True,1000,0.849701,32.52,54.6931,3.72389,-0.007045,-2.0792,-1.4287,0.281481,0,0,0.005,0,0,0,0,0.9421,0,0,0.011,0.005,0.0065,0.9733
alma-7b-flap20-gen-multi,alma-7b-flap20-gen-multi__alma10-greedy__20fd1a4c6cad,flap,gen,20,multi,,cs-en+de-en+is-en+ru-en+zh-en+en-cs+en-de+en-is+en-ru+en-zh,False,,ru-en,True,True,2016,0.833779,34.7077,58.5118,3.48255,-0.010743,-2.2957,-2.0347,0.369902,0,0,0.0005,0,0.0005,0.0005,0,0.9896,0.0005,0.0035,0.0208,0.0005,0.0081,1.011
alma-7b-flap20-gen-multi,alma-7b-flap20-gen-multi__alma10-greedy__20fd1a4c6cad,flap,gen,20,multi,,cs-en+de-en+is-en+ru-en+zh-en+en-cs+en-de+en-is+en-ru+en-zh,False,,zh-en,True,True,1875,0.778666,19.6425,46.777,3.40518,-0.018028,-2.7788,-2.9673,0.702009,0,0,0.0011,0.0016,0.0027,0.0027,0,0.9434,0.0011,0.0149,0.0117,0.0011,0.0043,0.9774
alma-7b-flap20-gen-multi,alma-7b-flap20-gen-multi__alma10-greedy__20fd1a4c6cad,flap,gen,20,multi,,cs-en+de-en+is-en+ru-en+zh-en+en-cs+en-de+en-is+en-ru+en-zh,False,,en-cs,False,True,2037,0.838302,22.1187,45.3047,5.08757,-0.040936,-4.2936,-4.6669,1.60382,0,0,0.0059,0.0005,0.002,0.002,0,0.9622,0.002,0.0128,0.0226,0.0059,0.0081,0.9917
alma-7b-flap20-gen-multi,alma-7b-flap20-gen-multi__alma10-greedy__20fd1a4c6cad,flap,gen,20,multi,,cs-en+de-en+is-en+ru-en+zh-en+en-cs+en-de+en-is+en-ru+en-zh,False,,en-de,False,True,2037,0.818172,24.756,50.5484,1.62191,-0.030509,-3.5102,-3.9132,0.528403,0,0,0.0069,0,0.0005,0.0005,0,0.9829,0.0054,0.0064,0.0093,0.0069,0.0149,1.0067
alma-7b-flap20-gen-multi,alma-7b-flap20-gen-multi__alma10-greedy__20fd1a4c6cad,flap,gen,20,multi,,cs-en+de-en+is-en+ru-en+zh-en+en-cs+en-de+en-is+en-ru+en-zh,False,,en-is,False,True,1000,0.784113,18.1298,42.6719,7.43823,-0.060703,-5.7834,-6.4068,3.36596,0,0,0.001,0,0.003,0.003,0,0.9383,0.001,0.001,0.006,0.001,0.0043,0.974
alma-7b-flap20-gen-multi,alma-7b-flap20-gen-multi__alma10-greedy__20fd1a4c6cad,flap,gen,20,multi,,cs-en+de-en+is-en+ru-en+zh-en+en-cs+en-de+en-is+en-ru+en-zh,False,,en-ru,False,True,2037,0.835177,21.578,44.9539,3.18252,-0.027851,-3.5709,-4.027,0.912088,0,0,0,0,0.0005,0.0005,0,0.9464,0,0.0113,0.0319,0,0.0126,0.9902
alma-7b-flap20-gen-multi,alma-7b-flap20-gen-multi__alma10-greedy__20fd1a4c6cad,flap,gen,20,multi,,cs-en+de-en+is-en+ru-en+zh-en+en-cs+en-de+en-is+en-ru+en-zh,False,,en-zh,False,True,2037,0.80312,28.0394,23.201,2.80725,-0.044554,-7.004,-4.1911,0.94797,0,0,0,0,0.0059,0.0059,0,0.993,0,0.1591,0.028,0,0.0087,0.9781
alma-7b-slimgpt30-ref-multi,alma-7b-slimgpt30-ref-multi__alma10-greedy__87d0b19e6307,slimgpt,ref,30,multi,,cs-en+de-en+is-en+ru-en+zh-en+en-cs+en-de+en-is+en-ru+en-zh,False,,cs-en,True,True,1448,0.842729,36.1801,58.8669,4.46616,-0.013118,-5.1421,-3.7712,0.554247,0,0,0.0048,0.0007,0.0007,0.0007,0,0.9654,0.0007,0.0007,0.0069,0.0048,0.0054,0.9774
alma-7b-slimgpt30-ref-multi,alma-7b-slimgpt30-ref-multi__alma10-greedy__87d0b19e6307,slimgpt,ref,30,multi,,cs-en+de-en+is-en+ru-en+zh-en+en-cs+en-de+en-is+en-ru+en-zh,False,,de-en,True,True,1984,0.826674,25.7505,50.1734,3.83614,-0.010869,-3.3219,-2.1493,0.416546,0,0,0.001,0,0,0,0,0.9201,0.0005,0.0066,0.0071,0.001,0.0048,0.9295
alma-7b-slimgpt30-ref-multi,alma-7b-slimgpt30-ref-multi__alma10-greedy__87d0b19e6307,slimgpt,ref,30,multi,,cs-en+de-en+is-en+ru-en+zh-en+en-cs+en-de+en-is+en-ru+en-zh,False,,is-en,True,True,1000,0.846961,31.8324,54.1414,3.91623,-0.009785,-2.7668,-1.9804,0.473817,0,0,0.005,0,0,0,0,0.9379,0,0.001,0.011,0.005,0.0055,0.9665
alma-7b-slimgpt30-ref-multi,alma-7b-slimgpt30-ref-multi__alma10-greedy__87d0b19e6307,slimgpt,ref,30,multi,,cs-en+de-en+is-en+ru-en+zh-en+en-cs+en-de+en-is+en-ru+en-zh,False,,ru-en,True,True,2016,0.829325,33.3004,57.5687,3.69076,-0.015197,-3.703,-2.9778,0.578112,0,0,0,0.001,0.0005,0.0005,0,0.9892,0.0005,0.0045,0.0184,0,0.0068,1.0061
alma-7b-slimgpt30-ref-multi,alma-7b-slimgpt30-ref-multi__alma10-greedy__87d0b19e6307,slimgpt,ref,30,multi,,cs-en+de-en+is-en+ru-en+zh-en+en-cs+en-de+en-is+en-ru+en-zh,False,,zh-en,True,True,1875,0.776565,18.8911,45.9715,3.38138,-0.020129,-3.5302,-3.7728,0.678218,0,0,0,0.0005,0.0005,0.0005,0,0.9132,0.0005,0.0101,0.0096,0,0.0038,0.939
alma-7b-slimgpt30-ref-multi,alma-7b-slimgpt30-ref-multi__alma10-greedy__87d0b19e6307,slimgpt,ref,30,multi,,cs-en+de-en+is-en+ru-en+zh-en+en-cs+en-de+en-is+en-ru+en-zh,False,,en-cs,False,True,2037,0.843094,20.8149,44.8717,4.87682,-0.036144,-5.5974,-5.0999,1.39307,0,0,0.002,0,0.001,0.001,0,0.9625,0.0015,0.0088,0.0147,0.002,0.0072,0.9845
alma-7b-slimgpt30-ref-multi,alma-7b-slimgpt30-ref-multi__alma10-greedy__87d0b19e6307,slimgpt,ref,30,multi,,cs-en+de-en+is-en+ru-en+zh-en+en-cs+en-de+en-is+en-ru+en-zh,False,,en-de,False,True,2037,0.817118,23.942,50.301,1.6082,-0.031563,-4.3242,-4.1606,0.514692,0,0,0.0074,0,0.0005,0.0005,0,0.9872,0.0074,0.0054,0.0098,0.0074,0.0144,1.0049
alma-7b-slimgpt30-ref-multi,alma-7b-slimgpt30-ref-multi__alma10-greedy__87d0b19e6307,slimgpt,ref,30,multi,,cs-en+de-en+is-en+ru-en+zh-en+en-cs+en-de+en-is+en-ru+en-zh,False,,en-is,False,True,1000,0.80797,18.7302,43.5187,6.26892,-0.036846,-5.183,-5.56,2.19664,0,0,0,0,0.001,0.001,0,0.9363,0,0,0.004,0,0.0042,0.9689
alma-7b-slimgpt30-ref-multi,alma-7b-slimgpt30-ref-multi__alma10-greedy__87d0b19e6307,slimgpt,ref,30,multi,,cs-en+de-en+is-en+ru-en+zh-en+en-cs+en-de+en-is+en-ru+en-zh,False,,en-ru,False,True,2037,0.832723,20.6274,44.8226,3.164,-0.030305,-4.5215,-4.1583,0.893571,0,0,0.0005,0,0.0005,0.0005,0,0.952,0,0.0108,0.0324,0.0005,0.0117,0.9905
alma-7b-slimgpt30-ref-multi,alma-7b-slimgpt30-ref-multi__alma10-greedy__87d0b19e6307,slimgpt,ref,30,multi,,cs-en+de-en+is-en+ru-en+zh-en+en-cs+en-de+en-is+en-ru+en-zh,False,,en-zh,False,True,2037,0.799856,27.7385,22.4814,2.88569,-0.047818,-7.3049,-4.9107,1.02642,0,0,0.0005,0,0.0005,0.0005,0,0.9495,0.0005,0.1669,0.0241,0.0005,0.0009,0.9527
alma-7b-slimgpt30-gen-multi,alma-7b-slimgpt30-gen-multi__alma10-greedy__f7472c378b9d,slimgpt,gen,30,multi,,cs-en+de-en+is-en+ru-en+zh-en+en-cs+en-de+en-is+en-ru+en-zh,False,,cs-en,True,True,1448,0.844129,36.2266,59.119,4.43906,-0.011718,-5.0956,-3.5191,0.527145,0,0,0.0041,0,0,0,0,0.9705,0.0007,0.0007,0.0041,0.0041,0.0054,0.9846
alma-7b-slimgpt30-gen-multi,alma-7b-slimgpt30-gen-multi__alma10-greedy__f7472c378b9d,slimgpt,gen,30,multi,,cs-en+de-en+is-en+ru-en+zh-en+en-cs+en-de+en-is+en-ru+en-zh,False,,de-en,True,True,1984,0.826508,25.7316,50.1985,3.83888,-0.011035,-3.3408,-2.1242,0.419293,0,0,0.0015,0,0,0,0,0.9203,0.0005,0.0066,0.0066,0.0015,0.0047,0.9301
alma-7b-slimgpt30-gen-multi,alma-7b-slimgpt30-gen-multi__alma10-greedy__f7472c378b9d,slimgpt,gen,30,multi,,cs-en+de-en+is-en+ru-en+zh-en+en-cs+en-de+en-is+en-ru+en-zh,False,,is-en,True,True,1000,0.848573,31.6797,54.1898,3.80864,-0.008173,-2.9195,-1.932,0.366231,0,0,0.003,0,0,0,0,0.9406,0,0,0.008,0.003,0.0053,0.9674
alma-7b-slimgpt30-gen-multi,alma-7b-slimgpt30-gen-multi__alma10-greedy__f7472c378b9d,slimgpt,gen,30,multi,,cs-en+de-en+is-en+ru-en+zh-en+en-cs+en-de+en-is+en-ru+en-zh,False,,ru-en,True,True,2016,0.829469,32.9506,57.3653,3.66135,-0.015053,-4.0528,-3.1812,0.548702,0,0,0,0.0005,0.001,0.001,0,0.9921,0.0005,0.0035,0.0149,0,0.0064,1.0098
alma-7b-slimgpt30-gen-multi,alma-7b-slimgpt30-gen-multi__alma10-greedy__f7472c378b9d,slimgpt,gen,30,multi,,cs-en+de-en+is-en+ru-en+zh-en+en-cs+en-de+en-is+en-ru+en-zh,False,,zh-en,True,True,1875,0.778733,19.3836,46.477,3.442,-0.017961,-3.0377,-3.2673,0.738836,0,0,0,0.0005,0.0011,0.0011,0,0.9235,0.0005,0.0107,0.0069,0,0.0037,0.9497
alma-7b-slimgpt30-gen-multi,alma-7b-slimgpt30-gen-multi__alma10-greedy__f7472c378b9d,slimgpt,gen,30,multi,,cs-en+de-en+is-en+ru-en+zh-en+en-cs+en-de+en-is+en-ru+en-zh,False,,en-cs,False,True,2037,0.841646,21.2271,45.3775,4.92235,-0.037592,-5.1852,-4.5941,1.4386,0,0,0.0025,0,0.0005,0.0005,0,0.9584,0.0015,0.0118,0.0128,0.0025,0.0106,0.986
alma-7b-slimgpt30-gen-multi,alma-7b-slimgpt30-gen-multi__alma10-greedy__f7472c378b9d,slimgpt,gen,30,multi,,cs-en+de-en+is-en+ru-en+zh-en+en-cs+en-de+en-is+en-ru+en-zh,False,,en-de,False,True,2037,0.818569,24.2551,50.736,1.63233,-0.030112,-4.0111,-3.7256,0.538817,0,0,0.0133,0.0005,0.0005,0.0005,0,0.9915,0.0118,0.0044,0.0177,0.0133,0.0142,1.0082
alma-7b-slimgpt30-gen-multi,alma-7b-slimgpt30-gen-multi__alma10-greedy__f7472c378b9d,slimgpt,gen,30,multi,,cs-en+de-en+is-en+ru-en+zh-en+en-cs+en-de+en-is+en-ru+en-zh,False,,en-is,False,True,1000,0.807419,19.0049,43.9938,6.33279,-0.037397,-4.9083,-5.0849,2.26052,0,0,0.001,0,0.001,0.001,0,0.9454,0,0,0.006,0.001,0.0041,0.979
alma-7b-slimgpt30-gen-multi,alma-7b-slimgpt30-gen-multi__alma10-greedy__f7472c378b9d,slimgpt,gen,30,multi,,cs-en+de-en+is-en+ru-en+zh-en+en-cs+en-de+en-is+en-ru+en-zh,False,,en-ru,False,True,2037,0.831755,20.7546,45.093,3.21447,-0.031273,-4.3943,-3.8879,0.944037,0,0,0,0.0005,0.0015,0.0015,0,0.9603,0,0.0103,0.029,0,0.0116,1.0026
alma-7b-slimgpt30-gen-multi,alma-7b-slimgpt30-gen-multi__alma10-greedy__f7472c378b9d,slimgpt,gen,30,multi,,cs-en+de-en+is-en+ru-en+zh-en+en-cs+en-de+en-is+en-ru+en-zh,False,,en-zh,False,True,2037,0.800542,28.1694,22.702,2.85757,-0.047132,-6.874,-4.6901,0.99829,0,0,0.0005,0,0.0029,0.0029,0,0.9654,0.0005,0.1684,0.0231,0.0005,0.0035,0.9667
alma-7b-flap30-ref-multi,alma-7b-flap30-ref-multi__alma10-greedy__7a08cd7186a8,flap,ref,30,multi,,cs-en+de-en+is-en+ru-en+zh-en+en-cs+en-de+en-is+en-ru+en-zh,False,,cs-en,True,True,1448,0.832539,35.0587,57.6533,4.89947,-0.023308,-6.2635,-4.9848,0.987556,0,0,0.0041,0.0007,0.0007,0.0007,0,0.9646,0.0007,0,0.0055,0.0041,0.0061,0.9843
alma-7b-flap30-ref-multi,alma-7b-flap30-ref-multi__alma10-greedy__7a08cd7186a8,flap,ref,30,multi,,cs-en+de-en+is-en+ru-en+zh-en+en-cs+en-de+en-is+en-ru+en-zh,False,,de-en,True,True,1984,0.819781,27.0628,50.2321,4.17159,-0.017762,-2.0096,-2.0906,0.751997,0,0,0.002,0.001,0.001,0.001,0,0.9276,0.0005,0.0066,0.0071,0.002,0.0057,0.9495
alma-7b-flap30-ref-multi,alma-7b-flap30-ref-multi__alma10-greedy__7a08cd7186a8,flap,ref,30,multi,,cs-en+de-en+is-en+ru-en+zh-en+en-cs+en-de+en-is+en-ru+en-zh,False,,is-en,True,True,1000,0.829357,30.3332,52.4153,4.61323,-0.027389,-4.266,-3.7065,1.17081,0,0,0.005,0.003,0.003,0.003,0,0.9698,0,0,0.009,0.005,0.0054,1.0083
alma-7b-flap30-ref-multi,alma-7b-flap30-ref-multi__alma10-greedy__7a08cd7186a8,flap,ref,30,multi,,cs-en+de-en+is-en+ru-en+zh-en+en-cs+en-de+en-is+en-ru+en-zh,False,,ru-en,True,True,2016,0.817947,31.862,56.2787,4.19362,-0.026575,-5.1414,-4.2678,1.08098,0,0,0.0005,0.001,0.0025,0.0025,0,1.0052,0.0005,0.0055,0.0184,0.0005,0.0079,1.027
alma-7b-flap30-ref-multi,alma-7b-flap30-ref-multi__alma10-greedy__7a08cd7186a8,flap,ref,30,multi,,cs-en+de-en+is-en+ru-en+zh-en+en-cs+en-de+en-is+en-ru+en-zh,False,,zh-en,True,True,1875,0.754633,17.5632,43.9718,4.33082,-0.042061,-4.8581,-5.7725,1.62766,0,0,0.0032,0.0101,0.0144,0.0144,0,0.9885,0.0016,0.0133,0.0149,0.0032,0.0044,1.0316
alma-7b-flap30-ref-multi,alma-7b-flap30-ref-multi__alma10-greedy__7a08cd7186a8,flap,ref,30,multi,,cs-en+de-en+is-en+ru-en+zh-en+en-cs+en-de+en-is+en-ru+en-zh,False,,en-cs,False,True,2037,0.790754,19.2331,42.0209,7.00263,-0.088484,-7.1792,-7.9507,3.51888,0,0,0.0054,0.002,0.0039,0.0039,0,0.9623,0.0015,0.0152,0.0191,0.0054,0.0085,1.0084
alma-7b-flap30-ref-multi,alma-7b-flap30-ref-multi__alma10-greedy__7a08cd7186a8,flap,ref,30,multi,,cs-en+de-en+is-en+ru-en+zh-en+en-cs+en-de+en-is+en-ru+en-zh,False,,en-de,False,True,2037,0.791637,22.5035,48.0562,2.2472,-0.057044,-5.7627,-6.4054,1.15369,0,0,0.0147,0.0005,0.002,0.002,0,0.9816,0.0147,0.0074,0.0162,0.0147,0.0154,1.0107
alma-7b-flap30-ref-multi,alma-7b-flap30-ref-multi__alma10-greedy__7a08cd7186a8,flap,ref,30,multi,,cs-en+de-en+is-en+ru-en+zh-en+en-cs+en-de+en-is+en-ru+en-zh,False,,en-is,False,True,1000,0.67903,13.6619,36.6406,11.7343,-0.165786,-10.2513,-12.4381,7.66203,0,0,0,0.013,0.036,0.036,0,0.9753,0,0,0.005,0,0.0053,1.0616
alma-7b-flap30-ref-multi,alma-7b-flap30-ref-multi__alma10-greedy__7a08cd7186a8,flap,ref,30,multi,,cs-en+de-en+is-en+ru-en+zh-en+en-cs+en-de+en-is+en-ru+en-zh,False,,en-ru,False,True,2037,0.79719,18.5798,41.8651,4.32879,-0.065838,-6.5691,-7.1158,2.05836,0,0,0.001,0,0.0015,0.0015,0,0.9352,0.001,0.0128,0.029,0.001,0.0137,0.9859
alma-7b-flap30-ref-multi,alma-7b-flap30-ref-multi__alma10-greedy__7a08cd7186a8,flap,ref,30,multi,,cs-en+de-en+is-en+ru-en+zh-en+en-cs+en-de+en-is+en-ru+en-zh,False,,en-zh,False,True,2037,0.718762,20.2593,16.7358,4.69763,-0.128912,-14.7841,-10.6563,2.83835,0,0,0.0005,0,0.0201,0.0201,0,0.959,0,0.1934,0.0324,0.0005,0.0267,0.9126
alma-7b-flap30-gen-multi,alma-7b-flap30-gen-multi__alma10-greedy__cb13c7ba068f,flap,gen,30,multi,,cs-en+de-en+is-en+ru-en+zh-en+en-cs+en-de+en-is+en-ru+en-zh,False,,cs-en,True,True,1448,0.832693,34.8799,57.6464,4.93808,-0.023154,-6.4423,-4.9917,1.02617,0,0,0.0055,0,0,0,0,0.9648,0.0007,0,0.0083,0.0055,0.0061,0.9881
alma-7b-flap30-gen-multi,alma-7b-flap30-gen-multi__alma10-greedy__cb13c7ba068f,flap,gen,30,multi,,cs-en+de-en+is-en+ru-en+zh-en+en-cs+en-de+en-is+en-ru+en-zh,False,,de-en,True,True,1984,0.819234,27.0885,50.3945,4.18945,-0.018309,-1.9839,-1.9282,0.769863,0,0,0.001,0.0005,0.0005,0.0005,0,0.9277,0.0005,0.006,0.0055,0.001,0.0056,0.95
alma-7b-flap30-gen-multi,alma-7b-flap30-gen-multi__alma10-greedy__cb13c7ba068f,flap,gen,30,multi,,cs-en+de-en+is-en+ru-en+zh-en+en-cs+en-de+en-is+en-ru+en-zh,False,,is-en,True,True,1000,0.829089,30.3916,52.4203,4.59029,-0.027657,-4.2076,-3.7015,1.14788,0,0,0.003,0.002,0.005,0.005,0,0.9804,0,0,0.009,0.003,0.0054,1.0158
alma-7b-flap30-gen-multi,alma-7b-flap30-gen-multi__alma10-greedy__cb13c7ba068f,flap,gen,30,multi,,cs-en+de-en+is-en+ru-en+zh-en+en-cs+en-de+en-is+en-ru+en-zh,False,,ru-en,True,True,2016,0.818464,32.1158,56.5879,4.19615,-0.026058,-4.8876,-3.9586,1.0835,0,0,0.0005,0.0005,0.002,0.002,0,0.9995,0.0005,0.005,0.0203,0.0005,0.008,1.0262
alma-7b-flap30-gen-multi,alma-7b-flap30-gen-multi__alma10-greedy__cb13c7ba068f,flap,gen,30,multi,,cs-en+de-en+is-en+ru-en+zh-en+en-cs+en-de+en-is+en-ru+en-zh,False,,zh-en,True,True,1875,0.756279,17.4182,44.3377,4.34021,-0.040415,-5.0031,-5.4066,1.63705,0,0,0.0021,0.008,0.0112,0.0112,0,0.9817,0.0016,0.0123,0.0112,0.0021,0.0043,1.0328
alma-7b-flap30-gen-multi,alma-7b-flap30-gen-multi__alma10-greedy__cb13c7ba068f,flap,gen,30,multi,,cs-en+de-en+is-en+ru-en+zh-en+en-cs+en-de+en-is+en-ru+en-zh,False,,en-cs,False,True,2037,0.788165,18.7474,41.8477,7.03198,-0.091073,-7.6649,-8.1239,3.54823,0,0,0.0059,0.0039,0.0093,0.0093,0,0.9977,0.0015,0.0137,0.0216,0.0059,0.0083,1.0422
alma-7b-flap30-gen-multi,alma-7b-flap30-gen-multi__alma10-greedy__cb13c7ba068f,flap,gen,30,multi,,cs-en+de-en+is-en+ru-en+zh-en+en-cs+en-de+en-is+en-ru+en-zh,False,,en-de,False,True,2037,0.791359,22.526,47.9476,2.24666,-0.057322,-5.7402,-6.514,1.15315,0,0,0.0113,0.0005,0.0015,0.0015,0,0.9758,0.0113,0.0069,0.0128,0.0113,0.0154,1.0032
alma-7b-flap30-gen-multi,alma-7b-flap30-gen-multi__alma10-greedy__cb13c7ba068f,flap,gen,30,multi,,cs-en+de-en+is-en+ru-en+zh-en+en-cs+en-de+en-is+en-ru+en-zh,False,,en-is,False,True,1000,0.681715,13.4463,36.3857,11.5325,-0.163101,-10.4669,-12.693,7.4602,0,0,0.001,0.016,0.04,0.04,0,0.9936,0,0,0.006,0.001,0.0047,1.0791
alma-7b-flap30-gen-multi,alma-7b-flap30-gen-multi__alma10-greedy__cb13c7ba068f,flap,gen,30,multi,,cs-en+de-en+is-en+ru-en+zh-en+en-cs+en-de+en-is+en-ru+en-zh,False,,en-ru,False,True,2037,0.793735,18.5999,41.9608,4.4234,-0.069293,-6.549,-7.0201,2.15296,0,0,0.001,0.0005,0.0029,0.0029,0,0.9463,0.001,0.0128,0.0309,0.001,0.0138,0.9962
alma-7b-flap30-gen-multi,alma-7b-flap30-gen-multi__alma10-greedy__cb13c7ba068f,flap,gen,30,multi,,cs-en+de-en+is-en+ru-en+zh-en+en-cs+en-de+en-is+en-ru+en-zh,False,,en-zh,False,True,2037,0.712246,20.2476,16.0635,4.82058,-0.135428,-14.7958,-11.3286,2.96131,0,0,0.0005,0.0005,0.0339,0.0339,0,1.0224,0,0.1924,0.0383,0.0005,0.0439,0.9245
alma-7b-slimgpt40-ref-multi,alma-7b-slimgpt40-ref-multi__alma10-greedy__948da6b4e3f7,slimgpt,ref,40,multi,,cs-en+de-en+is-en+ru-en+zh-en+en-cs+en-de+en-is+en-ru+en-zh,False,,cs-en,True,True,1448,0.832542,34.3294,57.2255,4.93944,-0.023305,-6.9928,-5.4126,1.02752,0,0,0.0048,0,0,0,0,0.9482,0,0.0007,0.0055,0.0048,0.0047,0.9636
alma-7b-slimgpt40-ref-multi,alma-7b-slimgpt40-ref-multi__alma10-greedy__948da6b4e3f7,slimgpt,ref,40,multi,,cs-en+de-en+is-en+ru-en+zh-en+en-cs+en-de+en-is+en-ru+en-zh,False,,de-en,True,True,1984,0.813437,24.0922,48.629,4.37325,-0.024106,-4.9802,-3.6937,0.953665,0,0,0.002,0.0015,0.001,0.001,0,0.9169,0.0005,0.0071,0.0086,0.002,0.0041,0.9331
alma-7b-slimgpt40-ref-multi,alma-7b-slimgpt40-ref-multi__alma10-greedy__948da6b4e3f7,slimgpt,ref,40,multi,,cs-en+de-en+is-en+ru-en+zh-en+en-cs+en-de+en-is+en-ru+en-zh,False,,is-en,True,True,1000,0.834869,29.8015,52.5103,4.44477,-0.021877,-4.7977,-3.6115,1.00236,0,0,0.004,0,0,0,0,0.9365,0,0.001,0.009,0.004,0.005,0.9676
alma-7b-slimgpt40-ref-multi,alma-7b-slimgpt40-ref-multi__alma10-greedy__948da6b4e3f7,slimgpt,ref,40,multi,,cs-en+de-en+is-en+ru-en+zh-en+en-cs+en-de+en-is+en-ru+en-zh,False,,ru-en,True,True,2016,0.815544,31.1525,55.6717,4.32655,-0.028978,-5.8509,-4.8748,1.2139,0,0,0,0.0005,0,0,0,0.981,0.0005,0.003,0.0144,0,0.0066,1.0002
alma-7b-slimgpt40-ref-multi,alma-7b-slimgpt40-ref-multi__alma10-greedy__948da6b4e3f7,slimgpt,ref,40,multi,,cs-en+de-en+is-en+ru-en+zh-en+en-cs+en-de+en-is+en-ru+en-zh,False,,zh-en,True,True,1875,0.756115,17.0133,43.2155,4.16972,-0.040579,-5.408,-6.5288,1.46656,0,0,0.0005,0.0043,0.0064,0.0064,0,0.9221,0.0005,0.0085,0.0085,0.0005,0.0034,0.9562
alma-7b-slimgpt40-ref-multi,alma-7b-slimgpt40-ref-multi__alma10-greedy__948da6b4e3f7,slimgpt,ref,40,multi,,cs-en+de-en+is-en+ru-en+zh-en+en-cs+en-de+en-is+en-ru+en-zh,False,,en-cs,False,True,2037,0.796738,17.6308,41.1829,6.82507,-0.0825,-8.7815,-8.7887,3.34132,0,0,0.0059,0,0.002,0.002,0,0.9517,0.002,0.0088,0.0211,0.0059,0.0081,0.9848
alma-7b-slimgpt40-ref-multi,alma-7b-slimgpt40-ref-multi__alma10-greedy__948da6b4e3f7,slimgpt,ref,40,multi,,cs-en+de-en+is-en+ru-en+zh-en+en-cs+en-de+en-is+en-ru+en-zh,False,,en-de,False,True,2037,0.788944,21.7821,47.9777,2.15004,-0.059737,-6.4841,-6.4839,1.05653,0,0,0.0177,0,0,0,0,0.9773,0.0167,0.0059,0.0201,0.0177,0.0144,1.0021
alma-7b-slimgpt40-ref-multi,alma-7b-slimgpt40-ref-multi__alma10-greedy__948da6b4e3f7,slimgpt,ref,40,multi,,cs-en+de-en+is-en+ru-en+zh-en+en-cs+en-de+en-is+en-ru+en-zh,False,,en-is,False,True,1000,0.747055,15.909,40.0014,9.087,-0.097761,-8.0042,-9.0773,5.01473,0,0,0.001,0.001,0.004,0.004,0,0.9252,0,0,0.006,0.001,0.0042,0.9773
alma-7b-slimgpt40-ref-multi,alma-7b-slimgpt40-ref-multi__alma10-greedy__948da6b4e3f7,slimgpt,ref,40,multi,,cs-en+de-en+is-en+ru-en+zh-en+en-cs+en-de+en-is+en-ru+en-zh,False,,en-ru,False,True,2037,0.801465,17.8245,41.6939,4.18233,-0.061563,-7.3244,-7.287,1.9119,0,0,0,0.001,0.0025,0.0025,0,0.9502,0,0.0098,0.026,0,0.0131,0.9916
alma-7b-slimgpt40-ref-multi,alma-7b-slimgpt40-ref-multi__alma10-greedy__948da6b4e3f7,slimgpt,ref,40,multi,,cs-en+de-en+is-en+ru-en+zh-en+en-cs+en-de+en-is+en-ru+en-zh,False,,en-zh,False,True,2037,0.744592,22.8539,19.5482,4.07412,-0.103082,-12.1895,-7.8439,2.21484,0,0,0.001,0,0.0054,0.0054,0,0.9451,0.001,0.1684,0.0221,0.001,0.004,0.9383
alma-7b-slimgpt40-gen-multi,alma-7b-slimgpt40-gen-multi__alma10-greedy__78ddea0d1bca,slimgpt,gen,40,multi,,cs-en+de-en+is-en+ru-en+zh-en+en-cs+en-de+en-is+en-ru+en-zh,False,,cs-en,True,True,1448,0.831084,34.3665,56.9322,4.97006,-0.024763,-6.9557,-5.7059,1.05814,0,0,0.0041,0.0021,0.0021,0.0021,0,0.9711,0,0.0007,0.0062,0.0041,0.0046,0.9913
alma-7b-slimgpt40-gen-multi,alma-7b-slimgpt40-gen-multi__alma10-greedy__78ddea0d1bca,slimgpt,gen,40,multi,,cs-en+de-en+is-en+ru-en+zh-en+en-cs+en-de+en-is+en-ru+en-zh,False,,de-en,True,True,1984,0.815327,24.4001,48.8529,4.32181,-0.022216,-4.6723,-3.4698,0.90222,0,0,0.0015,0.0005,0.0005,0.0005,0,0.9139,0.0005,0.0071,0.0076,0.0015,0.0042,0.927
alma-7b-slimgpt40-gen-multi,alma-7b-slimgpt40-gen-multi__alma10-greedy__78ddea0d1bca,slimgpt,gen,40,multi,,cs-en+de-en+is-en+ru-en+zh-en+en-cs+en-de+en-is+en-ru+en-zh,False,,is-en,True,True,1000,0.835286,30.0398,52.6008,4.4508,-0.02146,-4.5594,-3.521,1.00838,0,0,0.004,0.001,0.001,0.001,0,0.9399,0,0.001,0.009,0.004,0.0052,0.9735
alma-7b-slimgpt40-gen-multi,alma-7b-slimgpt40-gen-multi__alma10-greedy__78ddea0d1bca,slimgpt,gen,40,multi,,cs-en+de-en+is-en+ru-en+zh-en+en-cs+en-de+en-is+en-ru+en-zh,False,,ru-en,True,True,2016,0.814085,30.7927,55.543,4.31741,-0.030437,-6.2107,-5.0035,1.20477,0,0,0,0.001,0.001,0.001,0,0.9883,0.0005,0.0035,0.0139,0,0.0064,1.0119
alma-7b-slimgpt40-gen-multi,alma-7b-slimgpt40-gen-multi__alma10-greedy__78ddea0d1bca,slimgpt,gen,40,multi,,cs-en+de-en+is-en+ru-en+zh-en+en-cs+en-de+en-is+en-ru+en-zh,False,,zh-en,True,True,1875,0.754138,16.993,43.2598,4.2298,-0.042556,-5.4283,-6.4845,1.52663,0,0,0.0011,0.0032,0.0037,0.0037,0,0.9042,0.0005,0.0101,0.0101,0.0011,0.0035,0.943
alma-7b-slimgpt40-gen-multi,alma-7b-slimgpt40-gen-multi__alma10-greedy__78ddea0d1bca,slimgpt,gen,40,multi,,cs-en+de-en+is-en+ru-en+zh-en+en-cs+en-de+en-is+en-ru+en-zh,False,,en-cs,False,True,2037,0.797425,17.6263,41.3048,6.89932,-0.081813,-8.786,-8.6668,3.41557,0,0,0.0064,0.0005,0.002,0.002,0,0.9561,0.0015,0.0103,0.0177,0.0064,0.0082,0.9902
alma-7b-slimgpt40-gen-multi,alma-7b-slimgpt40-gen-multi__alma10-greedy__78ddea0d1bca,slimgpt,gen,40,multi,,cs-en+de-en+is-en+ru-en+zh-en+en-cs+en-de+en-is+en-ru+en-zh,False,,en-de,False,True,2037,0.788994,22.0368,48.1887,2.13185,-0.059687,-6.2294,-6.2729,1.03835,0,0,0.0152,0.0005,0.0005,0.0005,0,0.9793,0.0152,0.0054,0.0206,0.0152,0.0143,1.0067
alma-7b-slimgpt40-gen-multi,alma-7b-slimgpt40-gen-multi__alma10-greedy__78ddea0d1bca,slimgpt,gen,40,multi,,cs-en+de-en+is-en+ru-en+zh-en+en-cs+en-de+en-is+en-ru+en-zh,False,,en-is,False,True,1000,0.750855,15.8234,40.0736,9.16115,-0.093961,-8.0898,-9.0051,5.08888,0,0,0.001,0,0.002,0.002,0,0.9293,0,0,0.008,0.001,0.0041,0.9834
alma-7b-slimgpt40-gen-multi,alma-7b-slimgpt40-gen-multi__alma10-greedy__78ddea0d1bca,slimgpt,gen,40,multi,,cs-en+de-en+is-en+ru-en+zh-en+en-cs+en-de+en-is+en-ru+en-zh,False,,en-ru,False,True,2037,0.800675,17.9917,41.8575,4.14262,-0.062353,-7.1572,-7.1234,1.87219,0,0,0,0.0005,0.002,0.002,0,0.9461,0,0.0103,0.0236,0,0.0127,0.9883
alma-7b-slimgpt40-gen-multi,alma-7b-slimgpt40-gen-multi__alma10-greedy__78ddea0d1bca,slimgpt,gen,40,multi,,cs-en+de-en+is-en+ru-en+zh-en+en-cs+en-de+en-is+en-ru+en-zh,False,,en-zh,False,True,2037,0.748765,22.6315,19.2432,4.03292,-0.098909,-12.4119,-8.1489,2.17364,0,0,0.0005,0,0.0069,0.0069,0,0.9527,0.0005,0.1659,0.0241,0.0005,0.0099,0.9308
alma-7b-flap40-ref-multi,alma-7b-flap40-ref-multi__alma10-greedy__25e4450b249d,flap,ref,40,multi,,cs-en+de-en+is-en+ru-en+zh-en+en-cs+en-de+en-is+en-ru+en-zh,False,,cs-en,True,True,1448,0.811967,31.4636,54.2886,5.94004,-0.04388,-9.8586,-8.3495,2.02813,0,0,0.0035,0,0,0,0,0.9417,0.0007,0,0.0055,0.0035,0.0067,0.977
alma-7b-flap40-ref-multi,alma-7b-flap40-ref-multi__alma10-greedy__25e4450b249d,flap,ref,40,multi,,cs-en+de-en+is-en+ru-en+zh-en+en-cs+en-de+en-is+en-ru+en-zh,False,,de-en,True,True,1984,0.801606,24.159,47.3636,4.92774,-0.035937,-4.9134,-4.9591,1.50815,0,0,0.002,0.002,0.0025,0.0025,0,0.9282,0.001,0.0055,0.0076,0.002,0.0054,0.9525
alma-7b-flap40-ref-multi,alma-7b-flap40-ref-multi__alma10-greedy__25e4450b249d,flap,ref,40,multi,,cs-en+de-en+is-en+ru-en+zh-en+en-cs+en-de+en-is+en-ru+en-zh,False,,is-en,True,True,1000,0.806409,28.0801,49.8875,5.63677,-0.050337,-6.5191,-6.2343,2.19435,0,0,0.007,0.002,0.002,0.002,0,0.9549,0,0.001,0.01,0.007,0.0055,1.0074
alma-7b-flap40-ref-multi,alma-7b-flap40-ref-multi__alma10-greedy__25e4450b249d,flap,ref,40,multi,,cs-en+de-en+is-en+ru-en+zh-en+en-cs+en-de+en-is+en-ru+en-zh,False,,ru-en,True,True,2016,0.797829,28.855,53.4581,5.10238,-0.046693,-8.1484,-7.0884,1.98973,0,0,0,0.0015,0.0025,0.0025,0,0.9887,0.0005,0.0069,0.0104,0,0.0067,1.0268
alma-7b-flap40-ref-multi,alma-7b-flap40-ref-multi__alma10-greedy__25e4450b249d,flap,ref,40,multi,,cs-en+de-en+is-en+ru-en+zh-en+en-cs+en-de+en-is+en-ru+en-zh,False,,zh-en,True,True,1875,0.731866,15.4011,40.8982,5.21359,-0.064828,-7.0202,-8.8461,2.51043,0,0,0.0005,0.0075,0.0107,0.0107,0,0.9365,0.0005,0.0155,0.0091,0.0005,0.0044,0.9964
alma-7b-flap40-ref-multi,alma-7b-flap40-ref-multi__alma10-greedy__25e4450b249d,flap,ref,40,multi,,cs-en+de-en+is-en+ru-en+zh-en+en-cs+en-de+en-is+en-ru+en-zh,False,,en-cs,False,True,2037,0.722269,14.6012,37.0162,9.58431,-0.156969,-11.8111,-12.9554,6.10056,0,0,0.001,0.0064,0.0177,0.0177,0,1.004,0.0005,0.0113,0.0103,0.001,0.0088,1.047
alma-7b-flap40-ref-multi,alma-7b-flap40-ref-multi__alma10-greedy__25e4450b249d,flap,ref,40,multi,,cs-en+de-en+is-en+ru-en+zh-en+en-cs+en-de+en-is+en-ru+en-zh,False,,en-de,False,True,2037,0.758514,19.556,45.4458,2.7622,-0.090167,-8.7102,-9.0158,1.6687,0,0,0.0088,0,0.002,0.002,0,0.9575,0.0098,0.0088,0.0103,0.0088,0.0164,0.988
alma-7b-flap40-ref-multi,alma-7b-flap40-ref-multi__alma10-greedy__25e4450b249d,flap,ref,40,multi,,cs-en+de-en+is-en+ru-en+zh-en+en-cs+en-de+en-is+en-ru+en-zh,False,,en-is,False,True,1000,0.580662,9.3054,30.2833,15.7059,-0.264154,-14.6078,-18.7954,11.6337,0,0,0.003,0.025,0.048,0.048,0,0.9497,0,0.001,0.009,0.003,0.0048,1.1148
alma-7b-flap40-ref-multi,alma-7b-flap40-ref-multi__alma10-greedy__25e4450b249d,flap,ref,40,multi,,cs-en+de-en+is-en+ru-en+zh-en+en-cs+en-de+en-is+en-ru+en-zh,False,,en-ru,False,True,2037,0.752015,15.7408,38.731,5.79299,-0.111013,-9.4081,-10.2499,3.52256,0,0,0.0005,0.001,0.0044,0.0044,0,0.9195,0,0.0152,0.0353,0.0005,0.0144,0.9758
alma-7b-flap40-ref-multi,alma-7b-flap40-ref-multi__alma10-greedy__25e4450b249d,flap,ref,40,multi,,cs-en+de-en+is-en+ru-en+zh-en+en-cs+en-de+en-is+en-ru+en-zh,False,,en-zh,False,True,2037,0.650519,15.9263,12.6592,6.30169,-0.197155,-19.1171,-14.7329,4.44241,0,0,0,0,0.0407,0.0407,0,1.0005,0,0.2037,0.0304,0,0.0434,0.9178
alma-7b-flap40-gen-multi,alma-7b-flap40-gen-multi__alma10-greedy__3a275ca042c7,flap,gen,40,multi,,cs-en+de-en+is-en+ru-en+zh-en+en-cs+en-de+en-is+en-ru+en-zh,False,,cs-en,True,True,1448,0.811602,30.8651,53.8257,5.87179,-0.044245,-10.4571,-8.8124,1.95987,0,0,0.0035,0.0007,0.0014,0.0014,0,0.9521,0.0007,0,0.0062,0.0035,0.0064,0.9821
alma-7b-flap40-gen-multi,alma-7b-flap40-gen-multi__alma10-greedy__3a275ca042c7,flap,gen,40,multi,,cs-en+de-en+is-en+ru-en+zh-en+en-cs+en-de+en-is+en-ru+en-zh,False,,de-en,True,True,1984,0.801366,23.886,47.3103,4.94847,-0.036177,-5.1864,-5.0124,1.52888,0,0,0.002,0.001,0.0015,0.0015,0,0.9151,0.001,0.0055,0.0086,0.002,0.0054,0.9393
alma-7b-flap40-gen-multi,alma-7b-flap40-gen-multi__alma10-greedy__3a275ca042c7,flap,gen,40,multi,,cs-en+de-en+is-en+ru-en+zh-en+en-cs+en-de+en-is+en-ru+en-zh,False,,is-en,True,True,1000,0.805287,27.8654,49.88,5.66406,-0.051459,-6.7338,-6.2418,2.22165,0,0,0.005,0.003,0.005,0.005,0,0.9793,0,0.001,0.008,0.005,0.0055,1.0261
alma-7b-flap40-gen-multi,alma-7b-flap40-gen-multi__alma10-greedy__3a275ca042c7,flap,gen,40,multi,,cs-en+de-en+is-en+ru-en+zh-en+en-cs+en-de+en-is+en-ru+en-zh,False,,ru-en,True,True,2016,0.796483,29.1187,53.5567,5.1152,-0.048039,-7.8847,-6.9898,2.00255,0,0,0,0.0005,0.0005,0.0005,0,0.9742,0.0005,0.006,0.0104,0,0.0072,1.0141
alma-7b-flap40-gen-multi,alma-7b-flap40-gen-multi__alma10-greedy__3a275ca042c7,flap,gen,40,multi,,cs-en+de-en+is-en+ru-en+zh-en+en-cs+en-de+en-is+en-ru+en-zh,False,,zh-en,True,True,1875,0.728819,14.8893,40.4241,5.25628,-0.067875,-7.532,-9.3202,2.55311,0,0,0.0021,0.0123,0.0133,0.0133,0,0.9599,0.0005,0.0128,0.0091,0.0021,0.0042,1.0177
alma-7b-flap40-gen-multi,alma-7b-flap40-gen-multi__alma10-greedy__3a275ca042c7,flap,gen,40,multi,,cs-en+de-en+is-en+ru-en+zh-en+en-cs+en-de+en-is+en-ru+en-zh,False,,en-cs,False,True,2037,0.726309,14.9929,37.1301,9.31734,-0.152929,-11.4194,-12.8415,5.83359,0,0,0.0015,0.0039,0.0128,0.0128,0,0.9842,0.0005,0.0133,0.0088,0.0015,0.0086,1.0281
alma-7b-flap40-gen-multi,alma-7b-flap40-gen-multi__alma10-greedy__3a275ca042c7,flap,gen,40,multi,,cs-en+de-en+is-en+ru-en+zh-en+en-cs+en-de+en-is+en-ru+en-zh,False,,en-de,False,True,2037,0.758775,19.3619,45.0799,2.74833,-0.089906,-8.9043,-9.3817,1.65482,0,0,0.0098,0.0005,0.002,0.002,0,0.9563,0.0093,0.0074,0.0123,0.0098,0.017,0.9869
alma-7b-flap40-gen-multi,alma-7b-flap40-gen-multi__alma10-greedy__3a275ca042c7,flap,gen,40,multi,,cs-en+de-en+is-en+ru-en+zh-en+en-cs+en-de+en-is+en-ru+en-zh,False,,en-is,False,True,1000,0.582165,9.6651,30.5248,15.7127,-0.262651,-14.2481,-18.5539,11.6405,0,0,0.003,0.021,0.044,0.044,0,0.9336,0,0.002,0.013,0.003,0.0051,1.0719
alma-7b-flap40-gen-multi,alma-7b-flap40-gen-multi__alma10-greedy__3a275ca042c7,flap,gen,40,multi,,cs-en+de-en+is-en+ru-en+zh-en+en-cs+en-de+en-is+en-ru+en-zh,False,,en-ru,False,True,2037,0.750976,15.3912,38.4153,5.79237,-0.112052,-9.7577,-10.5656,3.52194,0,0,0,0.002,0.0054,0.0054,0,0.9196,0,0.0157,0.0319,0,0.0138,0.9726
alma-7b-flap40-gen-multi,alma-7b-flap40-gen-multi__alma10-greedy__3a275ca042c7,flap,gen,40,multi,,cs-en+de-en+is-en+ru-en+zh-en+en-cs+en-de+en-is+en-ru+en-zh,False,,en-zh,False,True,2037,0.655373,15.6376,12.3322,6.22445,-0.192301,-19.4058,-15.0599,4.36517,0,0,0,0.0005,0.0299,0.0299,0,0.951,0,0.2126,0.027,0,0.0394,0.8826
alma-7b-slimgpt20-ref-pair-cs,alma-7b-slimgpt20-ref-pair-cs__alma10-greedy__ab551b71e4e0,slimgpt,ref,20,pair,cs,cs-en+en-cs,False,,cs-en,True,True,1448,0.848902,38.0575,60.3187,4.15953,-0.006945,-3.2647,-2.3194,0.24761,-0.000713,0.030341,0.0055,0,0,0,0,0.9702,0.0007,0.0007,0.0076,0.0055,0.0055,0.9818
alma-7b-slimgpt20-ref-pair-cs,alma-7b-slimgpt20-ref-pair-cs__alma10-greedy__ab551b71e4e0,slimgpt,ref,20,pair,cs,cs-en+en-cs,False,,de-en,True,False,,,,,,,,,,,,,,,,,,,,,,,
alma-7b-slimgpt20-ref-pair-cs,alma-7b-slimgpt20-ref-pair-cs__alma10-greedy__ab551b71e4e0,slimgpt,ref,20,pair,cs,cs-en+en-cs,False,,is-en,True,False,,,,,,,,,,,,,,,,,,,,,,,
alma-7b-slimgpt20-ref-pair-cs,alma-7b-slimgpt20-ref-pair-cs__alma10-greedy__ab551b71e4e0,slimgpt,ref,20,pair,cs,cs-en+en-cs,False,,ru-en,True,False,,,,,,,,,,,,,,,,,,,,,,,
alma-7b-slimgpt20-ref-pair-cs,alma-7b-slimgpt20-ref-pair-cs__alma10-greedy__ab551b71e4e0,slimgpt,ref,20,pair,cs,cs-en+en-cs,False,,zh-en,True,False,,,,,,,,,,,,,,,,,,,,,,,
alma-7b-slimgpt20-ref-pair-cs,alma-7b-slimgpt20-ref-pair-cs__alma10-greedy__ab551b71e4e0,slimgpt,ref,20,pair,cs,cs-en+en-cs,False,,en-cs,False,True,2037,0.869422,24.7969,48.5365,3.94455,-0.009816,-1.6154,-1.4351,0.460795,0.009638,-0.197222,0.0044,0,0,0,0,0.9546,0.002,0.0083,0.0167,0.0044,0.0065,0.9801
alma-7b-slimgpt20-ref-pair-cs,alma-7b-slimgpt20-ref-pair-cs__alma10-greedy__ab551b71e4e0,slimgpt,ref,20,pair,cs,cs-en+en-cs,False,,en-de,False,False,,,,,,,,,,,,,,,,,,,,,,,
alma-7b-slimgpt20-ref-pair-cs,alma-7b-slimgpt20-ref-pair-cs__alma10-greedy__ab551b71e4e0,slimgpt,ref,20,pair,cs,cs-en+en-cs,False,,en-is,False,False,,,,,,,,,,,,,,,,,,,,,,,
alma-7b-slimgpt20-ref-pair-cs,alma-7b-slimgpt20-ref-pair-cs__alma10-greedy__ab551b71e4e0,slimgpt,ref,20,pair,cs,cs-en+en-cs,False,,en-ru,False,False,,,,,,,,,,,,,,,,,,,,,,,
alma-7b-slimgpt20-ref-pair-cs,alma-7b-slimgpt20-ref-pair-cs__alma10-greedy__ab551b71e4e0,slimgpt,ref,20,pair,cs,cs-en+en-cs,False,,en-zh,False,False,,,,,,,,,,,,,,,,,,,,,,,
alma-7b-slimgpt20-ref-pair-de,alma-7b-slimgpt20-ref-pair-de__alma10-greedy__cacb4fcc3d1f,slimgpt,ref,20,pair,de,de-en+en-de,False,,cs-en,True,False,,,,,,,,,,,,,,,,,,,,,,,
alma-7b-slimgpt20-ref-pair-de,alma-7b-slimgpt20-ref-pair-de__alma10-greedy__cacb4fcc3d1f,slimgpt,ref,20,pair,de,de-en+en-de,False,,de-en,True,True,1984,0.833263,27.1725,51.425,3.61052,-0.00428,-1.8999,-0.8977,0.190934,0.000164,0.016517,0.001,0,0,0,0,0.9252,0.0005,0.006,0.006,0.001,0.0051,0.9355
alma-7b-slimgpt20-ref-pair-de,alma-7b-slimgpt20-ref-pair-de__alma10-greedy__cacb4fcc3d1f,slimgpt,ref,20,pair,de,de-en+en-de,False,,is-en,True,False,,,,,,,,,,,,,,,,,,,,,,,
alma-7b-slimgpt20-ref-pair-de,alma-7b-slimgpt20-ref-pair-de__alma10-greedy__cacb4fcc3d1f,slimgpt,ref,20,pair,de,de-en+en-de,False,,ru-en,True,False,,,,,,,,,,,,,,,,,,,,,,,
alma-7b-slimgpt20-ref-pair-de,alma-7b-slimgpt20-ref-pair-de__alma10-greedy__cacb4fcc3d1f,slimgpt,ref,20,pair,de,de-en+en-de,False,,zh-en,True,False,,,,,,,,,,,,,,,,,,,,,,,
alma-7b-slimgpt20-ref-pair-de,alma-7b-slimgpt20-ref-pair-de__alma10-greedy__cacb4fcc3d1f,slimgpt,ref,20,pair,de,de-en+en-de,False,,en-cs,False,False,,,,,,,,,,,,,,,,,,,,,,,
alma-7b-slimgpt20-ref-pair-de,alma-7b-slimgpt20-ref-pair-de__alma10-greedy__cacb4fcc3d1f,slimgpt,ref,20,pair,de,de-en+en-de,False,,en-de,False,True,2037,0.838481,26.324,52.7664,1.28593,-0.0102,-1.9422,-1.6952,0.192423,0.005152,-0.139436,0.0049,0,0,0,0,0.9945,0.0044,0.0064,0.0069,0.0049,0.0145,1.0087
alma-7b-slimgpt20-ref-pair-de,alma-7b-slimgpt20-ref-pair-de__alma10-greedy__cacb4fcc3d1f,slimgpt,ref,20,pair,de,de-en+en-de,False,,en-is,False,False,,,,,,,,,,,,,,,,,,,,,,,
alma-7b-slimgpt20-ref-pair-de,alma-7b-slimgpt20-ref-pair-de__alma10-greedy__cacb4fcc3d1f,slimgpt,ref,20,pair,de,de-en+en-de,False,,en-ru,False,False,,,,,,,,,,,,,,,,,,,,,,,
alma-7b-slimgpt20-ref-pair-de,alma-7b-slimgpt20-ref-pair-de__alma10-greedy__cacb4fcc3d1f,slimgpt,ref,20,pair,de,de-en+en-de,False,,en-zh,False,False,,,,,,,,,,,,,,,,,,,,,,,
alma-7b-slimgpt20-ref-pair-is,alma-7b-slimgpt20-ref-pair-is__alma10-greedy__6582c7bd03d0,slimgpt,ref,20,pair,is,en-is+is-en,False,,cs-en,True,False,,,,,,,,,,,,,,,,,,,,,,,
alma-7b-slimgpt20-ref-pair-is,alma-7b-slimgpt20-ref-pair-is__alma10-greedy__6582c7bd03d0,slimgpt,ref,20,pair,is,en-is+is-en,False,,de-en,True,False,,,,,,,,,,,,,,,,,,,,,,,
alma-7b-slimgpt20-ref-pair-is,alma-7b-slimgpt20-ref-pair-is__alma10-greedy__6582c7bd03d0,slimgpt,ref,20,pair,is,en-is+is-en,False,,is-en,True,True,1000,0.853545,32.3821,54.7339,3.63054,-0.003201,-2.2171,-1.3879,0.188122,0.000309,0.06858,0.005,0,0,0,0,0.9344,0,0,0.01,0.005,0.0058,0.9552
alma-7b-slimgpt20-ref-pair-is,alma-7b-slimgpt20-ref-pair-is__alma10-greedy__6582c7bd03d0,slimgpt,ref,20,pair,is,en-is+is-en,False,,ru-en,True,False,,,,,,,,,,,,,,,,,,,,,,,
alma-7b-slimgpt20-ref-pair-is,alma-7b-slimgpt20-ref-pair-is__alma10-greedy__6582c7bd03d0,slimgpt,ref,20,pair,is,en-is+is-en,False,,zh-en,True,False,,,,,,,,,,,,,,,,,,,,,,,
alma-7b-slimgpt20-ref-pair-is,alma-7b-slimgpt20-ref-pair-is__alma10-greedy__6582c7bd03d0,slimgpt,ref,20,pair,is,en-is+is-en,False,,en-cs,False,False,,,,,,,,,,,,,,,,,,,,,,,
alma-7b-slimgpt20-ref-pair-is,alma-7b-slimgpt20-ref-pair-is__alma10-greedy__6582c7bd03d0,slimgpt,ref,20,pair,is,en-is+is-en,False,,en-de,False,False,,,,,,,,,,,,,,,,,,,,,,,
alma-7b-slimgpt20-ref-pair-is,alma-7b-slimgpt20-ref-pair-is__alma10-greedy__6582c7bd03d0,slimgpt,ref,20,pair,is,en-is+is-en,False,,en-is,False,True,1000,0.834183,22.2929,47.5497,4.87175,-0.010633,-1.6203,-1.529,0.799475,0.003313,-0.359843,0,0,0,0,0,0.9569,0,0,0.003,0,0.0039,0.9786
alma-7b-slimgpt20-ref-pair-is,alma-7b-slimgpt20-ref-pair-is__alma10-greedy__6582c7bd03d0,slimgpt,ref,20,pair,is,en-is+is-en,False,,en-ru,False,False,,,,,,,,,,,,,,,,,,,,,,,
alma-7b-slimgpt20-ref-pair-is,alma-7b-slimgpt20-ref-pair-is__alma10-greedy__6582c7bd03d0,slimgpt,ref,20,pair,is,en-is+is-en,False,,en-zh,False,False,,,,,,,,,,,,,,,,,,,,,,,
alma-7b-slimgpt20-ref-pair-ru,alma-7b-slimgpt20-ref-pair-ru__alma10-greedy__641d2a5f5d35,slimgpt,ref,20,pair,ru,en-ru+ru-en,False,,cs-en,True,False,,,,,,,,,,,,,,,,,,,,,,,
alma-7b-slimgpt20-ref-pair-ru,alma-7b-slimgpt20-ref-pair-ru__alma10-greedy__641d2a5f5d35,slimgpt,ref,20,pair,ru,en-ru+ru-en,False,,de-en,True,False,,,,,,,,,,,,,,,,,,,,,,,
alma-7b-slimgpt20-ref-pair-ru,alma-7b-slimgpt20-ref-pair-ru__alma10-greedy__641d2a5f5d35,slimgpt,ref,20,pair,ru,en-ru+ru-en,False,,is-en,True,False,,,,,,,,,,,,,,,,,,,,,,,
alma-7b-slimgpt20-ref-pair-ru,alma-7b-slimgpt20-ref-pair-ru__alma10-greedy__641d2a5f5d35,slimgpt,ref,20,pair,ru,en-ru+ru-en,False,,ru-en,True,True,2016,0.836295,35.0254,58.7918,3.40993,-0.008227,-1.978,-1.7547,0.297286,5e-06,0.031103,0,0,0,0,0,0.9873,0.0005,0.0045,0.0164,0,0.0071,1.0038
alma-7b-slimgpt20-ref-pair-ru,alma-7b-slimgpt20-ref-pair-ru__alma10-greedy__641d2a5f5d35,slimgpt,ref,20,pair,ru,en-ru+ru-en,False,,zh-en,True,False,,,,,,,,,,,,,,,,,,,,,,,
alma-7b-slimgpt20-ref-pair-ru,alma-7b-slimgpt20-ref-pair-ru__alma10-greedy__641d2a5f5d35,slimgpt,ref,20,pair,ru,en-ru+ru-en,False,,en-cs,False,False,,,,,,,,,,,,,,,,,,,,,,,
alma-7b-slimgpt20-ref-pair-ru,alma-7b-slimgpt20-ref-pair-ru__alma10-greedy__641d2a5f5d35,slimgpt,ref,20,pair,ru,en-ru+ru-en,False,,en-de,False,False,,,,,,,,,,,,,,,,,,,,,,,
alma-7b-slimgpt20-ref-pair-ru,alma-7b-slimgpt20-ref-pair-ru__alma10-greedy__641d2a5f5d35,slimgpt,ref,20,pair,ru,en-ru+ru-en,False,,en-is,False,False,,,,,,,,,,,,,,,,,,,,,,,
alma-7b-slimgpt20-ref-pair-ru,alma-7b-slimgpt20-ref-pair-ru__alma10-greedy__641d2a5f5d35,slimgpt,ref,20,pair,ru,en-ru+ru-en,False,,en-ru,False,True,2037,0.850258,23.0225,47.0883,2.68879,-0.01277,-2.1264,-1.8926,0.418362,0.002129,-0.05887,0.0015,0,0.001,0.001,0,0.9585,0.0015,0.0108,0.026,0.0015,0.011,0.9908
alma-7b-slimgpt20-ref-pair-ru,alma-7b-slimgpt20-ref-pair-ru__alma10-greedy__641d2a5f5d35,slimgpt,ref,20,pair,ru,en-ru+ru-en,False,,en-zh,False,False,,,,,,,,,,,,,,,,,,,,,,,
alma-7b-slimgpt20-ref-pair-zh,alma-7b-slimgpt20-ref-pair-zh__alma10-greedy__b5156247bf68,slimgpt,ref,20,pair,zh,en-zh+zh-en,False,,cs-en,True,False,,,,,,,,,,,,,,,,,,,,,,,
alma-7b-slimgpt20-ref-pair-zh,alma-7b-slimgpt20-ref-pair-zh__alma10-greedy__b5156247bf68,slimgpt,ref,20,pair,zh,en-zh+zh-en,False,,de-en,True,False,,,,,,,,,,,,,,,,,,,,,,,
alma-7b-slimgpt20-ref-pair-zh,alma-7b-slimgpt20-ref-pair-zh__alma10-greedy__b5156247bf68,slimgpt,ref,20,pair,zh,en-zh+zh-en,False,,is-en,True,False,,,,,,,,,,,,,,,,,,,,,,,
alma-7b-slimgpt20-ref-pair-zh,alma-7b-slimgpt20-ref-pair-zh__alma10-greedy__b5156247bf68,slimgpt,ref,20,pair,zh,en-zh+zh-en,False,,ru-en,True,False,,,,,,,,,,,,,,,,,,,,,,,
alma-7b-slimgpt20-ref-pair-zh,alma-7b-slimgpt20-ref-pair-zh__alma10-greedy__b5156247bf68,slimgpt,ref,20,pair,zh,en-zh+zh-en,False,,zh-en,True,True,1875,0.786829,20.895,48.1181,3.10963,-0.009865,-1.5263,-1.6262,0.406466,1e-05,0.054318,0,0.0027,0.0032,0.0032,0,0.9422,0.0005,0.0144,0.0112,0,0.004,0.9695
alma-7b-slimgpt20-ref-pair-zh,alma-7b-slimgpt20-ref-pair-zh__alma10-greedy__b5156247bf68,slimgpt,ref,20,pair,zh,en-zh+zh-en,False,,en-cs,False,False,,,,,,,,,,,,,,,,,,,,,,,
alma-7b-slimgpt20-ref-pair-zh,alma-7b-slimgpt20-ref-pair-zh__alma10-greedy__b5156247bf68,slimgpt,ref,20,pair,zh,en-zh+zh-en,False,,en-de,False,False,,,,,,,,,,,,,,,,,,,,,,,
alma-7b-slimgpt20-ref-pair-zh,alma-7b-slimgpt20-ref-pair-zh__alma10-greedy__b5156247bf68,slimgpt,ref,20,pair,zh,en-zh+zh-en,False,,en-is,False,False,,,,,,,,,,,,,,,,,,,,,,,
alma-7b-slimgpt20-ref-pair-zh,alma-7b-slimgpt20-ref-pair-zh__alma10-greedy__b5156247bf68,slimgpt,ref,20,pair,zh,en-zh+zh-en,False,,en-ru,False,False,,,,,,,,,,,,,,,,,,,,,,,
alma-7b-slimgpt20-ref-pair-zh,alma-7b-slimgpt20-ref-pair-zh__alma10-greedy__b5156247bf68,slimgpt,ref,20,pair,zh,en-zh+zh-en,False,,en-zh,False,True,2037,0.831781,32.1742,25.1741,2.15582,-0.015893,-2.8692,-2.218,0.296544,0.002293,-0.138242,0,0,0,0,0,0.9707,0,0.1517,0.0255,0,0.0001,0.9779
alma-7b-slimgpt20-gen-pair-cs,alma-7b-slimgpt20-gen-pair-cs__alma10-greedy__101529710ae3,slimgpt,gen,20,pair,cs,cs-en+en-cs,False,,cs-en,True,True,1448,0.850094,38.2942,60.4443,4.16486,-0.005753,-3.028,-2.1938,0.252946,0.000765,0.060306,0.0076,0,0,0,0,0.9685,0.0007,0,0.0097,0.0076,0.0054,0.9808
alma-7b-slimgpt20-gen-pair-cs,alma-7b-slimgpt20-gen-pair-cs__alma10-greedy__101529710ae3,slimgpt,gen,20,pair,cs,cs-en+en-cs,False,,de-en,True,False,,,,,,,,,,,,,,,,,,,,,,,
alma-7b-slimgpt20-gen-pair-cs,alma-7b-slimgpt20-gen-pair-cs__alma10-greedy__101529710ae3,slimgpt,gen,20,pair,cs,cs-en+en-cs,False,,is-en,True,False,,,,,,,,,,,,,,,,,,,,,,,
alma-7b-slimgpt20-gen-pair-cs,alma-7b-slimgpt20-gen-pair-cs__alma10-greedy__101529710ae3,slimgpt,gen,20,pair,cs,cs-en+en-cs,False,,ru-en,True,False,,,,,,,,,,,,,,,,,,,,,,,
alma-7b-slimgpt20-gen-pair-cs,alma-7b-slimgpt20-gen-pair-cs__alma10-greedy__101529710ae3,slimgpt,gen,20,pair,cs,cs-en+en-cs,False,,zh-en,True,False,,,,,,,,,,,,,,,,,,,,,,,
alma-7b-slimgpt20-gen-pair-cs,alma-7b-slimgpt20-gen-pair-cs__alma10-greedy__101529710ae3,slimgpt,gen,20,pair,cs,cs-en+en-cs,False,,en-cs,False,True,2037,0.868387,24.8228,48.6554,3.94088,-0.010851,-1.5895,-1.3162,0.457126,0.007335,-0.197194,0.0029,0,0,0,0,0.9611,0.0015,0.0083,0.0201,0.0029,0.0064,0.9845
alma-7b-slimgpt20-gen-pair-cs,alma-7b-slimgpt20-gen-pair-cs__alma10-greedy__101529710ae3,slimgpt,gen,20,pair,cs,cs-en+en-cs,False,,en-de,False,False,,,,,,,,,,,,,,,,,,,,,,,
alma-7b-slimgpt20-gen-pair-cs,alma-7b-slimgpt20-gen-pair-cs__alma10-greedy__101529710ae3,slimgpt,gen,20,pair,cs,cs-en+en-cs,False,,en-is,False,False,,,,,,,,,,,,,,,,,,,,,,,
alma-7b-slimgpt20-gen-pair-cs,alma-7b-slimgpt20-gen-pair-cs__alma10-greedy__101529710ae3,slimgpt,gen,20,pair,cs,cs-en+en-cs,False,,en-ru,False,False,,,,,,,,,,,,,,,,,,,,,,,
alma-7b-slimgpt20-gen-pair-cs,alma-7b-slimgpt20-gen-pair-cs__alma10-greedy__101529710ae3,slimgpt,gen,20,pair,cs,cs-en+en-cs,False,,en-zh,False,False,,,,,,,,,,,,,,,,,,,,,,,
alma-7b-slimgpt20-gen-pair-de,alma-7b-slimgpt20-gen-pair-de__alma10-greedy__1c77dab2378f,slimgpt,gen,20,pair,de,de-en+en-de,False,,cs-en,True,False,,,,,,,,,,,,,,,,,,,,,,,
alma-7b-slimgpt20-gen-pair-de,alma-7b-slimgpt20-gen-pair-de__alma10-greedy__1c77dab2378f,slimgpt,gen,20,pair,de,de-en+en-de,False,,de-en,True,True,1984,0.833587,26.9171,51.2969,3.59189,-0.003956,-2.1553,-1.0258,0.172304,0.001213,-0.027204,0.0015,0,0,0,0,0.9242,0.0005,0.0066,0.0071,0.0015,0.0052,0.9345
alma-7b-slimgpt20-gen-pair-de,alma-7b-slimgpt20-gen-pair-de__alma10-greedy__1c77dab2378f,slimgpt,gen,20,pair,de,de-en+en-de,False,,is-en,True,False,,,,,,,,,,,,,,,,,,,,,,,
alma-7b-slimgpt20-gen-pair-de,alma-7b-slimgpt20-gen-pair-de__alma10-greedy__1c77dab2378f,slimgpt,gen,20,pair,de,de-en+en-de,False,,ru-en,True,False,,,,,,,,,,,,,,,,,,,,,,,
alma-7b-slimgpt20-gen-pair-de,alma-7b-slimgpt20-gen-pair-de__alma10-greedy__1c77dab2378f,slimgpt,gen,20,pair,de,de-en+en-de,False,,zh-en,True,False,,,,,,,,,,,,,,,,,,,,,,,
alma-7b-slimgpt20-gen-pair-de,alma-7b-slimgpt20-gen-pair-de__alma10-greedy__1c77dab2378f,slimgpt,gen,20,pair,de,de-en+en-de,False,,en-cs,False,False,,,,,,,,,,,,,,,,,,,,,,,
alma-7b-slimgpt20-gen-pair-de,alma-7b-slimgpt20-gen-pair-de__alma10-greedy__1c77dab2378f,slimgpt,gen,20,pair,de,de-en+en-de,False,,en-de,False,True,2037,0.838814,26.1714,52.7853,1.27807,-0.009867,-2.0948,-1.6763,0.18456,0.0047,-0.113929,0.0054,0,0,0,0,0.9954,0.0039,0.0059,0.0079,0.0054,0.0146,1.0082
alma-7b-slimgpt20-gen-pair-de,alma-7b-slimgpt20-gen-pair-de__alma10-greedy__1c77dab2378f,slimgpt,gen,20,pair,de,de-en+en-de,False,,en-is,False,False,,,,,,,,,,,,,,,,,,,,,,,
alma-7b-slimgpt20-gen-pair-de,alma-7b-slimgpt20-gen-pair-de__alma10-greedy__1c77dab2378f,slimgpt,gen,20,pair,de,de-en+en-de,False,,en-ru,False,False,,,,,,,,,,,,,,,,,,,,,,,
alma-7b-slimgpt20-gen-pair-de,alma-7b-slimgpt20-gen-pair-de__alma10-greedy__1c77dab2378f,slimgpt,gen,20,pair,de,de-en+en-de,False,,en-zh,False,False,,,,,,,,,,,,,,,,,,,,,,,
alma-7b-slimgpt20-gen-pair-is,alma-7b-slimgpt20-gen-pair-is__alma10-greedy__b2eccf57999a,slimgpt,gen,20,pair,is,en-is+is-en,False,,cs-en,True,False,,,,,,,,,,,,,,,,,,,,,,,
alma-7b-slimgpt20-gen-pair-is,alma-7b-slimgpt20-gen-pair-is__alma10-greedy__b2eccf57999a,slimgpt,gen,20,pair,is,en-is+is-en,False,,de-en,True,False,,,,,,,,,,,,,,,,,,,,,,,
alma-7b-slimgpt20-gen-pair-is,alma-7b-slimgpt20-gen-pair-is__alma10-greedy__b2eccf57999a,slimgpt,gen,20,pair,is,en-is+is-en,False,,is-en,True,True,1000,0.854374,32.7959,55.0051,3.61742,-0.002372,-1.8033,-1.1167,0.17501,-0.000141,0.078341,0.005,0,0,0,0,0.9395,0,0,0.012,0.005,0.0061,0.9625
alma-7b-slimgpt20-gen-pair-is,alma-7b-slimgpt20-gen-pair-is__alma10-greedy__b2eccf57999a,slimgpt,gen,20,pair,is,en-is+is-en,False,,ru-en,True,False,,,,,,,,,,,,,,,,,,,,,,,
alma-7b-slimgpt20-gen-pair-is,alma-7b-slimgpt20-gen-pair-is__alma10-greedy__b2eccf57999a,slimgpt,gen,20,pair,is,en-is+is-en,False,,zh-en,True,False,,,,,,,,,,,,,,,,,,,,,,,
alma-7b-slimgpt20-gen-pair-is,alma-7b-slimgpt20-gen-pair-is__alma10-greedy__b2eccf57999a,slimgpt,gen,20,pair,is,en-is+is-en,False,,en-cs,False,False,,,,,,,,,,,,,,,,,,,,,,,
alma-7b-slimgpt20-gen-pair-is,alma-7b-slimgpt20-gen-pair-is__alma10-greedy__b2eccf57999a,slimgpt,gen,20,pair,is,en-is+is-en,False,,en-de,False,False,,,,,,,,,,,,,,,,,,,,,,,
alma-7b-slimgpt20-gen-pair-is,alma-7b-slimgpt20-gen-pair-is__alma10-greedy__b2eccf57999a,slimgpt,gen,20,pair,is,en-is+is-en,False,,en-is,False,True,1000,0.834516,22.4653,47.5669,4.7183,-0.0103,-1.4479,-1.5118,0.646022,0.005802,-0.484315,0,0,0,0,0,0.9592,0,0,0.005,0,0.0038,0.9806
alma-7b-slimgpt20-gen-pair-is,alma-7b-slimgpt20-gen-pair-is__alma10-greedy__b2eccf57999a,slimgpt,gen,20,pair,is,en-is+is-en,False,,en-ru,False,False,,,,,,,,,,,,,,,,,,,,,,,
alma-7b-slimgpt20-gen-pair-is,alma-7b-slimgpt20-gen-pair-is__alma10-greedy__b2eccf57999a,slimgpt,gen,20,pair,is,en-is+is-en,False,,en-zh,False,False,,,,,,,,,,,,,,,,,,,,,,,
alma-7b-slimgpt20-gen-pair-ru,alma-7b-slimgpt20-gen-pair-ru__alma10-greedy__926e6a55fd30,slimgpt,gen,20,pair,ru,en-ru+ru-en,False,,cs-en,True,False,,,,,,,,,,,,,,,,,,,,,,,
alma-7b-slimgpt20-gen-pair-ru,alma-7b-slimgpt20-gen-pair-ru__alma10-greedy__926e6a55fd30,slimgpt,gen,20,pair,ru,en-ru+ru-en,False,,de-en,True,False,,,,,,,,,,,,,,,,,,,,,,,
alma-7b-slimgpt20-gen-pair-ru,alma-7b-slimgpt20-gen-pair-ru__alma10-greedy__926e6a55fd30,slimgpt,gen,20,pair,ru,en-ru+ru-en,False,,is-en,True,False,,,,,,,,,,,,,,,,,,,,,,,
alma-7b-slimgpt20-gen-pair-ru,alma-7b-slimgpt20-gen-pair-ru__alma10-greedy__926e6a55fd30,slimgpt,gen,20,pair,ru,en-ru+ru-en,False,,ru-en,True,True,2016,0.836925,35.1237,59.0116,3.37634,-0.007597,-1.8797,-1.5349,0.263695,0.000169,0.020209,0,0,0.0005,0.0005,0,0.9896,0.0005,0.005,0.0169,0,0.0074,1.0085
alma-7b-slimgpt20-gen-pair-ru,alma-7b-slimgpt20-gen-pair-ru__alma10-greedy__926e6a55fd30,slimgpt,gen,20,pair,ru,en-ru+ru-en,False,,zh-en,True,False,,,,,,,,,,,,,,,,,,,,,,,
alma-7b-slimgpt20-gen-pair-ru,alma-7b-slimgpt20-gen-pair-ru__alma10-greedy__926e6a55fd30,slimgpt,gen,20,pair,ru,en-ru+ru-en,False,,en-cs,False,False,,,,,,,,,,,,,,,,,,,,,,,
alma-7b-slimgpt20-gen-pair-ru,alma-7b-slimgpt20-gen-pair-ru__alma10-greedy__926e6a55fd30,slimgpt,gen,20,pair,ru,en-ru+ru-en,False,,en-de,False,False,,,,,,,,,,,,,,,,,,,,,,,
alma-7b-slimgpt20-gen-pair-ru,alma-7b-slimgpt20-gen-pair-ru__alma10-greedy__926e6a55fd30,slimgpt,gen,20,pair,ru,en-ru+ru-en,False,,en-is,False,False,,,,,,,,,,,,,,,,,,,,,,,
alma-7b-slimgpt20-gen-pair-ru,alma-7b-slimgpt20-gen-pair-ru__alma10-greedy__926e6a55fd30,slimgpt,gen,20,pair,ru,en-ru+ru-en,False,,en-ru,False,True,2037,0.850524,23.0916,47.2617,2.68405,-0.012504,-2.0573,-1.7192,0.413615,0.003627,-0.033654,0.0015,0,0.0005,0.0005,0,0.9562,0.0015,0.0108,0.0304,0.0015,0.0111,0.9888
alma-7b-slimgpt20-gen-pair-ru,alma-7b-slimgpt20-gen-pair-ru__alma10-greedy__926e6a55fd30,slimgpt,gen,20,pair,ru,en-ru+ru-en,False,,en-zh,False,False,,,,,,,,,,,,,,,,,,,,,,,
alma-7b-slimgpt20-gen-pair-zh,alma-7b-slimgpt20-gen-pair-zh__alma10-greedy__641ec885acb4,slimgpt,gen,20,pair,zh,en-zh+zh-en,False,,cs-en,True,False,,,,,,,,,,,,,,,,,,,,,,,
alma-7b-slimgpt20-gen-pair-zh,alma-7b-slimgpt20-gen-pair-zh__alma10-greedy__641ec885acb4,slimgpt,gen,20,pair,zh,en-zh+zh-en,False,,de-en,True,False,,,,,,,,,,,,,,,,,,,,,,,
alma-7b-slimgpt20-gen-pair-zh,alma-7b-slimgpt20-gen-pair-zh__alma10-greedy__641ec885acb4,slimgpt,gen,20,pair,zh,en-zh+zh-en,False,,is-en,True,False,,,,,,,,,,,,,,,,,,,,,,,
alma-7b-slimgpt20-gen-pair-zh,alma-7b-slimgpt20-gen-pair-zh__alma10-greedy__641ec885acb4,slimgpt,gen,20,pair,zh,en-zh+zh-en,False,,ru-en,True,False,,,,,,,,,,,,,,,,,,,,,,,
alma-7b-slimgpt20-gen-pair-zh,alma-7b-slimgpt20-gen-pair-zh__alma10-greedy__641ec885acb4,slimgpt,gen,20,pair,zh,en-zh+zh-en,False,,zh-en,True,True,1875,0.787375,20.8068,48.2144,3.0532,-0.009319,-1.6145,-1.5299,0.350036,0.000347,-0.034974,0.0005,0.0005,0.0011,0.0011,0,0.9326,0.0011,0.0128,0.0117,0.0005,0.004,0.9539
alma-7b-slimgpt20-gen-pair-zh,alma-7b-slimgpt20-gen-pair-zh__alma10-greedy__641ec885acb4,slimgpt,gen,20,pair,zh,en-zh+zh-en,False,,en-cs,False,False,,,,,,,,,,,,,,,,,,,,,,,
alma-7b-slimgpt20-gen-pair-zh,alma-7b-slimgpt20-gen-pair-zh__alma10-greedy__641ec885acb4,slimgpt,gen,20,pair,zh,en-zh+zh-en,False,,en-de,False,False,,,,,,,,,,,,,,,,,,,,,,,
alma-7b-slimgpt20-gen-pair-zh,alma-7b-slimgpt20-gen-pair-zh__alma10-greedy__641ec885acb4,slimgpt,gen,20,pair,zh,en-zh+zh-en,False,,en-is,False,False,,,,,,,,,,,,,,,,,,,,,,,
alma-7b-slimgpt20-gen-pair-zh,alma-7b-slimgpt20-gen-pair-zh__alma10-greedy__641ec885acb4,slimgpt,gen,20,pair,zh,en-zh+zh-en,False,,en-ru,False,False,,,,,,,,,,,,,,,,,,,,,,,
alma-7b-slimgpt20-gen-pair-zh,alma-7b-slimgpt20-gen-pair-zh__alma10-greedy__641ec885acb4,slimgpt,gen,20,pair,zh,en-zh+zh-en,False,,en-zh,False,True,2037,0.8325,32.2362,25.6387,2.15813,-0.015174,-2.8072,-1.7534,0.29885,0.004226,-0.130646,0.0005,0,0.002,0.002,0,0.9776,0,0.1512,0.0221,0.0005,0.0001,0.9807
alma-7b-flap20-ref-pair-cs,alma-7b-flap20-ref-pair-cs__alma10-greedy__1ee2feb149c3,flap,ref,20,pair,cs,cs-en+en-cs,False,,cs-en,True,True,1448,0.846529,37.9433,59.9154,4.37835,-0.009318,-3.3789,-2.7227,0.466434,0.000927,0.045723,0.0055,0,0,0,0,0.9606,0.0007,0,0.0076,0.0055,0.0062,0.9791
alma-7b-flap20-ref-pair-cs,alma-7b-flap20-ref-pair-cs__alma10-greedy__1ee2feb149c3,flap,ref,20,pair,cs,cs-en+en-cs,False,,de-en,True,False,,,,,,,,,,,,,,,,,,,,,,,
alma-7b-flap20-ref-pair-cs,alma-7b-flap20-ref-pair-cs__alma10-greedy__1ee2feb149c3,flap,ref,20,pair,cs,cs-en+en-cs,False,,is-en,True,False,,,,,,,,,,,,,,,,,,,,,,,
alma-7b-flap20-ref-pair-cs,alma-7b-flap20-ref-pair-cs__alma10-greedy__1ee2feb149c3,flap,ref,20,pair,cs,cs-en+en-cs,False,,ru-en,True,False,,,,,,,,,,,,,,,,,,,,,,,
alma-7b-flap20-ref-pair-cs,alma-7b-flap20-ref-pair-cs__alma10-greedy__1ee2feb149c3,flap,ref,20,pair,cs,cs-en+en-cs,False,,zh-en,True,False,,,,,,,,,,,,,,,,,,,,,,,
alma-7b-flap20-ref-pair-cs,alma-7b-flap20-ref-pair-cs__alma10-greedy__1ee2feb149c3,flap,ref,20,pair,cs,cs-en+en-cs,False,,en-cs,False,True,2037,0.859303,23.5316,46.9102,4.31075,-0.019935,-2.8807,-3.0614,0.826998,0.016506,-0.674644,0.0059,0,0.0015,0.0015,0,0.9594,0.002,0.0118,0.0241,0.0059,0.0071,0.9945
alma-7b-flap20-ref-pair-cs,alma-7b-flap20-ref-pair-cs__alma10-greedy__1ee2feb149c3,flap,ref,20,pair,cs,cs-en+en-cs,False,,en-de,False,False,,,,,,,,,,,,,,,,,,,,,,,
alma-7b-flap20-ref-pair-cs,alma-7b-flap20-ref-pair-cs__alma10-greedy__1ee2feb149c3,flap,ref,20,pair,cs,cs-en+en-cs,False,,en-is,False,False,,,,,,,,,,,,,,,,,,,,,,,
alma-7b-flap20-ref-pair-cs,alma-7b-flap20-ref-pair-cs__alma10-greedy__1ee2feb149c3,flap,ref,20,pair,cs,cs-en+en-cs,False,,en-ru,False,False,,,,,,,,,,,,,,,,,,,,,,,
alma-7b-flap20-ref-pair-cs,alma-7b-flap20-ref-pair-cs__alma10-greedy__1ee2feb149c3,flap,ref,20,pair,cs,cs-en+en-cs,False,,en-zh,False,False,,,,,,,,,,,,,,,,,,,,,,,
alma-7b-flap20-ref-pair-de,alma-7b-flap20-ref-pair-de__alma10-greedy__255213198625,flap,ref,20,pair,de,de-en+en-de,False,,cs-en,True,False,,,,,,,,,,,,,,,,,,,,,,,
alma-7b-flap20-ref-pair-de,alma-7b-flap20-ref-pair-de__alma10-greedy__255213198625,flap,ref,20,pair,de,de-en+en-de,False,,de-en,True,True,1984,0.83097,27.7015,51.3659,3.72031,-0.006573,-1.3709,-0.9568,0.300718,0.000315,-0.020399,0.001,0.0005,0.0005,0.0005,0,0.9251,0.0005,0.0071,0.0081,0.001,0.0057,0.9415
alma-7b-flap20-ref-pair-de,alma-7b-flap20-ref-pair-de__alma10-greedy__255213198625,flap,ref,20,pair,de,de-en+en-de,False,,is-en,True,False,,,,,,,,,,,,,,,,,,,,,,,
alma-7b-flap20-ref-pair-de,alma-7b-flap20-ref-pair-de__alma10-greedy__255213198625,flap,ref,20,pair,de,de-en+en-de,False,,ru-en,True,False,,,,,,,,,,,,,,,,,,,,,,,
alma-7b-flap20-ref-pair-de,alma-7b-flap20-ref-pair-de__alma10-greedy__255213198625,flap,ref,20,pair,de,de-en+en-de,False,,zh-en,True,False,,,,,,,,,,,,,,,,,,,,,,,
alma-7b-flap20-ref-pair-de,alma-7b-flap20-ref-pair-de__alma10-greedy__255213198625,flap,ref,20,pair,de,de-en+en-de,False,,en-cs,False,False,,,,,,,,,,,,,,,,,,,,,,,
alma-7b-flap20-ref-pair-de,alma-7b-flap20-ref-pair-de__alma10-greedy__255213198625,flap,ref,20,pair,de,de-en+en-de,False,,en-de,False,True,2037,0.826952,25.3486,51.0998,1.543,-0.021729,-2.9176,-3.3618,0.449492,0.010948,-0.094908,0.0108,0,0,0,0,0.9788,0.0108,0.0064,0.0123,0.0108,0.0147,1.0037
alma-7b-flap20-ref-pair-de,alma-7b-flap20-ref-pair-de__alma10-greedy__255213198625,flap,ref,20,pair,de,de-en+en-de,False,,en-is,False,False,,,,,,,,,,,,,,,,,,,,,,,
alma-7b-flap20-ref-pair-de,alma-7b-flap20-ref-pair-de__alma10-greedy__255213198625,flap,ref,20,pair,de,de-en+en-de,False,,en-ru,False,False,,,,,,,,,,,,,,,,,,,,,,,
alma-7b-flap20-ref-pair-de,alma-7b-flap20-ref-pair-de__alma10-greedy__255213198625,flap,ref,20,pair,de,de-en+en-de,False,,en-zh,False,False,,,,,,,,,,,,,,,,,,,,,,,
alma-7b-flap20-ref-pair-is,alma-7b-flap20-ref-pair-is__alma10-greedy__115689d32929,flap,ref,20,pair,is,en-is+is-en,False,,cs-en,True,False,,,,,,,,,,,,,,,,,,,,,,,
alma-7b-flap20-ref-pair-is,alma-7b-flap20-ref-pair-is__alma10-greedy__115689d32929,flap,ref,20,pair,is,en-is+is-en,False,,de-en,True,False,,,,,,,,,,,,,,,,,,,,,,,
alma-7b-flap20-ref-pair-is,alma-7b-flap20-ref-pair-is__alma10-greedy__115689d32929,flap,ref,20,pair,is,en-is+is-en,False,,is-en,True,True,1000,0.846928,31.7739,54.2601,3.83986,-0.009818,-2.8253,-1.8617,0.397448,-0.001785,0.09977,0.004,0,0,0,0,0.937,0,0,0.011,0.004,0.0065,0.9641
alma-7b-flap20-ref-pair-is,alma-7b-flap20-ref-pair-is__alma10-greedy__115689d32929,flap,ref,20,pair,is,en-is+is-en,False,,ru-en,True,False,,,,,,,,,,,,,,,,,,,,,,,
alma-7b-flap20-ref-pair-is,alma-7b-flap20-ref-pair-is__alma10-greedy__115689d32929,flap,ref,20,pair,is,en-is+is-en,False,,zh-en,True,False,,,,,,,,,,,,,,,,,,,,,,,
alma-7b-flap20-ref-pair-is,alma-7b-flap20-ref-pair-is__alma10-greedy__115689d32929,flap,ref,20,pair,is,en-is+is-en,False,,en-cs,False,False,,,,,,,,,,,,,,,,,,,,,,,
alma-7b-flap20-ref-pair-is,alma-7b-flap20-ref-pair-is__alma10-greedy__115689d32929,flap,ref,20,pair,is,en-is+is-en,False,,en-de,False,False,,,,,,,,,,,,,,,,,,,,,,,
alma-7b-flap20-ref-pair-is,alma-7b-flap20-ref-pair-is__alma10-greedy__115689d32929,flap,ref,20,pair,is,en-is+is-en,False,,en-is,False,True,1000,0.809148,19.7262,44.2859,6.23162,-0.035668,-4.187,-4.7928,2.15935,0.020551,-1.00845,0.002,0,0.001,0.001,0,0.9405,0.002,0,0.006,0.002,0.004,0.9775
alma-7b-flap20-ref-pair-is,alma-7b-flap20-ref-pair-is__alma10-greedy__115689d32929,flap,ref,20,pair,is,en-is+is-en,False,,en-ru,False,False,,,,,,,,,,,,,,,,,,,,,,,
alma-7b-flap20-ref-pair-is,alma-7b-flap20-ref-pair-is__alma10-greedy__115689d32929,flap,ref,20,pair,is,en-is+is-en,False,,en-zh,False,False,,,,,,,,,,,,,,,,,,,,,,,
alma-7b-flap20-ref-pair-ru,alma-7b-flap20-ref-pair-ru__alma10-greedy__8e74dc522859,flap,ref,20,pair,ru,en-ru+ru-en,False,,cs-en,True,False,,,,,,,,,,,,,,,,,,,,,,,
alma-7b-flap20-ref-pair-ru,alma-7b-flap20-ref-pair-ru__alma10-greedy__8e74dc522859,flap,ref,20,pair,ru,en-ru+ru-en,False,,de-en,True,False,,,,,,,,,,,,,,,,,,,,,,,
alma-7b-flap20-ref-pair-ru,alma-7b-flap20-ref-pair-ru__alma10-greedy__8e74dc522859,flap,ref,20,pair,ru,en-ru+ru-en,False,,is-en,True,False,,,,,,,,,,,,,,,,,,,,,,,
alma-7b-flap20-ref-pair-ru,alma-7b-flap20-ref-pair-ru__alma10-greedy__8e74dc522859,flap,ref,20,pair,ru,en-ru+ru-en,False,,ru-en,True,True,2016,0.833265,34.8485,58.4202,3.53115,-0.011257,-2.1549,-2.1263,0.418504,0.000585,0.013452,0.0005,0,0,0,0,0.9844,0.0005,0.004,0.0179,0.0005,0.0083,1.0059
alma-7b-flap20-ref-pair-ru,alma-7b-flap20-ref-pair-ru__alma10-greedy__8e74dc522859,flap,ref,20,pair,ru,en-ru+ru-en,False,,zh-en,True,False,,,,,,,,,,,,,,,,,,,,,,,
alma-7b-flap20-ref-pair-ru,alma-7b-flap20-ref-pair-ru__alma10-greedy__8e74dc522859,flap,ref,20,pair,ru,en-ru+ru-en,False,,en-cs,False,False,,,,,,,,,,,,,,,,,,,,,,,
alma-7b-flap20-ref-pair-ru,alma-7b-flap20-ref-pair-ru__alma10-greedy__8e74dc522859,flap,ref,20,pair,ru,en-ru+ru-en,False,,en-de,False,False,,,,,,,,,,,,,,,,,,,,,,,
alma-7b-flap20-ref-pair-ru,alma-7b-flap20-ref-pair-ru__alma10-greedy__8e74dc522859,flap,ref,20,pair,ru,en-ru+ru-en,False,,en-is,False,False,,,,,,,,,,,,,,,,,,,,,,,
alma-7b-flap20-ref-pair-ru,alma-7b-flap20-ref-pair-ru__alma10-greedy__8e74dc522859,flap,ref,20,pair,ru,en-ru+ru-en,False,,en-ru,False,True,2037,0.840762,22.4132,45.928,2.96417,-0.022266,-2.7357,-3.0529,0.693734,0.00638,-0.199055,0,0,0.0005,0.0005,0,0.9593,0,0.0098,0.0344,0,0.0126,0.9968
alma-7b-flap20-ref-pair-ru,alma-7b-flap20-ref-pair-ru__alma10-greedy__8e74dc522859,flap,ref,20,pair,ru,en-ru+ru-en,False,,en-zh,False,False,,,,,,,,,,,,,,,,,,,,,,,
alma-7b-flap20-ref-pair-zh,alma-7b-flap20-ref-pair-zh__alma10-greedy__a9616e9fe2d1,flap,ref,20,pair,zh,en-zh+zh-en,False,,cs-en,True,False,,,,,,,,,,,,,,,,,,,,,,,
alma-7b-flap20-ref-pair-zh,alma-7b-flap20-ref-pair-zh__alma10-greedy__a9616e9fe2d1,flap,ref,20,pair,zh,en-zh+zh-en,False,,de-en,True,False,,,,,,,,,,,,,,,,,,,,,,,
alma-7b-flap20-ref-pair-zh,alma-7b-flap20-ref-pair-zh__alma10-greedy__a9616e9fe2d1,flap,ref,20,pair,zh,en-zh+zh-en,False,,is-en,True,False,,,,,,,,,,,,,,,,,,,,,,,
alma-7b-flap20-ref-pair-zh,alma-7b-flap20-ref-pair-zh__alma10-greedy__a9616e9fe2d1,flap,ref,20,pair,zh,en-zh+zh-en,False,,ru-en,True,False,,,,,,,,,,,,,,,,,,,,,,,
alma-7b-flap20-ref-pair-zh,alma-7b-flap20-ref-pair-zh__alma10-greedy__a9616e9fe2d1,flap,ref,20,pair,zh,en-zh+zh-en,False,,zh-en,True,True,1875,0.783409,20.6109,47.8192,3.16756,-0.013285,-1.8104,-1.9251,0.464393,0.002391,-0.215906,0.0016,0.0011,0.0021,0.0021,0,0.9492,0.0011,0.0117,0.0133,0.0016,0.0041,0.9815
alma-7b-flap20-ref-pair-zh,alma-7b-flap20-ref-pair-zh__alma10-greedy__a9616e9fe2d1,flap,ref,20,pair,zh,en-zh+zh-en,False,,en-cs,False,False,,,,,,,,,,,,,,,,,,,,,,,
alma-7b-flap20-ref-pair-zh,alma-7b-flap20-ref-pair-zh__alma10-greedy__a9616e9fe2d1,flap,ref,20,pair,zh,en-zh+zh-en,False,,en-de,False,False,,,,,,,,,,,,,,,,,,,,,,,
alma-7b-flap20-ref-pair-zh,alma-7b-flap20-ref-pair-zh__alma10-greedy__a9616e9fe2d1,flap,ref,20,pair,zh,en-zh+zh-en,False,,en-is,False,False,,,,,,,,,,,,,,,,,,,,,,,
alma-7b-flap20-ref-pair-zh,alma-7b-flap20-ref-pair-zh__alma10-greedy__a9616e9fe2d1,flap,ref,20,pair,zh,en-zh+zh-en,False,,en-ru,False,False,,,,,,,,,,,,,,,,,,,,,,,
alma-7b-flap20-ref-pair-zh,alma-7b-flap20-ref-pair-zh__alma10-greedy__a9616e9fe2d1,flap,ref,20,pair,zh,en-zh+zh-en,False,,en-zh,False,True,2037,0.822743,30.9924,24.3101,2.35711,-0.024931,-4.051,-3.082,0.49783,0.019121,-0.412076,0,0,0.0029,0.0029,0,0.973,0,0.164,0.029,0,0.0016,0.9904
alma-7b-flap20-gen-pair-cs,alma-7b-flap20-gen-pair-cs__alma10-greedy__e2e20905c0d1,flap,gen,20,pair,cs,cs-en+en-cs,False,,cs-en,True,True,1448,0.845361,37.4926,59.6855,4.38617,-0.010486,-3.8296,-2.9526,0.474258,0.000142,0.035947,0.0062,0,0,0,0,0.9605,0.0007,0,0.0083,0.0062,0.0059,0.9792
alma-7b-flap20-gen-pair-cs,alma-7b-flap20-gen-pair-cs__alma10-greedy__e2e20905c0d1,flap,gen,20,pair,cs,cs-en+en-cs,False,,de-en,True,False,,,,,,,,,,,,,,,,,,,,,,,
alma-7b-flap20-gen-pair-cs,alma-7b-flap20-gen-pair-cs__alma10-greedy__e2e20905c0d1,flap,gen,20,pair,cs,cs-en+en-cs,False,,is-en,True,False,,,,,,,,,,,,,,,,,,,,,,,
alma-7b-flap20-gen-pair-cs,alma-7b-flap20-gen-pair-cs__alma10-greedy__e2e20905c0d1,flap,gen,20,pair,cs,cs-en+en-cs,False,,ru-en,True,False,,,,,,,,,,,,,,,,,,,,,,,
alma-7b-flap20-gen-pair-cs,alma-7b-flap20-gen-pair-cs__alma10-greedy__e2e20905c0d1,flap,gen,20,pair,cs,cs-en+en-cs,False,,zh-en,True,False,,,,,,,,,,,,,,,,,,,,,,,
alma-7b-flap20-gen-pair-cs,alma-7b-flap20-gen-pair-cs__alma10-greedy__e2e20905c0d1,flap,gen,20,pair,cs,cs-en+en-cs,False,,en-cs,False,True,2037,0.85259,23.5936,46.7145,4.43635,-0.026648,-2.8187,-3.2571,0.952596,0.014288,-0.651225,0.0054,0.001,0.0029,0.0029,0,0.9679,0.0015,0.0123,0.0187,0.0054,0.0069,1.0049
alma-7b-flap20-gen-pair-cs,alma-7b-flap20-gen-pair-cs__alma10-greedy__e2e20905c0d1,flap,gen,20,pair,cs,cs-en+en-cs,False,,en-de,False,False,,,,,,,,,,,,,,,,,,,,,,,
alma-7b-flap20-gen-pair-cs,alma-7b-flap20-gen-pair-cs__alma10-greedy__e2e20905c0d1,flap,gen,20,pair,cs,cs-en+en-cs,False,,en-is,False,False,,,,,,,,,,,,,,,,,,,,,,,
alma-7b-flap20-gen-pair-cs,alma-7b-flap20-gen-pair-cs__alma10-greedy__e2e20905c0d1,flap,gen,20,pair,cs,cs-en+en-cs,False,,en-ru,False,False,,,,,,,,,,,,,,,,,,,,,,,
alma-7b-flap20-gen-pair-cs,alma-7b-flap20-gen-pair-cs__alma10-greedy__e2e20905c0d1,flap,gen,20,pair,cs,cs-en+en-cs,False,,en-zh,False,False,,,,,,,,,,,,,,,,,,,,,,,
alma-7b-flap20-gen-pair-de,alma-7b-flap20-gen-pair-de__alma10-greedy__cd426d061a1c,flap,gen,20,pair,de,de-en+en-de,False,,cs-en,True,False,,,,,,,,,,,,,,,,,,,,,,,
alma-7b-flap20-gen-pair-de,alma-7b-flap20-gen-pair-de__alma10-greedy__cd426d061a1c,flap,gen,20,pair,de,de-en+en-de,False,,de-en,True,True,1984,0.831198,27.7585,51.5921,3.69979,-0.006345,-1.3139,-0.7306,0.280206,0.000875,-0.037072,0.001,0,0,0,0,0.9244,0.0005,0.0076,0.0081,0.001,0.0056,0.9405
alma-7b-flap20-gen-pair-de,alma-7b-flap20-gen-pair-de__alma10-greedy__cd426d061a1c,flap,gen,20,pair,de,de-en+en-de,False,,is-en,True,False,,,,,,,,,,,,,,,,,,,,,,,
alma-7b-flap20-gen-pair-de,alma-7b-flap20-gen-pair-de__alma10-greedy__cd426d061a1c,flap,gen,20,pair,de,de-en+en-de,False,,ru-en,True,False,,,,,,,,,,,,,,,,,,,,,,,
alma-7b-flap20-gen-pair-de,alma-7b-flap20-gen-pair-de__alma10-greedy__cd426d061a1c,flap,gen,20,pair,de,de-en+en-de,False,,zh-en,True,False,,,,,,,,,,,,,,,,,,,,,,,
alma-7b-flap20-gen-pair-de,alma-7b-flap20-gen-pair-de__alma10-greedy__cd426d061a1c,flap,gen,20,pair,de,de-en+en-de,False,,en-cs,False,False,,,,,,,,,,,,,,,,,,,,,,,
alma-7b-flap20-gen-pair-de,alma-7b-flap20-gen-pair-de__alma10-greedy__cd426d061a1c,flap,gen,20,pair,de,de-en+en-de,False,,en-de,False,True,2037,0.827867,25.2785,51.2529,1.53668,-0.020814,-2.9877,-3.2087,0.443167,0.009695,-0.085236,0.0118,0.0005,0.0015,0.0015,0,0.9853,0.0118,0.0074,0.0133,0.0118,0.0145,1.0106
alma-7b-flap20-gen-pair-de,alma-7b-flap20-gen-pair-de__alma10-greedy__cd426d061a1c,flap,gen,20,pair,de,de-en+en-de,False,,en-is,False,False,,,,,,,,,,,,,,,,,,,,,,,
alma-7b-flap20-gen-pair-de,alma-7b-flap20-gen-pair-de__alma10-greedy__cd426d061a1c,flap,gen,20,pair,de,de-en+en-de,False,,en-ru,False,False,,,,,,,,,,,,,,,,,,,,,,,
alma-7b-flap20-gen-pair-de,alma-7b-flap20-gen-pair-de__alma10-greedy__cd426d061a1c,flap,gen,20,pair,de,de-en+en-de,False,,en-zh,False,False,,,,,,,,,,,,,,,,,,,,,,,
alma-7b-flap20-gen-pair-is,alma-7b-flap20-gen-pair-is__alma10-greedy__92de88c81d9d,flap,gen,20,pair,is,en-is+is-en,False,,cs-en,True,False,,,,,,,,,,,,,,,,,,,,,,,
alma-7b-flap20-gen-pair-is,alma-7b-flap20-gen-pair-is__alma10-greedy__92de88c81d9d,flap,gen,20,pair,is,en-is+is-en,False,,de-en,True,False,,,,,,,,,,,,,,,,,,,,,,,
alma-7b-flap20-gen-pair-is,alma-7b-flap20-gen-pair-is__alma10-greedy__92de88c81d9d,flap,gen,20,pair,is,en-is+is-en,False,,is-en,True,True,1000,0.847702,31.7934,54.1029,3.8184,-0.009044,-2.8058,-2.0189,0.375985,-0.001999,0.094504,0.006,0,0,0,0,0.9389,0,0,0.011,0.006,0.0065,0.9666
alma-7b-flap20-gen-pair-is,alma-7b-flap20-gen-pair-is__alma10-greedy__92de88c81d9d,flap,gen,20,pair,is,en-is+is-en,False,,ru-en,True,False,,,,,,,,,,,,,,,,,,,,,,,
alma-7b-flap20-gen-pair-is,alma-7b-flap20-gen-pair-is__alma10-greedy__92de88c81d9d,flap,gen,20,pair,is,en-is+is-en,False,,zh-en,True,False,,,,,,,,,,,,,,,,,,,,,,,
alma-7b-flap20-gen-pair-is,alma-7b-flap20-gen-pair-is__alma10-greedy__92de88c81d9d,flap,gen,20,pair,is,en-is+is-en,False,,en-cs,False,False,,,,,,,,,,,,,,,,,,,,,,,
alma-7b-flap20-gen-pair-is,alma-7b-flap20-gen-pair-is__alma10-greedy__92de88c81d9d,flap,gen,20,pair,is,en-is+is-en,False,,en-de,False,False,,,,,,,,,,,,,,,,,,,,,,,
alma-7b-flap20-gen-pair-is,alma-7b-flap20-gen-pair-is__alma10-greedy__92de88c81d9d,flap,gen,20,pair,is,en-is+is-en,False,,en-is,False,True,1000,0.808735,19.8253,44.3647,6.35905,-0.036081,-4.0879,-4.714,2.28677,0.024622,-1.07918,0.002,0.002,0.003,0.003,0,0.9475,0.002,0,0.007,0.002,0.004,0.9847
alma-7b-flap20-gen-pair-is,alma-7b-flap20-gen-pair-is__alma10-greedy__92de88c81d9d,flap,gen,20,pair,is,en-is+is-en,False,,en-ru,False,False,,,,,,,,,,,,,,,,,,,,,,,
alma-7b-flap20-gen-pair-is,alma-7b-flap20-gen-pair-is__alma10-greedy__92de88c81d9d,flap,gen,20,pair,is,en-is+is-en,False,,en-zh,False,False,,,,,,,,,,,,,,,,,,,,,,,
alma-7b-flap20-gen-pair-ru,alma-7b-flap20-gen-pair-ru__alma10-greedy__f3a8c94127ff,flap,gen,20,pair,ru,en-ru+ru-en,False,,cs-en,True,False,,,,,,,,,,,,,,,,,,,,,,,
alma-7b-flap20-gen-pair-ru,alma-7b-flap20-gen-pair-ru__alma10-greedy__f3a8c94127ff,flap,gen,20,pair,ru,en-ru+ru-en,False,,de-en,True,False,,,,,,,,,,,,,,,,,,,,,,,
alma-7b-flap20-gen-pair-ru,alma-7b-flap20-gen-pair-ru__alma10-greedy__f3a8c94127ff,flap,gen,20,pair,ru,en-ru+ru-en,False,,is-en,True,False,,,,,,,,,,,,,,,,,,,,,,,
alma-7b-flap20-gen-pair-ru,alma-7b-flap20-gen-pair-ru__alma10-greedy__f3a8c94127ff,flap,gen,20,pair,ru,en-ru+ru-en,False,,ru-en,True,True,2016,0.831835,34.9172,58.3956,3.58913,-0.012687,-2.0862,-2.1509,0.47648,-0.001944,0.106578,0.0005,0,0,0,0,0.9831,0.0005,0.004,0.0188,0.0005,0.0083,1.0042
alma-7b-flap20-gen-pair-ru,alma-7b-flap20-gen-pair-ru__alma10-greedy__f3a8c94127ff,flap,gen,20,pair,ru,en-ru+ru-en,False,,zh-en,True,False,,,,,,,,,,,,,,,,,,,,,,,
alma-7b-flap20-gen-pair-ru,alma-7b-flap20-gen-pair-ru__alma10-greedy__f3a8c94127ff,flap,gen,20,pair,ru,en-ru+ru-en,False,,en-cs,False,False,,,,,,,,,,,,,,,,,,,,,,,
alma-7b-flap20-gen-pair-ru,alma-7b-flap20-gen-pair-ru__alma10-greedy__f3a8c94127ff,flap,gen,20,pair,ru,en-ru+ru-en,False,,en-de,False,False,,,,,,,,,,,,,,,,,,,,,,,
alma-7b-flap20-gen-pair-ru,alma-7b-flap20-gen-pair-ru__alma10-greedy__f3a8c94127ff,flap,gen,20,pair,ru,en-ru+ru-en,False,,en-is,False,False,,,,,,,,,,,,,,,,,,,,,,,
alma-7b-flap20-gen-pair-ru,alma-7b-flap20-gen-pair-ru__alma10-greedy__f3a8c94127ff,flap,gen,20,pair,ru,en-ru+ru-en,False,,en-ru,False,True,2037,0.841712,22.1901,45.7926,2.98351,-0.021316,-2.9588,-3.1883,0.713079,0.006535,-0.199009,0.0005,0,0,0,0,0.952,0.0005,0.0103,0.0329,0.0005,0.0126,0.9917
alma-7b-flap20-gen-pair-ru,alma-7b-flap20-gen-pair-ru__alma10-greedy__f3a8c94127ff,flap,gen,20,pair,ru,en-ru+ru-en,False,,en-zh,False,False,,,,,,,,,,,,,,,,,,,,,,,
alma-7b-flap20-gen-pair-zh,alma-7b-flap20-gen-pair-zh__alma10-greedy__94c97bca33cc,flap,gen,20,pair,zh,en-zh+zh-en,False,,cs-en,True,False,,,,,,,,,,,,,,,,,,,,,,,
alma-7b-flap20-gen-pair-zh,alma-7b-flap20-gen-pair-zh__alma10-greedy__94c97bca33cc,flap,gen,20,pair,zh,en-zh+zh-en,False,,de-en,True,False,,,,,,,,,,,,,,,,,,,,,,,
alma-7b-flap20-gen-pair-zh,alma-7b-flap20-gen-pair-zh__alma10-greedy__94c97bca33cc,flap,gen,20,pair,zh,en-zh+zh-en,False,,is-en,True,False,,,,,,,,,,,,,,,,,,,,,,,
alma-7b-flap20-gen-pair-zh,alma-7b-flap20-gen-pair-zh__alma10-greedy__94c97bca33cc,flap,gen,20,pair,zh,en-zh+zh-en,False,,ru-en,True,False,,,,,,,,,,,,,,,,,,,,,,,
alma-7b-flap20-gen-pair-zh,alma-7b-flap20-gen-pair-zh__alma10-greedy__94c97bca33cc,flap,gen,20,pair,zh,en-zh+zh-en,False,,zh-en,True,True,1875,0.782114,20.6014,47.8093,3.19276,-0.01458,-1.8199,-1.935,0.489591,0.003448,-0.212418,0.0016,0.0005,0.0021,0.0021,0,0.9488,0.0011,0.0139,0.0149,0.0016,0.0043,0.9794
alma-7b-flap20-gen-pair-zh,alma-7b-flap20-gen-pair-zh__alma10-greedy__94c97bca33cc,flap,gen,20,pair,zh,en-zh+zh-en,False,,en-cs,False,False,,,,,,,,,,,,,,,,,,,,,,,
alma-7b-flap20-gen-pair-zh,alma-7b-flap20-gen-pair-zh__alma10-greedy__94c97bca33cc,flap,gen,20,pair,zh,en-zh+zh-en,False,,en-de,False,False,,,,,,,,,,,,,,,,,,,,,,,
alma-7b-flap20-gen-pair-zh,alma-7b-flap20-gen-pair-zh__alma10-greedy__94c97bca33cc,flap,gen,20,pair,zh,en-zh+zh-en,False,,en-is,False,False,,,,,,,,,,,,,,,,,,,,,,,
alma-7b-flap20-gen-pair-zh,alma-7b-flap20-gen-pair-zh__alma10-greedy__94c97bca33cc,flap,gen,20,pair,zh,en-zh+zh-en,False,,en-ru,False,False,,,,,,,,,,,,,,,,,,,,,,,
alma-7b-flap20-gen-pair-zh,alma-7b-flap20-gen-pair-zh__alma10-greedy__94c97bca33cc,flap,gen,20,pair,zh,en-zh+zh-en,False,,en-zh,False,True,2037,0.82253,30.9638,24.4345,2.39601,-0.025144,-4.0796,-2.9576,0.536739,0.01941,-0.411231,0,0,0.0039,0.0039,0,0.984,0,0.1679,0.0255,0,0.0053,0.9906
alma-7b-slimgpt30-ref-pair-cs,alma-7b-slimgpt30-ref-pair-cs__alma10-greedy__a56bd0a0b79d,slimgpt,ref,30,pair,cs,cs-en+en-cs,False,,cs-en,True,True,1448,0.844157,36.2651,58.8807,4.38983,-0.01169,-5.0571,-3.7574,0.477913,0.001428,-0.076334,0.0041,0,0,0,0,0.9607,0.0007,0,0.0062,0.0041,0.0047,0.9751
alma-7b-slimgpt30-ref-pair-cs,alma-7b-slimgpt30-ref-pair-cs__alma10-greedy__a56bd0a0b79d,slimgpt,ref,30,pair,cs,cs-en+en-cs,False,,de-en,True,False,,,,,,,,,,,,,,,,,,,,,,,
alma-7b-slimgpt30-ref-pair-cs,alma-7b-slimgpt30-ref-pair-cs__alma10-greedy__a56bd0a0b79d,slimgpt,ref,30,pair,cs,cs-en+en-cs,False,,is-en,True,False,,,,,,,,,,,,,,,,,,,,,,,
alma-7b-slimgpt30-ref-pair-cs,alma-7b-slimgpt30-ref-pair-cs__alma10-greedy__a56bd0a0b79d,slimgpt,ref,30,pair,cs,cs-en+en-cs,False,,ru-en,True,False,,,,,,,,,,,,,,,,,,,,,,,
alma-7b-slimgpt30-ref-pair-cs,alma-7b-slimgpt30-ref-pair-cs__alma10-greedy__a56bd0a0b79d,slimgpt,ref,30,pair,cs,cs-en+en-cs,False,,zh-en,True,False,,,,,,,,,,,,,,,,,,,,,,,
alma-7b-slimgpt30-ref-pair-cs,alma-7b-slimgpt30-ref-pair-cs__alma10-greedy__a56bd0a0b79d,slimgpt,ref,30,pair,cs,cs-en+en-cs,False,,en-cs,False,True,2037,0.856302,22.8262,46.6789,4.27827,-0.022936,-3.5861,-3.2927,0.794517,0.013208,-0.598553,0.0025,0,0.0005,0.0005,0,0.9545,0.001,0.0103,0.0128,0.0025,0.0066,0.9805
alma-7b-slimgpt30-ref-pair-cs,alma-7b-slimgpt30-ref-pair-cs__alma10-greedy__a56bd0a0b79d,slimgpt,ref,30,pair,cs,cs-en+en-cs,False,,en-de,False,False,,,,,,,,,,,,,,,,,,,,,,,
alma-7b-slimgpt30-ref-pair-cs,alma-7b-slimgpt30-ref-pair-cs__alma10-greedy__a56bd0a0b79d,slimgpt,ref,30,pair,cs,cs-en+en-cs,False,,en-is,False,False,,,,,,,,,,,,,,,,,,,,,,,
alma-7b-slimgpt30-ref-pair-cs,alma-7b-slimgpt30-ref-pair-cs__alma10-greedy__a56bd0a0b79d,slimgpt,ref,30,pair,cs,cs-en+en-cs,False,,en-ru,False,False,,,,,,,,,,,,,,,,,,,,,,,
alma-7b-slimgpt30-ref-pair-cs,alma-7b-slimgpt30-ref-pair-cs__alma10-greedy__a56bd0a0b79d,slimgpt,ref,30,pair,cs,cs-en+en-cs,False,,en-zh,False,False,,,,,,,,,,,,,,,,,,,,,,,
alma-7b-slimgpt30-ref-pair-de,alma-7b-slimgpt30-ref-pair-de__alma10-greedy__56e649fcef93,slimgpt,ref,30,pair,de,de-en+en-de,False,,cs-en,True,False,,,,,,,,,,,,,,,,,,,,,,,
alma-7b-slimgpt30-ref-pair-de,alma-7b-slimgpt30-ref-pair-de__alma10-greedy__56e649fcef93,slimgpt,ref,30,pair,de,de-en+en-de,False,,de-en,True,True,1984,0.828958,26.3209,50.6282,3.84851,-0.008585,-2.7515,-1.6945,0.428923,0.002284,0.012377,0.001,0,0,0,0,0.9196,0.001,0.005,0.0076,0.001,0.005,0.9301
alma-7b-slimgpt30-ref-pair-de,alma-7b-slimgpt30-ref-pair-de__alma10-greedy__56e649fcef93,slimgpt,ref,30,pair,de,de-en+en-de,False,,is-en,True,False,,,,,,,,,,,,,,,,,,,,,,,
alma-7b-slimgpt30-ref-pair-de,alma-7b-slimgpt30-ref-pair-de__alma10-greedy__56e649fcef93,slimgpt,ref,30,pair,de,de-en+en-de,False,,ru-en,True,False,,,,,,,,,,,,,,,,,,,,,,,
alma-7b-slimgpt30-ref-pair-de,alma-7b-slimgpt30-ref-pair-de__alma10-greedy__56e649fcef93,slimgpt,ref,30,pair,de,de-en+en-de,False,,zh-en,True,False,,,,,,,,,,,,,,,,,,,,,,,
alma-7b-slimgpt30-ref-pair-de,alma-7b-slimgpt30-ref-pair-de__alma10-greedy__56e649fcef93,slimgpt,ref,30,pair,de,de-en+en-de,False,,en-cs,False,False,,,,,,,,,,,,,,,,,,,,,,,
alma-7b-slimgpt30-ref-pair-de,alma-7b-slimgpt30-ref-pair-de__alma10-greedy__56e649fcef93,slimgpt,ref,30,pair,de,de-en+en-de,False,,en-de,False,True,2037,0.831123,25.0246,51.506,1.45954,-0.017558,-3.2416,-2.9556,0.366027,0.014005,-0.148665,0.0113,0,0,0,0,0.9874,0.0098,0.0039,0.0147,0.0113,0.0146,1.0048
alma-7b-slimgpt30-ref-pair-de,alma-7b-slimgpt30-ref-pair-de__alma10-greedy__56e649fcef93,slimgpt,ref,30,pair,de,de-en+en-de,False,,en-is,False,False,,,,,,,,,,,,,,,,,,,,,,,
alma-7b-slimgpt30-ref-pair-de,alma-7b-slimgpt30-ref-pair-de__alma10-greedy__56e649fcef93,slimgpt,ref,30,pair,de,de-en+en-de,False,,en-ru,False,False,,,,,,,,,,,,,,,,,,,,,,,
alma-7b-slimgpt30-ref-pair-de,alma-7b-slimgpt30-ref-pair-de__alma10-greedy__56e649fcef93,slimgpt,ref,30,pair,de,de-en+en-de,False,,en-zh,False,False,,,,,,,,,,,,,,,,,,,,,,,
alma-7b-slimgpt30-ref-pair-is,alma-7b-slimgpt30-ref-pair-is__alma10-greedy__9a45e45369e3,slimgpt,ref,30,pair,is,en-is+is-en,False,,cs-en,True,False,,,,,,,,,,,,,,,,,,,,,,,
alma-7b-slimgpt30-ref-pair-is,alma-7b-slimgpt30-ref-pair-is__alma10-greedy__9a45e45369e3,slimgpt,ref,30,pair,is,en-is+is-en,False,,de-en,True,False,,,,,,,,,,,,,,,,,,,,,,,
alma-7b-slimgpt30-ref-pair-is,alma-7b-slimgpt30-ref-pair-is__alma10-greedy__9a45e45369e3,slimgpt,ref,30,pair,is,en-is+is-en,False,,is-en,True,True,1000,0.843182,30.3007,53.0347,4.00658,-0.013564,-4.2985,-3.0871,0.564166,-0.003779,0.090349,0.004,0,0,0,0,0.9297,0,0,0.01,0.004,0.0061,0.9519
alma-7b-slimgpt30-ref-pair-is,alma-7b-slimgpt30-ref-pair-is__alma10-greedy__9a45e45369e3,slimgpt,ref,30,pair,is,en-is+is-en,False,,ru-en,True,False,,,,,,,,,,,,,,,,,,,,,,,
alma-7b-slimgpt30-ref-pair-is,alma-7b-slimgpt30-ref-pair-is__alma10-greedy__9a45e45369e3,slimgpt,ref,30,pair,is,en-is+is-en,False,,zh-en,True,False,,,,,,,,,,,,,,,,,,,,,,,
alma-7b-slimgpt30-ref-pair-is,alma-7b-slimgpt30-ref-pair-is__alma10-greedy__9a45e45369e3,slimgpt,ref,30,pair,is,en-is+is-en,False,,en-cs,False,False,,,,,,,,,,,,,,,,,,,,,,,
alma-7b-slimgpt30-ref-pair-is,alma-7b-slimgpt30-ref-pair-is__alma10-greedy__9a45e45369e3,slimgpt,ref,30,pair,is,en-is+is-en,False,,en-de,False,False,,,,,,,,,,,,,,,,,,,,,,,
alma-7b-slimgpt30-ref-pair-is,alma-7b-slimgpt30-ref-pair-is__alma10-greedy__9a45e45369e3,slimgpt,ref,30,pair,is,en-is+is-en,False,,en-is,False,True,1000,0.819334,20.4824,45.4102,5.56564,-0.025482,-3.4308,-3.6685,1.49336,0.011364,-0.703282,0,0,0.001,0.001,0,0.9499,0,0.001,0.005,0,0.0038,0.9757
alma-7b-slimgpt30-ref-pair-is,alma-7b-slimgpt30-ref-pair-is__alma10-greedy__9a45e45369e3,slimgpt,ref,30,pair,is,en-is+is-en,False,,en-ru,False,False,,,,,,,,,,,,,,,,,,,,,,,
alma-7b-slimgpt30-ref-pair-is,alma-7b-slimgpt30-ref-pair-is__alma10-greedy__9a45e45369e3,slimgpt,ref,30,pair,is,en-is+is-en,False,,en-zh,False,False,,,,,,,,,,,,,,,,,,,,,,,
alma-7b-slimgpt30-ref-pair-ru,alma-7b-slimgpt30-ref-pair-ru__alma10-greedy__2ad01745a222,slimgpt,ref,30,pair,ru,en-ru+ru-en,False,,cs-en,True,False,,,,,,,,,,,,,,,,,,,,,,,
alma-7b-slimgpt30-ref-pair-ru,alma-7b-slimgpt30-ref-pair-ru__alma10-greedy__2ad01745a222,slimgpt,ref,30,pair,ru,en-ru+ru-en,False,,de-en,True,False,,,,,,,,,,,,,,,,,,,,,,,
alma-7b-slimgpt30-ref-pair-ru,alma-7b-slimgpt30-ref-pair-ru__alma10-greedy__2ad01745a222,slimgpt,ref,30,pair,ru,en-ru+ru-en,False,,is-en,True,False,,,,,,,,,,,,,,,,,,,,,,,
alma-7b-slimgpt30-ref-pair-ru,alma-7b-slimgpt30-ref-pair-ru__alma10-greedy__2ad01745a222,slimgpt,ref,30,pair,ru,en-ru+ru-en,False,,ru-en,True,True,2016,0.828948,33.4197,57.8162,3.6678,-0.015574,-3.5837,-2.7303,0.555156,-0.000377,-0.022956,0,0.0005,0.0005,0.0005,0,0.9887,0.0005,0.0045,0.0159,0,0.0068,1.0118
alma-7b-slimgpt30-ref-pair-ru,alma-7b-slimgpt30-ref-pair-ru__alma10-greedy__2ad01745a222,slimgpt,ref,30,pair,ru,en-ru+ru-en,False,,zh-en,True,False,,,,,,,,,,,,,,,,,,,,,,,
alma-7b-slimgpt30-ref-pair-ru,alma-7b-slimgpt30-ref-pair-ru__alma10-greedy__2ad01745a222,slimgpt,ref,30,pair,ru,en-ru+ru-en,False,,en-cs,False,False,,,,,,,,,,,,,,,,,,,,,,,
alma-7b-slimgpt30-ref-pair-ru,alma-7b-slimgpt30-ref-pair-ru__alma10-greedy__2ad01745a222,slimgpt,ref,30,pair,ru,en-ru+ru-en,False,,en-de,False,False,,,,,,,,,,,,,,,,,,,,,,,
alma-7b-slimgpt30-ref-pair-ru,alma-7b-slimgpt30-ref-pair-ru__alma10-greedy__2ad01745a222,slimgpt,ref,30,pair,ru,en-ru+ru-en,False,,en-is,False,False,,,,,,,,,,,,,,,,,,,,,,,
alma-7b-slimgpt30-ref-pair-ru,alma-7b-slimgpt30-ref-pair-ru__alma10-greedy__2ad01745a222,slimgpt,ref,30,pair,ru,en-ru+ru-en,False,,en-ru,False,True,2037,0.838515,21.5059,45.7738,2.94099,-0.024513,-3.643,-3.2071,0.670561,0.005792,-0.22301,0.0005,0,0,0,0,0.9498,0.0005,0.0103,0.0226,0.0005,0.0118,0.9842
alma-7b-slimgpt30-ref-pair-ru,alma-7b-slimgpt30-ref-pair-ru__alma10-greedy__2ad01745a222,slimgpt,ref,30,pair,ru,en-ru+ru-en,False,,en-zh,False,False,,,,,,,,,,,,,,,,,,,,,,,
alma-7b-slimgpt30-ref-pair-zh,alma-7b-slimgpt30-ref-pair-zh__alma10-greedy__1b01f61b8b43,slimgpt,ref,30,pair,zh,en-zh+zh-en,False,,cs-en,True,False,,,,,,,,,,,,,,,,,,,,,,,
alma-7b-slimgpt30-ref-pair-zh,alma-7b-slimgpt30-ref-pair-zh__alma10-greedy__1b01f61b8b43,slimgpt,ref,30,pair,zh,en-zh+zh-en,False,,de-en,True,False,,,,,,,,,,,,,,,,,,,,,,,
alma-7b-slimgpt30-ref-pair-zh,alma-7b-slimgpt30-ref-pair-zh__alma10-greedy__1b01f61b8b43,slimgpt,ref,30,pair,zh,en-zh+zh-en,False,,is-en,True,False,,,,,,,,,,,,,,,,,,,,,,,
alma-7b-slimgpt30-ref-pair-zh,alma-7b-slimgpt30-ref-pair-zh__alma10-greedy__1b01f61b8b43,slimgpt,ref,30,pair,zh,en-zh+zh-en,False,,ru-en,True,False,,,,,,,,,,,,,,,,,,,,,,,
alma-7b-slimgpt30-ref-pair-zh,alma-7b-slimgpt30-ref-pair-zh__alma10-greedy__1b01f61b8b43,slimgpt,ref,30,pair,zh,en-zh+zh-en,False,,zh-en,True,True,1875,0.775529,19.9358,47.0501,3.48152,-0.021165,-2.4855,-2.6942,0.778351,-0.001036,0.100133,0.0016,0.0011,0.0016,0.0016,0,0.9381,0.0016,0.0117,0.0101,0.0016,0.0034,0.9631
alma-7b-slimgpt30-ref-pair-zh,alma-7b-slimgpt30-ref-pair-zh__alma10-greedy__1b01f61b8b43,slimgpt,ref,30,pair,zh,en-zh+zh-en,False,,en-cs,False,False,,,,,,,,,,,,,,,,,,,,,,,
alma-7b-slimgpt30-ref-pair-zh,alma-7b-slimgpt30-ref-pair-zh__alma10-greedy__1b01f61b8b43,slimgpt,ref,30,pair,zh,en-zh+zh-en,False,,en-de,False,False,,,,,,,,,,,,,,,,,,,,,,,
alma-7b-slimgpt30-ref-pair-zh,alma-7b-slimgpt30-ref-pair-zh__alma10-greedy__1b01f61b8b43,slimgpt,ref,30,pair,zh,en-zh+zh-en,False,,en-is,False,False,,,,,,,,,,,,,,,,,,,,,,,
alma-7b-slimgpt30-ref-pair-zh,alma-7b-slimgpt30-ref-pair-zh__alma10-greedy__1b01f61b8b43,slimgpt,ref,30,pair,zh,en-zh+zh-en,False,,en-ru,False,False,,,,,,,,,,,,,,,,,,,,,,,
alma-7b-slimgpt30-ref-pair-zh,alma-7b-slimgpt30-ref-pair-zh__alma10-greedy__1b01f61b8b43,slimgpt,ref,30,pair,zh,en-zh+zh-en,False,,en-zh,False,True,2037,0.818924,29.956,23.9055,2.43725,-0.02875,-5.0874,-3.4866,0.577975,0.019068,-0.44844,0.0005,0,0.002,0.002,0,0.9682,0.0005,0.1517,0.028,0.0005,0.0001,0.9804
alma-7b-slimgpt30-gen-pair-cs,alma-7b-slimgpt30-gen-pair-cs__alma10-greedy__8e70a8eb47d1,slimgpt,gen,30,pair,cs,cs-en+en-cs,False,,cs-en,True,True,1448,0.843739,36.2771,59.0497,4.41578,-0.012108,-5.0451,-3.5884,0.503865,-0.00039,-0.02328,0.0048,0,0,0,0,0.9639,0.0007,0.0007,0.0055,0.0048,0.0046,0.9771
alma-7b-slimgpt30-gen-pair-cs,alma-7b-slimgpt30-gen-pair-cs__alma10-greedy__8e70a8eb47d1,slimgpt,gen,30,pair,cs,cs-en+en-cs,False,,de-en,True,False,,,,,,,,,,,,,,,,,,,,,,,
alma-7b-slimgpt30-gen-pair-cs,alma-7b-slimgpt30-gen-pair-cs__alma10-greedy__8e70a8eb47d1,slimgpt,gen,30,pair,cs,cs-en+en-cs,False,,is-en,True,False,,,,,,,,,,,,,,,,,,,,,,,
alma-7b-slimgpt30-gen-pair-cs,alma-7b-slimgpt30-gen-pair-cs__alma10-greedy__8e70a8eb47d1,slimgpt,gen,30,pair,cs,cs-en+en-cs,False,,ru-en,True,False,,,,,,,,,,,,,,,,,,,,,,,
alma-7b-slimgpt30-gen-pair-cs,alma-7b-slimgpt30-gen-pair-cs__alma10-greedy__8e70a8eb47d1,slimgpt,gen,30,pair,cs,cs-en+en-cs,False,,zh-en,True,False,,,,,,,,,,,,,,,,,,,,,,,
alma-7b-slimgpt30-gen-pair-cs,alma-7b-slimgpt30-gen-pair-cs__alma10-greedy__8e70a8eb47d1,slimgpt,gen,30,pair,cs,cs-en+en-cs,False,,en-cs,False,True,2037,0.856347,22.6001,46.6915,4.29795,-0.022891,-3.8122,-3.2801,0.814201,0.014701,-0.624399,0.0025,0,0,0,0,0.9513,0.0015,0.0103,0.0128,0.0025,0.0067,0.9784
alma-7b-slimgpt30-gen-pair-cs,alma-7b-slimgpt30-gen-pair-cs__alma10-greedy__8e70a8eb47d1,slimgpt,gen,30,pair,cs,cs-en+en-cs,False,,en-de,False,False,,,,,,,,,,,,,,,,,,,,,,,
alma-7b-slimgpt30-gen-pair-cs,alma-7b-slimgpt30-gen-pair-cs__alma10-greedy__8e70a8eb47d1,slimgpt,gen,30,pair,cs,cs-en+en-cs,False,,en-is,False,False,,,,,,,,,,,,,,,,,,,,,,,
alma-7b-slimgpt30-gen-pair-cs,alma-7b-slimgpt30-gen-pair-cs__alma10-greedy__8e70a8eb47d1,slimgpt,gen,30,pair,cs,cs-en+en-cs,False,,en-ru,False,False,,,,,,,,,,,,,,,,,,,,,,,
alma-7b-slimgpt30-gen-pair-cs,alma-7b-slimgpt30-gen-pair-cs__alma10-greedy__8e70a8eb47d1,slimgpt,gen,30,pair,cs,cs-en+en-cs,False,,en-zh,False,False,,,,,,,,,,,,,,,,,,,,,,,
alma-7b-slimgpt30-gen-pair-de,alma-7b-slimgpt30-gen-pair-de__alma10-greedy__ad4678c9b944,slimgpt,gen,30,pair,de,de-en+en-de,False,,cs-en,True,False,,,,,,,,,,,,,,,,,,,,,,,
alma-7b-slimgpt30-gen-pair-de,alma-7b-slimgpt30-gen-pair-de__alma10-greedy__ad4678c9b944,slimgpt,gen,30,pair,de,de-en+en-de,False,,de-en,True,True,1984,0.829247,26.4185,50.6605,3.83438,-0.008296,-2.6539,-1.6622,0.414795,0.002739,-0.004498,0.001,0,0,0,0,0.9216,0.0005,0.0045,0.0076,0.001,0.0051,0.9313
alma-7b-slimgpt30-gen-pair-de,alma-7b-slimgpt30-gen-pair-de__alma10-greedy__ad4678c9b944,slimgpt,gen,30,pair,de,de-en+en-de,False,,is-en,True,False,,,,,,,,,,,,,,,,,,,,,,,
alma-7b-slimgpt30-gen-pair-de,alma-7b-slimgpt30-gen-pair-de__alma10-greedy__ad4678c9b944,slimgpt,gen,30,pair,de,de-en+en-de,False,,ru-en,True,False,,,,,,,,,,,,,,,,,,,,,,,
alma-7b-slimgpt30-gen-pair-de,alma-7b-slimgpt30-gen-pair-de__alma10-greedy__ad4678c9b944,slimgpt,gen,30,pair,de,de-en+en-de,False,,zh-en,True,False,,,,,,,,,,,,,,,,,,,,,,,
alma-7b-slimgpt30-gen-pair-de,alma-7b-slimgpt30-gen-pair-de__alma10-greedy__ad4678c9b944,slimgpt,gen,30,pair,de,de-en+en-de,False,,en-cs,False,False,,,,,,,,,,,,,,,,,,,,,,,
alma-7b-slimgpt30-gen-pair-de,alma-7b-slimgpt30-gen-pair-de__alma10-greedy__ad4678c9b944,slimgpt,gen,30,pair,de,de-en+en-de,False,,en-de,False,True,2037,0.830424,25.081,51.6876,1.41463,-0.018257,-3.1852,-2.774,0.321118,0.011855,-0.217699,0.0064,0,0,0,0,0.9913,0.0044,0.0029,0.0098,0.0064,0.0147,1.0071
alma-7b-slimgpt30-gen-pair-de,alma-7b-slimgpt30-gen-pair-de__alma10-greedy__ad4678c9b944,slimgpt,gen,30,pair,de,de-en+en-de,False,,en-is,False,False,,,,,,,,,,,,,,,,,,,,,,,
alma-7b-slimgpt30-gen-pair-de,alma-7b-slimgpt30-gen-pair-de__alma10-greedy__ad4678c9b944,slimgpt,gen,30,pair,de,de-en+en-de,False,,en-ru,False,False,,,,,,,,,,,,,,,,,,,,,,,
alma-7b-slimgpt30-gen-pair-de,alma-7b-slimgpt30-gen-pair-de__alma10-greedy__ad4678c9b944,slimgpt,gen,30,pair,de,de-en+en-de,False,,en-zh,False,False,,,,,,,,,,,,,,,,,,,,,,,
alma-7b-slimgpt30-gen-pair-is,alma-7b-slimgpt30-gen-pair-is__alma10-greedy__644fc68e3d3b,slimgpt,gen,30,pair,is,en-is+is-en,False,,cs-en,True,False,,,,,,,,,,,,,,,,,,,,,,,
alma-7b-slimgpt30-gen-pair-is,alma-7b-slimgpt30-gen-pair-is__alma10-greedy__644fc68e3d3b,slimgpt,gen,30,pair,is,en-is+is-en,False,,de-en,True,False,,,,,,,,,,,,,,,,,,,,,,,
alma-7b-slimgpt30-gen-pair-is,alma-7b-slimgpt30-gen-pair-is__alma10-greedy__644fc68e3d3b,slimgpt,gen,30,pair,is,en-is+is-en,False,,is-en,True,True,1000,0.843775,31.0167,53.7855,3.99004,-0.012971,-3.5825,-2.3363,0.547622,-0.004798,0.181391,0.005,0,0,0,0,0.9353,0,0,0.011,0.005,0.0058,0.957
alma-7b-slimgpt30-gen-pair-is,alma-7b-slimgpt30-gen-pair-is__alma10-greedy__644fc68e3d3b,slimgpt,gen,30,pair,is,en-is+is-en,False,,ru-en,True,False,,,,,,,,,,,,,,,,,,,,,,,
alma-7b-slimgpt30-gen-pair-is,alma-7b-slimgpt30-gen-pair-is__alma10-greedy__644fc68e3d3b,slimgpt,gen,30,pair,is,en-is+is-en,False,,zh-en,True,False,,,,,,,,,,,,,,,,,,,,,,,
alma-7b-slimgpt30-gen-pair-is,alma-7b-slimgpt30-gen-pair-is__alma10-greedy__644fc68e3d3b,slimgpt,gen,30,pair,is,en-is+is-en,False,,en-cs,False,False,,,,,,,,,,,,,,,,,,,,,,,
alma-7b-slimgpt30-gen-pair-is,alma-7b-slimgpt30-gen-pair-is__alma10-greedy__644fc68e3d3b,slimgpt,gen,30,pair,is,en-is+is-en,False,,en-de,False,False,,,,,,,,,,,,,,,,,,,,,,,
alma-7b-slimgpt30-gen-pair-is,alma-7b-slimgpt30-gen-pair-is__alma10-greedy__644fc68e3d3b,slimgpt,gen,30,pair,is,en-is+is-en,False,,en-is,False,True,1000,0.820551,21.0511,45.8851,5.52425,-0.024265,-2.8621,-3.1936,1.45197,0.013132,-0.808549,0,0.001,0,0,0,0.9514,0,0.001,0.005,0,0.0038,0.9771
alma-7b-slimgpt30-gen-pair-is,alma-7b-slimgpt30-gen-pair-is__alma10-greedy__644fc68e3d3b,slimgpt,gen,30,pair,is,en-is+is-en,False,,en-ru,False,False,,,,,,,,,,,,,,,,,,,,,,,
alma-7b-slimgpt30-gen-pair-is,alma-7b-slimgpt30-gen-pair-is__alma10-greedy__644fc68e3d3b,slimgpt,gen,30,pair,is,en-is+is-en,False,,en-zh,False,False,,,,,,,,,,,,,,,,,,,,,,,
alma-7b-slimgpt30-gen-pair-ru,alma-7b-slimgpt30-gen-pair-ru__alma10-greedy__2566d250a46d,slimgpt,gen,30,pair,ru,en-ru+ru-en,False,,cs-en,True,False,,,,,,,,,,,,,,,,,,,,,,,
alma-7b-slimgpt30-gen-pair-ru,alma-7b-slimgpt30-gen-pair-ru__alma10-greedy__2566d250a46d,slimgpt,gen,30,pair,ru,en-ru+ru-en,False,,de-en,True,False,,,,,,,,,,,,,,,,,,,,,,,
alma-7b-slimgpt30-gen-pair-ru,alma-7b-slimgpt30-gen-pair-ru__alma10-greedy__2566d250a46d,slimgpt,gen,30,pair,ru,en-ru+ru-en,False,,is-en,True,False,,,,,,,,,,,,,,,,,,,,,,,
alma-7b-slimgpt30-gen-pair-ru,alma-7b-slimgpt30-gen-pair-ru__alma10-greedy__2566d250a46d,slimgpt,gen,30,pair,ru,en-ru+ru-en,False,,ru-en,True,True,2016,0.829248,33.6306,58.0113,3.67378,-0.015274,-3.3728,-2.5352,0.561134,-0.000221,0.012432,0,0.0005,0,0,0,0.9898,0.0005,0.0035,0.0149,0,0.0067,1.0134
alma-7b-slimgpt30-gen-pair-ru,alma-7b-slimgpt30-gen-pair-ru__alma10-greedy__2566d250a46d,slimgpt,gen,30,pair,ru,en-ru+ru-en,False,,zh-en,True,False,,,,,,,,,,,,,,,,,,,,,,,
alma-7b-slimgpt30-gen-pair-ru,alma-7b-slimgpt30-gen-pair-ru__alma10-greedy__2566d250a46d,slimgpt,gen,30,pair,ru,en-ru+ru-en,False,,en-cs,False,False,,,,,,,,,,,,,,,,,,,,,,,
alma-7b-slimgpt30-gen-pair-ru,alma-7b-slimgpt30-gen-pair-ru__alma10-greedy__2566d250a46d,slimgpt,gen,30,pair,ru,en-ru+ru-en,False,,en-de,False,False,,,,,,,,,,,,,,,,,,,,,,,
alma-7b-slimgpt30-gen-pair-ru,alma-7b-slimgpt30-gen-pair-ru__alma10-greedy__2566d250a46d,slimgpt,gen,30,pair,ru,en-ru+ru-en,False,,en-is,False,False,,,,,,,,,,,,,,,,,,,,,,,
alma-7b-slimgpt30-gen-pair-ru,alma-7b-slimgpt30-gen-pair-ru__alma10-greedy__2566d250a46d,slimgpt,gen,30,pair,ru,en-ru+ru-en,False,,en-ru,False,True,2037,0.837877,21.5451,45.8936,3.0754,-0.025151,-3.6038,-3.0873,0.804971,0.006122,-0.139066,0,0,0.0005,0.0005,0,0.9513,0,0.0098,0.0265,0,0.0118,0.9873
alma-7b-slimgpt30-gen-pair-ru,alma-7b-slimgpt30-gen-pair-ru__alma10-greedy__2566d250a46d,slimgpt,gen,30,pair,ru,en-ru+ru-en,False,,en-zh,False,False,,,,,,,,,,,,,,,,,,,,,,,
alma-7b-slimgpt30-gen-pair-zh,alma-7b-slimgpt30-gen-pair-zh__alma10-greedy__081885da9b33,slimgpt,gen,30,pair,zh,en-zh+zh-en,False,,cs-en,True,False,,,,,,,,,,,,,,,,,,,,,,,
alma-7b-slimgpt30-gen-pair-zh,alma-7b-slimgpt30-gen-pair-zh__alma10-greedy__081885da9b33,slimgpt,gen,30,pair,zh,en-zh+zh-en,False,,de-en,True,False,,,,,,,,,,,,,,,,,,,,,,,
alma-7b-slimgpt30-gen-pair-zh,alma-7b-slimgpt30-gen-pair-zh__alma10-greedy__081885da9b33,slimgpt,gen,30,pair,zh,en-zh+zh-en,False,,is-en,True,False,,,,,,,,,,,,,,,,,,,,,,,
alma-7b-slimgpt30-gen-pair-zh,alma-7b-slimgpt30-gen-pair-zh__alma10-greedy__081885da9b33,slimgpt,gen,30,pair,zh,en-zh+zh-en,False,,ru-en,True,False,,,,,,,,,,,,,,,,,,,,,,,
alma-7b-slimgpt30-gen-pair-zh,alma-7b-slimgpt30-gen-pair-zh__alma10-greedy__081885da9b33,slimgpt,gen,30,pair,zh,en-zh+zh-en,False,,zh-en,True,True,1875,0.777336,20.0728,47.1446,3.46637,-0.019358,-2.3485,-2.5997,0.763198,-0.001397,0.024362,0,0.0016,0.0016,0.0016,0,0.9385,0.0005,0.0112,0.0096,0,0.0035,0.9646
alma-7b-slimgpt30-gen-pair-zh,alma-7b-slimgpt30-gen-pair-zh__alma10-greedy__081885da9b33,slimgpt,gen,30,pair,zh,en-zh+zh-en,False,,en-cs,False,False,,,,,,,,,,,,,,,,,,,,,,,
alma-7b-slimgpt30-gen-pair-zh,alma-7b-slimgpt30-gen-pair-zh__alma10-greedy__081885da9b33,slimgpt,gen,30,pair,zh,en-zh+zh-en,False,,en-de,False,False,,,,,,,,,,,,,,,,,,,,,,,
alma-7b-slimgpt30-gen-pair-zh,alma-7b-slimgpt30-gen-pair-zh__alma10-greedy__081885da9b33,slimgpt,gen,30,pair,zh,en-zh+zh-en,False,,en-is,False,False,,,,,,,,,,,,,,,,,,,,,,,
alma-7b-slimgpt30-gen-pair-zh,alma-7b-slimgpt30-gen-pair-zh__alma10-greedy__081885da9b33,slimgpt,gen,30,pair,zh,en-zh+zh-en,False,,en-ru,False,False,,,,,,,,,,,,,,,,,,,,,,,
alma-7b-slimgpt30-gen-pair-zh,alma-7b-slimgpt30-gen-pair-zh__alma10-greedy__081885da9b33,slimgpt,gen,30,pair,zh,en-zh+zh-en,False,,en-zh,False,True,2037,0.818731,30.1449,23.7991,2.44573,-0.028943,-4.8985,-3.593,0.586455,0.018189,-0.411835,0,0,0.0025,0.0025,0,0.9698,0,0.1527,0.025,0,0.0031,0.9745
alma-7b-flap30-ref-pair-cs,alma-7b-flap30-ref-pair-cs__alma10-greedy__1e98a55f17d2,flap,ref,30,pair,cs,cs-en+en-cs,False,,cs-en,True,True,1448,0.832785,34.555,57.4593,5.02095,-0.023062,-6.7672,-5.1788,1.10904,0.000246,0.121484,0.0062,0,0,0,0,0.9523,0.0014,0,0.0104,0.0062,0.0061,0.9743
alma-7b-flap30-ref-pair-cs,alma-7b-flap30-ref-pair-cs__alma10-greedy__1e98a55f17d2,flap,ref,30,pair,cs,cs-en+en-cs,False,,de-en,True,False,,,,,,,,,,,,,,,,,,,,,,,
alma-7b-flap30-ref-pair-cs,alma-7b-flap30-ref-pair-cs__alma10-greedy__1e98a55f17d2,flap,ref,30,pair,cs,cs-en+en-cs,False,,is-en,True,False,,,,,,,,,,,,,,,,,,,,,,,
alma-7b-flap30-ref-pair-cs,alma-7b-flap30-ref-pair-cs__alma10-greedy__1e98a55f17d2,flap,ref,30,pair,cs,cs-en+en-cs,False,,ru-en,True,False,,,,,,,,,,,,,,,,,,,,,,,
alma-7b-flap30-ref-pair-cs,alma-7b-flap30-ref-pair-cs__alma10-greedy__1e98a55f17d2,flap,ref,30,pair,cs,cs-en+en-cs,False,,zh-en,True,False,,,,,,,,,,,,,,,,,,,,,,,
alma-7b-flap30-ref-pair-cs,alma-7b-flap30-ref-pair-cs__alma10-greedy__1e98a55f17d2,flap,ref,30,pair,cs,cs-en+en-cs,False,,en-cs,False,True,2037,0.82454,20.8708,43.8486,5.85118,-0.054698,-5.5415,-6.123,2.36743,0.033786,-1.15145,0.0049,0.001,0.002,0.002,0,0.9515,0.001,0.0123,0.0216,0.0049,0.0079,0.9907
alma-7b-flap30-ref-pair-cs,alma-7b-flap30-ref-pair-cs__alma10-greedy__1e98a55f17d2,flap,ref,30,pair,cs,cs-en+en-cs,False,,en-de,False,False,,,,,,,,,,,,,,,,,,,,,,,
alma-7b-flap30-ref-pair-cs,alma-7b-flap30-ref-pair-cs__alma10-greedy__1e98a55f17d2,flap,ref,30,pair,cs,cs-en+en-cs,False,,en-is,False,False,,,,,,,,,,,,,,,,,,,,,,,
alma-7b-flap30-ref-pair-cs,alma-7b-flap30-ref-pair-cs__alma10-greedy__1e98a55f17d2,flap,ref,30,pair,cs,cs-en+en-cs,False,,en-ru,False,False,,,,,,,,,,,,,,,,,,,,,,,
alma-7b-flap30-ref-pair-cs,alma-7b-flap30-ref-pair-cs__alma10-greedy__1e98a55f17d2,flap,ref,30,pair,cs,cs-en+en-cs,False,,en-zh,False,False,,,,,,,,,,,,,,,,,,,,,,,
alma-7b-flap30-ref-pair-de,alma-7b-flap30-ref-pair-de__alma10-greedy__7f715d4f12a9,flap,ref,30,pair,de,de-en+en-de,False,,cs-en,True,False,,,,,,,,,,,,,,,,,,,,,,,
alma-7b-flap30-ref-pair-de,alma-7b-flap30-ref-pair-de__alma10-greedy__7f715d4f12a9,flap,ref,30,pair,de,de-en+en-de,False,,de-en,True,True,1984,0.820744,26.9559,50.2398,4.12486,-0.016799,-2.1165,-2.0829,0.705275,0.000963,-0.046722,0.002,0.0005,0.001,0.001,0,0.9256,0.0015,0.0066,0.006,0.002,0.0054,0.9489
alma-7b-flap30-ref-pair-de,alma-7b-flap30-ref-pair-de__alma10-greedy__7f715d4f12a9,flap,ref,30,pair,de,de-en+en-de,False,,is-en,True,False,,,,,,,,,,,,,,,,,,,,,,,
alma-7b-flap30-ref-pair-de,alma-7b-flap30-ref-pair-de__alma10-greedy__7f715d4f12a9,flap,ref,30,pair,de,de-en+en-de,False,,ru-en,True,False,,,,,,,,,,,,,,,,,,,,,,,
alma-7b-flap30-ref-pair-de,alma-7b-flap30-ref-pair-de__alma10-greedy__7f715d4f12a9,flap,ref,30,pair,de,de-en+en-de,False,,zh-en,True,False,,,,,,,,,,,,,,,,,,,,,,,
alma-7b-flap30-ref-pair-de,alma-7b-flap30-ref-pair-de__alma10-greedy__7f715d4f12a9,flap,ref,30,pair,de,de-en+en-de,False,,en-cs,False,False,,,,,,,,,,,,,,,,,,,,,,,
alma-7b-flap30-ref-pair-de,alma-7b-flap30-ref-pair-de__alma10-greedy__7f715d4f12a9,flap,ref,30,pair,de,de-en+en-de,False,,en-de,False,True,2037,0.806386,23.5426,49.058,1.95904,-0.042295,-4.7236,-5.4036,0.865533,0.014749,-0.288154,0.0196,0,0,0,0,0.9697,0.0201,0.0069,0.0211,0.0196,0.0152,1.0026
alma-7b-flap30-ref-pair-de,alma-7b-flap30-ref-pair-de__alma10-greedy__7f715d4f12a9,flap,ref,30,pair,de,de-en+en-de,False,,en-is,False,False,,,,,,,,,,,,,,,,,,,,,,,
alma-7b-flap30-ref-pair-de,alma-7b-flap30-ref-pair-de__alma10-greedy__7f715d4f12a9,flap,ref,30,pair,de,de-en+en-de,False,,en-ru,False,False,,,,,,,,,,,,,,,,,,,,,,,
alma-7b-flap30-ref-pair-de,alma-7b-flap30-ref-pair-de__alma10-greedy__7f715d4f12a9,flap,ref,30,pair,de,de-en+en-de,False,,en-zh,False,False,,,,,,,,,,,,,,,,,,,,,,,
alma-7b-flap30-ref-pair-is,alma-7b-flap30-ref-pair-is__alma10-greedy__97756738ec30,flap,ref,30,pair,is,en-is+is-en,False,,cs-en,True,False,,,,,,,,,,,,,,,,,,,,,,,
alma-7b-flap30-ref-pair-is,alma-7b-flap30-ref-pair-is__alma10-greedy__97756738ec30,flap,ref,30,pair,is,en-is+is-en,False,,de-en,True,False,,,,,,,,,,,,,,,,,,,,,,,
alma-7b-flap30-ref-pair-is,alma-7b-flap30-ref-pair-is__alma10-greedy__97756738ec30,flap,ref,30,pair,is,en-is+is-en,False,,is-en,True,True,1000,0.827708,29.3832,51.3466,4.56684,-0.029038,-5.216,-4.7752,1.12442,-0.001649,-0.046389,0.005,0.005,0.006,0.006,0,0.965,0,0,0.009,0.005,0.0059,0.9977
alma-7b-flap30-ref-pair-is,alma-7b-flap30-ref-pair-is__alma10-greedy__97756738ec30,flap,ref,30,pair,is,en-is+is-en,False,,ru-en,True,False,,,,,,,,,,,,,,,,,,,,,,,
alma-7b-flap30-ref-pair-is,alma-7b-flap30-ref-pair-is__alma10-greedy__97756738ec30,flap,ref,30,pair,is,en-is+is-en,False,,zh-en,True,False,,,,,,,,,,,,,,,,,,,,,,,
alma-7b-flap30-ref-pair-is,alma-7b-flap30-ref-pair-is__alma10-greedy__97756738ec30,flap,ref,30,pair,is,en-is+is-en,False,,en-cs,False,False,,,,,,,,,,,,,,,,,,,,,,,
alma-7b-flap30-ref-pair-is,alma-7b-flap30-ref-pair-is__alma10-greedy__97756738ec30,flap,ref,30,pair,is,en-is+is-en,False,,en-de,False,False,,,,,,,,,,,,,,,,,,,,,,,
alma-7b-flap30-ref-pair-is,alma-7b-flap30-ref-pair-is__alma10-greedy__97756738ec30,flap,ref,30,pair,is,en-is+is-en,False,,en-is,False,True,1000,0.75347,16.3442,40.0501,8.79146,-0.091346,-7.569,-9.0286,4.71918,0.07444,-2.94285,0.001,0.005,0.014,0.014,0,0.9516,0.001,0,0.005,0.001,0.0042,1.0067
alma-7b-flap30-ref-pair-is,alma-7b-flap30-ref-pair-is__alma10-greedy__97756738ec30,flap,ref,30,pair,is,en-is+is-en,False,,en-ru,False,False,,,,,,,,,,,,,,,,,,,,,,,
alma-7b-flap30-ref-pair-is,alma-7b-flap30-ref-pair-is__alma10-greedy__97756738ec30,flap,ref,30,pair,is,en-is+is-en,False,,en-zh,False,False,,,,,,,,,,,,,,,,,,,,,,,
alma-7b-flap30-ref-pair-ru,alma-7b-flap30-ref-pair-ru__alma10-greedy__6c9575e82d05,flap,ref,30,pair,ru,en-ru+ru-en,False,,cs-en,True,False,,,,,,,,,,,,,,,,,,,,,,,
alma-7b-flap30-ref-pair-ru,alma-7b-flap30-ref-pair-ru__alma10-greedy__6c9575e82d05,flap,ref,30,pair,ru,en-ru+ru-en,False,,de-en,True,False,,,,,,,,,,,,,,,,,,,,,,,
alma-7b-flap30-ref-pair-ru,alma-7b-flap30-ref-pair-ru__alma10-greedy__6c9575e82d05,flap,ref,30,pair,ru,en-ru+ru-en,False,,is-en,True,False,,,,,,,,,,,,,,,,,,,,,,,
alma-7b-flap30-ref-pair-ru,alma-7b-flap30-ref-pair-ru__alma10-greedy__6c9575e82d05,flap,ref,30,pair,ru,en-ru+ru-en,False,,ru-en,True,True,2016,0.814932,31.6598,56.13,4.3213,-0.02959,-5.3436,-4.4165,1.20866,-0.003015,0.127679,0.0005,0.002,0.0025,0.0025,0,1.0093,0.0005,0.005,0.0179,0.0005,0.0081,1.0309
alma-7b-flap30-ref-pair-ru,alma-7b-flap30-ref-pair-ru__alma10-greedy__6c9575e82d05,flap,ref,30,pair,ru,en-ru+ru-en,False,,zh-en,True,False,,,,,,,,,,,,,,,,,,,,,,,
alma-7b-flap30-ref-pair-ru,alma-7b-flap30-ref-pair-ru__alma10-greedy__6c9575e82d05,flap,ref,30,pair,ru,en-ru+ru-en,False,,en-cs,False,False,,,,,,,,,,,,,,,,,,,,,,,
alma-7b-flap30-ref-pair-ru,alma-7b-flap30-ref-pair-ru__alma10-greedy__6c9575e82d05,flap,ref,30,pair,ru,en-ru+ru-en,False,,en-de,False,False,,,,,,,,,,,,,,,,,,,,,,,
alma-7b-flap30-ref-pair-ru,alma-7b-flap30-ref-pair-ru__alma10-greedy__6c9575e82d05,flap,ref,30,pair,ru,en-ru+ru-en,False,,en-is,False,False,,,,,,,,,,,,,,,,,,,,,,,
alma-7b-flap30-ref-pair-ru,alma-7b-flap30-ref-pair-ru__alma10-greedy__6c9575e82d05,flap,ref,30,pair,ru,en-ru+ru-en,False,,en-ru,False,True,2037,0.804731,19.1918,42.8654,4.0543,-0.058297,-5.9571,-6.1155,1.78387,0.007541,-0.274492,0.001,0.0005,0.002,0.002,0,0.9465,0.001,0.0113,0.0226,0.001,0.0136,0.9906
alma-7b-flap30-ref-pair-ru,alma-7b-flap30-ref-pair-ru__alma10-greedy__6c9575e82d05,flap,ref,30,pair,ru,en-ru+ru-en,False,,en-zh,False,False,,,,,,,,,,,,,,,,,,,,,,,
alma-7b-flap30-ref-pair-zh,alma-7b-flap30-ref-pair-zh__alma10-greedy__6da6caa9f7b4,flap,ref,30,pair,zh,en-zh+zh-en,False,,cs-en,True,False,,,,,,,,,,,,,,,,,,,,,,,
alma-7b-flap30-ref-pair-zh,alma-7b-flap30-ref-pair-zh__alma10-greedy__6da6caa9f7b4,flap,ref,30,pair,zh,en-zh+zh-en,False,,de-en,True,False,,,,,,,,,,,,,,,,,,,,,,,
alma-7b-flap30-ref-pair-zh,alma-7b-flap30-ref-pair-zh__alma10-greedy__6da6caa9f7b4,flap,ref,30,pair,zh,en-zh+zh-en,False,,is-en,True,False,,,,,,,,,,,,,,,,,,,,,,,
alma-7b-flap30-ref-pair-zh,alma-7b-flap30-ref-pair-zh__alma10-greedy__6da6caa9f7b4,flap,ref,30,pair,zh,en-zh+zh-en,False,,ru-en,True,False,,,,,,,,,,,,,,,,,,,,,,,
alma-7b-flap30-ref-pair-zh,alma-7b-flap30-ref-pair-zh__alma10-greedy__6da6caa9f7b4,flap,ref,30,pair,zh,en-zh+zh-en,False,,zh-en,True,True,1875,0.762074,18.1048,44.8388,3.91823,-0.03462,-4.3165,-4.9055,1.21506,0.007441,-0.412594,0.0011,0.0016,0.0032,0.0032,0,0.9208,0.0011,0.0128,0.0112,0.0011,0.0043,0.9602
alma-7b-flap30-ref-pair-zh,alma-7b-flap30-ref-pair-zh__alma10-greedy__6da6caa9f7b4,flap,ref,30,pair,zh,en-zh+zh-en,False,,en-cs,False,False,,,,,,,,,,,,,,,,,,,,,,,
alma-7b-flap30-ref-pair-zh,alma-7b-flap30-ref-pair-zh__alma10-greedy__6da6caa9f7b4,flap,ref,30,pair,zh,en-zh+zh-en,False,,en-de,False,False,,,,,,,,,,,,,,,,,,,,,,,
alma-7b-flap30-ref-pair-zh,alma-7b-flap30-ref-pair-zh__alma10-greedy__6da6caa9f7b4,flap,ref,30,pair,zh,en-zh+zh-en,False,,en-is,False,False,,,,,,,,,,,,,,,,,,,,,,,
alma-7b-flap30-ref-pair-zh,alma-7b-flap30-ref-pair-zh__alma10-greedy__6da6caa9f7b4,flap,ref,30,pair,zh,en-zh+zh-en,False,,en-ru,False,False,,,,,,,,,,,,,,,,,,,,,,,
alma-7b-flap30-ref-pair-zh,alma-7b-flap30-ref-pair-zh__alma10-greedy__6da6caa9f7b4,flap,ref,30,pair,zh,en-zh+zh-en,False,,en-zh,False,True,2037,0.770124,24.4233,19.4866,3.50955,-0.07755,-10.6201,-7.9055,1.65027,0.051362,-1.18808,0,0,0.0074,0.0074,0,0.9212,0,0.1811,0.0314,0,0.0104,0.9171
alma-7b-flap30-gen-pair-cs,alma-7b-flap30-gen-pair-cs__alma10-greedy__b6c9fa8cbcdd,flap,gen,30,pair,cs,cs-en+en-cs,False,,cs-en,True,True,1448,0.83265,34.8659,57.5374,5.03345,-0.023197,-6.4563,-5.1007,1.12154,-4.3e-05,0.095367,0.0055,0.0007,0.0007,0.0007,0,0.9609,0.0007,0,0.009,0.0055,0.0062,0.9851
alma-7b-flap30-gen-pair-cs,alma-7b-flap30-gen-pair-cs__alma10-greedy__b6c9fa8cbcdd,flap,gen,30,pair,cs,cs-en+en-cs,False,,de-en,True,False,,,,,,,,,,,,,,,,,,,,,,,
alma-7b-flap30-gen-pair-cs,alma-7b-flap30-gen-pair-cs__alma10-greedy__b6c9fa8cbcdd,flap,gen,30,pair,cs,cs-en+en-cs,False,,is-en,True,False,,,,,,,,,,,,,,,,,,,,,,,
alma-7b-flap30-gen-pair-cs,alma-7b-flap30-gen-pair-cs__alma10-greedy__b6c9fa8cbcdd,flap,gen,30,pair,cs,cs-en+en-cs,False,,ru-en,True,False,,,,,,,,,,,,,,,,,,,,,,,
alma-7b-flap30-gen-pair-cs,alma-7b-flap30-gen-pair-cs__alma10-greedy__b6c9fa8cbcdd,flap,gen,30,pair,cs,cs-en+en-cs,False,,zh-en,True,False,,,,,,,,,,,,,,,,,,,,,,,
alma-7b-flap30-gen-pair-cs,alma-7b-flap30-gen-pair-cs__alma10-greedy__b6c9fa8cbcdd,flap,gen,30,pair,cs,cs-en+en-cs,False,,en-cs,False,True,2037,0.821198,20.756,43.582,5.82324,-0.05804,-5.6563,-6.3896,2.33948,0.033033,-1.20875,0.0064,0.0015,0.0044,0.0044,0,0.9621,0.0015,0.0123,0.0211,0.0064,0.0076,0.9962
alma-7b-flap30-gen-pair-cs,alma-7b-flap30-gen-pair-cs__alma10-greedy__b6c9fa8cbcdd,flap,gen,30,pair,cs,cs-en+en-cs,False,,en-de,False,False,,,,,,,,,,,,,,,,,,,,,,,
alma-7b-flap30-gen-pair-cs,alma-7b-flap30-gen-pair-cs__alma10-greedy__b6c9fa8cbcdd,flap,gen,30,pair,cs,cs-en+en-cs,False,,en-is,False,False,,,,,,,,,,,,,,,,,,,,,,,
alma-7b-flap30-gen-pair-cs,alma-7b-flap30-gen-pair-cs__alma10-greedy__b6c9fa8cbcdd,flap,gen,30,pair,cs,cs-en+en-cs,False,,en-ru,False,False,,,,,,,,,,,,,,,,,,,,,,,
alma-7b-flap30-gen-pair-cs,alma-7b-flap30-gen-pair-cs__alma10-greedy__b6c9fa8cbcdd,flap,gen,30,pair,cs,cs-en+en-cs,False,,en-zh,False,False,,,,,,,,,,,,,,,,,,,,,,,
alma-7b-flap30-gen-pair-de,alma-7b-flap30-gen-pair-de__alma10-greedy__87aa4f177433,flap,gen,30,pair,de,de-en+en-de,False,,cs-en,True,False,,,,,,,,,,,,,,,,,,,,,,,
alma-7b-flap30-gen-pair-de,alma-7b-flap30-gen-pair-de__alma10-greedy__87aa4f177433,flap,gen,30,pair,de,de-en+en-de,False,,de-en,True,True,1984,0.820739,27.0289,50.4251,4.15301,-0.016804,-2.0435,-1.8976,0.73342,0.001505,-0.036443,0.0015,0.0005,0.0005,0.0005,0,0.9251,0.001,0.0071,0.006,0.0015,0.0054,0.9452
alma-7b-flap30-gen-pair-de,alma-7b-flap30-gen-pair-de__alma10-greedy__87aa4f177433,flap,gen,30,pair,de,de-en+en-de,False,,is-en,True,False,,,,,,,,,,,,,,,,,,,,,,,
alma-7b-flap30-gen-pair-de,alma-7b-flap30-gen-pair-de__alma10-greedy__87aa4f177433,flap,gen,30,pair,de,de-en+en-de,False,,ru-en,True,False,,,,,,,,,,,,,,,,,,,,,,,
alma-7b-flap30-gen-pair-de,alma-7b-flap30-gen-pair-de__alma10-greedy__87aa4f177433,flap,gen,30,pair,de,de-en+en-de,False,,zh-en,True,False,,,,,,,,,,,,,,,,,,,,,,,
alma-7b-flap30-gen-pair-de,alma-7b-flap30-gen-pair-de__alma10-greedy__87aa4f177433,flap,gen,30,pair,de,de-en+en-de,False,,en-cs,False,False,,,,,,,,,,,,,,,,,,,,,,,
alma-7b-flap30-gen-pair-de,alma-7b-flap30-gen-pair-de__alma10-greedy__87aa4f177433,flap,gen,30,pair,de,de-en+en-de,False,,en-de,False,True,2037,0.807005,23.5145,49.2104,1.93901,-0.041676,-4.7517,-5.2512,0.8455,0.015646,-0.307651,0.0201,0.0005,0.001,0.001,0,0.9789,0.0206,0.0059,0.0231,0.0201,0.0152,1.0124
alma-7b-flap30-gen-pair-de,alma-7b-flap30-gen-pair-de__alma10-greedy__87aa4f177433,flap,gen,30,pair,de,de-en+en-de,False,,en-is,False,False,,,,,,,,,,,,,,,,,,,,,,,
alma-7b-flap30-gen-pair-de,alma-7b-flap30-gen-pair-de__alma10-greedy__87aa4f177433,flap,gen,30,pair,de,de-en+en-de,False,,en-ru,False,False,,,,,,,,,,,,,,,,,,,,,,,
alma-7b-flap30-gen-pair-de,alma-7b-flap30-gen-pair-de__alma10-greedy__87aa4f177433,flap,gen,30,pair,de,de-en+en-de,False,,en-zh,False,False,,,,,,,,,,,,,,,,,,,,,,,
alma-7b-flap30-gen-pair-is,alma-7b-flap30-gen-pair-is__alma10-greedy__d9e5cd45736a,flap,gen,30,pair,is,en-is+is-en,False,,cs-en,True,False,,,,,,,,,,,,,,,,,,,,,,,
alma-7b-flap30-gen-pair-is,alma-7b-flap30-gen-pair-is__alma10-greedy__d9e5cd45736a,flap,gen,30,pair,is,en-is+is-en,False,,de-en,True,False,,,,,,,,,,,,,,,,,,,,,,,
alma-7b-flap30-gen-pair-is,alma-7b-flap30-gen-pair-is__alma10-greedy__d9e5cd45736a,flap,gen,30,pair,is,en-is+is-en,False,,is-en,True,True,1000,0.828734,29.2441,51.4762,4.57792,-0.028012,-5.3551,-4.6456,1.13551,-0.000355,-0.012372,0.003,0.003,0.004,0.004,0,0.9652,0,0,0.011,0.003,0.0058,0.997
alma-7b-flap30-gen-pair-is,alma-7b-flap30-gen-pair-is__alma10-greedy__d9e5cd45736a,flap,gen,30,pair,is,en-is+is-en,False,,ru-en,True,False,,,,,,,,,,,,,,,,,,,,,,,
alma-7b-flap30-gen-pair-is,alma-7b-flap30-gen-pair-is__alma10-greedy__d9e5cd45736a,flap,gen,30,pair,is,en-is+is-en,False,,zh-en,True,False,,,,,,,,,,,,,,,,,,,,,,,
alma-7b-flap30-gen-pair-is,alma-7b-flap30-gen-pair-is__alma10-greedy__d9e5cd45736a,flap,gen,30,pair,is,en-is+is-en,False,,en-cs,False,False,,,,,,,,,,,,,,,,,,,,,,,
alma-7b-flap30-gen-pair-is,alma-7b-flap30-gen-pair-is__alma10-greedy__d9e5cd45736a,flap,gen,30,pair,is,en-is+is-en,False,,en-de,False,False,,,,,,,,,,,,,,,,,,,,,,,
alma-7b-flap30-gen-pair-is,alma-7b-flap30-gen-pair-is__alma10-greedy__d9e5cd45736a,flap,gen,30,pair,is,en-is+is-en,False,,en-is,False,True,1000,0.75287,16.2604,40.0893,8.81647,-0.091946,-7.6528,-8.9894,4.74419,0.071155,-2.71601,0,0.007,0.014,0.014,0,0.955,0,0,0.006,0,0.0052,1.0117
alma-7b-flap30-gen-pair-is,alma-7b-flap30-gen-pair-is__alma10-greedy__d9e5cd45736a,flap,gen,30,pair,is,en-is+is-en,False,,en-ru,False,False,,,,,,,,,,,,,,,,,,,,,,,
alma-7b-flap30-gen-pair-is,alma-7b-flap30-gen-pair-is__alma10-greedy__d9e5cd45736a,flap,gen,30,pair,is,en-is+is-en,False,,en-zh,False,False,,,,,,,,,,,,,,,,,,,,,,,
alma-7b-flap30-gen-pair-ru,alma-7b-flap30-gen-pair-ru__alma10-greedy__1b531e973b41,flap,gen,30,pair,ru,en-ru+ru-en,False,,cs-en,True,False,,,,,,,,,,,,,,,,,,,,,,,
alma-7b-flap30-gen-pair-ru,alma-7b-flap30-gen-pair-ru__alma10-greedy__1b531e973b41,flap,gen,30,pair,ru,en-ru+ru-en,False,,de-en,True,False,,,,,,,,,,,,,,,,,,,,,,,
alma-7b-flap30-gen-pair-ru,alma-7b-flap30-gen-pair-ru__alma10-greedy__1b531e973b41,flap,gen,30,pair,ru,en-ru+ru-en,False,,is-en,True,False,,,,,,,,,,,,,,,,,,,,,,,
alma-7b-flap30-gen-pair-ru,alma-7b-flap30-gen-pair-ru__alma10-greedy__1b531e973b41,flap,gen,30,pair,ru,en-ru+ru-en,False,,ru-en,True,True,2016,0.814465,31.4033,56.1628,4.32548,-0.030057,-5.6001,-4.3837,1.21283,-0.003999,0.129328,0,0.002,0.002,0.002,0,1.004,0.0005,0.0045,0.0179,0,0.0083,1.0312
alma-7b-flap30-gen-pair-ru,alma-7b-flap30-gen-pair-ru__alma10-greedy__1b531e973b41,flap,gen,30,pair,ru,en-ru+ru-en,False,,zh-en,True,False,,,,,,,,,,,,,,,,,,,,,,,
alma-7b-flap30-gen-pair-ru,alma-7b-flap30-gen-pair-ru__alma10-greedy__1b531e973b41,flap,gen,30,pair,ru,en-ru+ru-en,False,,en-cs,False,False,,,,,,,,,,,,,,,,,,,,,,,
alma-7b-flap30-gen-pair-ru,alma-7b-flap30-gen-pair-ru__alma10-greedy__1b531e973b41,flap,gen,30,pair,ru,en-ru+ru-en,False,,en-de,False,False,,,,,,,,,,,,,,,,,,,,,,,
alma-7b-flap30-gen-pair-ru,alma-7b-flap30-gen-pair-ru__alma10-greedy__1b531e973b41,flap,gen,30,pair,ru,en-ru+ru-en,False,,en-is,False,False,,,,,,,,,,,,,,,,,,,,,,,
alma-7b-flap30-gen-pair-ru,alma-7b-flap30-gen-pair-ru__alma10-greedy__1b531e973b41,flap,gen,30,pair,ru,en-ru+ru-en,False,,en-ru,False,True,2037,0.80134,18.9118,42.5364,4.20009,-0.061688,-6.2371,-6.4445,1.92966,0.007605,-0.223302,0.001,0.0025,0.0059,0.0059,0,0.9691,0.001,0.0128,0.0182,0.001,0.0134,1.0133
alma-7b-flap30-gen-pair-ru,alma-7b-flap30-gen-pair-ru__alma10-greedy__1b531e973b41,flap,gen,30,pair,ru,en-ru+ru-en,False,,en-zh,False,False,,,,,,,,,,,,,,,,,,,,,,,
alma-7b-flap30-gen-pair-zh,alma-7b-flap30-gen-pair-zh__alma10-greedy__fcd182c587c9,flap,gen,30,pair,zh,en-zh+zh-en,False,,cs-en,True,False,,,,,,,,,,,,,,,,,,,,,,,
alma-7b-flap30-gen-pair-zh,alma-7b-flap30-gen-pair-zh__alma10-greedy__fcd182c587c9,flap,gen,30,pair,zh,en-zh+zh-en,False,,de-en,True,False,,,,,,,,,,,,,,,,,,,,,,,
alma-7b-flap30-gen-pair-zh,alma-7b-flap30-gen-pair-zh__alma10-greedy__fcd182c587c9,flap,gen,30,pair,zh,en-zh+zh-en,False,,is-en,True,False,,,,,,,,,,,,,,,,,,,,,,,
alma-7b-flap30-gen-pair-zh,alma-7b-flap30-gen-pair-zh__alma10-greedy__fcd182c587c9,flap,gen,30,pair,zh,en-zh+zh-en,False,,ru-en,True,False,,,,,,,,,,,,,,,,,,,,,,,
alma-7b-flap30-gen-pair-zh,alma-7b-flap30-gen-pair-zh__alma10-greedy__fcd182c587c9,flap,gen,30,pair,zh,en-zh+zh-en,False,,zh-en,True,True,1875,0.761178,18.0487,44.5686,3.99569,-0.035516,-4.3726,-5.1757,1.29253,0.004899,-0.344522,0.0016,0.0027,0.0037,0.0037,0,0.9113,0.0011,0.0128,0.0155,0.0016,0.0042,0.9515
alma-7b-flap30-gen-pair-zh,alma-7b-flap30-gen-pair-zh__alma10-greedy__fcd182c587c9,flap,gen,30,pair,zh,en-zh+zh-en,False,,en-cs,False,False,,,,,,,,,,,,,,,,,,,,,,,
alma-7b-flap30-gen-pair-zh,alma-7b-flap30-gen-pair-zh__alma10-greedy__fcd182c587c9,flap,gen,30,pair,zh,en-zh+zh-en,False,,en-de,False,False,,,,,,,,,,,,,,,,,,,,,,,
alma-7b-flap30-gen-pair-zh,alma-7b-flap30-gen-pair-zh__alma10-greedy__fcd182c587c9,flap,gen,30,pair,zh,en-zh+zh-en,False,,en-is,False,False,,,,,,,,,,,,,,,,,,,,,,,
alma-7b-flap30-gen-pair-zh,alma-7b-flap30-gen-pair-zh__alma10-greedy__fcd182c587c9,flap,gen,30,pair,zh,en-zh+zh-en,False,,en-ru,False,False,,,,,,,,,,,,,,,,,,,,,,,
alma-7b-flap30-gen-pair-zh,alma-7b-flap30-gen-pair-zh__alma10-greedy__fcd182c587c9,flap,gen,30,pair,zh,en-zh+zh-en,False,,en-zh,False,True,2037,0.770802,24.5416,19.2853,3.54537,-0.076872,-10.5018,-8.1068,1.68609,0.058556,-1.27521,0,0,0.0069,0.0069,0,0.911,0,0.1851,0.0358,0,0.0062,0.919
alma-7b-slimgpt40-ref-pair-cs,alma-7b-slimgpt40-ref-pair-cs__alma10-greedy__283760b89830,slimgpt,ref,40,pair,cs,cs-en+en-cs,False,,cs-en,True,True,1448,0.834134,33.9154,57.1061,4.75804,-0.021713,-7.4068,-5.532,0.846124,0.001592,-0.181397,0.0041,0,0.0007,0.0007,0,0.9566,0,0.0007,0.0055,0.0041,0.0045,0.9737
alma-7b-slimgpt40-ref-pair-cs,alma-7b-slimgpt40-ref-pair-cs__alma10-greedy__283760b89830,slimgpt,ref,40,pair,cs,cs-en+en-cs,False,,de-en,True,False,,,,,,,,,,,,,,,,,,,,,,,
alma-7b-slimgpt40-ref-pair-cs,alma-7b-slimgpt40-ref-pair-cs__alma10-greedy__283760b89830,slimgpt,ref,40,pair,cs,cs-en+en-cs,False,,is-en,True,False,,,,,,,,,,,,,,,,,,,,,,,
alma-7b-slimgpt40-ref-pair-cs,alma-7b-slimgpt40-ref-pair-cs__alma10-greedy__283760b89830,slimgpt,ref,40,pair,cs,cs-en+en-cs,False,,ru-en,True,False,,,,,,,,,,,,,,,,,,,,,,,
alma-7b-slimgpt40-ref-pair-cs,alma-7b-slimgpt40-ref-pair-cs__alma10-greedy__283760b89830,slimgpt,ref,40,pair,cs,cs-en+en-cs,False,,zh-en,True,False,,,,,,,,,,,,,,,,,,,,,,,
alma-7b-slimgpt40-ref-pair-cs,alma-7b-slimgpt40-ref-pair-cs__alma10-greedy__283760b89830,slimgpt,ref,40,pair,cs,cs-en+en-cs,False,,en-cs,False,True,2037,0.832374,19.9919,43.6812,5.25906,-0.046864,-6.4204,-6.2904,1.77531,0.035636,-1.56601,0.0025,0.0015,0.001,0.001,0,0.9503,0,0.0064,0.0147,0.0025,0.0073,0.9771
alma-7b-slimgpt40-ref-pair-cs,alma-7b-slimgpt40-ref-pair-cs__alma10-greedy__283760b89830,slimgpt,ref,40,pair,cs,cs-en+en-cs,False,,en-de,False,False,,,,,,,,,,,,,,,,,,,,,,,
alma-7b-slimgpt40-ref-pair-cs,alma-7b-slimgpt40-ref-pair-cs__alma10-greedy__283760b89830,slimgpt,ref,40,pair,cs,cs-en+en-cs,False,,en-is,False,False,,,,,,,,,,,,,,,,,,,,,,,
alma-7b-slimgpt40-ref-pair-cs,alma-7b-slimgpt40-ref-pair-cs__alma10-greedy__283760b89830,slimgpt,ref,40,pair,cs,cs-en+en-cs,False,,en-ru,False,False,,,,,,,,,,,,,,,,,,,,,,,
alma-7b-slimgpt40-ref-pair-cs,alma-7b-slimgpt40-ref-pair-cs__alma10-greedy__283760b89830,slimgpt,ref,40,pair,cs,cs-en+en-cs,False,,en-zh,False,False,,,,,,,,,,,,,,,,,,,,,,,
alma-7b-slimgpt40-ref-pair-de,alma-7b-slimgpt40-ref-pair-de__alma10-greedy__c3be787af1f1,slimgpt,ref,40,pair,de,de-en+en-de,False,,cs-en,True,False,,,,,,,,,,,,,,,,,,,,,,,
alma-7b-slimgpt40-ref-pair-de,alma-7b-slimgpt40-ref-pair-de__alma10-greedy__c3be787af1f1,slimgpt,ref,40,pair,de,de-en+en-de,False,,de-en,True,True,1984,0.819871,24.6463,49.2682,4.1501,-0.017672,-4.4261,-3.0545,0.730514,0.006434,-0.223151,0.0015,0.0005,0,0,0,0.9088,0.0005,0.006,0.0066,0.0015,0.0048,0.9213
alma-7b-slimgpt40-ref-pair-de,alma-7b-slimgpt40-ref-pair-de__alma10-greedy__c3be787af1f1,slimgpt,ref,40,pair,de,de-en+en-de,False,,is-en,True,False,,,,,,,,,,,,,,,,,,,,,,,
alma-7b-slimgpt40-ref-pair-de,alma-7b-slimgpt40-ref-pair-de__alma10-greedy__c3be787af1f1,slimgpt,ref,40,pair,de,de-en+en-de,False,,ru-en,True,False,,,,,,,,,,,,,,,,,,,,,,,
alma-7b-slimgpt40-ref-pair-de,alma-7b-slimgpt40-ref-pair-de__alma10-greedy__c3be787af1f1,slimgpt,ref,40,pair,de,de-en+en-de,False,,zh-en,True,False,,,,,,,,,,,,,,,,,,,,,,,
alma-7b-slimgpt40-ref-pair-de,alma-7b-slimgpt40-ref-pair-de__alma10-greedy__c3be787af1f1,slimgpt,ref,40,pair,de,de-en+en-de,False,,en-cs,False,False,,,,,,,,,,,,,,,,,,,,,,,
alma-7b-slimgpt40-ref-pair-de,alma-7b-slimgpt40-ref-pair-de__alma10-greedy__c3be787af1f1,slimgpt,ref,40,pair,de,de-en+en-de,False,,en-de,False,True,2037,0.808735,23.1437,49.4967,1.8278,-0.039946,-5.1225,-4.9649,0.734292,0.019791,-0.322242,0.0113,0.001,0.001,0.001,0,0.9826,0.0113,0.0059,0.0137,0.0113,0.0141,1.0083
alma-7b-slimgpt40-ref-pair-de,alma-7b-slimgpt40-ref-pair-de__alma10-greedy__c3be787af1f1,slimgpt,ref,40,pair,de,de-en+en-de,False,,en-is,False,False,,,,,,,,,,,,,,,,,,,,,,,
alma-7b-slimgpt40-ref-pair-de,alma-7b-slimgpt40-ref-pair-de__alma10-greedy__c3be787af1f1,slimgpt,ref,40,pair,de,de-en+en-de,False,,en-ru,False,False,,,,,,,,,,,,,,,,,,,,,,,
alma-7b-slimgpt40-ref-pair-de,alma-7b-slimgpt40-ref-pair-de__alma10-greedy__c3be787af1f1,slimgpt,ref,40,pair,de,de-en+en-de,False,,en-zh,False,False,,,,,,,,,,,,,,,,,,,,,,,
alma-7b-slimgpt40-ref-pair-is,alma-7b-slimgpt40-ref-pair-is__alma10-greedy__6b8944850759,slimgpt,ref,40,pair,is,en-is+is-en,False,,cs-en,True,False,,,,,,,,,,,,,,,,,,,,,,,
alma-7b-slimgpt40-ref-pair-is,alma-7b-slimgpt40-ref-pair-is__alma10-greedy__6b8944850759,slimgpt,ref,40,pair,is,en-is+is-en,False,,de-en,True,False,,,,,,,,,,,,,,,,,,,,,,,
alma-7b-slimgpt40-ref-pair-is,alma-7b-slimgpt40-ref-pair-is__alma10-greedy__6b8944850759,slimgpt,ref,40,pair,is,en-is+is-en,False,,is-en,True,True,1000,0.827108,27.3091,50.607,4.77401,-0.029638,-7.2901,-5.5148,1.3316,-0.007761,0.329242,0.003,0.001,0,0,0,0.9203,0,0,0.008,0.003,0.006,0.9446
alma-7b-slimgpt40-ref-pair-is,alma-7b-slimgpt40-ref-pair-is__alma10-greedy__6b8944850759,slimgpt,ref,40,pair,is,en-is+is-en,False,,ru-en,True,False,,,,,,,,,,,,,,,,,,,,,,,
alma-7b-slimgpt40-ref-pair-is,alma-7b-slimgpt40-ref-pair-is__alma10-greedy__6b8944850759,slimgpt,ref,40,pair,is,en-is+is-en,False,,zh-en,True,False,,,,,,,,,,,,,,,,,,,,,,,
alma-7b-slimgpt40-ref-pair-is,alma-7b-slimgpt40-ref-pair-is__alma10-greedy__6b8944850759,slimgpt,ref,40,pair,is,en-is+is-en,False,,en-cs,False,False,,,,,,,,,,,,,,,,,,,,,,,
alma-7b-slimgpt40-ref-pair-is,alma-7b-slimgpt40-ref-pair-is__alma10-greedy__6b8944850759,slimgpt,ref,40,pair,is,en-is+is-en,False,,en-de,False,False,,,,,,,,,,,,,,,,,,,,,,,
alma-7b-slimgpt40-ref-pair-is,alma-7b-slimgpt40-ref-pair-is__alma10-greedy__6b8944850759,slimgpt,ref,40,pair,is,en-is+is-en,False,,en-is,False,True,1000,0.788799,17.0645,41.846,7.26562,-0.056017,-6.8487,-7.2327,3.19334,0.041744,-1.82138,0.001,0,0.004,0.004,0,0.95,0,0,0.006,0.001,0.0038,0.9825
alma-7b-slimgpt40-ref-pair-is,alma-7b-slimgpt40-ref-pair-is__alma10-greedy__6b8944850759,slimgpt,ref,40,pair,is,en-is+is-en,False,,en-ru,False,False,,,,,,,,,,,,,,,,,,,,,,,
alma-7b-slimgpt40-ref-pair-is,alma-7b-slimgpt40-ref-pair-is__alma10-greedy__6b8944850759,slimgpt,ref,40,pair,is,en-is+is-en,False,,en-zh,False,False,,,,,,,,,,,,,,,,,,,,,,,
alma-7b-slimgpt40-ref-pair-ru,alma-7b-slimgpt40-ref-pair-ru__alma10-greedy__7c45c5841668,slimgpt,ref,40,pair,ru,en-ru+ru-en,False,,cs-en,True,False,,,,,,,,,,,,,,,,,,,,,,,
alma-7b-slimgpt40-ref-pair-ru,alma-7b-slimgpt40-ref-pair-ru__alma10-greedy__7c45c5841668,slimgpt,ref,40,pair,ru,en-ru+ru-en,False,,de-en,True,False,,,,,,,,,,,,,,,,,,,,,,,
alma-7b-slimgpt40-ref-pair-ru,alma-7b-slimgpt40-ref-pair-ru__alma10-greedy__7c45c5841668,slimgpt,ref,40,pair,ru,en-ru+ru-en,False,,is-en,True,False,,,,,,,,,,,,,,,,,,,,,,,
alma-7b-slimgpt40-ref-pair-ru,alma-7b-slimgpt40-ref-pair-ru__alma10-greedy__7c45c5841668,slimgpt,ref,40,pair,ru,en-ru+ru-en,False,,ru-en,True,True,2016,0.814198,30.9123,55.6417,4.24907,-0.030324,-6.0911,-4.9048,1.13642,-0.001346,-0.077484,0.0005,0.0015,0.0015,0.0015,0,0.9873,0.0005,0.0045,0.0154,0.0005,0.0069,1.0127
alma-7b-slimgpt40-ref-pair-ru,alma-7b-slimgpt40-ref-pair-ru__alma10-greedy__7c45c5841668,slimgpt,ref,40,pair,ru,en-ru+ru-en,False,,zh-en,True,False,,,,,,,,,,,,,,,,,,,,,,,
alma-7b-slimgpt40-ref-pair-ru,alma-7b-slimgpt40-ref-pair-ru__alma10-greedy__7c45c5841668,slimgpt,ref,40,pair,ru,en-ru+ru-en,False,,en-cs,False,False,,,,,,,,,,,,,,,,,,,,,,,
alma-7b-slimgpt40-ref-pair-ru,alma-7b-slimgpt40-ref-pair-ru__alma10-greedy__7c45c5841668,slimgpt,ref,40,pair,ru,en-ru+ru-en,False,,en-de,False,False,,,,,,,,,,,,,,,,,,,,,,,
alma-7b-slimgpt40-ref-pair-ru,alma-7b-slimgpt40-ref-pair-ru__alma10-greedy__7c45c5841668,slimgpt,ref,40,pair,ru,en-ru+ru-en,False,,en-is,False,False,,,,,,,,,,,,,,,,,,,,,,,
alma-7b-slimgpt40-ref-pair-ru,alma-7b-slimgpt40-ref-pair-ru__alma10-greedy__7c45c5841668,slimgpt,ref,40,pair,ru,en-ru+ru-en,False,,en-ru,False,True,2037,0.814893,19.1501,43.1015,3.72288,-0.048135,-5.9988,-5.8794,1.45245,0.013428,-0.459445,0,0,0.001,0.001,0,0.9394,0,0.0088,0.028,0,0.0123,0.9785
alma-7b-slimgpt40-ref-pair-ru,alma-7b-slimgpt40-ref-pair-ru__alma10-greedy__7c45c5841668,slimgpt,ref,40,pair,ru,en-ru+ru-en,False,,en-zh,False,False,,,,,,,,,,,,,,,,,,,,,,,
alma-7b-slimgpt40-ref-pair-zh,alma-7b-slimgpt40-ref-pair-zh__alma10-greedy__55aa08289595,slimgpt,ref,40,pair,zh,en-zh+zh-en,False,,cs-en,True,False,,,,,,,,,,,,,,,,,,,,,,,
alma-7b-slimgpt40-ref-pair-zh,alma-7b-slimgpt40-ref-pair-zh__alma10-greedy__55aa08289595,slimgpt,ref,40,pair,zh,en-zh+zh-en,False,,de-en,True,False,,,,,,,,,,,,,,,,,,,,,,,
alma-7b-slimgpt40-ref-pair-zh,alma-7b-slimgpt40-ref-pair-zh__alma10-greedy__55aa08289595,slimgpt,ref,40,pair,zh,en-zh+zh-en,False,,is-en,True,False,,,,,,,,,,,,,,,,,,,,,,,
alma-7b-slimgpt40-ref-pair-zh,alma-7b-slimgpt40-ref-pair-zh__alma10-greedy__55aa08289595,slimgpt,ref,40,pair,zh,en-zh+zh-en,False,,ru-en,True,False,,,,,,,,,,,,,,,,,,,,,,,
alma-7b-slimgpt40-ref-pair-zh,alma-7b-slimgpt40-ref-pair-zh__alma10-greedy__55aa08289595,slimgpt,ref,40,pair,zh,en-zh+zh-en,False,,zh-en,True,True,1875,0.758289,17.8753,44.9361,4.13969,-0.038405,-4.546,-4.8082,1.43653,0.002174,-0.030033,0.0011,0.0005,0.0016,0.0016,0,0.9209,0.0011,0.0101,0.008,0.0011,0.003,0.9472
alma-7b-slimgpt40-ref-pair-zh,alma-7b-slimgpt40-ref-pair-zh__alma10-greedy__55aa08289595,slimgpt,ref,40,pair,zh,en-zh+zh-en,False,,en-cs,False,False,,,,,,,,,,,,,,,,,,,,,,,
alma-7b-slimgpt40-ref-pair-zh,alma-7b-slimgpt40-ref-pair-zh__alma10-greedy__55aa08289595,slimgpt,ref,40,pair,zh,en-zh+zh-en,False,,en-de,False,False,,,,,,,,,,,,,,,,,,,,,,,
alma-7b-slimgpt40-ref-pair-zh,alma-7b-slimgpt40-ref-pair-zh__alma10-greedy__55aa08289595,slimgpt,ref,40,pair,zh,en-zh+zh-en,False,,en-is,False,False,,,,,,,,,,,,,,,,,,,,,,,
alma-7b-slimgpt40-ref-pair-zh,alma-7b-slimgpt40-ref-pair-zh__alma10-greedy__55aa08289595,slimgpt,ref,40,pair,zh,en-zh+zh-en,False,,en-ru,False,False,,,,,,,,,,,,,,,,,,,,,,,
alma-7b-slimgpt40-ref-pair-zh,alma-7b-slimgpt40-ref-pair-zh__alma10-greedy__55aa08289595,slimgpt,ref,40,pair,zh,en-zh+zh-en,False,,en-zh,False,True,2037,0.789256,26.4031,21.3919,3.092,-0.058418,-8.6403,-6.0002,1.23273,0.044664,-0.982115,0.0005,0,0.0074,0.0074,0,0.9762,0.0005,0.1591,0.029,0.0005,0.003,0.9822
alma-7b-slimgpt40-gen-pair-cs,alma-7b-slimgpt40-gen-pair-cs__alma10-greedy__5adf58012f47,slimgpt,gen,40,pair,cs,cs-en+en-cs,False,,cs-en,True,True,1448,0.833079,34.5334,57.3374,4.82312,-0.022768,-6.7888,-5.3007,0.911201,0.001995,-0.146943,0.0048,0,0.0014,0.0014,0,0.9642,0,0.0014,0.0055,0.0048,0.0045,0.9801
alma-7b-slimgpt40-gen-pair-cs,alma-7b-slimgpt40-gen-pair-cs__alma10-greedy__5adf58012f47,slimgpt,gen,40,pair,cs,cs-en+en-cs,False,,de-en,True,False,,,,,,,,,,,,,,,,,,,,,,,
alma-7b-slimgpt40-gen-pair-cs,alma-7b-slimgpt40-gen-pair-cs__alma10-greedy__5adf58012f47,slimgpt,gen,40,pair,cs,cs-en+en-cs,False,,is-en,True,False,,,,,,,,,,,,,,,,,,,,,,,
alma-7b-slimgpt40-gen-pair-cs,alma-7b-slimgpt40-gen-pair-cs__alma10-greedy__5adf58012f47,slimgpt,gen,40,pair,cs,cs-en+en-cs,False,,ru-en,True,False,,,,,,,,,,,,,,,,,,,,,,,
alma-7b-slimgpt40-gen-pair-cs,alma-7b-slimgpt40-gen-pair-cs__alma10-greedy__5adf58012f47,slimgpt,gen,40,pair,cs,cs-en+en-cs,False,,zh-en,True,False,,,,,,,,,,,,,,,,,,,,,,,
alma-7b-slimgpt40-gen-pair-cs,alma-7b-slimgpt40-gen-pair-cs__alma10-greedy__5adf58012f47,slimgpt,gen,40,pair,cs,cs-en+en-cs,False,,en-cs,False,True,2037,0.828965,20.3762,43.9455,5.35493,-0.050273,-6.0361,-6.0261,1.87117,0.03154,-1.54439,0.0029,0.0005,0.001,0.001,0,0.9459,0.001,0.0103,0.0128,0.0029,0.0073,0.9744
alma-7b-slimgpt40-gen-pair-cs,alma-7b-slimgpt40-gen-pair-cs__alma10-greedy__5adf58012f47,slimgpt,gen,40,pair,cs,cs-en+en-cs,False,,en-de,False,False,,,,,,,,,,,,,,,,,,,,,,,
alma-7b-slimgpt40-gen-pair-cs,alma-7b-slimgpt40-gen-pair-cs__alma10-greedy__5adf58012f47,slimgpt,gen,40,pair,cs,cs-en+en-cs,False,,en-is,False,False,,,,,,,,,,,,,,,,,,,,,,,
alma-7b-slimgpt40-gen-pair-cs,alma-7b-slimgpt40-gen-pair-cs__alma10-greedy__5adf58012f47,slimgpt,gen,40,pair,cs,cs-en+en-cs,False,,en-ru,False,False,,,,,,,,,,,,,,,,,,,,,,,
alma-7b-slimgpt40-gen-pair-cs,alma-7b-slimgpt40-gen-pair-cs__alma10-greedy__5adf58012f47,slimgpt,gen,40,pair,cs,cs-en+en-cs,False,,en-zh,False,False,,,,,,,,,,,,,,,,,,,,,,,
alma-7b-slimgpt40-gen-pair-de,alma-7b-slimgpt40-gen-pair-de__alma10-greedy__8fe0edcd8896,slimgpt,gen,40,pair,de,de-en+en-de,False,,cs-en,True,False,,,,,,,,,,,,,,,,,,,,,,,
alma-7b-slimgpt40-gen-pair-de,alma-7b-slimgpt40-gen-pair-de__alma10-greedy__8fe0edcd8896,slimgpt,gen,40,pair,de,de-en+en-de,False,,de-en,True,True,1984,0.820058,25.0677,49.5993,4.15268,-0.017485,-4.0047,-2.7234,0.733095,0.004731,-0.169125,0.002,0.0005,0,0,0,0.9142,0.0005,0.0055,0.0081,0.002,0.0051,0.9258
alma-7b-slimgpt40-gen-pair-de,alma-7b-slimgpt40-gen-pair-de__alma10-greedy__8fe0edcd8896,slimgpt,gen,40,pair,de,de-en+en-de,False,,is-en,True,False,,,,,,,,,,,,,,,,,,,,,,,
alma-7b-slimgpt40-gen-pair-de,alma-7b-slimgpt40-gen-pair-de__alma10-greedy__8fe0edcd8896,slimgpt,gen,40,pair,de,de-en+en-de,False,,ru-en,True,False,,,,,,,,,,,,,,,,,,,,,,,
alma-7b-slimgpt40-gen-pair-de,alma-7b-slimgpt40-gen-pair-de__alma10-greedy__8fe0edcd8896,slimgpt,gen,40,pair,de,de-en+en-de,False,,zh-en,True,False,,,,,,,,,,,,,,,,,,,,,,,
alma-7b-slimgpt40-gen-pair-de,alma-7b-slimgpt40-gen-pair-de__alma10-greedy__8fe0edcd8896,slimgpt,gen,40,pair,de,de-en+en-de,False,,en-cs,False,False,,,,,,,,,,,,,,,,,,,,,,,
alma-7b-slimgpt40-gen-pair-de,alma-7b-slimgpt40-gen-pair-de__alma10-greedy__8fe0edcd8896,slimgpt,gen,40,pair,de,de-en+en-de,False,,en-de,False,True,2037,0.810563,23.3564,49.547,1.80181,-0.038118,-4.9098,-4.9146,0.7083,0.021569,-0.330045,0.0098,0.0005,0.001,0.001,0,0.9795,0.0103,0.0054,0.0142,0.0098,0.014,1.0022
alma-7b-slimgpt40-gen-pair-de,alma-7b-slimgpt40-gen-pair-de__alma10-greedy__8fe0edcd8896,slimgpt,gen,40,pair,de,de-en+en-de,False,,en-is,False,False,,,,,,,,,,,,,,,,,,,,,,,
alma-7b-slimgpt40-gen-pair-de,alma-7b-slimgpt40-gen-pair-de__alma10-greedy__8fe0edcd8896,slimgpt,gen,40,pair,de,de-en+en-de,False,,en-ru,False,False,,,,,,,,,,,,,,,,,,,,,,,
alma-7b-slimgpt40-gen-pair-de,alma-7b-slimgpt40-gen-pair-de__alma10-greedy__8fe0edcd8896,slimgpt,gen,40,pair,de,de-en+en-de,False,,en-zh,False,False,,,,,,,,,,,,,,,,,,,,,,,
alma-7b-slimgpt40-gen-pair-is,alma-7b-slimgpt40-gen-pair-is__alma10-greedy__b61c9ab12041,slimgpt,gen,40,pair,is,en-is+is-en,False,,cs-en,True,False,,,,,,,,,,,,,,,,,,,,,,,
alma-7b-slimgpt40-gen-pair-is,alma-7b-slimgpt40-gen-pair-is__alma10-greedy__b61c9ab12041,slimgpt,gen,40,pair,is,en-is+is-en,False,,de-en,True,False,,,,,,,,,,,,,,,,,,,,,,,
alma-7b-slimgpt40-gen-pair-is,alma-7b-slimgpt40-gen-pair-is__alma10-greedy__b61c9ab12041,slimgpt,gen,40,pair,is,en-is+is-en,False,,is-en,True,True,1000,0.828635,28.0208,51.0254,4.72604,-0.028111,-6.5784,-5.0964,1.28363,-0.006651,0.275248,0.003,0.001,0,0,0,0.9355,0,0,0.009,0.003,0.0062,0.9557
alma-7b-slimgpt40-gen-pair-is,alma-7b-slimgpt40-gen-pair-is__alma10-greedy__b61c9ab12041,slimgpt,gen,40,pair,is,en-is+is-en,False,,ru-en,True,False,,,,,,,,,,,,,,,,,,,,,,,
alma-7b-slimgpt40-gen-pair-is,alma-7b-slimgpt40-gen-pair-is__alma10-greedy__b61c9ab12041,slimgpt,gen,40,pair,is,en-is+is-en,False,,zh-en,True,False,,,,,,,,,,,,,,,,,,,,,,,
alma-7b-slimgpt40-gen-pair-is,alma-7b-slimgpt40-gen-pair-is__alma10-greedy__b61c9ab12041,slimgpt,gen,40,pair,is,en-is+is-en,False,,en-cs,False,False,,,,,,,,,,,,,,,,,,,,,,,
alma-7b-slimgpt40-gen-pair-is,alma-7b-slimgpt40-gen-pair-is__alma10-greedy__b61c9ab12041,slimgpt,gen,40,pair,is,en-is+is-en,False,,en-de,False,False,,,,,,,,,,,,,,,,,,,,,,,
alma-7b-slimgpt40-gen-pair-is,alma-7b-slimgpt40-gen-pair-is__alma10-greedy__b61c9ab12041,slimgpt,gen,40,pair,is,en-is+is-en,False,,en-is,False,True,1000,0.793047,17.2825,41.8726,7.00046,-0.051769,-6.6307,-7.2061,2.92819,0.042192,-2.16069,0,0,0.001,0.001,0,0.9304,0,0,0.002,0,0.0039,0.9682
alma-7b-slimgpt40-gen-pair-is,alma-7b-slimgpt40-gen-pair-is__alma10-greedy__b61c9ab12041,slimgpt,gen,40,pair,is,en-is+is-en,False,,en-ru,False,False,,,,,,,,,,,,,,,,,,,,,,,
alma-7b-slimgpt40-gen-pair-is,alma-7b-slimgpt40-gen-pair-is__alma10-greedy__b61c9ab12041,slimgpt,gen,40,pair,is,en-is+is-en,False,,en-zh,False,False,,,,,,,,,,,,,,,,,,,,,,,
alma-7b-slimgpt40-gen-pair-ru,alma-7b-slimgpt40-gen-pair-ru__alma10-greedy__a78ca568c97f,slimgpt,gen,40,pair,ru,en-ru+ru-en,False,,cs-en,True,False,,,,,,,,,,,,,,,,,,,,,,,
alma-7b-slimgpt40-gen-pair-ru,alma-7b-slimgpt40-gen-pair-ru__alma10-greedy__a78ca568c97f,slimgpt,gen,40,pair,ru,en-ru+ru-en,False,,de-en,True,False,,,,,,,,,,,,,,,,,,,,,,,
alma-7b-slimgpt40-gen-pair-ru,alma-7b-slimgpt40-gen-pair-ru__alma10-greedy__a78ca568c97f,slimgpt,gen,40,pair,ru,en-ru+ru-en,False,,is-en,True,False,,,,,,,,,,,,,,,,,,,,,,,
alma-7b-slimgpt40-gen-pair-ru,alma-7b-slimgpt40-gen-pair-ru__alma10-greedy__a78ca568c97f,slimgpt,gen,40,pair,ru,en-ru+ru-en,False,,ru-en,True,True,2016,0.815601,31.3849,56.1448,4.21609,-0.028921,-5.6185,-4.4017,1.10344,0.001516,-0.101324,0.0005,0.0015,0.0015,0.0015,0,0.9907,0.0005,0.0035,0.0174,0.0005,0.0068,1.0141
alma-7b-slimgpt40-gen-pair-ru,alma-7b-slimgpt40-gen-pair-ru__alma10-greedy__a78ca568c97f,slimgpt,gen,40,pair,ru,en-ru+ru-en,False,,zh-en,True,False,,,,,,,,,,,,,,,,,,,,,,,
alma-7b-slimgpt40-gen-pair-ru,alma-7b-slimgpt40-gen-pair-ru__alma10-greedy__a78ca568c97f,slimgpt,gen,40,pair,ru,en-ru+ru-en,False,,en-cs,False,False,,,,,,,,,,,,,,,,,,,,,,,
alma-7b-slimgpt40-gen-pair-ru,alma-7b-slimgpt40-gen-pair-ru__alma10-greedy__a78ca568c97f,slimgpt,gen,40,pair,ru,en-ru+ru-en,False,,en-de,False,False,,,,,,,,,,,,,,,,,,,,,,,
alma-7b-slimgpt40-gen-pair-ru,alma-7b-slimgpt40-gen-pair-ru__alma10-greedy__a78ca568c97f,slimgpt,gen,40,pair,ru,en-ru+ru-en,False,,en-is,False,False,,,,,,,,,,,,,,,,,,,,,,,
alma-7b-slimgpt40-gen-pair-ru,alma-7b-slimgpt40-gen-pair-ru__alma10-greedy__a78ca568c97f,slimgpt,gen,40,pair,ru,en-ru+ru-en,False,,en-ru,False,True,2037,0.814969,19.4577,43.3283,3.71158,-0.048059,-5.6912,-5.6526,1.44115,0.014294,-0.43104,0,0.001,0.002,0.002,0,0.9498,0,0.0103,0.0216,0,0.0122,0.9857
alma-7b-slimgpt40-gen-pair-ru,alma-7b-slimgpt40-gen-pair-ru__alma10-greedy__a78ca568c97f,slimgpt,gen,40,pair,ru,en-ru+ru-en,False,,en-zh,False,False,,,,,,,,,,,,,,,,,,,,,,,
alma-7b-slimgpt40-gen-pair-zh,alma-7b-slimgpt40-gen-pair-zh__alma10-greedy__6a29814145a0,slimgpt,gen,40,pair,zh,en-zh+zh-en,False,,cs-en,True,False,,,,,,,,,,,,,,,,,,,,,,,
alma-7b-slimgpt40-gen-pair-zh,alma-7b-slimgpt40-gen-pair-zh__alma10-greedy__6a29814145a0,slimgpt,gen,40,pair,zh,en-zh+zh-en,False,,de-en,True,False,,,,,,,,,,,,,,,,,,,,,,,
alma-7b-slimgpt40-gen-pair-zh,alma-7b-slimgpt40-gen-pair-zh__alma10-greedy__6a29814145a0,slimgpt,gen,40,pair,zh,en-zh+zh-en,False,,is-en,True,False,,,,,,,,,,,,,,,,,,,,,,,
alma-7b-slimgpt40-gen-pair-zh,alma-7b-slimgpt40-gen-pair-zh__alma10-greedy__6a29814145a0,slimgpt,gen,40,pair,zh,en-zh+zh-en,False,,ru-en,True,False,,,,,,,,,,,,,,,,,,,,,,,
alma-7b-slimgpt40-gen-pair-zh,alma-7b-slimgpt40-gen-pair-zh__alma10-greedy__6a29814145a0,slimgpt,gen,40,pair,zh,en-zh+zh-en,False,,zh-en,True,True,1875,0.757317,17.8034,44.4981,4.10044,-0.039377,-4.6179,-5.2462,1.39727,0.003179,-0.129361,0.0005,0.0016,0.0027,0.0027,0,0.9132,0.0011,0.0101,0.0085,0.0005,0.0032,0.9423
alma-7b-slimgpt40-gen-pair-zh,alma-7b-slimgpt40-gen-pair-zh__alma10-greedy__6a29814145a0,slimgpt,gen,40,pair,zh,en-zh+zh-en,False,,en-cs,False,False,,,,,,,,,,,,,,,,,,,,,,,
alma-7b-slimgpt40-gen-pair-zh,alma-7b-slimgpt40-gen-pair-zh__alma10-greedy__6a29814145a0,slimgpt,gen,40,pair,zh,en-zh+zh-en,False,,en-de,False,False,,,,,,,,,,,,,,,,,,,,,,,
alma-7b-slimgpt40-gen-pair-zh,alma-7b-slimgpt40-gen-pair-zh__alma10-greedy__6a29814145a0,slimgpt,gen,40,pair,zh,en-zh+zh-en,False,,en-is,False,False,,,,,,,,,,,,,,,,,,,,,,,
alma-7b-slimgpt40-gen-pair-zh,alma-7b-slimgpt40-gen-pair-zh__alma10-greedy__6a29814145a0,slimgpt,gen,40,pair,zh,en-zh+zh-en,False,,en-ru,False,False,,,,,,,,,,,,,,,,,,,,,,,
alma-7b-slimgpt40-gen-pair-zh,alma-7b-slimgpt40-gen-pair-zh__alma10-greedy__6a29814145a0,slimgpt,gen,40,pair,zh,en-zh+zh-en,False,,en-zh,False,True,2037,0.786343,26.0301,21.0021,3.14193,-0.061331,-9.0133,-6.39,1.28265,0.037578,-0.890989,0.0005,0,0.0074,0.0074,0,0.9669,0.0005,0.1595,0.0299,0.0005,0.0043,0.9751
alma-7b-flap40-ref-pair-cs,alma-7b-flap40-ref-pair-cs__alma10-greedy__be7d1f73e249,flap,ref,40,pair,cs,cs-en+en-cs,False,,cs-en,True,True,1448,0.807604,30.0068,53.5682,6.06253,-0.048243,-11.3154,-9.0699,2.15062,-0.004363,0.12249,0.0028,0,0,0,0,0.9481,0.0014,0.0007,0.0048,0.0028,0.0059,0.9795
alma-7b-flap40-ref-pair-cs,alma-7b-flap40-ref-pair-cs__alma10-greedy__be7d1f73e249,flap,ref,40,pair,cs,cs-en+en-cs,False,,de-en,True,False,,,,,,,,,,,,,,,,,,,,,,,
alma-7b-flap40-ref-pair-cs,alma-7b-flap40-ref-pair-cs__alma10-greedy__be7d1f73e249,flap,ref,40,pair,cs,cs-en+en-cs,False,,is-en,True,False,,,,,,,,,,,,,,,,,,,,,,,
alma-7b-flap40-ref-pair-cs,alma-7b-flap40-ref-pair-cs__alma10-greedy__be7d1f73e249,flap,ref,40,pair,cs,cs-en+en-cs,False,,ru-en,True,False,,,,,,,,,,,,,,,,,,,,,,,
alma-7b-flap40-ref-pair-cs,alma-7b-flap40-ref-pair-cs__alma10-greedy__be7d1f73e249,flap,ref,40,pair,cs,cs-en+en-cs,False,,zh-en,True,False,,,,,,,,,,,,,,,,,,,,,,,
alma-7b-flap40-ref-pair-cs,alma-7b-flap40-ref-pair-cs__alma10-greedy__be7d1f73e249,flap,ref,40,pair,cs,cs-en+en-cs,False,,en-cs,False,True,2037,0.755724,15.8555,38.1953,8.32037,-0.123514,-10.5568,-11.7763,4.83662,0.033455,-1.26394,0.0025,0.0039,0.0064,0.0064,0,0.9329,0,0.0142,0.0206,0.0025,0.0096,0.9762
alma-7b-flap40-ref-pair-cs,alma-7b-flap40-ref-pair-cs__alma10-greedy__be7d1f73e249,flap,ref,40,pair,cs,cs-en+en-cs,False,,en-de,False,False,,,,,,,,,,,,,,,,,,,,,,,
alma-7b-flap40-ref-pair-cs,alma-7b-flap40-ref-pair-cs__alma10-greedy__be7d1f73e249,flap,ref,40,pair,cs,cs-en+en-cs,False,,en-is,False,False,,,,,,,,,,,,,,,,,,,,,,,
alma-7b-flap40-ref-pair-cs,alma-7b-flap40-ref-pair-cs__alma10-greedy__be7d1f73e249,flap,ref,40,pair,cs,cs-en+en-cs,False,,en-ru,False,False,,,,,,,,,,,,,,,,,,,,,,,
alma-7b-flap40-ref-pair-cs,alma-7b-flap40-ref-pair-cs__alma10-greedy__be7d1f73e249,flap,ref,40,pair,cs,cs-en+en-cs,False,,en-zh,False,False,,,,,,,,,,,,,,,,,,,,,,,
alma-7b-flap40-ref-pair-de,alma-7b-flap40-ref-pair-de__alma10-greedy__3df795579c3c,flap,ref,40,pair,de,de-en+en-de,False,,cs-en,True,False,,,,,,,,,,,,,,,,,,,,,,,
alma-7b-flap40-ref-pair-de,alma-7b-flap40-ref-pair-de__alma10-greedy__3df795579c3c,flap,ref,40,pair,de,de-en+en-de,False,,de-en,True,True,1984,0.799921,23.3079,47.0859,5.04908,-0.037622,-5.7645,-5.2368,1.62949,-0.001685,0.121348,0.001,0,0.0005,0.0005,0,0.8984,0.001,0.006,0.0055,0.001,0.0051,0.9269
alma-7b-flap40-ref-pair-de,alma-7b-flap40-ref-pair-de__alma10-greedy__3df795579c3c,flap,ref,40,pair,de,de-en+en-de,False,,is-en,True,False,,,,,,,,,,,,,,,,,,,,,,,
alma-7b-flap40-ref-pair-de,alma-7b-flap40-ref-pair-de__alma10-greedy__3df795579c3c,flap,ref,40,pair,de,de-en+en-de,False,,ru-en,True,False,,,,,,,,,,,,,,,,,,,,,,,
alma-7b-flap40-ref-pair-de,alma-7b-flap40-ref-pair-de__alma10-greedy__3df795579c3c,flap,ref,40,pair,de,de-en+en-de,False,,zh-en,True,False,,,,,,,,,,,,,,,,,,,,,,,
alma-7b-flap40-ref-pair-de,alma-7b-flap40-ref-pair-de__alma10-greedy__3df795579c3c,flap,ref,40,pair,de,de-en+en-de,False,,en-cs,False,False,,,,,,,,,,,,,,,,,,,,,,,
alma-7b-flap40-ref-pair-de,alma-7b-flap40-ref-pair-de__alma10-greedy__3df795579c3c,flap,ref,40,pair,de,de-en+en-de,False,,en-de,False,True,2037,0.764207,19.8944,45.2647,2.64321,-0.084474,-8.3718,-9.1969,1.5497,0.005693,-0.118991,0.0079,0.0005,0.0015,0.0015,0,0.9408,0.0074,0.0039,0.0103,0.0079,0.0168,0.9802
alma-7b-flap40-ref-pair-de,alma-7b-flap40-ref-pair-de__alma10-greedy__3df795579c3c,flap,ref,40,pair,de,de-en+en-de,False,,en-is,False,False,,,,,,,,,,,,,,,,,,,,,,,
alma-7b-flap40-ref-pair-de,alma-7b-flap40-ref-pair-de__alma10-greedy__3df795579c3c,flap,ref,40,pair,de,de-en+en-de,False,,en-ru,False,False,,,,,,,,,,,,,,,,,,,,,,,
alma-7b-flap40-ref-pair-de,alma-7b-flap40-ref-pair-de__alma10-greedy__3df795579c3c,flap,ref,40,pair,de,de-en+en-de,False,,en-zh,False,False,,,,,,,,,,,,,,,,,,,,,,,
alma-7b-flap40-ref-pair-is,alma-7b-flap40-ref-pair-is__alma10-greedy__ecc6949694c2,flap,ref,40,pair,is,en-is+is-en,False,,cs-en,True,False,,,,,,,,,,,,,,,,,,,,,,,
alma-7b-flap40-ref-pair-is,alma-7b-flap40-ref-pair-is__alma10-greedy__ecc6949694c2,flap,ref,40,pair,is,en-is+is-en,False,,de-en,True,False,,,,,,,,,,,,,,,,,,,,,,,
alma-7b-flap40-ref-pair-is,alma-7b-flap40-ref-pair-is__alma10-greedy__ecc6949694c2,flap,ref,40,pair,is,en-is+is-en,False,,is-en,True,True,1000,0.796359,24.2926,46.1634,5.93044,-0.060387,-10.3066,-9.9584,2.48803,-0.01005,0.293675,0.003,0.009,0.012,0.012,0,0.9919,0,0.002,0.014,0.003,0.0052,1.0091
alma-7b-flap40-ref-pair-is,alma-7b-flap40-ref-pair-is__alma10-greedy__ecc6949694c2,flap,ref,40,pair,is,en-is+is-en,False,,ru-en,True,False,,,,,,,,,,,,,,,,,,,,,,,
alma-7b-flap40-ref-pair-is,alma-7b-flap40-ref-pair-is__alma10-greedy__ecc6949694c2,flap,ref,40,pair,is,en-is+is-en,False,,zh-en,True,False,,,,,,,,,,,,,,,,,,,,,,,
alma-7b-flap40-ref-pair-is,alma-7b-flap40-ref-pair-is__alma10-greedy__ecc6949694c2,flap,ref,40,pair,is,en-is+is-en,False,,en-cs,False,False,,,,,,,,,,,,,,,,,,,,,,,
alma-7b-flap40-ref-pair-is,alma-7b-flap40-ref-pair-is__alma10-greedy__ecc6949694c2,flap,ref,40,pair,is,en-is+is-en,False,,en-de,False,False,,,,,,,,,,,,,,,,,,,,,,,
alma-7b-flap40-ref-pair-is,alma-7b-flap40-ref-pair-is__alma10-greedy__ecc6949694c2,flap,ref,40,pair,is,en-is+is-en,False,,en-is,False,True,1000,0.662646,11.8912,33.6333,12.9769,-0.18217,-12.022,-15.4454,8.90465,0.081984,-2.72901,0.002,0.011,0.02,0.02,0,0.881,0,0.001,0.005,0.002,0.0043,0.9656
alma-7b-flap40-ref-pair-is,alma-7b-flap40-ref-pair-is__alma10-greedy__ecc6949694c2,flap,ref,40,pair,is,en-is+is-en,False,,en-ru,False,False,,,,,,,,,,,,,,,,,,,,,,,
alma-7b-flap40-ref-pair-is,alma-7b-flap40-ref-pair-is__alma10-greedy__ecc6949694c2,flap,ref,40,pair,is,en-is+is-en,False,,en-zh,False,False,,,,,,,,,,,,,,,,,,,,,,,
alma-7b-flap40-ref-pair-ru,alma-7b-flap40-ref-pair-ru__alma10-greedy__dac70c41832c,flap,ref,40,pair,ru,en-ru+ru-en,False,,cs-en,True,False,,,,,,,,,,,,,,,,,,,,,,,
alma-7b-flap40-ref-pair-ru,alma-7b-flap40-ref-pair-ru__alma10-greedy__dac70c41832c,flap,ref,40,pair,ru,en-ru+ru-en,False,,de-en,True,False,,,,,,,,,,,,,,,,,,,,,,,
alma-7b-flap40-ref-pair-ru,alma-7b-flap40-ref-pair-ru__alma10-greedy__dac70c41832c,flap,ref,40,pair,ru,en-ru+ru-en,False,,is-en,True,False,,,,,,,,,,,,,,,,,,,,,,,
alma-7b-flap40-ref-pair-ru,alma-7b-flap40-ref-pair-ru__alma10-greedy__dac70c41832c,flap,ref,40,pair,ru,en-ru+ru-en,False,,ru-en,True,True,2016,0.787927,27.1768,52.3939,5.40685,-0.056595,-9.8266,-8.1526,2.2942,-0.009902,0.304472,0,0.006,0.006,0.006,0,1.0311,0.0005,0.005,0.0144,0,0.0069,1.0663
alma-7b-flap40-ref-pair-ru,alma-7b-flap40-ref-pair-ru__alma10-greedy__dac70c41832c,flap,ref,40,pair,ru,en-ru+ru-en,False,,zh-en,True,False,,,,,,,,,,,,,,,,,,,,,,,
alma-7b-flap40-ref-pair-ru,alma-7b-flap40-ref-pair-ru__alma10-greedy__dac70c41832c,flap,ref,40,pair,ru,en-ru+ru-en,False,,en-cs,False,False,,,,,,,,,,,,,,,,,,,,,,,
alma-7b-flap40-ref-pair-ru,alma-7b-flap40-ref-pair-ru__alma10-greedy__dac70c41832c,flap,ref,40,pair,ru,en-ru+ru-en,False,,en-de,False,False,,,,,,,,,,,,,,,,,,,,,,,
alma-7b-flap40-ref-pair-ru,alma-7b-flap40-ref-pair-ru__alma10-greedy__dac70c41832c,flap,ref,40,pair,ru,en-ru+ru-en,False,,en-is,False,False,,,,,,,,,,,,,,,,,,,,,,,
alma-7b-flap40-ref-pair-ru,alma-7b-flap40-ref-pair-ru__alma10-greedy__dac70c41832c,flap,ref,40,pair,ru,en-ru+ru-en,False,,en-ru,False,True,2037,0.765468,15.9093,39.28,5.38589,-0.09756,-9.2396,-9.7009,3.11546,0.013453,-0.407104,0.001,0.002,0.0054,0.0054,0,0.9268,0.001,0.0142,0.0245,0.001,0.0138,0.977
alma-7b-flap40-ref-pair-ru,alma-7b-flap40-ref-pair-ru__alma10-greedy__dac70c41832c,flap,ref,40,pair,ru,en-ru+ru-en,False,,en-zh,False,False,,,,,,,,,,,,,,,,,,,,,,,
alma-7b-flap40-ref-pair-zh,alma-7b-flap40-ref-pair-zh__alma10-greedy__703fc94e7640,flap,ref,40,pair,zh,en-zh+zh-en,False,,cs-en,True,False,,,,,,,,,,,,,,,,,,,,,,,
alma-7b-flap40-ref-pair-zh,alma-7b-flap40-ref-pair-zh__alma10-greedy__703fc94e7640,flap,ref,40,pair,zh,en-zh+zh-en,False,,de-en,True,False,,,,,,,,,,,,,,,,,,,,,,,
alma-7b-flap40-ref-pair-zh,alma-7b-flap40-ref-pair-zh__alma10-greedy__703fc94e7640,flap,ref,40,pair,zh,en-zh+zh-en,False,,is-en,True,False,,,,,,,,,,,,,,,,,,,,,,,
alma-7b-flap40-ref-pair-zh,alma-7b-flap40-ref-pair-zh__alma10-greedy__703fc94e7640,flap,ref,40,pair,zh,en-zh+zh-en,False,,ru-en,True,False,,,,,,,,,,,,,,,,,,,,,,,
alma-7b-flap40-ref-pair-zh,alma-7b-flap40-ref-pair-zh__alma10-greedy__703fc94e7640,flap,ref,40,pair,zh,en-zh+zh-en,False,,zh-en,True,True,1875,0.741417,15.6485,41.8092,4.8851,-0.055277,-6.7728,-7.9351,2.18194,0.009551,-0.32849,0.0048,0.0016,0.0032,0.0032,0,0.8857,0.0027,0.0144,0.0123,0.0048,0.0043,0.9345
alma-7b-flap40-ref-pair-zh,alma-7b-flap40-ref-pair-zh__alma10-greedy__703fc94e7640,flap,ref,40,pair,zh,en-zh+zh-en,False,,en-cs,False,False,,,,,,,,,,,,,,,,,,,,,,,
alma-7b-flap40-ref-pair-zh,alma-7b-flap40-ref-pair-zh__alma10-greedy__703fc94e7640,flap,ref,40,pair,zh,en-zh+zh-en,False,,en-de,False,False,,,,,,,,,,,,,,,,,,,,,,,
alma-7b-flap40-ref-pair-zh,alma-7b-flap40-ref-pair-zh__alma10-greedy__703fc94e7640,flap,ref,40,pair,zh,en-zh+zh-en,False,,en-is,False,False,,,,,,,,,,,,,,,,,,,,,,,
alma-7b-flap40-ref-pair-zh,alma-7b-flap40-ref-pair-zh__alma10-greedy__703fc94e7640,flap,ref,40,pair,zh,en-zh+zh-en,False,,en-ru,False,False,,,,,,,,,,,,,,,,,,,,,,,
alma-7b-flap40-ref-pair-zh,alma-7b-flap40-ref-pair-zh__alma10-greedy__703fc94e7640,flap,ref,40,pair,zh,en-zh+zh-en,False,,en-zh,False,True,2037,0.7145,19.0672,15.0225,4.88168,-0.133174,-15.9762,-12.3696,3.0224,0.063981,-1.42001,0.0005,0,0.0093,0.0093,0,0.8764,0,0.2013,0.0275,0.0005,0.0125,0.8727
alma-7b-flap40-gen-pair-cs,alma-7b-flap40-gen-pair-cs__alma10-greedy__7cf1bf17186e,flap,gen,40,pair,cs,cs-en+en-cs,False,,cs-en,True,True,1448,0.808579,30.4515,53.597,6.04059,-0.047268,-10.8707,-9.0411,2.12868,-0.003023,0.168805,0.0041,0.0007,0.0007,0.0007,0,0.9502,0.0007,0,0.0076,0.0041,0.0061,0.9845
alma-7b-flap40-gen-pair-cs,alma-7b-flap40-gen-pair-cs__alma10-greedy__7cf1bf17186e,flap,gen,40,pair,cs,cs-en+en-cs,False,,de-en,True,False,,,,,,,,,,,,,,,,,,,,,,,
alma-7b-flap40-gen-pair-cs,alma-7b-flap40-gen-pair-cs__alma10-greedy__7cf1bf17186e,flap,gen,40,pair,cs,cs-en+en-cs,False,,is-en,True,False,,,,,,,,,,,,,,,,,,,,,,,
alma-7b-flap40-gen-pair-cs,alma-7b-flap40-gen-pair-cs__alma10-greedy__7cf1bf17186e,flap,gen,40,pair,cs,cs-en+en-cs,False,,ru-en,True,False,,,,,,,,,,,,,,,,,,,,,,,
alma-7b-flap40-gen-pair-cs,alma-7b-flap40-gen-pair-cs__alma10-greedy__7cf1bf17186e,flap,gen,40,pair,cs,cs-en+en-cs,False,,zh-en,True,False,,,,,,,,,,,,,,,,,,,,,,,
alma-7b-flap40-gen-pair-cs,alma-7b-flap40-gen-pair-cs__alma10-greedy__7cf1bf17186e,flap,gen,40,pair,cs,cs-en+en-cs,False,,en-cs,False,True,2037,0.750819,15.9441,37.9716,8.4516,-0.128419,-10.4682,-12,4.96785,0.02451,-0.86574,0.0025,0.002,0.0069,0.0069,0,0.9343,0.001,0.0177,0.0162,0.0025,0.0098,0.9874
alma-7b-flap40-gen-pair-cs,alma-7b-flap40-gen-pair-cs__alma10-greedy__7cf1bf17186e,flap,gen,40,pair,cs,cs-en+en-cs,False,,en-de,False,False,,,,,,,,,,,,,,,,,,,,,,,
alma-7b-flap40-gen-pair-cs,alma-7b-flap40-gen-pair-cs__alma10-greedy__7cf1bf17186e,flap,gen,40,pair,cs,cs-en+en-cs,False,,en-is,False,False,,,,,,,,,,,,,,,,,,,,,,,
alma-7b-flap40-gen-pair-cs,alma-7b-flap40-gen-pair-cs__alma10-greedy__7cf1bf17186e,flap,gen,40,pair,cs,cs-en+en-cs,False,,en-ru,False,False,,,,,,,,,,,,,,,,,,,,,,,
alma-7b-flap40-gen-pair-cs,alma-7b-flap40-gen-pair-cs__alma10-greedy__7cf1bf17186e,flap,gen,40,pair,cs,cs-en+en-cs,False,,en-zh,False,False,,,,,,,,,,,,,,,,,,,,,,,
alma-7b-flap40-gen-pair-de,alma-7b-flap40-gen-pair-de__alma10-greedy__9dfdd40a7dc0,flap,gen,40,pair,de,de-en+en-de,False,,cs-en,True,False,,,,,,,,,,,,,,,,,,,,,,,
alma-7b-flap40-gen-pair-de,alma-7b-flap40-gen-pair-de__alma10-greedy__9dfdd40a7dc0,flap,gen,40,pair,de,de-en+en-de,False,,de-en,True,True,1984,0.799528,23.4471,47.1391,5.11635,-0.038015,-5.6253,-5.1836,1.69676,-0.001838,0.167878,0.0015,0,0.001,0.001,0,0.9008,0.001,0.0055,0.0066,0.0015,0.0049,0.9283
alma-7b-flap40-gen-pair-de,alma-7b-flap40-gen-pair-de__alma10-greedy__9dfdd40a7dc0,flap,gen,40,pair,de,de-en+en-de,False,,is-en,True,False,,,,,,,,,,,,,,,,,,,,,,,
alma-7b-flap40-gen-pair-de,alma-7b-flap40-gen-pair-de__alma10-greedy__9dfdd40a7dc0,flap,gen,40,pair,de,de-en+en-de,False,,ru-en,True,False,,,,,,,,,,,,,,,,,,,,,,,
alma-7b-flap40-gen-pair-de,alma-7b-flap40-gen-pair-de__alma10-greedy__9dfdd40a7dc0,flap,gen,40,pair,de,de-en+en-de,False,,zh-en,True,False,,,,,,,,,,,,,,,,,,,,,,,
alma-7b-flap40-gen-pair-de,alma-7b-flap40-gen-pair-de__alma10-greedy__9dfdd40a7dc0,flap,gen,40,pair,de,de-en+en-de,False,,en-cs,False,False,,,,,,,,,,,,,,,,,,,,,,,
alma-7b-flap40-gen-pair-de,alma-7b-flap40-gen-pair-de__alma10-greedy__9dfdd40a7dc0,flap,gen,40,pair,de,de-en+en-de,False,,en-de,False,True,2037,0.765475,19.9028,45.346,2.60206,-0.083206,-8.3634,-9.1156,1.50855,0.0067,-0.146269,0.0088,0,0.001,0.001,0,0.9408,0.0088,0.0059,0.0113,0.0088,0.0168,0.9785
alma-7b-flap40-gen-pair-de,alma-7b-flap40-gen-pair-de__alma10-greedy__9dfdd40a7dc0,flap,gen,40,pair,de,de-en+en-de,False,,en-is,False,False,,,,,,,,,,,,,,,,,,,,,,,
alma-7b-flap40-gen-pair-de,alma-7b-flap40-gen-pair-de__alma10-greedy__9dfdd40a7dc0,flap,gen,40,pair,de,de-en+en-de,False,,en-ru,False,False,,,,,,,,,,,,,,,,,,,,,,,
alma-7b-flap40-gen-pair-de,alma-7b-flap40-gen-pair-de__alma10-greedy__9dfdd40a7dc0,flap,gen,40,pair,de,de-en+en-de,False,,en-zh,False,False,,,,,,,,,,,,,,,,,,,,,,,
alma-7b-flap40-gen-pair-is,alma-7b-flap40-gen-pair-is__alma10-greedy__be5b45940aa4,flap,gen,40,pair,is,en-is+is-en,False,,cs-en,True,False,,,,,,,,,,,,,,,,,,,,,,,
alma-7b-flap40-gen-pair-is,alma-7b-flap40-gen-pair-is__alma10-greedy__be5b45940aa4,flap,gen,40,pair,is,en-is+is-en,False,,de-en,True,False,,,,,,,,,,,,,,,,,,,,,,,
alma-7b-flap40-gen-pair-is,alma-7b-flap40-gen-pair-is__alma10-greedy__be5b45940aa4,flap,gen,40,pair,is,en-is+is-en,False,,is-en,True,True,1000,0.797334,24.5609,46.6376,5.92259,-0.059412,-10.0383,-9.4842,2.48017,-0.007953,0.258524,0.002,0.006,0.012,0.012,0,0.9841,0,0.001,0.017,0.002,0.0056,1.0007
alma-7b-flap40-gen-pair-is,alma-7b-flap40-gen-pair-is__alma10-greedy__be5b45940aa4,flap,gen,40,pair,is,en-is+is-en,False,,ru-en,True,False,,,,,,,,,,,,,,,,,,,,,,,
alma-7b-flap40-gen-pair-is,alma-7b-flap40-gen-pair-is__alma10-greedy__be5b45940aa4,flap,gen,40,pair,is,en-is+is-en,False,,zh-en,True,False,,,,,,,,,,,,,,,,,,,,,,,
alma-7b-flap40-gen-pair-is,alma-7b-flap40-gen-pair-is__alma10-greedy__be5b45940aa4,flap,gen,40,pair,is,en-is+is-en,False,,en-cs,False,False,,,,,,,,,,,,,,,,,,,,,,,
alma-7b-flap40-gen-pair-is,alma-7b-flap40-gen-pair-is__alma10-greedy__be5b45940aa4,flap,gen,40,pair,is,en-is+is-en,False,,en-de,False,False,,,,,,,,,,,,,,,,,,,,,,,
alma-7b-flap40-gen-pair-is,alma-7b-flap40-gen-pair-is__alma10-greedy__be5b45940aa4,flap,gen,40,pair,is,en-is+is-en,False,,en-is,False,True,1000,0.656179,11.647,33.6063,13.0868,-0.188637,-12.2662,-15.4724,9.01449,0.074014,-2.62597,0.001,0.01,0.017,0.017,0,0.8855,0,0.001,0.005,0.001,0.0045,0.9658
alma-7b-flap40-gen-pair-is,alma-7b-flap40-gen-pair-is__alma10-greedy__be5b45940aa4,flap,gen,40,pair,is,en-is+is-en,False,,en-ru,False,False,,,,,,,,,,,,,,,,,,,,,,,
alma-7b-flap40-gen-pair-is,alma-7b-flap40-gen-pair-is__alma10-greedy__be5b45940aa4,flap,gen,40,pair,is,en-is+is-en,False,,en-zh,False,False,,,,,,,,,,,,,,,,,,,,,,,
alma-7b-flap40-gen-pair-ru,alma-7b-flap40-gen-pair-ru__alma10-greedy__e54374f8fb7e,flap,gen,40,pair,ru,en-ru+ru-en,False,,cs-en,True,False,,,,,,,,,,,,,,,,,,,,,,,
alma-7b-flap40-gen-pair-ru,alma-7b-flap40-gen-pair-ru__alma10-greedy__e54374f8fb7e,flap,gen,40,pair,ru,en-ru+ru-en,False,,de-en,True,False,,,,,,,,,,,,,,,,,,,,,,,
alma-7b-flap40-gen-pair-ru,alma-7b-flap40-gen-pair-ru__alma10-greedy__e54374f8fb7e,flap,gen,40,pair,ru,en-ru+ru-en,False,,is-en,True,False,,,,,,,,,,,,,,,,,,,,,,,
alma-7b-flap40-gen-pair-ru,alma-7b-flap40-gen-pair-ru__alma10-greedy__e54374f8fb7e,flap,gen,40,pair,ru,en-ru+ru-en,False,,ru-en,True,True,2016,0.788055,27.2523,52.5388,5.44511,-0.056467,-9.7511,-8.0077,2.33246,-0.008428,0.329912,0,0.006,0.0069,0.0069,0,1.0351,0.0005,0.005,0.0124,0,0.0068,1.0724
alma-7b-flap40-gen-pair-ru,alma-7b-flap40-gen-pair-ru__alma10-greedy__e54374f8fb7e,flap,gen,40,pair,ru,en-ru+ru-en,False,,zh-en,True,False,,,,,,,,,,,,,,,,,,,,,,,
alma-7b-flap40-gen-pair-ru,alma-7b-flap40-gen-pair-ru__alma10-greedy__e54374f8fb7e,flap,gen,40,pair,ru,en-ru+ru-en,False,,en-cs,False,False,,,,,,,,,,,,,,,,,,,,,,,
alma-7b-flap40-gen-pair-ru,alma-7b-flap40-gen-pair-ru__alma10-greedy__e54374f8fb7e,flap,gen,40,pair,ru,en-ru+ru-en,False,,en-de,False,False,,,,,,,,,,,,,,,,,,,,,,,
alma-7b-flap40-gen-pair-ru,alma-7b-flap40-gen-pair-ru__alma10-greedy__e54374f8fb7e,flap,gen,40,pair,ru,en-ru+ru-en,False,,en-is,False,False,,,,,,,,,,,,,,,,,,,,,,,
alma-7b-flap40-gen-pair-ru,alma-7b-flap40-gen-pair-ru__alma10-greedy__e54374f8fb7e,flap,gen,40,pair,ru,en-ru+ru-en,False,,en-ru,False,True,2037,0.766616,15.9384,39.5299,5.24449,-0.096412,-9.2105,-9.451,2.97406,0.01564,-0.547882,0.001,0.002,0.0059,0.0059,0,0.9319,0.001,0.0128,0.0295,0.001,0.0137,0.9864
alma-7b-flap40-gen-pair-ru,alma-7b-flap40-gen-pair-ru__alma10-greedy__e54374f8fb7e,flap,gen,40,pair,ru,en-ru+ru-en,False,,en-zh,False,False,,,,,,,,,,,,,,,,,,,,,,,
alma-7b-flap40-gen-pair-zh,alma-7b-flap40-gen-pair-zh__alma10-greedy__2638acda069e,flap,gen,40,pair,zh,en-zh+zh-en,False,,cs-en,True,False,,,,,,,,,,,,,,,,,,,,,,,
alma-7b-flap40-gen-pair-zh,alma-7b-flap40-gen-pair-zh__alma10-greedy__2638acda069e,flap,gen,40,pair,zh,en-zh+zh-en,False,,de-en,True,False,,,,,,,,,,,,,,,,,,,,,,,
alma-7b-flap40-gen-pair-zh,alma-7b-flap40-gen-pair-zh__alma10-greedy__2638acda069e,flap,gen,40,pair,zh,en-zh+zh-en,False,,is-en,True,False,,,,,,,,,,,,,,,,,,,,,,,
alma-7b-flap40-gen-pair-zh,alma-7b-flap40-gen-pair-zh__alma10-greedy__2638acda069e,flap,gen,40,pair,zh,en-zh+zh-en,False,,ru-en,True,False,,,,,,,,,,,,,,,,,,,,,,,
alma-7b-flap40-gen-pair-zh,alma-7b-flap40-gen-pair-zh__alma10-greedy__2638acda069e,flap,gen,40,pair,zh,en-zh+zh-en,False,,zh-en,True,True,1875,0.739856,15.5014,41.6454,4.85841,-0.056838,-6.9199,-8.0989,2.15525,0.011037,-0.397866,0.0048,0.0027,0.0027,0.0027,0,0.8782,0.0027,0.0123,0.0139,0.0048,0.0043,0.927
alma-7b-flap40-gen-pair-zh,alma-7b-flap40-gen-pair-zh__alma10-greedy__2638acda069e,flap,gen,40,pair,zh,en-zh+zh-en,False,,en-cs,False,False,,,,,,,,,,,,,,,,,,,,,,,
alma-7b-flap40-gen-pair-zh,alma-7b-flap40-gen-pair-zh__alma10-greedy__2638acda069e,flap,gen,40,pair,zh,en-zh+zh-en,False,,en-de,False,False,,,,,,,,,,,,,,,,,,,,,,,
alma-7b-flap40-gen-pair-zh,alma-7b-flap40-gen-pair-zh__alma10-greedy__2638acda069e,flap,gen,40,pair,zh,en-zh+zh-en,False,,en-is,False,False,,,,,,,,,,,,,,,,,,,,,,,
alma-7b-flap40-gen-pair-zh,alma-7b-flap40-gen-pair-zh__alma10-greedy__2638acda069e,flap,gen,40,pair,zh,en-zh+zh-en,False,,en-ru,False,False,,,,,,,,,,,,,,,,,,,,,,,
alma-7b-flap40-gen-pair-zh,alma-7b-flap40-gen-pair-zh__alma10-greedy__2638acda069e,flap,gen,40,pair,zh,en-zh+zh-en,False,,en-zh,False,True,2037,0.708011,18.7544,15.0561,4.98696,-0.139663,-16.289,-12.336,3.12769,0.052638,-1.23749,0.001,0,0.0128,0.0128,0,0.8874,0,0.2096,0.0285,0.001,0.0165,0.8724
alma-7b-slimgpt20-ref-dir-cs-en,alma-7b-slimgpt20-ref-dir-cs-en__alma10-greedy__204e151913cd,slimgpt,ref,20,dir,cs-en,cs-en,False,,cs-en,True,True,1448,0.84865,37.4653,59.9074,4.19825,-0.007197,-3.8569,-2.7307,0.286338,-0.000965,0.069069,0.0048,0,0.0007,0.0007,0,0.9726,0.0007,0.0007,0.0062,0.0048,0.0056,0.9871
alma-7b-slimgpt20-ref-dir-cs-en,alma-7b-slimgpt20-ref-dir-cs-en__alma10-greedy__204e151913cd,slimgpt,ref,20,dir,cs-en,cs-en,False,,de-en,True,False,,,,,,,,,,,,,,,,,,,,,,,
alma-7b-slimgpt20-ref-dir-cs-en,alma-7b-slimgpt20-ref-dir-cs-en__alma10-greedy__204e151913cd,slimgpt,ref,20,dir,cs-en,cs-en,False,,is-en,True,False,,,,,,,,,,,,,,,,,,,,,,,
alma-7b-slimgpt20-ref-dir-cs-en,alma-7b-slimgpt20-ref-dir-cs-en__alma10-greedy__204e151913cd,slimgpt,ref,20,dir,cs-en,cs-en,False,,ru-en,True,False,,,,,,,,,,,,,,,,,,,,,,,
alma-7b-slimgpt20-ref-dir-cs-en,alma-7b-slimgpt20-ref-dir-cs-en__alma10-greedy__204e151913cd,slimgpt,ref,20,dir,cs-en,cs-en,False,,zh-en,True,False,,,,,,,,,,,,,,,,,,,,,,,
alma-7b-slimgpt20-ref-dir-cs-en,alma-7b-slimgpt20-ref-dir-cs-en__alma10-greedy__204e151913cd,slimgpt,ref,20,dir,cs-en,cs-en,False,,en-cs,False,False,,,,,,,,,,,,,,,,,,,,,,,
alma-7b-slimgpt20-ref-dir-cs-en,alma-7b-slimgpt20-ref-dir-cs-en__alma10-greedy__204e151913cd,slimgpt,ref,20,dir,cs-en,cs-en,False,,en-de,False,False,,,,,,,,,,,,,,,,,,,,,,,
alma-7b-slimgpt20-ref-dir-cs-en,alma-7b-slimgpt20-ref-dir-cs-en__alma10-greedy__204e151913cd,slimgpt,ref,20,dir,cs-en,cs-en,False,,en-is,False,False,,,,,,,,,,,,,,,,,,,,,,,
alma-7b-slimgpt20-ref-dir-cs-en,alma-7b-slimgpt20-ref-dir-cs-en__alma10-greedy__204e151913cd,slimgpt,ref,20,dir,cs-en,cs-en,False,,en-ru,False,False,,,,,,,,,,,,,,,,,,,,,,,
alma-7b-slimgpt20-ref-dir-cs-en,alma-7b-slimgpt20-ref-dir-cs-en__alma10-greedy__204e151913cd,slimgpt,ref,20,dir,cs-en,cs-en,False,,en-zh,False,False,,,,,,,,,,,,,,,,,,,,,,,
alma-7b-slimgpt20-ref-dir-de-en,alma-7b-slimgpt20-ref-dir-de-en__alma10-greedy__f9ab44a7ac22,slimgpt,ref,20,dir,de-en,de-en,False,,cs-en,True,False,,,,,,,,,,,,,,,,,,,,,,,
alma-7b-slimgpt20-ref-dir-de-en,alma-7b-slimgpt20-ref-dir-de-en__alma10-greedy__f9ab44a7ac22,slimgpt,ref,20,dir,de-en,de-en,False,,de-en,True,True,1984,0.832782,26.5513,50.9186,3.57156,-0.004761,-2.5211,-1.4041,0.151971,-0.000317,-0.022446,0.002,0,0,0,0,0.9194,0.001,0.006,0.0091,0.002,0.0051,0.9292
alma-7b-slimgpt20-ref-dir-de-en,alma-7b-slimgpt20-ref-dir-de-en__alma10-greedy__f9ab44a7ac22,slimgpt,ref,20,dir,de-en,de-en,False,,is-en,True,False,,,,,,,,,,,,,,,,,,,,,,,
alma-7b-slimgpt20-ref-dir-de-en,alma-7b-slimgpt20-ref-dir-de-en__alma10-greedy__f9ab44a7ac22,slimgpt,ref,20,dir,de-en,de-en,False,,ru-en,True,False,,,,,,,,,,,,,,,,,,,,,,,
alma-7b-slimgpt20-ref-dir-de-en,alma-7b-slimgpt20-ref-dir-de-en__alma10-greedy__f9ab44a7ac22,slimgpt,ref,20,dir,de-en,de-en,False,,zh-en,True,False,,,,,,,,,,,,,,,,,,,,,,,
alma-7b-slimgpt20-ref-dir-de-en,alma-7b-slimgpt20-ref-dir-de-en__alma10-greedy__f9ab44a7ac22,slimgpt,ref,20,dir,de-en,de-en,False,,en-cs,False,False,,,,,,,,,,,,,,,,,,,,,,,
alma-7b-slimgpt20-ref-dir-de-en,alma-7b-slimgpt20-ref-dir-de-en__alma10-greedy__f9ab44a7ac22,slimgpt,ref,20,dir,de-en,de-en,False,,en-de,False,False,,,,,,,,,,,,,,,,,,,,,,,
alma-7b-slimgpt20-ref-dir-de-en,alma-7b-slimgpt20-ref-dir-de-en__alma10-greedy__f9ab44a7ac22,slimgpt,ref,20,dir,de-en,de-en,False,,en-is,False,False,,,,,,,,,,,,,,,,,,,,,,,
alma-7b-slimgpt20-ref-dir-de-en,alma-7b-slimgpt20-ref-dir-de-en__alma10-greedy__f9ab44a7ac22,slimgpt,ref,20,dir,de-en,de-en,False,,en-ru,False,False,,,,,,,,,,,,,,,,,,,,,,,
alma-7b-slimgpt20-ref-dir-de-en,alma-7b-slimgpt20-ref-dir-de-en__alma10-greedy__f9ab44a7ac22,slimgpt,ref,20,dir,de-en,de-en,False,,en-zh,False,False,,,,,,,,,,,,,,,,,,,,,,,
alma-7b-slimgpt20-ref-dir-is-en,alma-7b-slimgpt20-ref-dir-is-en__alma10-greedy__006857367120,slimgpt,ref,20,dir,is-en,is-en,False,,cs-en,True,False,,,,,,,,,,,,,,,,,,,,,,,
alma-7b-slimgpt20-ref-dir-is-en,alma-7b-slimgpt20-ref-dir-is-en__alma10-greedy__006857367120,slimgpt,ref,20,dir,is-en,is-en,False,,de-en,True,False,,,,,,,,,,,,,,,,,,,,,,,
alma-7b-slimgpt20-ref-dir-is-en,alma-7b-slimgpt20-ref-dir-is-en__alma10-greedy__006857367120,slimgpt,ref,20,dir,is-en,is-en,False,,is-en,True,True,1000,0.852151,32.2112,54.3077,3.68162,-0.004595,-2.388,-1.8141,0.239212,-0.001085,0.11967,0.006,0,0,0,0,0.9305,0,0,0.008,0.006,0.0068,0.9534
alma-7b-slimgpt20-ref-dir-is-en,alma-7b-slimgpt20-ref-dir-is-en__alma10-greedy__006857367120,slimgpt,ref,20,dir,is-en,is-en,False,,ru-en,True,False,,,,,,,,,,,,,,,,,,,,,,,
alma-7b-slimgpt20-ref-dir-is-en,alma-7b-slimgpt20-ref-dir-is-en__alma10-greedy__006857367120,slimgpt,ref,20,dir,is-en,is-en,False,,zh-en,True,False,,,,,,,,,,,,,,,,,,,,,,,
alma-7b-slimgpt20-ref-dir-is-en,alma-7b-slimgpt20-ref-dir-is-en__alma10-greedy__006857367120,slimgpt,ref,20,dir,is-en,is-en,False,,en-cs,False,False,,,,,,,,,,,,,,,,,,,,,,,
alma-7b-slimgpt20-ref-dir-is-en,alma-7b-slimgpt20-ref-dir-is-en__alma10-greedy__006857367120,slimgpt,ref,20,dir,is-en,is-en,False,,en-de,False,False,,,,,,,,,,,,,,,,,,,,,,,
alma-7b-slimgpt20-ref-dir-is-en,alma-7b-slimgpt20-ref-dir-is-en__alma10-greedy__006857367120,slimgpt,ref,20,dir,is-en,is-en,False,,en-is,False,False,,,,,,,,,,,,,,,,,,,,,,,
alma-7b-slimgpt20-ref-dir-is-en,alma-7b-slimgpt20-ref-dir-is-en__alma10-greedy__006857367120,slimgpt,ref,20,dir,is-en,is-en,False,,en-ru,False,False,,,,,,,,,,,,,,,,,,,,,,,
alma-7b-slimgpt20-ref-dir-is-en,alma-7b-slimgpt20-ref-dir-is-en__alma10-greedy__006857367120,slimgpt,ref,20,dir,is-en,is-en,False,,en-zh,False,False,,,,,,,,,,,,,,,,,,,,,,,
alma-7b-slimgpt20-ref-dir-ru-en,alma-7b-slimgpt20-ref-dir-ru-en__alma10-greedy__1e68ee1aa1da,slimgpt,ref,20,dir,ru-en,ru-en,False,,cs-en,True,False,,,,,,,,,,,,,,,,,,,,,,,
alma-7b-slimgpt20-ref-dir-ru-en,alma-7b-slimgpt20-ref-dir-ru-en__alma10-greedy__1e68ee1aa1da,slimgpt,ref,20,dir,ru-en,ru-en,False,,de-en,True,False,,,,,,,,,,,,,,,,,,,,,,,
alma-7b-slimgpt20-ref-dir-ru-en,alma-7b-slimgpt20-ref-dir-ru-en__alma10-greedy__1e68ee1aa1da,slimgpt,ref,20,dir,ru-en,ru-en,False,,is-en,True,False,,,,,,,,,,,,,,,,,,,,,,,
alma-7b-slimgpt20-ref-dir-ru-en,alma-7b-slimgpt20-ref-dir-ru-en__alma10-greedy__1e68ee1aa1da,slimgpt,ref,20,dir,ru-en,ru-en,False,,ru-en,True,True,2016,0.836755,34.7897,58.5247,3.36678,-0.007767,-2.2137,-2.0218,0.254137,0.000465,-0.012046,0,0,0,0,0,0.9839,0.0005,0.004,0.0149,0,0.0073,0.9994
alma-7b-slimgpt20-ref-dir-ru-en,alma-7b-slimgpt20-ref-dir-ru-en__alma10-greedy__1e68ee1aa1da,slimgpt,ref,20,dir,ru-en,ru-en,False,,zh-en,True,False,,,,,,,,,,,,,,,,,,,,,,,
alma-7b-slimgpt20-ref-dir-ru-en,alma-7b-slimgpt20-ref-dir-ru-en__alma10-greedy__1e68ee1aa1da,slimgpt,ref,20,dir,ru-en,ru-en,False,,en-cs,False,False,,,,,,,,,,,,,,,,,,,,,,,
alma-7b-slimgpt20-ref-dir-ru-en,alma-7b-slimgpt20-ref-dir-ru-en__alma10-greedy__1e68ee1aa1da,slimgpt,ref,20,dir,ru-en,ru-en,False,,en-de,False,False,,,,,,,,,,,,,,,,,,,,,,,
alma-7b-slimgpt20-ref-dir-ru-en,alma-7b-slimgpt20-ref-dir-ru-en__alma10-greedy__1e68ee1aa1da,slimgpt,ref,20,dir,ru-en,ru-en,False,,en-is,False,False,,,,,,,,,,,,,,,,,,,,,,,
alma-7b-slimgpt20-ref-dir-ru-en,alma-7b-slimgpt20-ref-dir-ru-en__alma10-greedy__1e68ee1aa1da,slimgpt,ref,20,dir,ru-en,ru-en,False,,en-ru,False,False,,,,,,,,,,,,,,,,,,,,,,,
alma-7b-slimgpt20-ref-dir-ru-en,alma-7b-slimgpt20-ref-dir-ru-en__alma10-greedy__1e68ee1aa1da,slimgpt,ref,20,dir,ru-en,ru-en,False,,en-zh,False,False,,,,,,,,,,,,,,,,,,,,,,,
alma-7b-slimgpt20-ref-dir-zh-en,alma-7b-slimgpt20-ref-dir-zh-en__alma10-greedy__f9c55527ce30,slimgpt,ref,20,dir,zh-en,zh-en,False,,cs-en,True,False,,,,,,,,,,,,,,,,,,,,,,,
alma-7b-slimgpt20-ref-dir-zh-en,alma-7b-slimgpt20-ref-dir-zh-en__alma10-greedy__f9c55527ce30,slimgpt,ref,20,dir,zh-en,zh-en,False,,de-en,True,False,,,,,,,,,,,,,,,,,,,,,,,
alma-7b-slimgpt20-ref-dir-zh-en,alma-7b-slimgpt20-ref-dir-zh-en__alma10-greedy__f9c55527ce30,slimgpt,ref,20,dir,zh-en,zh-en,False,,is-en,True,False,,,,,,,,,,,,,,,,,,,,,,,
alma-7b-slimgpt20-ref-dir-zh-en,alma-7b-slimgpt20-ref-dir-zh-en__alma10-greedy__f9c55527ce30,slimgpt,ref,20,dir,zh-en,zh-en,False,,ru-en,True,False,,,,,,,,,,,,,,,,,,,,,,,
alma-7b-slimgpt20-ref-dir-zh-en,alma-7b-slimgpt20-ref-dir-zh-en__alma10-greedy__f9c55527ce30,slimgpt,ref,20,dir,zh-en,zh-en,False,,zh-en,True,True,1875,0.785712,20.7369,48.1111,3.09303,-0.010982,-1.6844,-1.6332,0.38986,-0.001107,0.037712,0,0.0005,0.0005,0.0005,0,0.9309,0.0005,0.0139,0.0091,0,0.0042,0.951
alma-7b-slimgpt20-ref-dir-zh-en,alma-7b-slimgpt20-ref-dir-zh-en__alma10-greedy__f9c55527ce30,slimgpt,ref,20,dir,zh-en,zh-en,False,,en-cs,False,False,,,,,,,,,,,,,,,,,,,,,,,
alma-7b-slimgpt20-ref-dir-zh-en,alma-7b-slimgpt20-ref-dir-zh-en__alma10-greedy__f9c55527ce30,slimgpt,ref,20,dir,zh-en,zh-en,False,,en-de,False,False,,,,,,,,,,,,,,,,,,,,,,,
alma-7b-slimgpt20-ref-dir-zh-en,alma-7b-slimgpt20-ref-dir-zh-en__alma10-greedy__f9c55527ce30,slimgpt,ref,20,dir,zh-en,zh-en,False,,en-is,False,False,,,,,,,,,,,,,,,,,,,,,,,
alma-7b-slimgpt20-ref-dir-zh-en,alma-7b-slimgpt20-ref-dir-zh-en__alma10-greedy__f9c55527ce30,slimgpt,ref,20,dir,zh-en,zh-en,False,,en-ru,False,False,,,,,,,,,,,,,,,,,,,,,,,
alma-7b-slimgpt20-ref-dir-zh-en,alma-7b-slimgpt20-ref-dir-zh-en__alma10-greedy__f9c55527ce30,slimgpt,ref,20,dir,zh-en,zh-en,False,,en-zh,False,False,,,,,,,,,,,,,,,,,,,,,,,
alma-7b-slimgpt20-ref-dir-en-cs,alma-7b-slimgpt20-ref-dir-en-cs__alma10-greedy__0d3f46d3e28c,slimgpt,ref,20,dir,en-cs,en-cs,False,,cs-en,True,False,,,,,,,,,,,,,,,,,,,,,,,
alma-7b-slimgpt20-ref-dir-en-cs,alma-7b-slimgpt20-ref-dir-en-cs__alma10-greedy__0d3f46d3e28c,slimgpt,ref,20,dir,en-cs,en-cs,False,,de-en,True,False,,,,,,,,,,,,,,,,,,,,,,,
alma-7b-slimgpt20-ref-dir-en-cs,alma-7b-slimgpt20-ref-dir-en-cs__alma10-greedy__0d3f46d3e28c,slimgpt,ref,20,dir,en-cs,en-cs,False,,is-en,True,False,,,,,,,,,,,,,,,,,,,,,,,
alma-7b-slimgpt20-ref-dir-en-cs,alma-7b-slimgpt20-ref-dir-en-cs__alma10-greedy__0d3f46d3e28c,slimgpt,ref,20,dir,en-cs,en-cs,False,,ru-en,True,False,,,,,,,,,,,,,,,,,,,,,,,
alma-7b-slimgpt20-ref-dir-en-cs,alma-7b-slimgpt20-ref-dir-en-cs__alma10-greedy__0d3f46d3e28c,slimgpt,ref,20,dir,en-cs,en-cs,False,,zh-en,True,False,,,,,,,,,,,,,,,,,,,,,,,
alma-7b-slimgpt20-ref-dir-en-cs,alma-7b-slimgpt20-ref-dir-en-cs__alma10-greedy__0d3f46d3e28c,slimgpt,ref,20,dir,en-cs,en-cs,False,,en-cs,False,True,2037,0.867831,24.866,48.66,3.7761,-0.011407,-1.5463,-1.3116,0.292343,0.008047,-0.365674,0.0029,0,0.0005,0.0005,0,0.9638,0.001,0.0108,0.0177,0.0029,0.0066,0.9903
alma-7b-slimgpt20-ref-dir-en-cs,alma-7b-slimgpt20-ref-dir-en-cs__alma10-greedy__0d3f46d3e28c,slimgpt,ref,20,dir,en-cs,en-cs,False,,en-de,False,False,,,,,,,,,,,,,,,,,,,,,,,
alma-7b-slimgpt20-ref-dir-en-cs,alma-7b-slimgpt20-ref-dir-en-cs__alma10-greedy__0d3f46d3e28c,slimgpt,ref,20,dir,en-cs,en-cs,False,,en-is,False,False,,,,,,,,,,,,,,,,,,,,,,,
alma-7b-slimgpt20-ref-dir-en-cs,alma-7b-slimgpt20-ref-dir-en-cs__alma10-greedy__0d3f46d3e28c,slimgpt,ref,20,dir,en-cs,en-cs,False,,en-ru,False,False,,,,,,,,,,,,,,,,,,,,,,,
alma-7b-slimgpt20-ref-dir-en-cs,alma-7b-slimgpt20-ref-dir-en-cs__alma10-greedy__0d3f46d3e28c,slimgpt,ref,20,dir,en-cs,en-cs,False,,en-zh,False,False,,,,,,,,,,,,,,,,,,,,,,,
alma-7b-slimgpt20-ref-dir-en-de,alma-7b-slimgpt20-ref-dir-en-de__alma10-greedy__b6ec9ae90f2b,slimgpt,ref,20,dir,en-de,en-de,False,,cs-en,True,False,,,,,,,,,,,,,,,,,,,,,,,
alma-7b-slimgpt20-ref-dir-en-de,alma-7b-slimgpt20-ref-dir-en-de__alma10-greedy__b6ec9ae90f2b,slimgpt,ref,20,dir,en-de,en-de,False,,de-en,True,False,,,,,,,,,,,,,,,,,,,,,,,
alma-7b-slimgpt20-ref-dir-en-de,alma-7b-slimgpt20-ref-dir-en-de__alma10-greedy__b6ec9ae90f2b,slimgpt,ref,20,dir,en-de,en-de,False,,is-en,True,False,,,,,,,,,,,,,,,,,,,,,,,
alma-7b-slimgpt20-ref-dir-en-de,alma-7b-slimgpt20-ref-dir-en-de__alma10-greedy__b6ec9ae90f2b,slimgpt,ref,20,dir,en-de,en-de,False,,ru-en,True,False,,,,,,,,,,,,,,,,,,,,,,,
alma-7b-slimgpt20-ref-dir-en-de,alma-7b-slimgpt20-ref-dir-en-de__alma10-greedy__b6ec9ae90f2b,slimgpt,ref,20,dir,en-de,en-de,False,,zh-en,True,False,,,,,,,,,,,,,,,,,,,,,,,
alma-7b-slimgpt20-ref-dir-en-de,alma-7b-slimgpt20-ref-dir-en-de__alma10-greedy__b6ec9ae90f2b,slimgpt,ref,20,dir,en-de,en-de,False,,en-cs,False,False,,,,,,,,,,,,,,,,,,,,,,,
alma-7b-slimgpt20-ref-dir-en-de,alma-7b-slimgpt20-ref-dir-en-de__alma10-greedy__b6ec9ae90f2b,slimgpt,ref,20,dir,en-de,en-de,False,,en-de,False,True,2037,0.837757,26.4644,52.8616,1.31669,-0.010924,-1.8018,-1.6,0.223181,0.004428,-0.108678,0.0128,0,0,0,0,0.9964,0.0123,0.0054,0.0157,0.0128,0.0143,1.0072
alma-7b-slimgpt20-ref-dir-en-de,alma-7b-slimgpt20-ref-dir-en-de__alma10-greedy__b6ec9ae90f2b,slimgpt,ref,20,dir,en-de,en-de,False,,en-is,False,False,,,,,,,,,,,,,,,,,,,,,,,
alma-7b-slimgpt20-ref-dir-en-de,alma-7b-slimgpt20-ref-dir-en-de__alma10-greedy__b6ec9ae90f2b,slimgpt,ref,20,dir,en-de,en-de,False,,en-ru,False,False,,,,,,,,,,,,,,,,,,,,,,,
alma-7b-slimgpt20-ref-dir-en-de,alma-7b-slimgpt20-ref-dir-en-de__alma10-greedy__b6ec9ae90f2b,slimgpt,ref,20,dir,en-de,en-de,False,,en-zh,False,False,,,,,,,,,,,,,,,,,,,,,,,
alma-7b-slimgpt20-ref-dir-en-is,alma-7b-slimgpt20-ref-dir-en-is__alma10-greedy__e12882094b81,slimgpt,ref,20,dir,en-is,en-is,False,,cs-en,True,False,,,,,,,,,,,,,,,,,,,,,,,
alma-7b-slimgpt20-ref-dir-en-is,alma-7b-slimgpt20-ref-dir-en-is__alma10-greedy__e12882094b81,slimgpt,ref,20,dir,en-is,en-is,False,,de-en,True,False,,,,,,,,,,,,,,,,,,,,,,,
alma-7b-slimgpt20-ref-dir-en-is,alma-7b-slimgpt20-ref-dir-en-is__alma10-greedy__e12882094b81,slimgpt,ref,20,dir,en-is,en-is,False,,is-en,True,False,,,,,,,,,,,,,,,,,,,,,,,
alma-7b-slimgpt20-ref-dir-en-is,alma-7b-slimgpt20-ref-dir-en-is__alma10-greedy__e12882094b81,slimgpt,ref,20,dir,en-is,en-is,False,,ru-en,True,False,,,,,,,,,,,,,,,,,,,,,,,
alma-7b-slimgpt20-ref-dir-en-is,alma-7b-slimgpt20-ref-dir-en-is__alma10-greedy__e12882094b81,slimgpt,ref,20,dir,en-is,en-is,False,,zh-en,True,False,,,,,,,,,,,,,,,,,,,,,,,
alma-7b-slimgpt20-ref-dir-en-is,alma-7b-slimgpt20-ref-dir-en-is__alma10-greedy__e12882094b81,slimgpt,ref,20,dir,en-is,en-is,False,,en-cs,False,False,,,,,,,,,,,,,,,,,,,,,,,
alma-7b-slimgpt20-ref-dir-en-is,alma-7b-slimgpt20-ref-dir-en-is__alma10-greedy__e12882094b81,slimgpt,ref,20,dir,en-is,en-is,False,,en-de,False,False,,,,,,,,,,,,,,,,,,,,,,,
alma-7b-slimgpt20-ref-dir-en-is,alma-7b-slimgpt20-ref-dir-en-is__alma10-greedy__e12882094b81,slimgpt,ref,20,dir,en-is,en-is,False,,en-is,False,True,1000,0.833585,22.3676,47.5778,4.88151,-0.011231,-1.5456,-1.5009,0.809232,0.002715,-0.350086,0,0,0,0,0,0.9582,0,0,0.004,0,0.0041,0.9803
alma-7b-slimgpt20-ref-dir-en-is,alma-7b-slimgpt20-ref-dir-en-is__alma10-greedy__e12882094b81,slimgpt,ref,20,dir,en-is,en-is,False,,en-ru,False,False,,,,,,,,,,,,,,,,,,,,,,,
alma-7b-slimgpt20-ref-dir-en-is,alma-7b-slimgpt20-ref-dir-en-is__alma10-greedy__e12882094b81,slimgpt,ref,20,dir,en-is,en-is,False,,en-zh,False,False,,,,,,,,,,,,,,,,,,,,,,,
alma-7b-slimgpt20-ref-dir-en-ru,alma-7b-slimgpt20-ref-dir-en-ru__alma10-greedy__8c6a40ff791f,slimgpt,ref,20,dir,en-ru,en-ru,False,,cs-en,True,False,,,,,,,,,,,,,,,,,,,,,,,
alma-7b-slimgpt20-ref-dir-en-ru,alma-7b-slimgpt20-ref-dir-en-ru__alma10-greedy__8c6a40ff791f,slimgpt,ref,20,dir,en-ru,en-ru,False,,de-en,True,False,,,,,,,,,,,,,,,,,,,,,,,
alma-7b-slimgpt20-ref-dir-en-ru,alma-7b-slimgpt20-ref-dir-en-ru__alma10-greedy__8c6a40ff791f,slimgpt,ref,20,dir,en-ru,en-ru,False,,is-en,True,False,,,,,,,,,,,,,,,,,,,,,,,
alma-7b-slimgpt20-ref-dir-en-ru,alma-7b-slimgpt20-ref-dir-en-ru__alma10-greedy__8c6a40ff791f,slimgpt,ref,20,dir,en-ru,en-ru,False,,ru-en,True,False,,,,,,,,,,,,,,,,,,,,,,,
alma-7b-slimgpt20-ref-dir-en-ru,alma-7b-slimgpt20-ref-dir-en-ru__alma10-greedy__8c6a40ff791f,slimgpt,ref,20,dir,en-ru,en-ru,False,,zh-en,True,False,,,,,,,,,,,,,,,,,,,,,,,
alma-7b-slimgpt20-ref-dir-en-ru,alma-7b-slimgpt20-ref-dir-en-ru__alma10-greedy__8c6a40ff791f,slimgpt,ref,20,dir,en-ru,en-ru,False,,en-cs,False,False,,,,,,,,,,,,,,,,,,,,,,,
alma-7b-slimgpt20-ref-dir-en-ru,alma-7b-slimgpt20-ref-dir-en-ru__alma10-greedy__8c6a40ff791f,slimgpt,ref,20,dir,en-ru,en-ru,False,,en-de,False,False,,,,,,,,,,,,,,,,,,,,,,,
alma-7b-slimgpt20-ref-dir-en-ru,alma-7b-slimgpt20-ref-dir-en-ru__alma10-greedy__8c6a40ff791f,slimgpt,ref,20,dir,en-ru,en-ru,False,,en-is,False,False,,,,,,,,,,,,,,,,,,,,,,,
alma-7b-slimgpt20-ref-dir-en-ru,alma-7b-slimgpt20-ref-dir-en-ru__alma10-greedy__8c6a40ff791f,slimgpt,ref,20,dir,en-ru,en-ru,False,,en-ru,False,True,2037,0.851085,22.9602,47.0553,2.64676,-0.011943,-2.1887,-1.9256,0.376328,0.002956,-0.100904,0.0015,0,0,0,0,0.956,0.0015,0.0103,0.0226,0.0015,0.0113,0.9898
alma-7b-slimgpt20-ref-dir-en-ru,alma-7b-slimgpt20-ref-dir-en-ru__alma10-greedy__8c6a40ff791f,slimgpt,ref,20,dir,en-ru,en-ru,False,,en-zh,False,False,,,,,,,,,,,,,,,,,,,,,,,
alma-7b-slimgpt20-ref-dir-en-zh,alma-7b-slimgpt20-ref-dir-en-zh__alma10-greedy__ea26fb173cf3,slimgpt,ref,20,dir,en-zh,en-zh,False,,cs-en,True,False,,,,,,,,,,,,,,,,,,,,,,,
alma-7b-slimgpt20-ref-dir-en-zh,alma-7b-slimgpt20-ref-dir-en-zh__alma10-greedy__ea26fb173cf3,slimgpt,ref,20,dir,en-zh,en-zh,False,,de-en,True,False,,,,,,,,,,,,,,,,,,,,,,,
alma-7b-slimgpt20-ref-dir-en-zh,alma-7b-slimgpt20-ref-dir-en-zh__alma10-greedy__ea26fb173cf3,slimgpt,ref,20,dir,en-zh,en-zh,False,,is-en,True,False,,,,,,,,,,,,,,,,,,,,,,,
alma-7b-slimgpt20-ref-dir-en-zh,alma-7b-slimgpt20-ref-dir-en-zh__alma10-greedy__ea26fb173cf3,slimgpt,ref,20,dir,en-zh,en-zh,False,,ru-en,True,False,,,,,,,,,,,,,,,,,,,,,,,
alma-7b-slimgpt20-ref-dir-en-zh,alma-7b-slimgpt20-ref-dir-en-zh__alma10-greedy__ea26fb173cf3,slimgpt,ref,20,dir,en-zh,en-zh,False,,zh-en,True,False,,,,,,,,,,,,,,,,,,,,,,,
alma-7b-slimgpt20-ref-dir-en-zh,alma-7b-slimgpt20-ref-dir-en-zh__alma10-greedy__ea26fb173cf3,slimgpt,ref,20,dir,en-zh,en-zh,False,,en-cs,False,False,,,,,,,,,,,,,,,,,,,,,,,
alma-7b-slimgpt20-ref-dir-en-zh,alma-7b-slimgpt20-ref-dir-en-zh__alma10-greedy__ea26fb173cf3,slimgpt,ref,20,dir,en-zh,en-zh,False,,en-de,False,False,,,,,,,,,,,,,,,,,,,,,,,
alma-7b-slimgpt20-ref-dir-en-zh,alma-7b-slimgpt20-ref-dir-en-zh__alma10-greedy__ea26fb173cf3,slimgpt,ref,20,dir,en-zh,en-zh,False,,en-is,False,False,,,,,,,,,,,,,,,,,,,,,,,
alma-7b-slimgpt20-ref-dir-en-zh,alma-7b-slimgpt20-ref-dir-en-zh__alma10-greedy__ea26fb173cf3,slimgpt,ref,20,dir,en-zh,en-zh,False,,en-ru,False,False,,,,,,,,,,,,,,,,,,,,,,,
alma-7b-slimgpt20-ref-dir-en-zh,alma-7b-slimgpt20-ref-dir-en-zh__alma10-greedy__ea26fb173cf3,slimgpt,ref,20,dir,en-zh,en-zh,False,,en-zh,False,True,2037,0.835404,32.5509,25.9247,2.11747,-0.01227,-2.4925,-1.4674,0.258191,0.005916,-0.176595,0,0,0.0005,0.0005,0,0.9805,0,0.1468,0.0241,0,0.0001,0.9903
alma-7b-slimgpt20-gen-dir-cs-en,alma-7b-slimgpt20-gen-dir-cs-en__alma10-greedy__40ad97541b52,slimgpt,gen,20,dir,cs-en,cs-en,False,,cs-en,True,True,1448,0.849698,38.2085,60.4068,4.20268,-0.006149,-3.1137,-2.2313,0.290767,0.000369,0.098127,0.0062,0,0,0,0,0.9668,0.0007,0,0.0076,0.0062,0.0056,0.9809
alma-7b-slimgpt20-gen-dir-cs-en,alma-7b-slimgpt20-gen-dir-cs-en__alma10-greedy__40ad97541b52,slimgpt,gen,20,dir,cs-en,cs-en,False,,de-en,True,False,,,,,,,,,,,,,,,,,,,,,,,
alma-7b-slimgpt20-gen-dir-cs-en,alma-7b-slimgpt20-gen-dir-cs-en__alma10-greedy__40ad97541b52,slimgpt,gen,20,dir,cs-en,cs-en,False,,is-en,True,False,,,,,,,,,,,,,,,,,,,,,,,
alma-7b-slimgpt20-gen-dir-cs-en,alma-7b-slimgpt20-gen-dir-cs-en__alma10-greedy__40ad97541b52,slimgpt,gen,20,dir,cs-en,cs-en,False,,ru-en,True,False,,,,,,,,,,,,,,,,,,,,,,,
alma-7b-slimgpt20-gen-dir-cs-en,alma-7b-slimgpt20-gen-dir-cs-en__alma10-greedy__40ad97541b52,slimgpt,gen,20,dir,cs-en,cs-en,False,,zh-en,True,False,,,,,,,,,,,,,,,,,,,,,,,
alma-7b-slimgpt20-gen-dir-cs-en,alma-7b-slimgpt20-gen-dir-cs-en__alma10-greedy__40ad97541b52,slimgpt,gen,20,dir,cs-en,cs-en,False,,en-cs,False,False,,,,,,,,,,,,,,,,,,,,,,,
alma-7b-slimgpt20-gen-dir-cs-en,alma-7b-slimgpt20-gen-dir-cs-en__alma10-greedy__40ad97541b52,slimgpt,gen,20,dir,cs-en,cs-en,False,,en-de,False,False,,,,,,,,,,,,,,,,,,,,,,,
alma-7b-slimgpt20-gen-dir-cs-en,alma-7b-slimgpt20-gen-dir-cs-en__alma10-greedy__40ad97541b52,slimgpt,gen,20,dir,cs-en,cs-en,False,,en-is,False,False,,,,,,,,,,,,,,,,,,,,,,,
alma-7b-slimgpt20-gen-dir-cs-en,alma-7b-slimgpt20-gen-dir-cs-en__alma10-greedy__40ad97541b52,slimgpt,gen,20,dir,cs-en,cs-en,False,,en-ru,False,False,,,,,,,,,,,,,,,,,,,,,,,
alma-7b-slimgpt20-gen-dir-cs-en,alma-7b-slimgpt20-gen-dir-cs-en__alma10-greedy__40ad97541b52,slimgpt,gen,20,dir,cs-en,cs-en,False,,en-zh,False,False,,,,,,,,,,,,,,,,,,,,,,,
alma-7b-slimgpt20-gen-dir-de-en,alma-7b-slimgpt20-gen-dir-de-en__alma10-greedy__9744b7f36a97,slimgpt,gen,20,dir,de-en,de-en,False,,cs-en,True,False,,,,,,,,,,,,,,,,,,,,,,,
alma-7b-slimgpt20-gen-dir-de-en,alma-7b-slimgpt20-gen-dir-de-en__alma10-greedy__9744b7f36a97,slimgpt,gen,20,dir,de-en,de-en,False,,de-en,True,True,1984,0.833005,26.516,50.8777,3.56757,-0.004538,-2.5564,-1.445,0.147982,0.000631,-0.051526,0.0025,0.0005,0.0005,0.0005,0,0.9276,0.001,0.0066,0.0096,0.0025,0.0053,0.9378
alma-7b-slimgpt20-gen-dir-de-en,alma-7b-slimgpt20-gen-dir-de-en__alma10-greedy__9744b7f36a97,slimgpt,gen,20,dir,de-en,de-en,False,,is-en,True,False,,,,,,,,,,,,,,,,,,,,,,,
alma-7b-slimgpt20-gen-dir-de-en,alma-7b-slimgpt20-gen-dir-de-en__alma10-greedy__9744b7f36a97,slimgpt,gen,20,dir,de-en,de-en,False,,ru-en,True,False,,,,,,,,,,,,,,,,,,,,,,,
alma-7b-slimgpt20-gen-dir-de-en,alma-7b-slimgpt20-gen-dir-de-en__alma10-greedy__9744b7f36a97,slimgpt,gen,20,dir,de-en,de-en,False,,zh-en,True,False,,,,,,,,,,,,,,,,,,,,,,,
alma-7b-slimgpt20-gen-dir-de-en,alma-7b-slimgpt20-gen-dir-de-en__alma10-greedy__9744b7f36a97,slimgpt,gen,20,dir,de-en,de-en,False,,en-cs,False,False,,,,,,,,,,,,,,,,,,,,,,,
alma-7b-slimgpt20-gen-dir-de-en,alma-7b-slimgpt20-gen-dir-de-en__alma10-greedy__9744b7f36a97,slimgpt,gen,20,dir,de-en,de-en,False,,en-de,False,False,,,,,,,,,,,,,,,,,,,,,,,
alma-7b-slimgpt20-gen-dir-de-en,alma-7b-slimgpt20-gen-dir-de-en__alma10-greedy__9744b7f36a97,slimgpt,gen,20,dir,de-en,de-en,False,,en-is,False,False,,,,,,,,,,,,,,,,,,,,,,,
alma-7b-slimgpt20-gen-dir-de-en,alma-7b-slimgpt20-gen-dir-de-en__alma10-greedy__9744b7f36a97,slimgpt,gen,20,dir,de-en,de-en,False,,en-ru,False,False,,,,,,,,,,,,,,,,,,,,,,,
alma-7b-slimgpt20-gen-dir-de-en,alma-7b-slimgpt20-gen-dir-de-en__alma10-greedy__9744b7f36a97,slimgpt,gen,20,dir,de-en,de-en,False,,en-zh,False,False,,,,,,,,,,,,,,,,,,,,,,,
alma-7b-slimgpt20-gen-dir-is-en,alma-7b-slimgpt20-gen-dir-is-en__alma10-greedy__e825e70f308e,slimgpt,gen,20,dir,is-en,is-en,False,,cs-en,True,False,,,,,,,,,,,,,,,,,,,,,,,
alma-7b-slimgpt20-gen-dir-is-en,alma-7b-slimgpt20-gen-dir-is-en__alma10-greedy__e825e70f308e,slimgpt,gen,20,dir,is-en,is-en,False,,de-en,True,False,,,,,,,,,,,,,,,,,,,,,,,
alma-7b-slimgpt20-gen-dir-is-en,alma-7b-slimgpt20-gen-dir-is-en__alma10-greedy__e825e70f308e,slimgpt,gen,20,dir,is-en,is-en,False,,is-en,True,True,1000,0.85183,32.3413,54.3874,3.71191,-0.004916,-2.2579,-1.7344,0.269493,-0.002685,0.172824,0.004,0,0,0,0,0.9322,0,0,0.008,0.004,0.0067,0.9565
alma-7b-slimgpt20-gen-dir-is-en,alma-7b-slimgpt20-gen-dir-is-en__alma10-greedy__e825e70f308e,slimgpt,gen,20,dir,is-en,is-en,False,,ru-en,True,False,,,,,,,,,,,,,,,,,,,,,,,
alma-7b-slimgpt20-gen-dir-is-en,alma-7b-slimgpt20-gen-dir-is-en__alma10-greedy__e825e70f308e,slimgpt,gen,20,dir,is-en,is-en,False,,zh-en,True,False,,,,,,,,,,,,,,,,,,,,,,,
alma-7b-slimgpt20-gen-dir-is-en,alma-7b-slimgpt20-gen-dir-is-en__alma10-greedy__e825e70f308e,slimgpt,gen,20,dir,is-en,is-en,False,,en-cs,False,False,,,,,,,,,,,,,,,,,,,,,,,
alma-7b-slimgpt20-gen-dir-is-en,alma-7b-slimgpt20-gen-dir-is-en__alma10-greedy__e825e70f308e,slimgpt,gen,20,dir,is-en,is-en,False,,en-de,False,False,,,,,,,,,,,,,,,,,,,,,,,
alma-7b-slimgpt20-gen-dir-is-en,alma-7b-slimgpt20-gen-dir-is-en__alma10-greedy__e825e70f308e,slimgpt,gen,20,dir,is-en,is-en,False,,en-is,False,False,,,,,,,,,,,,,,,,,,,,,,,
alma-7b-slimgpt20-gen-dir-is-en,alma-7b-slimgpt20-gen-dir-is-en__alma10-greedy__e825e70f308e,slimgpt,gen,20,dir,is-en,is-en,False,,en-ru,False,False,,,,,,,,,,,,,,,,,,,,,,,
alma-7b-slimgpt20-gen-dir-is-en,alma-7b-slimgpt20-gen-dir-is-en__alma10-greedy__e825e70f308e,slimgpt,gen,20,dir,is-en,is-en,False,,en-zh,False,False,,,,,,,,,,,,,,,,,,,,,,,
alma-7b-slimgpt20-gen-dir-ru-en,alma-7b-slimgpt20-gen-dir-ru-en__alma10-greedy__48532964c46c,slimgpt,gen,20,dir,ru-en,ru-en,False,,cs-en,True,False,,,,,,,,,,,,,,,,,,,,,,,
alma-7b-slimgpt20-gen-dir-ru-en,alma-7b-slimgpt20-gen-dir-ru-en__alma10-greedy__48532964c46c,slimgpt,gen,20,dir,ru-en,ru-en,False,,de-en,True,False,,,,,,,,,,,,,,,,,,,,,,,
alma-7b-slimgpt20-gen-dir-ru-en,alma-7b-slimgpt20-gen-dir-ru-en__alma10-greedy__48532964c46c,slimgpt,gen,20,dir,ru-en,ru-en,False,,is-en,True,False,,,,,,,,,,,,,,,,,,,,,,,
alma-7b-slimgpt20-gen-dir-ru-en,alma-7b-slimgpt20-gen-dir-ru-en__alma10-greedy__48532964c46c,slimgpt,gen,20,dir,ru-en,ru-en,False,,ru-en,True,True,2016,0.836503,35.1165,58.8351,3.36384,-0.008019,-1.8869,-1.7114,0.251189,-0.000253,0.007703,0,0,0,0,0,0.9861,0.0005,0.0045,0.0164,0,0.0075,1.0017
alma-7b-slimgpt20-gen-dir-ru-en,alma-7b-slimgpt20-gen-dir-ru-en__alma10-greedy__48532964c46c,slimgpt,gen,20,dir,ru-en,ru-en,False,,zh-en,True,False,,,,,,,,,,,,,,,,,,,,,,,
alma-7b-slimgpt20-gen-dir-ru-en,alma-7b-slimgpt20-gen-dir-ru-en__alma10-greedy__48532964c46c,slimgpt,gen,20,dir,ru-en,ru-en,False,,en-cs,False,False,,,,,,,,,,,,,,,,,,,,,,,
alma-7b-slimgpt20-gen-dir-ru-en,alma-7b-slimgpt20-gen-dir-ru-en__alma10-greedy__48532964c46c,slimgpt,gen,20,dir,ru-en,ru-en,False,,en-de,False,False,,,,,,,,,,,,,,,,,,,,,,,
alma-7b-slimgpt20-gen-dir-ru-en,alma-7b-slimgpt20-gen-dir-ru-en__alma10-greedy__48532964c46c,slimgpt,gen,20,dir,ru-en,ru-en,False,,en-is,False,False,,,,,,,,,,,,,,,,,,,,,,,
alma-7b-slimgpt20-gen-dir-ru-en,alma-7b-slimgpt20-gen-dir-ru-en__alma10-greedy__48532964c46c,slimgpt,gen,20,dir,ru-en,ru-en,False,,en-ru,False,False,,,,,,,,,,,,,,,,,,,,,,,
alma-7b-slimgpt20-gen-dir-ru-en,alma-7b-slimgpt20-gen-dir-ru-en__alma10-greedy__48532964c46c,slimgpt,gen,20,dir,ru-en,ru-en,False,,en-zh,False,False,,,,,,,,,,,,,,,,,,,,,,,
alma-7b-slimgpt20-gen-dir-zh-en,alma-7b-slimgpt20-gen-dir-zh-en__alma10-greedy__573d5067ea8a,slimgpt,gen,20,dir,zh-en,zh-en,False,,cs-en,True,False,,,,,,,,,,,,,,,,,,,,,,,
alma-7b-slimgpt20-gen-dir-zh-en,alma-7b-slimgpt20-gen-dir-zh-en__alma10-greedy__573d5067ea8a,slimgpt,gen,20,dir,zh-en,zh-en,False,,de-en,True,False,,,,,,,,,,,,,,,,,,,,,,,
alma-7b-slimgpt20-gen-dir-zh-en,alma-7b-slimgpt20-gen-dir-zh-en__alma10-greedy__573d5067ea8a,slimgpt,gen,20,dir,zh-en,zh-en,False,,is-en,True,False,,,,,,,,,,,,,,,,,,,,,,,
alma-7b-slimgpt20-gen-dir-zh-en,alma-7b-slimgpt20-gen-dir-zh-en__alma10-greedy__573d5067ea8a,slimgpt,gen,20,dir,zh-en,zh-en,False,,ru-en,True,False,,,,,,,,,,,,,,,,,,,,,,,
alma-7b-slimgpt20-gen-dir-zh-en,alma-7b-slimgpt20-gen-dir-zh-en__alma10-greedy__573d5067ea8a,slimgpt,gen,20,dir,zh-en,zh-en,False,,zh-en,True,True,1875,0.785751,20.6194,47.9908,3.11767,-0.010943,-1.8019,-1.7535,0.414504,-0.001277,0.029494,0,0.0011,0.0011,0.0011,0,0.9318,0.0005,0.0123,0.0096,0,0.0039,0.9542
alma-7b-slimgpt20-gen-dir-zh-en,alma-7b-slimgpt20-gen-dir-zh-en__alma10-greedy__573d5067ea8a,slimgpt,gen,20,dir,zh-en,zh-en,False,,en-cs,False,False,,,,,,,,,,,,,,,,,,,,,,,
alma-7b-slimgpt20-gen-dir-zh-en,alma-7b-slimgpt20-gen-dir-zh-en__alma10-greedy__573d5067ea8a,slimgpt,gen,20,dir,zh-en,zh-en,False,,en-de,False,False,,,,,,,,,,,,,,,,,,,,,,,
alma-7b-slimgpt20-gen-dir-zh-en,alma-7b-slimgpt20-gen-dir-zh-en__alma10-greedy__573d5067ea8a,slimgpt,gen,20,dir,zh-en,zh-en,False,,en-is,False,False,,,,,,,,,,,,,,,,,,,,,,,
alma-7b-slimgpt20-gen-dir-zh-en,alma-7b-slimgpt20-gen-dir-zh-en__alma10-greedy__573d5067ea8a,slimgpt,gen,20,dir,zh-en,zh-en,False,,en-ru,False,False,,,,,,,,,,,,,,,,,,,,,,,
alma-7b-slimgpt20-gen-dir-zh-en,alma-7b-slimgpt20-gen-dir-zh-en__alma10-greedy__573d5067ea8a,slimgpt,gen,20,dir,zh-en,zh-en,False,,en-zh,False,False,,,,,,,,,,,,,,,,,,,,,,,
alma-7b-slimgpt20-gen-dir-en-cs,alma-7b-slimgpt20-gen-dir-en-cs__alma10-greedy__8e26bf3340cc,slimgpt,gen,20,dir,en-cs,en-cs,False,,cs-en,True,False,,,,,,,,,,,,,,,,,,,,,,,
alma-7b-slimgpt20-gen-dir-en-cs,alma-7b-slimgpt20-gen-dir-en-cs__alma10-greedy__8e26bf3340cc,slimgpt,gen,20,dir,en-cs,en-cs,False,,de-en,True,False,,,,,,,,,,,,,,,,,,,,,,,
alma-7b-slimgpt20-gen-dir-en-cs,alma-7b-slimgpt20-gen-dir-en-cs__alma10-greedy__8e26bf3340cc,slimgpt,gen,20,dir,en-cs,en-cs,False,,is-en,True,False,,,,,,,,,,,,,,,,,,,,,,,
alma-7b-slimgpt20-gen-dir-en-cs,alma-7b-slimgpt20-gen-dir-en-cs__alma10-greedy__8e26bf3340cc,slimgpt,gen,20,dir,en-cs,en-cs,False,,ru-en,True,False,,,,,,,,,,,,,,,,,,,,,,,
alma-7b-slimgpt20-gen-dir-en-cs,alma-7b-slimgpt20-gen-dir-en-cs__alma10-greedy__8e26bf3340cc,slimgpt,gen,20,dir,en-cs,en-cs,False,,zh-en,True,False,,,,,,,,,,,,,,,,,,,,,,,
alma-7b-slimgpt20-gen-dir-en-cs,alma-7b-slimgpt20-gen-dir-en-cs__alma10-greedy__8e26bf3340cc,slimgpt,gen,20,dir,en-cs,en-cs,False,,en-cs,False,True,2037,0.867843,24.6383,48.4517,3.8738,-0.011395,-1.774,-1.5199,0.390048,0.006791,-0.264272,0.002,0,0.0005,0.0005,0,0.9623,0.0005,0.0088,0.0152,0.002,0.0066,0.9876
alma-7b-slimgpt20-gen-dir-en-cs,alma-7b-slimgpt20-gen-dir-en-cs__alma10-greedy__8e26bf3340cc,slimgpt,gen,20,dir,en-cs,en-cs,False,,en-de,False,False,,,,,,,,,,,,,,,,,,,,,,,
alma-7b-slimgpt20-gen-dir-en-cs,alma-7b-slimgpt20-gen-dir-en-cs__alma10-greedy__8e26bf3340cc,slimgpt,gen,20,dir,en-cs,en-cs,False,,en-is,False,False,,,,,,,,,,,,,,,,,,,,,,,
alma-7b-slimgpt20-gen-dir-en-cs,alma-7b-slimgpt20-gen-dir-en-cs__alma10-greedy__8e26bf3340cc,slimgpt,gen,20,dir,en-cs,en-cs,False,,en-ru,False,False,,,,,,,,,,,,,,,,,,,,,,,
alma-7b-slimgpt20-gen-dir-en-cs,alma-7b-slimgpt20-gen-dir-en-cs__alma10-greedy__8e26bf3340cc,slimgpt,gen,20,dir,en-cs,en-cs,False,,en-zh,False,False,,,,,,,,,,,,,,,,,,,,,,,
alma-7b-slimgpt20-gen-dir-en-de,alma-7b-slimgpt20-gen-dir-en-de__alma10-greedy__7daeefdb7ad7,slimgpt,gen,20,dir,en-de,en-de,False,,cs-en,True,False,,,,,,,,,,,,,,,,,,,,,,,
alma-7b-slimgpt20-gen-dir-en-de,alma-7b-slimgpt20-gen-dir-en-de__alma10-greedy__7daeefdb7ad7,slimgpt,gen,20,dir,en-de,en-de,False,,de-en,True,False,,,,,,,,,,,,,,,,,,,,,,,
alma-7b-slimgpt20-gen-dir-en-de,alma-7b-slimgpt20-gen-dir-en-de__alma10-greedy__7daeefdb7ad7,slimgpt,gen,20,dir,en-de,en-de,False,,is-en,True,False,,,,,,,,,,,,,,,,,,,,,,,
alma-7b-slimgpt20-gen-dir-en-de,alma-7b-slimgpt20-gen-dir-en-de__alma10-greedy__7daeefdb7ad7,slimgpt,gen,20,dir,en-de,en-de,False,,ru-en,True,False,,,,,,,,,,,,,,,,,,,,,,,
alma-7b-slimgpt20-gen-dir-en-de,alma-7b-slimgpt20-gen-dir-en-de__alma10-greedy__7daeefdb7ad7,slimgpt,gen,20,dir,en-de,en-de,False,,zh-en,True,False,,,,,,,,,,,,,,,,,,,,,,,
alma-7b-slimgpt20-gen-dir-en-de,alma-7b-slimgpt20-gen-dir-en-de__alma10-greedy__7daeefdb7ad7,slimgpt,gen,20,dir,en-de,en-de,False,,en-cs,False,False,,,,,,,,,,,,,,,,,,,,,,,
alma-7b-slimgpt20-gen-dir-en-de,alma-7b-slimgpt20-gen-dir-en-de__alma10-greedy__7daeefdb7ad7,slimgpt,gen,20,dir,en-de,en-de,False,,en-de,False,True,2037,0.837429,26.3281,52.8612,1.28644,-0.011252,-1.9381,-1.6004,0.192927,0.003315,-0.105562,0.0083,0,0,0,0,0.9966,0.0079,0.0059,0.0113,0.0083,0.0146,1.0071
alma-7b-slimgpt20-gen-dir-en-de,alma-7b-slimgpt20-gen-dir-en-de__alma10-greedy__7daeefdb7ad7,slimgpt,gen,20,dir,en-de,en-de,False,,en-is,False,False,,,,,,,,,,,,,,,,,,,,,,,
alma-7b-slimgpt20-gen-dir-en-de,alma-7b-slimgpt20-gen-dir-en-de__alma10-greedy__7daeefdb7ad7,slimgpt,gen,20,dir,en-de,en-de,False,,en-ru,False,False,,,,,,,,,,,,,,,,,,,,,,,
alma-7b-slimgpt20-gen-dir-en-de,alma-7b-slimgpt20-gen-dir-en-de__alma10-greedy__7daeefdb7ad7,slimgpt,gen,20,dir,en-de,en-de,False,,en-zh,False,False,,,,,,,,,,,,,,,,,,,,,,,
alma-7b-slimgpt20-gen-dir-en-is,alma-7b-slimgpt20-gen-dir-en-is__alma10-greedy__dfe0faa8ad74,slimgpt,gen,20,dir,en-is,en-is,False,,cs-en,True,False,,,,,,,,,,,,,,,,,,,,,,,
alma-7b-slimgpt20-gen-dir-en-is,alma-7b-slimgpt20-gen-dir-en-is__alma10-greedy__dfe0faa8ad74,slimgpt,gen,20,dir,en-is,en-is,False,,de-en,True,False,,,,,,,,,,,,,,,,,,,,,,,
alma-7b-slimgpt20-gen-dir-en-is,alma-7b-slimgpt20-gen-dir-en-is__alma10-greedy__dfe0faa8ad74,slimgpt,gen,20,dir,en-is,en-is,False,,is-en,True,False,,,,,,,,,,,,,,,,,,,,,,,
alma-7b-slimgpt20-gen-dir-en-is,alma-7b-slimgpt20-gen-dir-en-is__alma10-greedy__dfe0faa8ad74,slimgpt,gen,20,dir,en-is,en-is,False,,ru-en,True,False,,,,,,,,,,,,,,,,,,,,,,,
alma-7b-slimgpt20-gen-dir-en-is,alma-7b-slimgpt20-gen-dir-en-is__alma10-greedy__dfe0faa8ad74,slimgpt,gen,20,dir,en-is,en-is,False,,zh-en,True,False,,,,,,,,,,,,,,,,,,,,,,,
alma-7b-slimgpt20-gen-dir-en-is,alma-7b-slimgpt20-gen-dir-en-is__alma10-greedy__dfe0faa8ad74,slimgpt,gen,20,dir,en-is,en-is,False,,en-cs,False,False,,,,,,,,,,,,,,,,,,,,,,,
alma-7b-slimgpt20-gen-dir-en-is,alma-7b-slimgpt20-gen-dir-en-is__alma10-greedy__dfe0faa8ad74,slimgpt,gen,20,dir,en-is,en-is,False,,en-de,False,False,,,,,,,,,,,,,,,,,,,,,,,
alma-7b-slimgpt20-gen-dir-en-is,alma-7b-slimgpt20-gen-dir-en-is__alma10-greedy__dfe0faa8ad74,slimgpt,gen,20,dir,en-is,en-is,False,,en-is,False,True,1000,0.835095,22.5555,47.6427,4.81816,-0.009721,-1.3577,-1.436,0.745888,0.006381,-0.384449,0,0,0.001,0.001,0,0.9642,0,0,0.003,0,0.0039,0.9847
alma-7b-slimgpt20-gen-dir-en-is,alma-7b-slimgpt20-gen-dir-en-is__alma10-greedy__dfe0faa8ad74,slimgpt,gen,20,dir,en-is,en-is,False,,en-ru,False,False,,,,,,,,,,,,,,,,,,,,,,,
alma-7b-slimgpt20-gen-dir-en-is,alma-7b-slimgpt20-gen-dir-en-is__alma10-greedy__dfe0faa8ad74,slimgpt,gen,20,dir,en-is,en-is,False,,en-zh,False,False,,,,,,,,,,,,,,,,,,,,,,,
alma-7b-slimgpt20-gen-dir-en-ru,alma-7b-slimgpt20-gen-dir-en-ru__alma10-greedy__0d364bd2ad21,slimgpt,gen,20,dir,en-ru,en-ru,False,,cs-en,True,False,,,,,,,,,,,,,,,,,,,,,,,
alma-7b-slimgpt20-gen-dir-en-ru,alma-7b-slimgpt20-gen-dir-en-ru__alma10-greedy__0d364bd2ad21,slimgpt,gen,20,dir,en-ru,en-ru,False,,de-en,True,False,,,,,,,,,,,,,,,,,,,,,,,
alma-7b-slimgpt20-gen-dir-en-ru,alma-7b-slimgpt20-gen-dir-en-ru__alma10-greedy__0d364bd2ad21,slimgpt,gen,20,dir,en-ru,en-ru,False,,is-en,True,False,,,,,,,,,,,,,,,,,,,,,,,
alma-7b-slimgpt20-gen-dir-en-ru,alma-7b-slimgpt20-gen-dir-en-ru__alma10-greedy__0d364bd2ad21,slimgpt,gen,20,dir,en-ru,en-ru,False,,ru-en,True,False,,,,,,,,,,,,,,,,,,,,,,,
alma-7b-slimgpt20-gen-dir-en-ru,alma-7b-slimgpt20-gen-dir-en-ru__alma10-greedy__0d364bd2ad21,slimgpt,gen,20,dir,en-ru,en-ru,False,,zh-en,True,False,,,,,,,,,,,,,,,,,,,,,,,
alma-7b-slimgpt20-gen-dir-en-ru,alma-7b-slimgpt20-gen-dir-en-ru__alma10-greedy__0d364bd2ad21,slimgpt,gen,20,dir,en-ru,en-ru,False,,en-cs,False,False,,,,,,,,,,,,,,,,,,,,,,,
alma-7b-slimgpt20-gen-dir-en-ru,alma-7b-slimgpt20-gen-dir-en-ru__alma10-greedy__0d364bd2ad21,slimgpt,gen,20,dir,en-ru,en-ru,False,,en-de,False,False,,,,,,,,,,,,,,,,,,,,,,,
alma-7b-slimgpt20-gen-dir-en-ru,alma-7b-slimgpt20-gen-dir-en-ru__alma10-greedy__0d364bd2ad21,slimgpt,gen,20,dir,en-ru,en-ru,False,,en-is,False,False,,,,,,,,,,,,,,,,,,,,,,,
alma-7b-slimgpt20-gen-dir-en-ru,alma-7b-slimgpt20-gen-dir-en-ru__alma10-greedy__0d364bd2ad21,slimgpt,gen,20,dir,en-ru,en-ru,False,,en-ru,False,True,2037,0.85004,22.9768,47.1545,2.66664,-0.012988,-2.1721,-1.8264,0.396209,0.003143,-0.05106,0.001,0,0.001,0.001,0,0.9629,0.001,0.0108,0.0231,0.001,0.0111,0.9937
alma-7b-slimgpt20-gen-dir-en-ru,alma-7b-slimgpt20-gen-dir-en-ru__alma10-greedy__0d364bd2ad21,slimgpt,gen,20,dir,en-ru,en-ru,False,,en-zh,False,False,,,,,,,,,,,,,,,,,,,,,,,
alma-7b-slimgpt20-gen-dir-en-zh,alma-7b-slimgpt20-gen-dir-en-zh__alma10-greedy__06d44b2fd039,slimgpt,gen,20,dir,en-zh,en-zh,False,,cs-en,True,False,,,,,,,,,,,,,,,,,,,,,,,
alma-7b-slimgpt20-gen-dir-en-zh,alma-7b-slimgpt20-gen-dir-en-zh__alma10-greedy__06d44b2fd039,slimgpt,gen,20,dir,en-zh,en-zh,False,,de-en,True,False,,,,,,,,,,,,,,,,,,,,,,,
alma-7b-slimgpt20-gen-dir-en-zh,alma-7b-slimgpt20-gen-dir-en-zh__alma10-greedy__06d44b2fd039,slimgpt,gen,20,dir,en-zh,en-zh,False,,is-en,True,False,,,,,,,,,,,,,,,,,,,,,,,
alma-7b-slimgpt20-gen-dir-en-zh,alma-7b-slimgpt20-gen-dir-en-zh__alma10-greedy__06d44b2fd039,slimgpt,gen,20,dir,en-zh,en-zh,False,,ru-en,True,False,,,,,,,,,,,,,,,,,,,,,,,
alma-7b-slimgpt20-gen-dir-en-zh,alma-7b-slimgpt20-gen-dir-en-zh__alma10-greedy__06d44b2fd039,slimgpt,gen,20,dir,en-zh,en-zh,False,,zh-en,True,False,,,,,,,,,,,,,,,,,,,,,,,
alma-7b-slimgpt20-gen-dir-en-zh,alma-7b-slimgpt20-gen-dir-en-zh__alma10-greedy__06d44b2fd039,slimgpt,gen,20,dir,en-zh,en-zh,False,,en-cs,False,False,,,,,,,,,,,,,,,,,,,,,,,
alma-7b-slimgpt20-gen-dir-en-zh,alma-7b-slimgpt20-gen-dir-en-zh__alma10-greedy__06d44b2fd039,slimgpt,gen,20,dir,en-zh,en-zh,False,,en-de,False,False,,,,,,,,,,,,,,,,,,,,,,,
alma-7b-slimgpt20-gen-dir-en-zh,alma-7b-slimgpt20-gen-dir-en-zh__alma10-greedy__06d44b2fd039,slimgpt,gen,20,dir,en-zh,en-zh,False,,en-is,False,False,,,,,,,,,,,,,,,,,,,,,,,
alma-7b-slimgpt20-gen-dir-en-zh,alma-7b-slimgpt20-gen-dir-en-zh__alma10-greedy__06d44b2fd039,slimgpt,gen,20,dir,en-zh,en-zh,False,,en-ru,False,False,,,,,,,,,,,,,,,,,,,,,,,
alma-7b-slimgpt20-gen-dir-en-zh,alma-7b-slimgpt20-gen-dir-en-zh__alma10-greedy__06d44b2fd039,slimgpt,gen,20,dir,en-zh,en-zh,False,,en-zh,False,True,2037,0.834725,32.5674,25.7821,2.13125,-0.012949,-2.476,-1.61,0.271972,0.006451,-0.157524,0.001,0,0.0015,0.0015,0,0.9858,0.0005,0.1517,0.0241,0.001,0.0001,0.9955
alma-7b-flap20-ref-dir-cs-en,alma-7b-flap20-ref-dir-cs-en__alma10-greedy__b959725359f9,flap,ref,20,dir,cs-en,cs-en,False,,cs-en,True,True,1448,0.846451,38.6816,60.4363,4.35519,-0.009396,-2.6406,-2.2018,0.443279,0.000849,0.022568,0.0041,0,0,0,0,0.9651,0,0,0.0083,0.0041,0.0061,0.9832
alma-7b-flap20-ref-dir-cs-en,alma-7b-flap20-ref-dir-cs-en__alma10-greedy__b959725359f9,flap,ref,20,dir,cs-en,cs-en,False,,de-en,True,False,,,,,,,,,,,,,,,,,,,,,,,
alma-7b-flap20-ref-dir-cs-en,alma-7b-flap20-ref-dir-cs-en__alma10-greedy__b959725359f9,flap,ref,20,dir,cs-en,cs-en,False,,is-en,True,False,,,,,,,,,,,,,,,,,,,,,,,
alma-7b-flap20-ref-dir-cs-en,alma-7b-flap20-ref-dir-cs-en__alma10-greedy__b959725359f9,flap,ref,20,dir,cs-en,cs-en,False,,ru-en,True,False,,,,,,,,,,,,,,,,,,,,,,,
alma-7b-flap20-ref-dir-cs-en,alma-7b-flap20-ref-dir-cs-en__alma10-greedy__b959725359f9,flap,ref,20,dir,cs-en,cs-en,False,,zh-en,True,False,,,,,,,,,,,,,,,,,,,,,,,
alma-7b-flap20-ref-dir-cs-en,alma-7b-flap20-ref-dir-cs-en__alma10-greedy__b959725359f9,flap,ref,20,dir,cs-en,cs-en,False,,en-cs,False,False,,,,,,,,,,,,,,,,,,,,,,,
alma-7b-flap20-ref-dir-cs-en,alma-7b-flap20-ref-dir-cs-en__alma10-greedy__b959725359f9,flap,ref,20,dir,cs-en,cs-en,False,,en-de,False,False,,,,,,,,,,,,,,,,,,,,,,,
alma-7b-flap20-ref-dir-cs-en,alma-7b-flap20-ref-dir-cs-en__alma10-greedy__b959725359f9,flap,ref,20,dir,cs-en,cs-en,False,,en-is,False,False,,,,,,,,,,,,,,,,,,,,,,,
alma-7b-flap20-ref-dir-cs-en,alma-7b-flap20-ref-dir-cs-en__alma10-greedy__b959725359f9,flap,ref,20,dir,cs-en,cs-en,False,,en-ru,False,False,,,,,,,,,,,,,,,,,,,,,,,
alma-7b-flap20-ref-dir-cs-en,alma-7b-flap20-ref-dir-cs-en__alma10-greedy__b959725359f9,flap,ref,20,dir,cs-en,cs-en,False,,en-zh,False,False,,,,,,,,,,,,,,,,,,,,,,,
alma-7b-flap20-ref-dir-de-en,alma-7b-flap20-ref-dir-de-en__alma10-greedy__229e5f17897c,flap,ref,20,dir,de-en,de-en,False,,cs-en,True,False,,,,,,,,,,,,,,,,,,,,,,,
alma-7b-flap20-ref-dir-de-en,alma-7b-flap20-ref-dir-de-en__alma10-greedy__229e5f17897c,flap,ref,20,dir,de-en,de-en,False,,de-en,True,True,1984,0.830234,27.6395,51.4314,3.73754,-0.007309,-1.4329,-0.8913,0.317954,-0.000421,-0.003163,0.001,0.0005,0.0005,0.0005,0,0.9266,0.0005,0.006,0.0081,0.001,0.0059,0.9458
alma-7b-flap20-ref-dir-de-en,alma-7b-flap20-ref-dir-de-en__alma10-greedy__229e5f17897c,flap,ref,20,dir,de-en,de-en,False,,is-en,True,False,,,,,,,,,,,,,,,,,,,,,,,
alma-7b-flap20-ref-dir-de-en,alma-7b-flap20-ref-dir-de-en__alma10-greedy__229e5f17897c,flap,ref,20,dir,de-en,de-en,False,,ru-en,True,False,,,,,,,,,,,,,,,,,,,,,,,
alma-7b-flap20-ref-dir-de-en,alma-7b-flap20-ref-dir-de-en__alma10-greedy__229e5f17897c,flap,ref,20,dir,de-en,de-en,False,,zh-en,True,False,,,,,,,,,,,,,,,,,,,,,,,
alma-7b-flap20-ref-dir-de-en,alma-7b-flap20-ref-dir-de-en__alma10-greedy__229e5f17897c,flap,ref,20,dir,de-en,de-en,False,,en-cs,False,False,,,,,,,,,,,,,,,,,,,,,,,
alma-7b-flap20-ref-dir-de-en,alma-7b-flap20-ref-dir-de-en__alma10-greedy__229e5f17897c,flap,ref,20,dir,de-en,de-en,False,,en-de,False,False,,,,,,,,,,,,,,,,,,,,,,,
alma-7b-flap20-ref-dir-de-en,alma-7b-flap20-ref-dir-de-en__alma10-greedy__229e5f17897c,flap,ref,20,dir,de-en,de-en,False,,en-is,False,False,,,,,,,,,,,,,,,,,,,,,,,
alma-7b-flap20-ref-dir-de-en,alma-7b-flap20-ref-dir-de-en__alma10-greedy__229e5f17897c,flap,ref,20,dir,de-en,de-en,False,,en-ru,False,False,,,,,,,,,,,,,,,,,,,,,,,
alma-7b-flap20-ref-dir-de-en,alma-7b-flap20-ref-dir-de-en__alma10-greedy__229e5f17897c,flap,ref,20,dir,de-en,de-en,False,,en-zh,False,False,,,,,,,,,,,,,,,,,,,,,,,
alma-7b-flap20-ref-dir-is-en,alma-7b-flap20-ref-dir-is-en__alma10-greedy__00296f4fb2f1,flap,ref,20,dir,is-en,is-en,False,,cs-en,True,False,,,,,,,,,,,,,,,,,,,,,,,
alma-7b-flap20-ref-dir-is-en,alma-7b-flap20-ref-dir-is-en__alma10-greedy__00296f4fb2f1,flap,ref,20,dir,is-en,is-en,False,,de-en,True,False,,,,,,,,,,,,,,,,,,,,,,,
alma-7b-flap20-ref-dir-is-en,alma-7b-flap20-ref-dir-is-en__alma10-greedy__00296f4fb2f1,flap,ref,20,dir,is-en,is-en,False,,is-en,True,True,1000,0.847975,31.8246,54.1046,3.85489,-0.008771,-2.7746,-2.0172,0.41248,-0.000738,0.114802,0.003,0,0,0,0,0.9354,0,0,0.01,0.003,0.0069,0.9647
alma-7b-flap20-ref-dir-is-en,alma-7b-flap20-ref-dir-is-en__alma10-greedy__00296f4fb2f1,flap,ref,20,dir,is-en,is-en,False,,ru-en,True,False,,,,,,,,,,,,,,,,,,,,,,,
alma-7b-flap20-ref-dir-is-en,alma-7b-flap20-ref-dir-is-en__alma10-greedy__00296f4fb2f1,flap,ref,20,dir,is-en,is-en,False,,zh-en,True,False,,,,,,,,,,,,,,,,,,,,,,,
alma-7b-flap20-ref-dir-is-en,alma-7b-flap20-ref-dir-is-en__alma10-greedy__00296f4fb2f1,flap,ref,20,dir,is-en,is-en,False,,en-cs,False,False,,,,,,,,,,,,,,,,,,,,,,,
alma-7b-flap20-ref-dir-is-en,alma-7b-flap20-ref-dir-is-en__alma10-greedy__00296f4fb2f1,flap,ref,20,dir,is-en,is-en,False,,en-de,False,False,,,,,,,,,,,,,,,,,,,,,,,
alma-7b-flap20-ref-dir-is-en,alma-7b-flap20-ref-dir-is-en__alma10-greedy__00296f4fb2f1,flap,ref,20,dir,is-en,is-en,False,,en-is,False,False,,,,,,,,,,,,,,,,,,,,,,,
alma-7b-flap20-ref-dir-is-en,alma-7b-flap20-ref-dir-is-en__alma10-greedy__00296f4fb2f1,flap,ref,20,dir,is-en,is-en,False,,en-ru,False,False,,,,,,,,,,,,,,,,,,,,,,,
alma-7b-flap20-ref-dir-is-en,alma-7b-flap20-ref-dir-is-en__alma10-greedy__00296f4fb2f1,flap,ref,20,dir,is-en,is-en,False,,en-zh,False,False,,,,,,,,,,,,,,,,,,,,,,,
alma-7b-flap20-ref-dir-ru-en,alma-7b-flap20-ref-dir-ru-en__alma10-greedy__b81923524077,flap,ref,20,dir,ru-en,ru-en,False,,cs-en,True,False,,,,,,,,,,,,,,,,,,,,,,,
alma-7b-flap20-ref-dir-ru-en,alma-7b-flap20-ref-dir-ru-en__alma10-greedy__b81923524077,flap,ref,20,dir,ru-en,ru-en,False,,de-en,True,False,,,,,,,,,,,,,,,,,,,,,,,
alma-7b-flap20-ref-dir-ru-en,alma-7b-flap20-ref-dir-ru-en__alma10-greedy__b81923524077,flap,ref,20,dir,ru-en,ru-en,False,,is-en,True,False,,,,,,,,,,,,,,,,,,,,,,,
alma-7b-flap20-ref-dir-ru-en,alma-7b-flap20-ref-dir-ru-en__alma10-greedy__b81923524077,flap,ref,20,dir,ru-en,ru-en,False,,ru-en,True,True,2016,0.832592,34.8492,58.6923,3.53051,-0.01193,-2.1542,-1.8542,0.417864,-8.8e-05,0.012812,0.0005,0,0,0,0,0.9858,0.0005,0.0045,0.0159,0.0005,0.0083,1.0087
alma-7b-flap20-ref-dir-ru-en,alma-7b-flap20-ref-dir-ru-en__alma10-greedy__b81923524077,flap,ref,20,dir,ru-en,ru-en,False,,zh-en,True,False,,,,,,,,,,,,,,,,,,,,,,,
alma-7b-flap20-ref-dir-ru-en,alma-7b-flap20-ref-dir-ru-en__alma10-greedy__b81923524077,flap,ref,20,dir,ru-en,ru-en,False,,en-cs,False,False,,,,,,,,,,,,,,,,,,,,,,,
alma-7b-flap20-ref-dir-ru-en,alma-7b-flap20-ref-dir-ru-en__alma10-greedy__b81923524077,flap,ref,20,dir,ru-en,ru-en,False,,en-de,False,False,,,,,,,,,,,,,,,,,,,,,,,
alma-7b-flap20-ref-dir-ru-en,alma-7b-flap20-ref-dir-ru-en__alma10-greedy__b81923524077,flap,ref,20,dir,ru-en,ru-en,False,,en-is,False,False,,,,,,,,,,,,,,,,,,,,,,,
alma-7b-flap20-ref-dir-ru-en,alma-7b-flap20-ref-dir-ru-en__alma10-greedy__b81923524077,flap,ref,20,dir,ru-en,ru-en,False,,en-ru,False,False,,,,,,,,,,,,,,,,,,,,,,,
alma-7b-flap20-ref-dir-ru-en,alma-7b-flap20-ref-dir-ru-en__alma10-greedy__b81923524077,flap,ref,20,dir,ru-en,ru-en,False,,en-zh,False,False,,,,,,,,,,,,,,,,,,,,,,,
alma-7b-flap20-ref-dir-zh-en,alma-7b-flap20-ref-dir-zh-en__alma10-greedy__025fe5fa8f1d,flap,ref,20,dir,zh-en,zh-en,False,,cs-en,True,False,,,,,,,,,,,,,,,,,,,,,,,
alma-7b-flap20-ref-dir-zh-en,alma-7b-flap20-ref-dir-zh-en__alma10-greedy__025fe5fa8f1d,flap,ref,20,dir,zh-en,zh-en,False,,de-en,True,False,,,,,,,,,,,,,,,,,,,,,,,
alma-7b-flap20-ref-dir-zh-en,alma-7b-flap20-ref-dir-zh-en__alma10-greedy__025fe5fa8f1d,flap,ref,20,dir,zh-en,zh-en,False,,is-en,True,False,,,,,,,,,,,,,,,,,,,,,,,
alma-7b-flap20-ref-dir-zh-en,alma-7b-flap20-ref-dir-zh-en__alma10-greedy__025fe5fa8f1d,flap,ref,20,dir,zh-en,zh-en,False,,ru-en,True,False,,,,,,,,,,,,,,,,,,,,,,,
alma-7b-flap20-ref-dir-zh-en,alma-7b-flap20-ref-dir-zh-en__alma10-greedy__025fe5fa8f1d,flap,ref,20,dir,zh-en,zh-en,False,,zh-en,True,True,1875,0.781697,20.6235,47.8284,3.16308,-0.014997,-1.7978,-1.9159,0.459915,0.000679,-0.220384,0.0005,0.0011,0.0016,0.0016,0,0.9507,0.0005,0.0096,0.0112,0.0005,0.0042,0.9786
alma-7b-flap20-ref-dir-zh-en,alma-7b-flap20-ref-dir-zh-en__alma10-greedy__025fe5fa8f1d,flap,ref,20,dir,zh-en,zh-en,False,,en-cs,False,False,,,,,,,,,,,,,,,,,,,,,,,
alma-7b-flap20-ref-dir-zh-en,alma-7b-flap20-ref-dir-zh-en__alma10-greedy__025fe5fa8f1d,flap,ref,20,dir,zh-en,zh-en,False,,en-de,False,False,,,,,,,,,,,,,,,,,,,,,,,
alma-7b-flap20-ref-dir-zh-en,alma-7b-flap20-ref-dir-zh-en__alma10-greedy__025fe5fa8f1d,flap,ref,20,dir,zh-en,zh-en,False,,en-is,False,False,,,,,,,,,,,,,,,,,,,,,,,
alma-7b-flap20-ref-dir-zh-en,alma-7b-flap20-ref-dir-zh-en__alma10-greedy__025fe5fa8f1d,flap,ref,20,dir,zh-en,zh-en,False,,en-ru,False,False,,,,,,,,,,,,,,,,,,,,,,,
alma-7b-flap20-ref-dir-zh-en,alma-7b-flap20-ref-dir-zh-en__alma10-greedy__025fe5fa8f1d,flap,ref,20,dir,zh-en,zh-en,False,,en-zh,False,False,,,,,,,,,,,,,,,,,,,,,,,
alma-7b-flap20-ref-dir-en-cs,alma-7b-flap20-ref-dir-en-cs__alma10-greedy__8209a1b333b7,flap,ref,20,dir,en-cs,en-cs,False,,cs-en,True,False,,,,,,,,,,,,,,,,,,,,,,,
alma-7b-flap20-ref-dir-en-cs,alma-7b-flap20-ref-dir-en-cs__alma10-greedy__8209a1b333b7,flap,ref,20,dir,en-cs,en-cs,False,,de-en,True,False,,,,,,,,,,,,,,,,,,,,,,,
alma-7b-flap20-ref-dir-en-cs,alma-7b-flap20-ref-dir-en-cs__alma10-greedy__8209a1b333b7,flap,ref,20,dir,en-cs,en-cs,False,,is-en,True,False,,,,,,,,,,,,,,,,,,,,,,,
alma-7b-flap20-ref-dir-en-cs,alma-7b-flap20-ref-dir-en-cs__alma10-greedy__8209a1b333b7,flap,ref,20,dir,en-cs,en-cs,False,,ru-en,True,False,,,,,,,,,,,,,,,,,,,,,,,
alma-7b-flap20-ref-dir-en-cs,alma-7b-flap20-ref-dir-en-cs__alma10-greedy__8209a1b333b7,flap,ref,20,dir,en-cs,en-cs,False,,zh-en,True,False,,,,,,,,,,,,,,,,,,,,,,,
alma-7b-flap20-ref-dir-en-cs,alma-7b-flap20-ref-dir-en-cs__alma10-greedy__8209a1b333b7,flap,ref,20,dir,en-cs,en-cs,False,,en-cs,False,True,2037,0.855896,23.838,47.099,4.43936,-0.023342,-2.5743,-2.8726,0.955607,0.013099,-0.546035,0.0054,0.0005,0.001,0.001,0,0.9594,0.002,0.0137,0.0241,0.0054,0.0072,0.9935
alma-7b-flap20-ref-dir-en-cs,alma-7b-flap20-ref-dir-en-cs__alma10-greedy__8209a1b333b7,flap,ref,20,dir,en-cs,en-cs,False,,en-de,False,False,,,,,,,,,,,,,,,,,,,,,,,
alma-7b-flap20-ref-dir-en-cs,alma-7b-flap20-ref-dir-en-cs__alma10-greedy__8209a1b333b7,flap,ref,20,dir,en-cs,en-cs,False,,en-is,False,False,,,,,,,,,,,,,,,,,,,,,,,
alma-7b-flap20-ref-dir-en-cs,alma-7b-flap20-ref-dir-en-cs__alma10-greedy__8209a1b333b7,flap,ref,20,dir,en-cs,en-cs,False,,en-ru,False,False,,,,,,,,,,,,,,,,,,,,,,,
alma-7b-flap20-ref-dir-en-cs,alma-7b-flap20-ref-dir-en-cs__alma10-greedy__8209a1b333b7,flap,ref,20,dir,en-cs,en-cs,False,,en-zh,False,False,,,,,,,,,,,,,,,,,,,,,,,
alma-7b-flap20-ref-dir-en-de,alma-7b-flap20-ref-dir-en-de__alma10-greedy__a5b50e3c866e,flap,ref,20,dir,en-de,en-de,False,,cs-en,True,False,,,,,,,,,,,,,,,,,,,,,,,
alma-7b-flap20-ref-dir-en-de,alma-7b-flap20-ref-dir-en-de__alma10-greedy__a5b50e3c866e,flap,ref,20,dir,en-de,en-de,False,,de-en,True,False,,,,,,,,,,,,,,,,,,,,,,,
alma-7b-flap20-ref-dir-en-de,alma-7b-flap20-ref-dir-en-de__alma10-greedy__a5b50e3c866e,flap,ref,20,dir,en-de,en-de,False,,is-en,True,False,,,,,,,,,,,,,,,,,,,,,,,
alma-7b-flap20-ref-dir-en-de,alma-7b-flap20-ref-dir-en-de__alma10-greedy__a5b50e3c866e,flap,ref,20,dir,en-de,en-de,False,,ru-en,True,False,,,,,,,,,,,,,,,,,,,,,,,
alma-7b-flap20-ref-dir-en-de,alma-7b-flap20-ref-dir-en-de__alma10-greedy__a5b50e3c866e,flap,ref,20,dir,en-de,en-de,False,,zh-en,True,False,,,,,,,,,,,,,,,,,,,,,,,
alma-7b-flap20-ref-dir-en-de,alma-7b-flap20-ref-dir-en-de__alma10-greedy__a5b50e3c866e,flap,ref,20,dir,en-de,en-de,False,,en-cs,False,False,,,,,,,,,,,,,,,,,,,,,,,
alma-7b-flap20-ref-dir-en-de,alma-7b-flap20-ref-dir-en-de__alma10-greedy__a5b50e3c866e,flap,ref,20,dir,en-de,en-de,False,,en-de,False,True,2037,0.828207,25.442,51.251,1.53474,-0.020474,-2.8242,-3.2106,0.441227,0.012203,-0.103173,0.0137,0.0005,0.001,0.001,0,0.9876,0.0142,0.0059,0.0172,0.0137,0.0146,1.0089
alma-7b-flap20-ref-dir-en-de,alma-7b-flap20-ref-dir-en-de__alma10-greedy__a5b50e3c866e,flap,ref,20,dir,en-de,en-de,False,,en-is,False,False,,,,,,,,,,,,,,,,,,,,,,,
alma-7b-flap20-ref-dir-en-de,alma-7b-flap20-ref-dir-en-de__alma10-greedy__a5b50e3c866e,flap,ref,20,dir,en-de,en-de,False,,en-ru,False,False,,,,,,,,,,,,,,,,,,,,,,,
alma-7b-flap20-ref-dir-en-de,alma-7b-flap20-ref-dir-en-de__alma10-greedy__a5b50e3c866e,flap,ref,20,dir,en-de,en-de,False,,en-zh,False,False,,,,,,,,,,,,,,,,,,,,,,,
alma-7b-flap20-ref-dir-en-is,alma-7b-flap20-ref-dir-en-is__alma10-greedy__13220d98f1d7,flap,ref,20,dir,en-is,en-is,False,,cs-en,True,False,,,,,,,,,,,,,,,,,,,,,,,
alma-7b-flap20-ref-dir-en-is,alma-7b-flap20-ref-dir-en-is__alma10-greedy__13220d98f1d7,flap,ref,20,dir,en-is,en-is,False,,de-en,True,False,,,,,,,,,,,,,,,,,,,,,,,
alma-7b-flap20-ref-dir-en-is,alma-7b-flap20-ref-dir-en-is__alma10-greedy__13220d98f1d7,flap,ref,20,dir,en-is,en-is,False,,is-en,True,False,,,,,,,,,,,,,,,,,,,,,,,
alma-7b-flap20-ref-dir-en-is,alma-7b-flap20-ref-dir-en-is__alma10-greedy__13220d98f1d7,flap,ref,20,dir,en-is,en-is,False,,ru-en,True,False,,,,,,,,,,,,,,,,,,,,,,,
alma-7b-flap20-ref-dir-en-is,alma-7b-flap20-ref-dir-en-is__alma10-greedy__13220d98f1d7,flap,ref,20,dir,en-is,en-is,False,,zh-en,True,False,,,,,,,,,,,,,,,,,,,,,,,
alma-7b-flap20-ref-dir-en-is,alma-7b-flap20-ref-dir-en-is__alma10-greedy__13220d98f1d7,flap,ref,20,dir,en-is,en-is,False,,en-cs,False,False,,,,,,,,,,,,,,,,,,,,,,,
alma-7b-flap20-ref-dir-en-is,alma-7b-flap20-ref-dir-en-is__alma10-greedy__13220d98f1d7,flap,ref,20,dir,en-is,en-is,False,,en-de,False,False,,,,,,,,,,,,,,,,,,,,,,,
alma-7b-flap20-ref-dir-en-is,alma-7b-flap20-ref-dir-en-is__alma10-greedy__13220d98f1d7,flap,ref,20,dir,en-is,en-is,False,,en-is,False,True,1000,0.807954,19.9367,44.7305,6.23448,-0.036862,-3.9765,-4.3482,2.1622,0.019357,-1.00559,0.002,0.001,0.001,0.001,0,0.9503,0.002,0,0.004,0.002,0.0038,0.9824
alma-7b-flap20-ref-dir-en-is,alma-7b-flap20-ref-dir-en-is__alma10-greedy__13220d98f1d7,flap,ref,20,dir,en-is,en-is,False,,en-ru,False,False,,,,,,,,,,,,,,,,,,,,,,,
alma-7b-flap20-ref-dir-en-is,alma-7b-flap20-ref-dir-en-is__alma10-greedy__13220d98f1d7,flap,ref,20,dir,en-is,en-is,False,,en-zh,False,False,,,,,,,,,,,,,,,,,,,,,,,
alma-7b-flap20-ref-dir-en-ru,alma-7b-flap20-ref-dir-en-ru__alma10-greedy__d0765598b9c5,flap,ref,20,dir,en-ru,en-ru,False,,cs-en,True,False,,,,,,,,,,,,,,,,,,,,,,,
alma-7b-flap20-ref-dir-en-ru,alma-7b-flap20-ref-dir-en-ru__alma10-greedy__d0765598b9c5,flap,ref,20,dir,en-ru,en-ru,False,,de-en,True,False,,,,,,,,,,,,,,,,,,,,,,,
alma-7b-flap20-ref-dir-en-ru,alma-7b-flap20-ref-dir-en-ru__alma10-greedy__d0765598b9c5,flap,ref,20,dir,en-ru,en-ru,False,,is-en,True,False,,,,,,,,,,,,,,,,,,,,,,,
alma-7b-flap20-ref-dir-en-ru,alma-7b-flap20-ref-dir-en-ru__alma10-greedy__d0765598b9c5,flap,ref,20,dir,en-ru,en-ru,False,,ru-en,True,False,,,,,,,,,,,,,,,,,,,,,,,
alma-7b-flap20-ref-dir-en-ru,alma-7b-flap20-ref-dir-en-ru__alma10-greedy__d0765598b9c5,flap,ref,20,dir,en-ru,en-ru,False,,zh-en,True,False,,,,,,,,,,,,,,,,,,,,,,,
alma-7b-flap20-ref-dir-en-ru,alma-7b-flap20-ref-dir-en-ru__alma10-greedy__d0765598b9c5,flap,ref,20,dir,en-ru,en-ru,False,,en-cs,False,False,,,,,,,,,,,,,,,,,,,,,,,
alma-7b-flap20-ref-dir-en-ru,alma-7b-flap20-ref-dir-en-ru__alma10-greedy__d0765598b9c5,flap,ref,20,dir,en-ru,en-ru,False,,en-de,False,False,,,,,,,,,,,,,,,,,,,,,,,
alma-7b-flap20-ref-dir-en-ru,alma-7b-flap20-ref-dir-en-ru__alma10-greedy__d0765598b9c5,flap,ref,20,dir,en-ru,en-ru,False,,en-is,False,False,,,,,,,,,,,,,,,,,,,,,,,
alma-7b-flap20-ref-dir-en-ru,alma-7b-flap20-ref-dir-en-ru__alma10-greedy__d0765598b9c5,flap,ref,20,dir,en-ru,en-ru,False,,en-ru,False,True,2037,0.842627,22.9477,46.4634,2.92553,-0.020401,-2.2012,-2.5175,0.6551,0.008245,-0.237689,0.0005,0,0,0,0,0.9533,0.0005,0.0113,0.0314,0.0005,0.0121,0.9922
alma-7b-flap20-ref-dir-en-ru,alma-7b-flap20-ref-dir-en-ru__alma10-greedy__d0765598b9c5,flap,ref,20,dir,en-ru,en-ru,False,,en-zh,False,False,,,,,,,,,,,,,,,,,,,,,,,
alma-7b-flap20-ref-dir-en-zh,alma-7b-flap20-ref-dir-en-zh__alma10-greedy__0f82c670f3fe,flap,ref,20,dir,en-zh,en-zh,False,,cs-en,True,False,,,,,,,,,,,,,,,,,,,,,,,
alma-7b-flap20-ref-dir-en-zh,alma-7b-flap20-ref-dir-en-zh__alma10-greedy__0f82c670f3fe,flap,ref,20,dir,en-zh,en-zh,False,,de-en,True,False,,,,,,,,,,,,,,,,,,,,,,,
alma-7b-flap20-ref-dir-en-zh,alma-7b-flap20-ref-dir-en-zh__alma10-greedy__0f82c670f3fe,flap,ref,20,dir,en-zh,en-zh,False,,is-en,True,False,,,,,,,,,,,,,,,,,,,,,,,
alma-7b-flap20-ref-dir-en-zh,alma-7b-flap20-ref-dir-en-zh__alma10-greedy__0f82c670f3fe,flap,ref,20,dir,en-zh,en-zh,False,,ru-en,True,False,,,,,,,,,,,,,,,,,,,,,,,
alma-7b-flap20-ref-dir-en-zh,alma-7b-flap20-ref-dir-en-zh__alma10-greedy__0f82c670f3fe,flap,ref,20,dir,en-zh,en-zh,False,,zh-en,True,False,,,,,,,,,,,,,,,,,,,,,,,
alma-7b-flap20-ref-dir-en-zh,alma-7b-flap20-ref-dir-en-zh__alma10-greedy__0f82c670f3fe,flap,ref,20,dir,en-zh,en-zh,False,,en-cs,False,False,,,,,,,,,,,,,,,,,,,,,,,
alma-7b-flap20-ref-dir-en-zh,alma-7b-flap20-ref-dir-en-zh__alma10-greedy__0f82c670f3fe,flap,ref,20,dir,en-zh,en-zh,False,,en-de,False,False,,,,,,,,,,,,,,,,,,,,,,,
alma-7b-flap20-ref-dir-en-zh,alma-7b-flap20-ref-dir-en-zh__alma10-greedy__0f82c670f3fe,flap,ref,20,dir,en-zh,en-zh,False,,en-is,False,False,,,,,,,,,,,,,,,,,,,,,,,
alma-7b-flap20-ref-dir-en-zh,alma-7b-flap20-ref-dir-en-zh__alma10-greedy__0f82c670f3fe,flap,ref,20,dir,en-zh,en-zh,False,,en-ru,False,False,,,,,,,,,,,,,,,,,,,,,,,
alma-7b-flap20-ref-dir-en-zh,alma-7b-flap20-ref-dir-en-zh__alma10-greedy__0f82c670f3fe,flap,ref,20,dir,en-zh,en-zh,False,,en-zh,False,True,2037,0.826323,31.2176,25.085,2.27812,-0.021351,-3.8258,-2.3071,0.418842,0.022701,-0.491064,0,0,0.0005,0.0005,0,0.9688,0,0.1679,0.028,0,0.0002,0.9861
alma-7b-flap20-gen-dir-cs-en,alma-7b-flap20-gen-dir-cs-en__alma10-greedy__775a7f00ef8e,flap,gen,20,dir,cs-en,cs-en,False,,cs-en,True,True,1448,0.849175,39.0918,60.7318,4.23789,-0.006672,-2.2304,-1.9063,0.325971,0.003956,-0.11234,0.0062,0,0,0,0,0.9712,0,0,0.0097,0.0062,0.0061,0.9891
alma-7b-flap20-gen-dir-cs-en,alma-7b-flap20-gen-dir-cs-en__alma10-greedy__775a7f00ef8e,flap,gen,20,dir,cs-en,cs-en,False,,de-en,True,False,,,,,,,,,,,,,,,,,,,,,,,
alma-7b-flap20-gen-dir-cs-en,alma-7b-flap20-gen-dir-cs-en__alma10-greedy__775a7f00ef8e,flap,gen,20,dir,cs-en,cs-en,False,,is-en,True,False,,,,,,,,,,,,,,,,,,,,,,,
alma-7b-flap20-gen-dir-cs-en,alma-7b-flap20-gen-dir-cs-en__alma10-greedy__775a7f00ef8e,flap,gen,20,dir,cs-en,cs-en,False,,ru-en,True,False,,,,,,,,,,,,,,,,,,,,,,,
alma-7b-flap20-gen-dir-cs-en,alma-7b-flap20-gen-dir-cs-en__alma10-greedy__775a7f00ef8e,flap,gen,20,dir,cs-en,cs-en,False,,zh-en,True,False,,,,,,,,,,,,,,,,,,,,,,,
alma-7b-flap20-gen-dir-cs-en,alma-7b-flap20-gen-dir-cs-en__alma10-greedy__775a7f00ef8e,flap,gen,20,dir,cs-en,cs-en,False,,en-cs,False,False,,,,,,,,,,,,,,,,,,,,,,,
alma-7b-flap20-gen-dir-cs-en,alma-7b-flap20-gen-dir-cs-en__alma10-greedy__775a7f00ef8e,flap,gen,20,dir,cs-en,cs-en,False,,en-de,False,False,,,,,,,,,,,,,,,,,,,,,,,
alma-7b-flap20-gen-dir-cs-en,alma-7b-flap20-gen-dir-cs-en__alma10-greedy__775a7f00ef8e,flap,gen,20,dir,cs-en,cs-en,False,,en-is,False,False,,,,,,,,,,,,,,,,,,,,,,,
alma-7b-flap20-gen-dir-cs-en,alma-7b-flap20-gen-dir-cs-en__alma10-greedy__775a7f00ef8e,flap,gen,20,dir,cs-en,cs-en,False,,en-ru,False,False,,,,,,,,,,,,,,,,,,,,,,,
alma-7b-flap20-gen-dir-cs-en,alma-7b-flap20-gen-dir-cs-en__alma10-greedy__775a7f00ef8e,flap,gen,20,dir,cs-en,cs-en,False,,en-zh,False,False,,,,,,,,,,,,,,,,,,,,,,,
alma-7b-flap20-gen-dir-de-en,alma-7b-flap20-gen-dir-de-en__alma10-greedy__346f56099b36,flap,gen,20,dir,de-en,de-en,False,,cs-en,True,False,,,,,,,,,,,,,,,,,,,,,,,
alma-7b-flap20-gen-dir-de-en,alma-7b-flap20-gen-dir-de-en__alma10-greedy__346f56099b36,flap,gen,20,dir,de-en,de-en,False,,de-en,True,True,1984,0.82931,27.5842,51.3541,3.76127,-0.008233,-1.4882,-0.9686,0.341679,-0.001013,0.024401,0.0015,0.001,0.001,0.001,0,0.9313,0.0005,0.006,0.0071,0.0015,0.0058,0.9532
alma-7b-flap20-gen-dir-de-en,alma-7b-flap20-gen-dir-de-en__alma10-greedy__346f56099b36,flap,gen,20,dir,de-en,de-en,False,,is-en,True,False,,,,,,,,,,,,,,,,,,,,,,,
alma-7b-flap20-gen-dir-de-en,alma-7b-flap20-gen-dir-de-en__alma10-greedy__346f56099b36,flap,gen,20,dir,de-en,de-en,False,,ru-en,True,False,,,,,,,,,,,,,,,,,,,,,,,
alma-7b-flap20-gen-dir-de-en,alma-7b-flap20-gen-dir-de-en__alma10-greedy__346f56099b36,flap,gen,20,dir,de-en,de-en,False,,zh-en,True,False,,,,,,,,,,,,,,,,,,,,,,,
alma-7b-flap20-gen-dir-de-en,alma-7b-flap20-gen-dir-de-en__alma10-greedy__346f56099b36,flap,gen,20,dir,de-en,de-en,False,,en-cs,False,False,,,,,,,,,,,,,,,,,,,,,,,
alma-7b-flap20-gen-dir-de-en,alma-7b-flap20-gen-dir-de-en__alma10-greedy__346f56099b36,flap,gen,20,dir,de-en,de-en,False,,en-de,False,False,,,,,,,,,,,,,,,,,,,,,,,
alma-7b-flap20-gen-dir-de-en,alma-7b-flap20-gen-dir-de-en__alma10-greedy__346f56099b36,flap,gen,20,dir,de-en,de-en,False,,en-is,False,False,,,,,,,,,,,,,,,,,,,,,,,
alma-7b-flap20-gen-dir-de-en,alma-7b-flap20-gen-dir-de-en__alma10-greedy__346f56099b36,flap,gen,20,dir,de-en,de-en,False,,en-ru,False,False,,,,,,,,,,,,,,,,,,,,,,,
alma-7b-flap20-gen-dir-de-en,alma-7b-flap20-gen-dir-de-en__alma10-greedy__346f56099b36,flap,gen,20,dir,de-en,de-en,False,,en-zh,False,False,,,,,,,,,,,,,,,,,,,,,,,
alma-7b-flap20-gen-dir-is-en,alma-7b-flap20-gen-dir-is-en__alma10-greedy__1060f354ae1a,flap,gen,20,dir,is-en,is-en,False,,cs-en,True,False,,,,,,,,,,,,,,,,,,,,,,,
alma-7b-flap20-gen-dir-is-en,alma-7b-flap20-gen-dir-is-en__alma10-greedy__1060f354ae1a,flap,gen,20,dir,is-en,is-en,False,,de-en,True,False,,,,,,,,,,,,,,,,,,,,,,,
alma-7b-flap20-gen-dir-is-en,alma-7b-flap20-gen-dir-is-en__alma10-greedy__1060f354ae1a,flap,gen,20,dir,is-en,is-en,False,,is-en,True,True,1000,0.848001,32.0981,54.3153,3.84615,-0.008745,-2.5011,-1.8065,0.403734,-0.0017,0.122253,0.004,0,0,0,0,0.9383,0,0,0.012,0.004,0.0065,0.9682
alma-7b-flap20-gen-dir-is-en,alma-7b-flap20-gen-dir-is-en__alma10-greedy__1060f354ae1a,flap,gen,20,dir,is-en,is-en,False,,ru-en,True,False,,,,,,,,,,,,,,,,,,,,,,,
alma-7b-flap20-gen-dir-is-en,alma-7b-flap20-gen-dir-is-en__alma10-greedy__1060f354ae1a,flap,gen,20,dir,is-en,is-en,False,,zh-en,True,False,,,,,,,,,,,,,,,,,,,,,,,
alma-7b-flap20-gen-dir-is-en,alma-7b-flap20-gen-dir-is-en__alma10-greedy__1060f354ae1a,flap,gen,20,dir,is-en,is-en,False,,en-cs,False,False,,,,,,,,,,,,,,,,,,,,,,,
alma-7b-flap20-gen-dir-is-en,alma-7b-flap20-gen-dir-is-en__alma10-greedy__1060f354ae1a,flap,gen,20,dir,is-en,is-en,False,,en-de,False,False,,,,,,,,,,,,,,,,,,,,,,,
alma-7b-flap20-gen-dir-is-en,alma-7b-flap20-gen-dir-is-en__alma10-greedy__1060f354ae1a,flap,gen,20,dir,is-en,is-en,False,,en-is,False,False,,,,,,,,,,,,,,,,,,,,,,,
alma-7b-flap20-gen-dir-is-en,alma-7b-flap20-gen-dir-is-en__alma10-greedy__1060f354ae1a,flap,gen,20,dir,is-en,is-en,False,,en-ru,False,False,,,,,,,,,,,,,,,,,,,,,,,
alma-7b-flap20-gen-dir-is-en,alma-7b-flap20-gen-dir-is-en__alma10-greedy__1060f354ae1a,flap,gen,20,dir,is-en,is-en,False,,en-zh,False,False,,,,,,,,,,,,,,,,,,,,,,,
alma-7b-flap20-gen-dir-ru-en,alma-7b-flap20-gen-dir-ru-en__alma10-greedy__e45a10851bfb,flap,gen,20,dir,ru-en,ru-en,False,,cs-en,True,False,,,,,,,,,,,,,,,,,,,,,,,
alma-7b-flap20-gen-dir-ru-en,alma-7b-flap20-gen-dir-ru-en__alma10-greedy__e45a10851bfb,flap,gen,20,dir,ru-en,ru-en,False,,de-en,True,False,,,,,,,,,,,,,,,,,,,,,,,
alma-7b-flap20-gen-dir-ru-en,alma-7b-flap20-gen-dir-ru-en__alma10-greedy__e45a10851bfb,flap,gen,20,dir,ru-en,ru-en,False,,is-en,True,False,,,,,,,,,,,,,,,,,,,,,,,
alma-7b-flap20-gen-dir-ru-en,alma-7b-flap20-gen-dir-ru-en__alma10-greedy__e45a10851bfb,flap,gen,20,dir,ru-en,ru-en,False,,ru-en,True,True,2016,0.83285,34.8352,58.8476,3.53308,-0.011672,-2.1682,-1.6989,0.420433,-0.000929,0.050531,0.0005,0,0,0,0,0.9914,0.0005,0.0045,0.0164,0.0005,0.0085,1.0142
alma-7b-flap20-gen-dir-ru-en,alma-7b-flap20-gen-dir-ru-en__alma10-greedy__e45a10851bfb,flap,gen,20,dir,ru-en,ru-en,False,,zh-en,True,False,,,,,,,,,,,,,,,,,,,,,,,
alma-7b-flap20-gen-dir-ru-en,alma-7b-flap20-gen-dir-ru-en__alma10-greedy__e45a10851bfb,flap,gen,20,dir,ru-en,ru-en,False,,en-cs,False,False,,,,,,,,,,,,,,,,,,,,,,,
alma-7b-flap20-gen-dir-ru-en,alma-7b-flap20-gen-dir-ru-en__alma10-greedy__e45a10851bfb,flap,gen,20,dir,ru-en,ru-en,False,,en-de,False,False,,,,,,,,,,,,,,,,,,,,,,,
alma-7b-flap20-gen-dir-ru-en,alma-7b-flap20-gen-dir-ru-en__alma10-greedy__e45a10851bfb,flap,gen,20,dir,ru-en,ru-en,False,,en-is,False,False,,,,,,,,,,,,,,,,,,,,,,,
alma-7b-flap20-gen-dir-ru-en,alma-7b-flap20-gen-dir-ru-en__alma10-greedy__e45a10851bfb,flap,gen,20,dir,ru-en,ru-en,False,,en-ru,False,False,,,,,,,,,,,,,,,,,,,,,,,
alma-7b-flap20-gen-dir-ru-en,alma-7b-flap20-gen-dir-ru-en__alma10-greedy__e45a10851bfb,flap,gen,20,dir,ru-en,ru-en,False,,en-zh,False,False,,,,,,,,,,,,,,,,,,,,,,,
alma-7b-flap20-gen-dir-zh-en,alma-7b-flap20-gen-dir-zh-en__alma10-greedy__a15992866a15,flap,gen,20,dir,zh-en,zh-en,False,,cs-en,True,False,,,,,,,,,,,,,,,,,,,,,,,
alma-7b-flap20-gen-dir-zh-en,alma-7b-flap20-gen-dir-zh-en__alma10-greedy__a15992866a15,flap,gen,20,dir,zh-en,zh-en,False,,de-en,True,False,,,,,,,,,,,,,,,,,,,,,,,
alma-7b-flap20-gen-dir-zh-en,alma-7b-flap20-gen-dir-zh-en__alma10-greedy__a15992866a15,flap,gen,20,dir,zh-en,zh-en,False,,is-en,True,False,,,,,,,,,,,,,,,,,,,,,,,
alma-7b-flap20-gen-dir-zh-en,alma-7b-flap20-gen-dir-zh-en__alma10-greedy__a15992866a15,flap,gen,20,dir,zh-en,zh-en,False,,ru-en,True,False,,,,,,,,,,,,,,,,,,,,,,,
alma-7b-flap20-gen-dir-zh-en,alma-7b-flap20-gen-dir-zh-en__alma10-greedy__a15992866a15,flap,gen,20,dir,zh-en,zh-en,False,,zh-en,True,True,1875,0.78217,20.6736,47.8638,3.18845,-0.014524,-1.7477,-1.8805,0.485282,0.003504,-0.216727,0.0005,0,0.0016,0.0016,0,0.945,0.0005,0.0112,0.0133,0.0005,0.0044,0.9771
alma-7b-flap20-gen-dir-zh-en,alma-7b-flap20-gen-dir-zh-en__alma10-greedy__a15992866a15,flap,gen,20,dir,zh-en,zh-en,False,,en-cs,False,False,,,,,,,,,,,,,,,,,,,,,,,
alma-7b-flap20-gen-dir-zh-en,alma-7b-flap20-gen-dir-zh-en__alma10-greedy__a15992866a15,flap,gen,20,dir,zh-en,zh-en,False,,en-de,False,False,,,,,,,,,,,,,,,,,,,,,,,
alma-7b-flap20-gen-dir-zh-en,alma-7b-flap20-gen-dir-zh-en__alma10-greedy__a15992866a15,flap,gen,20,dir,zh-en,zh-en,False,,en-is,False,False,,,,,,,,,,,,,,,,,,,,,,,
alma-7b-flap20-gen-dir-zh-en,alma-7b-flap20-gen-dir-zh-en__alma10-greedy__a15992866a15,flap,gen,20,dir,zh-en,zh-en,False,,en-ru,False,False,,,,,,,,,,,,,,,,,,,,,,,
alma-7b-flap20-gen-dir-zh-en,alma-7b-flap20-gen-dir-zh-en__alma10-greedy__a15992866a15,flap,gen,20,dir,zh-en,zh-en,False,,en-zh,False,False,,,,,,,,,,,,,,,,,,,,,,,
alma-7b-flap20-gen-dir-en-cs,alma-7b-flap20-gen-dir-en-cs__alma10-greedy__bb0433d297aa,flap,gen,20,dir,en-cs,en-cs,False,,cs-en,True,False,,,,,,,,,,,,,,,,,,,,,,,
alma-7b-flap20-gen-dir-en-cs,alma-7b-flap20-gen-dir-en-cs__alma10-greedy__bb0433d297aa,flap,gen,20,dir,en-cs,en-cs,False,,de-en,True,False,,,,,,,,,,,,,,,,,,,,,,,
alma-7b-flap20-gen-dir-en-cs,alma-7b-flap20-gen-dir-en-cs__alma10-greedy__bb0433d297aa,flap,gen,20,dir,en-cs,en-cs,False,,is-en,True,False,,,,,,,,,,,,,,,,,,,,,,,
alma-7b-flap20-gen-dir-en-cs,alma-7b-flap20-gen-dir-en-cs__alma10-greedy__bb0433d297aa,flap,gen,20,dir,en-cs,en-cs,False,,ru-en,True,False,,,,,,,,,,,,,,,,,,,,,,,
alma-7b-flap20-gen-dir-en-cs,alma-7b-flap20-gen-dir-en-cs__alma10-greedy__bb0433d297aa,flap,gen,20,dir,en-cs,en-cs,False,,zh-en,True,False,,,,,,,,,,,,,,,,,,,,,,,
alma-7b-flap20-gen-dir-en-cs,alma-7b-flap20-gen-dir-en-cs__alma10-greedy__bb0433d297aa,flap,gen,20,dir,en-cs,en-cs,False,,en-cs,False,True,2037,0.855298,23.709,47.1156,4.47477,-0.02394,-2.7033,-2.856,0.991016,0.016996,-0.612805,0.0054,0,0,0,0,0.9557,0.0015,0.0123,0.0216,0.0054,0.0072,0.9903
alma-7b-flap20-gen-dir-en-cs,alma-7b-flap20-gen-dir-en-cs__alma10-greedy__bb0433d297aa,flap,gen,20,dir,en-cs,en-cs,False,,en-de,False,False,,,,,,,,,,,,,,,,,,,,,,,
alma-7b-flap20-gen-dir-en-cs,alma-7b-flap20-gen-dir-en-cs__alma10-greedy__bb0433d297aa,flap,gen,20,dir,en-cs,en-cs,False,,en-is,False,False,,,,,,,,,,,,,,,,,,,,,,,
alma-7b-flap20-gen-dir-en-cs,alma-7b-flap20-gen-dir-en-cs__alma10-greedy__bb0433d297aa,flap,gen,20,dir,en-cs,en-cs,False,,en-ru,False,False,,,,,,,,,,,,,,,,,,,,,,,
alma-7b-flap20-gen-dir-en-cs,alma-7b-flap20-gen-dir-en-cs__alma10-greedy__bb0433d297aa,flap,gen,20,dir,en-cs,en-cs,False,,en-zh,False,False,,,,,,,,,,,,,,,,,,,,,,,
alma-7b-flap20-gen-dir-en-de,alma-7b-flap20-gen-dir-en-de__alma10-greedy__8d86bb3da68a,flap,gen,20,dir,en-de,en-de,False,,cs-en,True,False,,,,,,,,,,,,,,,,,,,,,,,
alma-7b-flap20-gen-dir-en-de,alma-7b-flap20-gen-dir-en-de__alma10-greedy__8d86bb3da68a,flap,gen,20,dir,en-de,en-de,False,,de-en,True,False,,,,,,,,,,,,,,,,,,,,,,,
alma-7b-flap20-gen-dir-en-de,alma-7b-flap20-gen-dir-en-de__alma10-greedy__8d86bb3da68a,flap,gen,20,dir,en-de,en-de,False,,is-en,True,False,,,,,,,,,,,,,,,,,,,,,,,
alma-7b-flap20-gen-dir-en-de,alma-7b-flap20-gen-dir-en-de__alma10-greedy__8d86bb3da68a,flap,gen,20,dir,en-de,en-de,False,,ru-en,True,False,,,,,,,,,,,,,,,,,,,,,,,
alma-7b-flap20-gen-dir-en-de,alma-7b-flap20-gen-dir-en-de__alma10-greedy__8d86bb3da68a,flap,gen,20,dir,en-de,en-de,False,,zh-en,True,False,,,,,,,,,,,,,,,,,,,,,,,
alma-7b-flap20-gen-dir-en-de,alma-7b-flap20-gen-dir-en-de__alma10-greedy__8d86bb3da68a,flap,gen,20,dir,en-de,en-de,False,,en-cs,False,False,,,,,,,,,,,,,,,,,,,,,,,
alma-7b-flap20-gen-dir-en-de,alma-7b-flap20-gen-dir-en-de__alma10-greedy__8d86bb3da68a,flap,gen,20,dir,en-de,en-de,False,,en-de,False,True,2037,0.828667,25.6306,51.5591,1.51132,-0.020014,-2.6356,-2.9025,0.417815,0.010495,-0.110588,0.0172,0,0,0,0,0.9857,0.0177,0.0059,0.0201,0.0172,0.0146,1.0085
alma-7b-flap20-gen-dir-en-de,alma-7b-flap20-gen-dir-en-de__alma10-greedy__8d86bb3da68a,flap,gen,20,dir,en-de,en-de,False,,en-is,False,False,,,,,,,,,,,,,,,,,,,,,,,
alma-7b-flap20-gen-dir-en-de,alma-7b-flap20-gen-dir-en-de__alma10-greedy__8d86bb3da68a,flap,gen,20,dir,en-de,en-de,False,,en-ru,False,False,,,,,,,,,,,,,,,,,,,,,,,
alma-7b-flap20-gen-dir-en-de,alma-7b-flap20-gen-dir-en-de__alma10-greedy__8d86bb3da68a,flap,gen,20,dir,en-de,en-de,False,,en-zh,False,False,,,,,,,,,,,,,,,,,,,,,,,
alma-7b-flap20-gen-dir-en-is,alma-7b-flap20-gen-dir-en-is__alma10-greedy__a97fc3389fdf,flap,gen,20,dir,en-is,en-is,False,,cs-en,True,False,,,,,,,,,,,,,,,,,,,,,,,
alma-7b-flap20-gen-dir-en-is,alma-7b-flap20-gen-dir-en-is__alma10-greedy__a97fc3389fdf,flap,gen,20,dir,en-is,en-is,False,,de-en,True,False,,,,,,,,,,,,,,,,,,,,,,,
alma-7b-flap20-gen-dir-en-is,alma-7b-flap20-gen-dir-en-is__alma10-greedy__a97fc3389fdf,flap,gen,20,dir,en-is,en-is,False,,is-en,True,False,,,,,,,,,,,,,,,,,,,,,,,
alma-7b-flap20-gen-dir-en-is,alma-7b-flap20-gen-dir-en-is__alma10-greedy__a97fc3389fdf,flap,gen,20,dir,en-is,en-is,False,,ru-en,True,False,,,,,,,,,,,,,,,,,,,,,,,
alma-7b-flap20-gen-dir-en-is,alma-7b-flap20-gen-dir-en-is__alma10-greedy__a97fc3389fdf,flap,gen,20,dir,en-is,en-is,False,,zh-en,True,False,,,,,,,,,,,,,,,,,,,,,,,
alma-7b-flap20-gen-dir-en-is,alma-7b-flap20-gen-dir-en-is__alma10-greedy__a97fc3389fdf,flap,gen,20,dir,en-is,en-is,False,,en-cs,False,False,,,,,,,,,,,,,,,,,,,,,,,
alma-7b-flap20-gen-dir-en-is,alma-7b-flap20-gen-dir-en-is__alma10-greedy__a97fc3389fdf,flap,gen,20,dir,en-is,en-is,False,,en-de,False,False,,,,,,,,,,,,,,,,,,,,,,,
alma-7b-flap20-gen-dir-en-is,alma-7b-flap20-gen-dir-en-is__alma10-greedy__a97fc3389fdf,flap,gen,20,dir,en-is,en-is,False,,en-is,False,True,1000,0.810584,19.9481,44.8136,6.1866,-0.034232,-3.9651,-4.2651,2.11433,0.026471,-1.25163,0.002,0,0,0,0,0.9462,0.002,0,0.006,0.002,0.004,0.981
alma-7b-flap20-gen-dir-en-is,alma-7b-flap20-gen-dir-en-is__alma10-greedy__a97fc3389fdf,flap,gen,20,dir,en-is,en-is,False,,en-ru,False,False,,,,,,,,,,,,,,,,,,,,,,,
alma-7b-flap20-gen-dir-en-is,alma-7b-flap20-gen-dir-en-is__alma10-greedy__a97fc3389fdf,flap,gen,20,dir,en-is,en-is,False,,en-zh,False,False,,,,,,,,,,,,,,,,,,,,,,,
alma-7b-flap20-gen-dir-en-ru,alma-7b-flap20-gen-dir-en-ru__alma10-greedy__13e206acb15b,flap,gen,20,dir,en-ru,en-ru,False,,cs-en,True,False,,,,,,,,,,,,,,,,,,,,,,,
alma-7b-flap20-gen-dir-en-ru,alma-7b-flap20-gen-dir-en-ru__alma10-greedy__13e206acb15b,flap,gen,20,dir,en-ru,en-ru,False,,de-en,True,False,,,,,,,,,,,,,,,,,,,,,,,
alma-7b-flap20-gen-dir-en-ru,alma-7b-flap20-gen-dir-en-ru__alma10-greedy__13e206acb15b,flap,gen,20,dir,en-ru,en-ru,False,,is-en,True,False,,,,,,,,,,,,,,,,,,,,,,,
alma-7b-flap20-gen-dir-en-ru,alma-7b-flap20-gen-dir-en-ru__alma10-greedy__13e206acb15b,flap,gen,20,dir,en-ru,en-ru,False,,ru-en,True,False,,,,,,,,,,,,,,,,,,,,,,,
alma-7b-flap20-gen-dir-en-ru,alma-7b-flap20-gen-dir-en-ru__alma10-greedy__13e206acb15b,flap,gen,20,dir,en-ru,en-ru,False,,zh-en,True,False,,,,,,,,,,,,,,,,,,,,,,,
alma-7b-flap20-gen-dir-en-ru,alma-7b-flap20-gen-dir-en-ru__alma10-greedy__13e206acb15b,flap,gen,20,dir,en-ru,en-ru,False,,en-cs,False,False,,,,,,,,,,,,,,,,,,,,,,,
alma-7b-flap20-gen-dir-en-ru,alma-7b-flap20-gen-dir-en-ru__alma10-greedy__13e206acb15b,flap,gen,20,dir,en-ru,en-ru,False,,en-de,False,False,,,,,,,,,,,,,,,,,,,,,,,
alma-7b-flap20-gen-dir-en-ru,alma-7b-flap20-gen-dir-en-ru__alma10-greedy__13e206acb15b,flap,gen,20,dir,en-ru,en-ru,False,,en-is,False,False,,,,,,,,,,,,,,,,,,,,,,,
alma-7b-flap20-gen-dir-en-ru,alma-7b-flap20-gen-dir-en-ru__alma10-greedy__13e206acb15b,flap,gen,20,dir,en-ru,en-ru,False,,en-ru,False,True,2037,0.844619,22.8885,46.506,2.89971,-0.018409,-2.2604,-2.4749,0.629278,0.009442,-0.28281,0.0005,0,0,0,0,0.9532,0.0005,0.0103,0.0275,0.0005,0.0121,0.9907
alma-7b-flap20-gen-dir-en-ru,alma-7b-flap20-gen-dir-en-ru__alma10-greedy__13e206acb15b,flap,gen,20,dir,en-ru,en-ru,False,,en-zh,False,False,,,,,,,,,,,,,,,,,,,,,,,
alma-7b-flap20-gen-dir-en-zh,alma-7b-flap20-gen-dir-en-zh__alma10-greedy__d45efaacc5b8,flap,gen,20,dir,en-zh,en-zh,False,,cs-en,True,False,,,,,,,,,,,,,,,,,,,,,,,
alma-7b-flap20-gen-dir-en-zh,alma-7b-flap20-gen-dir-en-zh__alma10-greedy__d45efaacc5b8,flap,gen,20,dir,en-zh,en-zh,False,,de-en,True,False,,,,,,,,,,,,,,,,,,,,,,,
alma-7b-flap20-gen-dir-en-zh,alma-7b-flap20-gen-dir-en-zh__alma10-greedy__d45efaacc5b8,flap,gen,20,dir,en-zh,en-zh,False,,is-en,True,False,,,,,,,,,,,,,,,,,,,,,,,
alma-7b-flap20-gen-dir-en-zh,alma-7b-flap20-gen-dir-en-zh__alma10-greedy__d45efaacc5b8,flap,gen,20,dir,en-zh,en-zh,False,,ru-en,True,False,,,,,,,,,,,,,,,,,,,,,,,
alma-7b-flap20-gen-dir-en-zh,alma-7b-flap20-gen-dir-en-zh__alma10-greedy__d45efaacc5b8,flap,gen,20,dir,en-zh,en-zh,False,,zh-en,True,False,,,,,,,,,,,,,,,,,,,,,,,
alma-7b-flap20-gen-dir-en-zh,alma-7b-flap20-gen-dir-en-zh__alma10-greedy__d45efaacc5b8,flap,gen,20,dir,en-zh,en-zh,False,,en-cs,False,False,,,,,,,,,,,,,,,,,,,,,,,
alma-7b-flap20-gen-dir-en-zh,alma-7b-flap20-gen-dir-en-zh__alma10-greedy__d45efaacc5b8,flap,gen,20,dir,en-zh,en-zh,False,,en-de,False,False,,,,,,,,,,,,,,,,,,,,,,,
alma-7b-flap20-gen-dir-en-zh,alma-7b-flap20-gen-dir-en-zh__alma10-greedy__d45efaacc5b8,flap,gen,20,dir,en-zh,en-zh,False,,en-is,False,False,,,,,,,,,,,,,,,,,,,,,,,
alma-7b-flap20-gen-dir-en-zh,alma-7b-flap20-gen-dir-en-zh__alma10-greedy__d45efaacc5b8,flap,gen,20,dir,en-zh,en-zh,False,,en-ru,False,False,,,,,,,,,,,,,,,,,,,,,,,
alma-7b-flap20-gen-dir-en-zh,alma-7b-flap20-gen-dir-en-zh__alma10-greedy__d45efaacc5b8,flap,gen,20,dir,en-zh,en-zh,False,,en-zh,False,True,2037,0.824508,30.8433,24.9234,2.29129,-0.023166,-4.2001,-2.4687,0.432011,0.021388,-0.515959,0,0,0.0015,0.0015,0,0.9731,0,0.1689,0.0314,0,0.0028,0.9809
alma-7b-slimgpt30-ref-dir-cs-en,alma-7b-slimgpt30-ref-dir-cs-en__alma10-greedy__6e73a7fe2ffc,slimgpt,ref,30,dir,cs-en,cs-en,False,,cs-en,True,True,1448,0.844519,36.2965,58.942,4.33394,-0.011328,-5.0257,-3.6961,0.422027,0.00179,-0.13222,0.0041,0,0,0,0,0.9638,0.0007,0,0.0062,0.0041,0.0054,0.9759
alma-7b-slimgpt30-ref-dir-cs-en,alma-7b-slimgpt30-ref-dir-cs-en__alma10-greedy__6e73a7fe2ffc,slimgpt,ref,30,dir,cs-en,cs-en,False,,de-en,True,False,,,,,,,,,,,,,,,,,,,,,,,
alma-7b-slimgpt30-ref-dir-cs-en,alma-7b-slimgpt30-ref-dir-cs-en__alma10-greedy__6e73a7fe2ffc,slimgpt,ref,30,dir,cs-en,cs-en,False,,is-en,True,False,,,,,,,,,,,,,,,,,,,,,,,
alma-7b-slimgpt30-ref-dir-cs-en,alma-7b-slimgpt30-ref-dir-cs-en__alma10-greedy__6e73a7fe2ffc,slimgpt,ref,30,dir,cs-en,cs-en,False,,ru-en,True,False,,,,,,,,,,,,,,,,,,,,,,,
alma-7b-slimgpt30-ref-dir-cs-en,alma-7b-slimgpt30-ref-dir-cs-en__alma10-greedy__6e73a7fe2ffc,slimgpt,ref,30,dir,cs-en,cs-en,False,,zh-en,True,False,,,,,,,,,,,,,,,,,,,,,,,
alma-7b-slimgpt30-ref-dir-cs-en,alma-7b-slimgpt30-ref-dir-cs-en__alma10-greedy__6e73a7fe2ffc,slimgpt,ref,30,dir,cs-en,cs-en,False,,en-cs,False,False,,,,,,,,,,,,,,,,,,,,,,,
alma-7b-slimgpt30-ref-dir-cs-en,alma-7b-slimgpt30-ref-dir-cs-en__alma10-greedy__6e73a7fe2ffc,slimgpt,ref,30,dir,cs-en,cs-en,False,,en-de,False,False,,,,,,,,,,,,,,,,,,,,,,,
alma-7b-slimgpt30-ref-dir-cs-en,alma-7b-slimgpt30-ref-dir-cs-en__alma10-greedy__6e73a7fe2ffc,slimgpt,ref,30,dir,cs-en,cs-en,False,,en-is,False,False,,,,,,,,,,,,,,,,,,,,,,,
alma-7b-slimgpt30-ref-dir-cs-en,alma-7b-slimgpt30-ref-dir-cs-en__alma10-greedy__6e73a7fe2ffc,slimgpt,ref,30,dir,cs-en,cs-en,False,,en-ru,False,False,,,,,,,,,,,,,,,,,,,,,,,
alma-7b-slimgpt30-ref-dir-cs-en,alma-7b-slimgpt30-ref-dir-cs-en__alma10-greedy__6e73a7fe2ffc,slimgpt,ref,30,dir,cs-en,cs-en,False,,en-zh,False,False,,,,,,,,,,,,,,,,,,,,,,,
alma-7b-slimgpt30-ref-dir-de-en,alma-7b-slimgpt30-ref-dir-de-en__alma10-greedy__701f800d7cd4,slimgpt,ref,30,dir,de-en,de-en,False,,cs-en,True,False,,,,,,,,,,,,,,,,,,,,,,,
alma-7b-slimgpt30-ref-dir-de-en,alma-7b-slimgpt30-ref-dir-de-en__alma10-greedy__701f800d7cd4,slimgpt,ref,30,dir,de-en,de-en,False,,de-en,True,True,1984,0.829014,25.6672,50.2698,3.79127,-0.008529,-3.4052,-2.0529,0.371682,0.00234,-0.044864,0.002,0.0005,0.0005,0.0005,0,0.9226,0.001,0.006,0.0081,0.002,0.0054,0.9331
alma-7b-slimgpt30-ref-dir-de-en,alma-7b-slimgpt30-ref-dir-de-en__alma10-greedy__701f800d7cd4,slimgpt,ref,30,dir,de-en,de-en,False,,is-en,True,False,,,,,,,,,,,,,,,,,,,,,,,
alma-7b-slimgpt30-ref-dir-de-en,alma-7b-slimgpt30-ref-dir-de-en__alma10-greedy__701f800d7cd4,slimgpt,ref,30,dir,de-en,de-en,False,,ru-en,True,False,,,,,,,,,,,,,,,,,,,,,,,
alma-7b-slimgpt30-ref-dir-de-en,alma-7b-slimgpt30-ref-dir-de-en__alma10-greedy__701f800d7cd4,slimgpt,ref,30,dir,de-en,de-en,False,,zh-en,True,False,,,,,,,,,,,,,,,,,,,,,,,
alma-7b-slimgpt30-ref-dir-de-en,alma-7b-slimgpt30-ref-dir-de-en__alma10-greedy__701f800d7cd4,slimgpt,ref,30,dir,de-en,de-en,False,,en-cs,False,False,,,,,,,,,,,,,,,,,,,,,,,
alma-7b-slimgpt30-ref-dir-de-en,alma-7b-slimgpt30-ref-dir-de-en__alma10-greedy__701f800d7cd4,slimgpt,ref,30,dir,de-en,de-en,False,,en-de,False,False,,,,,,,,,,,,,,,,,,,,,,,
alma-7b-slimgpt30-ref-dir-de-en,alma-7b-slimgpt30-ref-dir-de-en__alma10-greedy__701f800d7cd4,slimgpt,ref,30,dir,de-en,de-en,False,,en-is,False,False,,,,,,,,,,,,,,,,,,,,,,,
alma-7b-slimgpt30-ref-dir-de-en,alma-7b-slimgpt30-ref-dir-de-en__alma10-greedy__701f800d7cd4,slimgpt,ref,30,dir,de-en,de-en,False,,en-ru,False,False,,,,,,,,,,,,,,,,,,,,,,,
alma-7b-slimgpt30-ref-dir-de-en,alma-7b-slimgpt30-ref-dir-de-en__alma10-greedy__701f800d7cd4,slimgpt,ref,30,dir,de-en,de-en,False,,en-zh,False,False,,,,,,,,,,,,,,,,,,,,,,,
alma-7b-slimgpt30-ref-dir-is-en,alma-7b-slimgpt30-ref-dir-is-en__alma10-greedy__8dff80adc1fc,slimgpt,ref,30,dir,is-en,is-en,False,,cs-en,True,False,,,,,,,,,,,,,,,,,,,,,,,
alma-7b-slimgpt30-ref-dir-is-en,alma-7b-slimgpt30-ref-dir-is-en__alma10-greedy__8dff80adc1fc,slimgpt,ref,30,dir,is-en,is-en,False,,de-en,True,False,,,,,,,,,,,,,,,,,,,,,,,
alma-7b-slimgpt30-ref-dir-is-en,alma-7b-slimgpt30-ref-dir-is-en__alma10-greedy__8dff80adc1fc,slimgpt,ref,30,dir,is-en,is-en,False,,is-en,True,True,1000,0.843445,29.7636,52.5824,3.97962,-0.013301,-4.8356,-3.5394,0.537211,-0.003516,0.063394,0.004,0,0,0,0,0.9258,0,0,0.009,0.004,0.0061,0.9488
alma-7b-slimgpt30-ref-dir-is-en,alma-7b-slimgpt30-ref-dir-is-en__alma10-greedy__8dff80adc1fc,slimgpt,ref,30,dir,is-en,is-en,False,,ru-en,True,False,,,,,,,,,,,,,,,,,,,,,,,
alma-7b-slimgpt30-ref-dir-is-en,alma-7b-slimgpt30-ref-dir-is-en__alma10-greedy__8dff80adc1fc,slimgpt,ref,30,dir,is-en,is-en,False,,zh-en,True,False,,,,,,,,,,,,,,,,,,,,,,,
alma-7b-slimgpt30-ref-dir-is-en,alma-7b-slimgpt30-ref-dir-is-en__alma10-greedy__8dff80adc1fc,slimgpt,ref,30,dir,is-en,is-en,False,,en-cs,False,False,,,,,,,,,,,,,,,,,,,,,,,
alma-7b-slimgpt30-ref-dir-is-en,alma-7b-slimgpt30-ref-dir-is-en__alma10-greedy__8dff80adc1fc,slimgpt,ref,30,dir,is-en,is-en,False,,en-de,False,False,,,,,,,,,,,,,,,,,,,,,,,
alma-7b-slimgpt30-ref-dir-is-en,alma-7b-slimgpt30-ref-dir-is-en__alma10-greedy__8dff80adc1fc,slimgpt,ref,30,dir,is-en,is-en,False,,en-is,False,False,,,,,,,,,,,,,,,,,,,,,,,
alma-7b-slimgpt30-ref-dir-is-en,alma-7b-slimgpt30-ref-dir-is-en__alma10-greedy__8dff80adc1fc,slimgpt,ref,30,dir,is-en,is-en,False,,en-ru,False,False,,,,,,,,,,,,,,,,,,,,,,,
alma-7b-slimgpt30-ref-dir-is-en,alma-7b-slimgpt30-ref-dir-is-en__alma10-greedy__8dff80adc1fc,slimgpt,ref,30,dir,is-en,is-en,False,,en-zh,False,False,,,,,,,,,,,,,,,,,,,,,,,
alma-7b-slimgpt30-ref-dir-ru-en,alma-7b-slimgpt30-ref-dir-ru-en__alma10-greedy__c7706b9edb6e,slimgpt,ref,30,dir,ru-en,ru-en,False,,cs-en,True,False,,,,,,,,,,,,,,,,,,,,,,,
alma-7b-slimgpt30-ref-dir-ru-en,alma-7b-slimgpt30-ref-dir-ru-en__alma10-greedy__c7706b9edb6e,slimgpt,ref,30,dir,ru-en,ru-en,False,,de-en,True,False,,,,,,,,,,,,,,,,,,,,,,,
alma-7b-slimgpt30-ref-dir-ru-en,alma-7b-slimgpt30-ref-dir-ru-en__alma10-greedy__c7706b9edb6e,slimgpt,ref,30,dir,ru-en,ru-en,False,,is-en,True,False,,,,,,,,,,,,,,,,,,,,,,,
alma-7b-slimgpt30-ref-dir-ru-en,alma-7b-slimgpt30-ref-dir-ru-en__alma10-greedy__c7706b9edb6e,slimgpt,ref,30,dir,ru-en,ru-en,False,,ru-en,True,True,2016,0.82876,32.9271,57.1235,3.70207,-0.015762,-4.0763,-3.423,0.589418,-0.000565,0.011306,0,0,0,0,0,0.9783,0.0005,0.005,0.0154,0,0.0069,0.9958
alma-7b-slimgpt30-ref-dir-ru-en,alma-7b-slimgpt30-ref-dir-ru-en__alma10-greedy__c7706b9edb6e,slimgpt,ref,30,dir,ru-en,ru-en,False,,zh-en,True,False,,,,,,,,,,,,,,,,,,,,,,,
alma-7b-slimgpt30-ref-dir-ru-en,alma-7b-slimgpt30-ref-dir-ru-en__alma10-greedy__c7706b9edb6e,slimgpt,ref,30,dir,ru-en,ru-en,False,,en-cs,False,False,,,,,,,,,,,,,,,,,,,,,,,
alma-7b-slimgpt30-ref-dir-ru-en,alma-7b-slimgpt30-ref-dir-ru-en__alma10-greedy__c7706b9edb6e,slimgpt,ref,30,dir,ru-en,ru-en,False,,en-de,False,False,,,,,,,,,,,,,,,,,,,,,,,
alma-7b-slimgpt30-ref-dir-ru-en,alma-7b-slimgpt30-ref-dir-ru-en__alma10-greedy__c7706b9edb6e,slimgpt,ref,30,dir,ru-en,ru-en,False,,en-is,False,False,,,,,,,,,,,,,,,,,,,,,,,
alma-7b-slimgpt30-ref-dir-ru-en,alma-7b-slimgpt30-ref-dir-ru-en__alma10-greedy__c7706b9edb6e,slimgpt,ref,30,dir,ru-en,ru-en,False,,en-ru,False,False,,,,,,,,,,,,,,,,,,,,,,,
alma-7b-slimgpt30-ref-dir-ru-en,alma-7b-slimgpt30-ref-dir-ru-en__alma10-greedy__c7706b9edb6e,slimgpt,ref,30,dir,ru-en,ru-en,False,,en-zh,False,False,,,,,,,,,,,,,,,,,,,,,,,
alma-7b-slimgpt30-ref-dir-zh-en,alma-7b-slimgpt30-ref-dir-zh-en__alma10-greedy__ecd3a26fda83,slimgpt,ref,30,dir,zh-en,zh-en,False,,cs-en,True,False,,,,,,,,,,,,,,,,,,,,,,,
alma-7b-slimgpt30-ref-dir-zh-en,alma-7b-slimgpt30-ref-dir-zh-en__alma10-greedy__ecd3a26fda83,slimgpt,ref,30,dir,zh-en,zh-en,False,,de-en,True,False,,,,,,,,,,,,,,,,,,,,,,,
alma-7b-slimgpt30-ref-dir-zh-en,alma-7b-slimgpt30-ref-dir-zh-en__alma10-greedy__ecd3a26fda83,slimgpt,ref,30,dir,zh-en,zh-en,False,,is-en,True,False,,,,,,,,,,,,,,,,,,,,,,,
alma-7b-slimgpt30-ref-dir-zh-en,alma-7b-slimgpt30-ref-dir-zh-en__alma10-greedy__ecd3a26fda83,slimgpt,ref,30,dir,zh-en,zh-en,False,,ru-en,True,False,,,,,,,,,,,,,,,,,,,,,,,
alma-7b-slimgpt30-ref-dir-zh-en,alma-7b-slimgpt30-ref-dir-zh-en__alma10-greedy__ecd3a26fda83,slimgpt,ref,30,dir,zh-en,zh-en,False,,zh-en,True,True,1875,0.777625,19.7048,46.8999,3.38018,-0.019069,-2.7165,-2.8444,0.677011,0.00106,-0.001207,0,0.0005,0.0005,0.0005,0,0.9201,0.0005,0.0123,0.0101,0,0.004,0.9448
alma-7b-slimgpt30-ref-dir-zh-en,alma-7b-slimgpt30-ref-dir-zh-en__alma10-greedy__ecd3a26fda83,slimgpt,ref,30,dir,zh-en,zh-en,False,,en-cs,False,False,,,,,,,,,,,,,,,,,,,,,,,
alma-7b-slimgpt30-ref-dir-zh-en,alma-7b-slimgpt30-ref-dir-zh-en__alma10-greedy__ecd3a26fda83,slimgpt,ref,30,dir,zh-en,zh-en,False,,en-de,False,False,,,,,,,,,,,,,,,,,,,,,,,
alma-7b-slimgpt30-ref-dir-zh-en,alma-7b-slimgpt30-ref-dir-zh-en__alma10-greedy__ecd3a26fda83,slimgpt,ref,30,dir,zh-en,zh-en,False,,en-is,False,False,,,,,,,,,,,,,,,,,,,,,,,
alma-7b-slimgpt30-ref-dir-zh-en,alma-7b-slimgpt30-ref-dir-zh-en__alma10-greedy__ecd3a26fda83,slimgpt,ref,30,dir,zh-en,zh-en,False,,en-ru,False,False,,,,,,,,,,,,,,,,,,,,,,,
alma-7b-slimgpt30-ref-dir-zh-en,alma-7b-slimgpt30-ref-dir-zh-en__alma10-greedy__ecd3a26fda83,slimgpt,ref,30,dir,zh-en,zh-en,False,,en-zh,False,False,,,,,,,,,,,,,,,,,,,,,,,
alma-7b-slimgpt30-ref-dir-en-cs,alma-7b-slimgpt30-ref-dir-en-cs__alma10-greedy__84263d64c7d4,slimgpt,ref,30,dir,en-cs,en-cs,False,,cs-en,True,False,,,,,,,,,,,,,,,,,,,,,,,
alma-7b-slimgpt30-ref-dir-en-cs,alma-7b-slimgpt30-ref-dir-en-cs__alma10-greedy__84263d64c7d4,slimgpt,ref,30,dir,en-cs,en-cs,False,,de-en,True,False,,,,,,,,,,,,,,,,,,,,,,,
alma-7b-slimgpt30-ref-dir-en-cs,alma-7b-slimgpt30-ref-dir-en-cs__alma10-greedy__84263d64c7d4,slimgpt,ref,30,dir,en-cs,en-cs,False,,is-en,True,False,,,,,,,,,,,,,,,,,,,,,,,
alma-7b-slimgpt30-ref-dir-en-cs,alma-7b-slimgpt30-ref-dir-en-cs__alma10-greedy__84263d64c7d4,slimgpt,ref,30,dir,en-cs,en-cs,False,,ru-en,True,False,,,,,,,,,,,,,,,,,,,,,,,
alma-7b-slimgpt30-ref-dir-en-cs,alma-7b-slimgpt30-ref-dir-en-cs__alma10-greedy__84263d64c7d4,slimgpt,ref,30,dir,en-cs,en-cs,False,,zh-en,True,False,,,,,,,,,,,,,,,,,,,,,,,
alma-7b-slimgpt30-ref-dir-en-cs,alma-7b-slimgpt30-ref-dir-en-cs__alma10-greedy__84263d64c7d4,slimgpt,ref,30,dir,en-cs,en-cs,False,,en-cs,False,True,2037,0.856912,23.0246,47.0375,4.18545,-0.022326,-3.3877,-2.9341,0.701696,0.013818,-0.691374,0.0034,0,0.0005,0.0005,0,0.9595,0.0025,0.0103,0.0187,0.0034,0.0065,0.9849
alma-7b-slimgpt30-ref-dir-en-cs,alma-7b-slimgpt30-ref-dir-en-cs__alma10-greedy__84263d64c7d4,slimgpt,ref,30,dir,en-cs,en-cs,False,,en-de,False,False,,,,,,,,,,,,,,,,,,,,,,,
alma-7b-slimgpt30-ref-dir-en-cs,alma-7b-slimgpt30-ref-dir-en-cs__alma10-greedy__84263d64c7d4,slimgpt,ref,30,dir,en-cs,en-cs,False,,en-is,False,False,,,,,,,,,,,,,,,,,,,,,,,
alma-7b-slimgpt30-ref-dir-en-cs,alma-7b-slimgpt30-ref-dir-en-cs__alma10-greedy__84263d64c7d4,slimgpt,ref,30,dir,en-cs,en-cs,False,,en-ru,False,False,,,,,,,,,,,,,,,,,,,,,,,
alma-7b-slimgpt30-ref-dir-en-cs,alma-7b-slimgpt30-ref-dir-en-cs__alma10-greedy__84263d64c7d4,slimgpt,ref,30,dir,en-cs,en-cs,False,,en-zh,False,False,,,,,,,,,,,,,,,,,,,,,,,
alma-7b-slimgpt30-ref-dir-en-de,alma-7b-slimgpt30-ref-dir-en-de__alma10-greedy__4aa19049b4da,slimgpt,ref,30,dir,en-de,en-de,False,,cs-en,True,False,,,,,,,,,,,,,,,,,,,,,,,
alma-7b-slimgpt30-ref-dir-en-de,alma-7b-slimgpt30-ref-dir-en-de__alma10-greedy__4aa19049b4da,slimgpt,ref,30,dir,en-de,en-de,False,,de-en,True,False,,,,,,,,,,,,,,,,,,,,,,,
alma-7b-slimgpt30-ref-dir-en-de,alma-7b-slimgpt30-ref-dir-en-de__alma10-greedy__4aa19049b4da,slimgpt,ref,30,dir,en-de,en-de,False,,is-en,True,False,,,,,,,,,,,,,,,,,,,,,,,
alma-7b-slimgpt30-ref-dir-en-de,alma-7b-slimgpt30-ref-dir-en-de__alma10-greedy__4aa19049b4da,slimgpt,ref,30,dir,en-de,en-de,False,,ru-en,True,False,,,,,,,,,,,,,,,,,,,,,,,
alma-7b-slimgpt30-ref-dir-en-de,alma-7b-slimgpt30-ref-dir-en-de__alma10-greedy__4aa19049b4da,slimgpt,ref,30,dir,en-de,en-de,False,,zh-en,True,False,,,,,,,,,,,,,,,,,,,,,,,
alma-7b-slimgpt30-ref-dir-en-de,alma-7b-slimgpt30-ref-dir-en-de__alma10-greedy__4aa19049b4da,slimgpt,ref,30,dir,en-de,en-de,False,,en-cs,False,False,,,,,,,,,,,,,,,,,,,,,,,
alma-7b-slimgpt30-ref-dir-en-de,alma-7b-slimgpt30-ref-dir-en-de__alma10-greedy__4aa19049b4da,slimgpt,ref,30,dir,en-de,en-de,False,,en-de,False,True,2037,0.826564,25.3004,51.5288,1.56772,-0.022117,-2.9658,-2.9328,0.474214,0.009446,-0.040478,0.0162,0,0,0,0,0.9859,0.0162,0.0049,0.0191,0.0162,0.0144,1.0032
alma-7b-slimgpt30-ref-dir-en-de,alma-7b-slimgpt30-ref-dir-en-de__alma10-greedy__4aa19049b4da,slimgpt,ref,30,dir,en-de,en-de,False,,en-is,False,False,,,,,,,,,,,,,,,,,,,,,,,
alma-7b-slimgpt30-ref-dir-en-de,alma-7b-slimgpt30-ref-dir-en-de__alma10-greedy__4aa19049b4da,slimgpt,ref,30,dir,en-de,en-de,False,,en-ru,False,False,,,,,,,,,,,,,,,,,,,,,,,
alma-7b-slimgpt30-ref-dir-en-de,alma-7b-slimgpt30-ref-dir-en-de__alma10-greedy__4aa19049b4da,slimgpt,ref,30,dir,en-de,en-de,False,,en-zh,False,False,,,,,,,,,,,,,,,,,,,,,,,
alma-7b-slimgpt30-ref-dir-en-is,alma-7b-slimgpt30-ref-dir-en-is__alma10-greedy__b6257bb4e206,slimgpt,ref,30,dir,en-is,en-is,False,,cs-en,True,False,,,,,,,,,,,,,,,,,,,,,,,
alma-7b-slimgpt30-ref-dir-en-is,alma-7b-slimgpt30-ref-dir-en-is__alma10-greedy__b6257bb4e206,slimgpt,ref,30,dir,en-is,en-is,False,,de-en,True,False,,,,,,,,,,,,,,,,,,,,,,,
alma-7b-slimgpt30-ref-dir-en-is,alma-7b-slimgpt30-ref-dir-en-is__alma10-greedy__b6257bb4e206,slimgpt,ref,30,dir,en-is,en-is,False,,is-en,True,False,,,,,,,,,,,,,,,,,,,,,,,
alma-7b-slimgpt30-ref-dir-en-is,alma-7b-slimgpt30-ref-dir-en-is__alma10-greedy__b6257bb4e206,slimgpt,ref,30,dir,en-is,en-is,False,,ru-en,True,False,,,,,,,,,,,,,,,,,,,,,,,
alma-7b-slimgpt30-ref-dir-en-is,alma-7b-slimgpt30-ref-dir-en-is__alma10-greedy__b6257bb4e206,slimgpt,ref,30,dir,en-is,en-is,False,,zh-en,True,False,,,,,,,,,,,,,,,,,,,,,,,
alma-7b-slimgpt30-ref-dir-en-is,alma-7b-slimgpt30-ref-dir-en-is__alma10-greedy__b6257bb4e206,slimgpt,ref,30,dir,en-is,en-is,False,,en-cs,False,False,,,,,,,,,,,,,,,,,,,,,,,
alma-7b-slimgpt30-ref-dir-en-is,alma-7b-slimgpt30-ref-dir-en-is__alma10-greedy__b6257bb4e206,slimgpt,ref,30,dir,en-is,en-is,False,,en-de,False,False,,,,,,,,,,,,,,,,,,,,,,,
alma-7b-slimgpt30-ref-dir-en-is,alma-7b-slimgpt30-ref-dir-en-is__alma10-greedy__b6257bb4e206,slimgpt,ref,30,dir,en-is,en-is,False,,en-is,False,True,1000,0.82338,20.8633,46.0002,5.33758,-0.021436,-3.0499,-3.0785,1.2653,0.01541,-0.931344,0,0,0.001,0.001,0,0.9592,0,0,0.003,0,0.0038,0.9862
alma-7b-slimgpt30-ref-dir-en-is,alma-7b-slimgpt30-ref-dir-en-is__alma10-greedy__b6257bb4e206,slimgpt,ref,30,dir,en-is,en-is,False,,en-ru,False,False,,,,,,,,,,,,,,,,,,,,,,,
alma-7b-slimgpt30-ref-dir-en-is,alma-7b-slimgpt30-ref-dir-en-is__alma10-greedy__b6257bb4e206,slimgpt,ref,30,dir,en-is,en-is,False,,en-zh,False,False,,,,,,,,,,,,,,,,,,,,,,,
alma-7b-slimgpt30-ref-dir-en-ru,alma-7b-slimgpt30-ref-dir-en-ru__alma10-greedy__0494a62028aa,slimgpt,ref,30,dir,en-ru,en-ru,False,,cs-en,True,False,,,,,,,,,,,,,,,,,,,,,,,
alma-7b-slimgpt30-ref-dir-en-ru,alma-7b-slimgpt30-ref-dir-en-ru__alma10-greedy__0494a62028aa,slimgpt,ref,30,dir,en-ru,en-ru,False,,de-en,True,False,,,,,,,,,,,,,,,,,,,,,,,
alma-7b-slimgpt30-ref-dir-en-ru,alma-7b-slimgpt30-ref-dir-en-ru__alma10-greedy__0494a62028aa,slimgpt,ref,30,dir,en-ru,en-ru,False,,is-en,True,False,,,,,,,,,,,,,,,,,,,,,,,
alma-7b-slimgpt30-ref-dir-en-ru,alma-7b-slimgpt30-ref-dir-en-ru__alma10-greedy__0494a62028aa,slimgpt,ref,30,dir,en-ru,en-ru,False,,ru-en,True,False,,,,,,,,,,,,,,,,,,,,,,,
alma-7b-slimgpt30-ref-dir-en-ru,alma-7b-slimgpt30-ref-dir-en-ru__alma10-greedy__0494a62028aa,slimgpt,ref,30,dir,en-ru,en-ru,False,,zh-en,True,False,,,,,,,,,,,,,,,,,,,,,,,
alma-7b-slimgpt30-ref-dir-en-ru,alma-7b-slimgpt30-ref-dir-en-ru__alma10-greedy__0494a62028aa,slimgpt,ref,30,dir,en-ru,en-ru,False,,en-cs,False,False,,,,,,,,,,,,,,,,,,,,,,,
alma-7b-slimgpt30-ref-dir-en-ru,alma-7b-slimgpt30-ref-dir-en-ru__alma10-greedy__0494a62028aa,slimgpt,ref,30,dir,en-ru,en-ru,False,,en-de,False,False,,,,,,,,,,,,,,,,,,,,,,,
alma-7b-slimgpt30-ref-dir-en-ru,alma-7b-slimgpt30-ref-dir-en-ru__alma10-greedy__0494a62028aa,slimgpt,ref,30,dir,en-ru,en-ru,False,,en-is,False,False,,,,,,,,,,,,,,,,,,,,,,,
alma-7b-slimgpt30-ref-dir-en-ru,alma-7b-slimgpt30-ref-dir-en-ru__alma10-greedy__0494a62028aa,slimgpt,ref,30,dir,en-ru,en-ru,False,,en-ru,False,True,2037,0.839033,21.9795,45.945,2.94156,-0.023995,-3.1694,-3.0359,0.671124,0.00631,-0.222447,0.0005,0.001,0.001,0.001,0,0.9607,0.0005,0.0108,0.026,0.0005,0.012,0.9988
alma-7b-slimgpt30-ref-dir-en-ru,alma-7b-slimgpt30-ref-dir-en-ru__alma10-greedy__0494a62028aa,slimgpt,ref,30,dir,en-ru,en-ru,False,,en-zh,False,False,,,,,,,,,,,,,,,,,,,,,,,
alma-7b-slimgpt30-ref-dir-en-zh,alma-7b-slimgpt30-ref-dir-en-zh__alma10-greedy__b67d73386aa0,slimgpt,ref,30,dir,en-zh,en-zh,False,,cs-en,True,False,,,,,,,,,,,,,,,,,,,,,,,
alma-7b-slimgpt30-ref-dir-en-zh,alma-7b-slimgpt30-ref-dir-en-zh__alma10-greedy__b67d73386aa0,slimgpt,ref,30,dir,en-zh,en-zh,False,,de-en,True,False,,,,,,,,,,,,,,,,,,,,,,,
alma-7b-slimgpt30-ref-dir-en-zh,alma-7b-slimgpt30-ref-dir-en-zh__alma10-greedy__b67d73386aa0,slimgpt,ref,30,dir,en-zh,en-zh,False,,is-en,True,False,,,,,,,,,,,,,,,,,,,,,,,
alma-7b-slimgpt30-ref-dir-en-zh,alma-7b-slimgpt30-ref-dir-en-zh__alma10-greedy__b67d73386aa0,slimgpt,ref,30,dir,en-zh,en-zh,False,,ru-en,True,False,,,,,,,,,,,,,,,,,,,,,,,
alma-7b-slimgpt30-ref-dir-en-zh,alma-7b-slimgpt30-ref-dir-en-zh__alma10-greedy__b67d73386aa0,slimgpt,ref,30,dir,en-zh,en-zh,False,,zh-en,True,False,,,,,,,,,,,,,,,,,,,,,,,
alma-7b-slimgpt30-ref-dir-en-zh,alma-7b-slimgpt30-ref-dir-en-zh__alma10-greedy__b67d73386aa0,slimgpt,ref,30,dir,en-zh,en-zh,False,,en-cs,False,False,,,,,,,,,,,,,,,,,,,,,,,
alma-7b-slimgpt30-ref-dir-en-zh,alma-7b-slimgpt30-ref-dir-en-zh__alma10-greedy__b67d73386aa0,slimgpt,ref,30,dir,en-zh,en-zh,False,,en-de,False,False,,,,,,,,,,,,,,,,,,,,,,,
alma-7b-slimgpt30-ref-dir-en-zh,alma-7b-slimgpt30-ref-dir-en-zh__alma10-greedy__b67d73386aa0,slimgpt,ref,30,dir,en-zh,en-zh,False,,en-is,False,False,,,,,,,,,,,,,,,,,,,,,,,
alma-7b-slimgpt30-ref-dir-en-zh,alma-7b-slimgpt30-ref-dir-en-zh__alma10-greedy__b67d73386aa0,slimgpt,ref,30,dir,en-zh,en-zh,False,,en-ru,False,False,,,,,,,,,,,,,,,,,,,,,,,
alma-7b-slimgpt30-ref-dir-en-zh,alma-7b-slimgpt30-ref-dir-en-zh__alma10-greedy__b67d73386aa0,slimgpt,ref,30,dir,en-zh,en-zh,False,,en-zh,False,True,2037,0.819771,30.2029,23.808,2.39635,-0.027903,-4.8405,-3.5841,0.537072,0.019915,-0.489343,0,0,0.0039,0.0039,0,0.9867,0,0.1537,0.025,0,0.0016,0.9973
alma-7b-slimgpt30-gen-dir-cs-en,alma-7b-slimgpt30-gen-dir-cs-en__alma10-greedy__dae42630db74,slimgpt,gen,30,dir,cs-en,cs-en,False,,cs-en,True,True,1448,0.844425,36.6292,59.1582,4.33535,-0.011422,-4.693,-3.4799,0.423439,0.000296,-0.103706,0.0028,0,0,0,0,0.9598,0.0007,0,0.0048,0.0028,0.0054,0.9727
alma-7b-slimgpt30-gen-dir-cs-en,alma-7b-slimgpt30-gen-dir-cs-en__alma10-greedy__dae42630db74,slimgpt,gen,30,dir,cs-en,cs-en,False,,de-en,True,False,,,,,,,,,,,,,,,,,,,,,,,
alma-7b-slimgpt30-gen-dir-cs-en,alma-7b-slimgpt30-gen-dir-cs-en__alma10-greedy__dae42630db74,slimgpt,gen,30,dir,cs-en,cs-en,False,,is-en,True,False,,,,,,,,,,,,,,,,,,,,,,,
alma-7b-slimgpt30-gen-dir-cs-en,alma-7b-slimgpt30-gen-dir-cs-en__alma10-greedy__dae42630db74,slimgpt,gen,30,dir,cs-en,cs-en,False,,ru-en,True,False,,,,,,,,,,,,,,,,,,,,,,,
alma-7b-slimgpt30-gen-dir-cs-en,alma-7b-slimgpt30-gen-dir-cs-en__alma10-greedy__dae42630db74,slimgpt,gen,30,dir,cs-en,cs-en,False,,zh-en,True,False,,,,,,,,,,,,,,,,,,,,,,,
alma-7b-slimgpt30-gen-dir-cs-en,alma-7b-slimgpt30-gen-dir-cs-en__alma10-greedy__dae42630db74,slimgpt,gen,30,dir,cs-en,cs-en,False,,en-cs,False,False,,,,,,,,,,,,,,,,,,,,,,,
alma-7b-slimgpt30-gen-dir-cs-en,alma-7b-slimgpt30-gen-dir-cs-en__alma10-greedy__dae42630db74,slimgpt,gen,30,dir,cs-en,cs-en,False,,en-de,False,False,,,,,,,,,,,,,,,,,,,,,,,
alma-7b-slimgpt30-gen-dir-cs-en,alma-7b-slimgpt30-gen-dir-cs-en__alma10-greedy__dae42630db74,slimgpt,gen,30,dir,cs-en,cs-en,False,,en-is,False,False,,,,,,,,,,,,,,,,,,,,,,,
alma-7b-slimgpt30-gen-dir-cs-en,alma-7b-slimgpt30-gen-dir-cs-en__alma10-greedy__dae42630db74,slimgpt,gen,30,dir,cs-en,cs-en,False,,en-ru,False,False,,,,,,,,,,,,,,,,,,,,,,,
alma-7b-slimgpt30-gen-dir-cs-en,alma-7b-slimgpt30-gen-dir-cs-en__alma10-greedy__dae42630db74,slimgpt,gen,30,dir,cs-en,cs-en,False,,en-zh,False,False,,,,,,,,,,,,,,,,,,,,,,,
alma-7b-slimgpt30-gen-dir-de-en,alma-7b-slimgpt30-gen-dir-de-en__alma10-greedy__fd109f3b9e73,slimgpt,gen,30,dir,de-en,de-en,False,,cs-en,True,False,,,,,,,,,,,,,,,,,,,,,,,
alma-7b-slimgpt30-gen-dir-de-en,alma-7b-slimgpt30-gen-dir-de-en__alma10-greedy__fd109f3b9e73,slimgpt,gen,30,dir,de-en,de-en,False,,de-en,True,True,1984,0.828596,25.7948,50.3023,3.80678,-0.008947,-3.2776,-2.0204,0.38719,0.002088,-0.032103,0.002,0.0005,0.0005,0.0005,0,0.9222,0.0005,0.006,0.0081,0.002,0.0053,0.9313
alma-7b-slimgpt30-gen-dir-de-en,alma-7b-slimgpt30-gen-dir-de-en__alma10-greedy__fd109f3b9e73,slimgpt,gen,30,dir,de-en,de-en,False,,is-en,True,False,,,,,,,,,,,,,,,,,,,,,,,
alma-7b-slimgpt30-gen-dir-de-en,alma-7b-slimgpt30-gen-dir-de-en__alma10-greedy__fd109f3b9e73,slimgpt,gen,30,dir,de-en,de-en,False,,ru-en,True,False,,,,,,,,,,,,,,,,,,,,,,,
alma-7b-slimgpt30-gen-dir-de-en,alma-7b-slimgpt30-gen-dir-de-en__alma10-greedy__fd109f3b9e73,slimgpt,gen,30,dir,de-en,de-en,False,,zh-en,True,False,,,,,,,,,,,,,,,,,,,,,,,
alma-7b-slimgpt30-gen-dir-de-en,alma-7b-slimgpt30-gen-dir-de-en__alma10-greedy__fd109f3b9e73,slimgpt,gen,30,dir,de-en,de-en,False,,en-cs,False,False,,,,,,,,,,,,,,,,,,,,,,,
alma-7b-slimgpt30-gen-dir-de-en,alma-7b-slimgpt30-gen-dir-de-en__alma10-greedy__fd109f3b9e73,slimgpt,gen,30,dir,de-en,de-en,False,,en-de,False,False,,,,,,,,,,,,,,,,,,,,,,,
alma-7b-slimgpt30-gen-dir-de-en,alma-7b-slimgpt30-gen-dir-de-en__alma10-greedy__fd109f3b9e73,slimgpt,gen,30,dir,de-en,de-en,False,,en-is,False,False,,,,,,,,,,,,,,,,,,,,,,,
alma-7b-slimgpt30-gen-dir-de-en,alma-7b-slimgpt30-gen-dir-de-en__alma10-greedy__fd109f3b9e73,slimgpt,gen,30,dir,de-en,de-en,False,,en-ru,False,False,,,,,,,,,,,,,,,,,,,,,,,
alma-7b-slimgpt30-gen-dir-de-en,alma-7b-slimgpt30-gen-dir-de-en__alma10-greedy__fd109f3b9e73,slimgpt,gen,30,dir,de-en,de-en,False,,en-zh,False,False,,,,,,,,,,,,,,,,,,,,,,,
alma-7b-slimgpt30-gen-dir-is-en,alma-7b-slimgpt30-gen-dir-is-en__alma10-greedy__c7fe209bad13,slimgpt,gen,30,dir,is-en,is-en,False,,cs-en,True,False,,,,,,,,,,,,,,,,,,,,,,,
alma-7b-slimgpt30-gen-dir-is-en,alma-7b-slimgpt30-gen-dir-is-en__alma10-greedy__c7fe209bad13,slimgpt,gen,30,dir,is-en,is-en,False,,de-en,True,False,,,,,,,,,,,,,,,,,,,,,,,
alma-7b-slimgpt30-gen-dir-is-en,alma-7b-slimgpt30-gen-dir-is-en__alma10-greedy__c7fe209bad13,slimgpt,gen,30,dir,is-en,is-en,False,,is-en,True,True,1000,0.843773,30.6403,53.3606,3.93699,-0.012973,-3.9589,-2.7612,0.494579,-0.0048,0.128348,0.003,0,0,0,0,0.9319,0,0,0.009,0.003,0.0062,0.9541
alma-7b-slimgpt30-gen-dir-is-en,alma-7b-slimgpt30-gen-dir-is-en__alma10-greedy__c7fe209bad13,slimgpt,gen,30,dir,is-en,is-en,False,,ru-en,True,False,,,,,,,,,,,,,,,,,,,,,,,
alma-7b-slimgpt30-gen-dir-is-en,alma-7b-slimgpt30-gen-dir-is-en__alma10-greedy__c7fe209bad13,slimgpt,gen,30,dir,is-en,is-en,False,,zh-en,True,False,,,,,,,,,,,,,,,,,,,,,,,
alma-7b-slimgpt30-gen-dir-is-en,alma-7b-slimgpt30-gen-dir-is-en__alma10-greedy__c7fe209bad13,slimgpt,gen,30,dir,is-en,is-en,False,,en-cs,False,False,,,,,,,,,,,,,,,,,,,,,,,
alma-7b-slimgpt30-gen-dir-is-en,alma-7b-slimgpt30-gen-dir-is-en__alma10-greedy__c7fe209bad13,slimgpt,gen,30,dir,is-en,is-en,False,,en-de,False,False,,,,,,,,,,,,,,,,,,,,,,,
alma-7b-slimgpt30-gen-dir-is-en,alma-7b-slimgpt30-gen-dir-is-en__alma10-greedy__c7fe209bad13,slimgpt,gen,30,dir,is-en,is-en,False,,en-is,False,False,,,,,,,,,,,,,,,,,,,,,,,
alma-7b-slimgpt30-gen-dir-is-en,alma-7b-slimgpt30-gen-dir-is-en__alma10-greedy__c7fe209bad13,slimgpt,gen,30,dir,is-en,is-en,False,,en-ru,False,False,,,,,,,,,,,,,,,,,,,,,,,
alma-7b-slimgpt30-gen-dir-is-en,alma-7b-slimgpt30-gen-dir-is-en__alma10-greedy__c7fe209bad13,slimgpt,gen,30,dir,is-en,is-en,False,,en-zh,False,False,,,,,,,,,,,,,,,,,,,,,,,
alma-7b-slimgpt30-gen-dir-ru-en,alma-7b-slimgpt30-gen-dir-ru-en__alma10-greedy__a8cab555ad34,slimgpt,gen,30,dir,ru-en,ru-en,False,,cs-en,True,False,,,,,,,,,,,,,,,,,,,,,,,
alma-7b-slimgpt30-gen-dir-ru-en,alma-7b-slimgpt30-gen-dir-ru-en__alma10-greedy__a8cab555ad34,slimgpt,gen,30,dir,ru-en,ru-en,False,,de-en,True,False,,,,,,,,,,,,,,,,,,,,,,,
alma-7b-slimgpt30-gen-dir-ru-en,alma-7b-slimgpt30-gen-dir-ru-en__alma10-greedy__a8cab555ad34,slimgpt,gen,30,dir,ru-en,ru-en,False,,is-en,True,False,,,,,,,,,,,,,,,,,,,,,,,
alma-7b-slimgpt30-gen-dir-ru-en,alma-7b-slimgpt30-gen-dir-ru-en__alma10-greedy__a8cab555ad34,slimgpt,gen,30,dir,ru-en,ru-en,False,,ru-en,True,True,2016,0.829378,33.1361,57.3812,3.64559,-0.015144,-3.8673,-3.1653,0.532941,-9.1e-05,-0.015761,0,0,0.0005,0.0005,0,0.9865,0.0005,0.0045,0.0154,0,0.0069,1.0031
alma-7b-slimgpt30-gen-dir-ru-en,alma-7b-slimgpt30-gen-dir-ru-en__alma10-greedy__a8cab555ad34,slimgpt,gen,30,dir,ru-en,ru-en,False,,zh-en,True,False,,,,,,,,,,,,,,,,,,,,,,,
alma-7b-slimgpt30-gen-dir-ru-en,alma-7b-slimgpt30-gen-dir-ru-en__alma10-greedy__a8cab555ad34,slimgpt,gen,30,dir,ru-en,ru-en,False,,en-cs,False,False,,,,,,,,,,,,,,,,,,,,,,,
alma-7b-slimgpt30-gen-dir-ru-en,alma-7b-slimgpt30-gen-dir-ru-en__alma10-greedy__a8cab555ad34,slimgpt,gen,30,dir,ru-en,ru-en,False,,en-de,False,False,,,,,,,,,,,,,,,,,,,,,,,
alma-7b-slimgpt30-gen-dir-ru-en,alma-7b-slimgpt30-gen-dir-ru-en__alma10-greedy__a8cab555ad34,slimgpt,gen,30,dir,ru-en,ru-en,False,,en-is,False,False,,,,,,,,,,,,,,,,,,,,,,,
alma-7b-slimgpt30-gen-dir-ru-en,alma-7b-slimgpt30-gen-dir-ru-en__alma10-greedy__a8cab555ad34,slimgpt,gen,30,dir,ru-en,ru-en,False,,en-ru,False,False,,,,,,,,,,,,,,,,,,,,,,,
alma-7b-slimgpt30-gen-dir-ru-en,alma-7b-slimgpt30-gen-dir-ru-en__alma10-greedy__a8cab555ad34,slimgpt,gen,30,dir,ru-en,ru-en,False,,en-zh,False,False,,,,,,,,,,,,,,,,,,,,,,,
alma-7b-slimgpt30-gen-dir-zh-en,alma-7b-slimgpt30-gen-dir-zh-en__alma10-greedy__5349b389bc31,slimgpt,gen,30,dir,zh-en,zh-en,False,,cs-en,True,False,,,,,,,,,,,,,,,,,,,,,,,
alma-7b-slimgpt30-gen-dir-zh-en,alma-7b-slimgpt30-gen-dir-zh-en__alma10-greedy__5349b389bc31,slimgpt,gen,30,dir,zh-en,zh-en,False,,de-en,True,False,,,,,,,,,,,,,,,,,,,,,,,
alma-7b-slimgpt30-gen-dir-zh-en,alma-7b-slimgpt30-gen-dir-zh-en__alma10-greedy__5349b389bc31,slimgpt,gen,30,dir,zh-en,zh-en,False,,is-en,True,False,,,,,,,,,,,,,,,,,,,,,,,
alma-7b-slimgpt30-gen-dir-zh-en,alma-7b-slimgpt30-gen-dir-zh-en__alma10-greedy__5349b389bc31,slimgpt,gen,30,dir,zh-en,zh-en,False,,ru-en,True,False,,,,,,,,,,,,,,,,,,,,,,,
alma-7b-slimgpt30-gen-dir-zh-en,alma-7b-slimgpt30-gen-dir-zh-en__alma10-greedy__5349b389bc31,slimgpt,gen,30,dir,zh-en,zh-en,False,,zh-en,True,True,1875,0.776136,19.796,46.8386,3.41757,-0.020558,-2.6253,-2.9057,0.714398,-0.002597,-0.024438,0.0005,0.0005,0.0021,0.0021,0,0.9268,0.0011,0.0139,0.0075,0.0005,0.0039,0.9513
alma-7b-slimgpt30-gen-dir-zh-en,alma-7b-slimgpt30-gen-dir-zh-en__alma10-greedy__5349b389bc31,slimgpt,gen,30,dir,zh-en,zh-en,False,,en-cs,False,False,,,,,,,,,,,,,,,,,,,,,,,
alma-7b-slimgpt30-gen-dir-zh-en,alma-7b-slimgpt30-gen-dir-zh-en__alma10-greedy__5349b389bc31,slimgpt,gen,30,dir,zh-en,zh-en,False,,en-de,False,False,,,,,,,,,,,,,,,,,,,,,,,
alma-7b-slimgpt30-gen-dir-zh-en,alma-7b-slimgpt30-gen-dir-zh-en__alma10-greedy__5349b389bc31,slimgpt,gen,30,dir,zh-en,zh-en,False,,en-is,False,False,,,,,,,,,,,,,,,,,,,,,,,
alma-7b-slimgpt30-gen-dir-zh-en,alma-7b-slimgpt30-gen-dir-zh-en__alma10-greedy__5349b389bc31,slimgpt,gen,30,dir,zh-en,zh-en,False,,en-ru,False,False,,,,,,,,,,,,,,,,,,,,,,,
alma-7b-slimgpt30-gen-dir-zh-en,alma-7b-slimgpt30-gen-dir-zh-en__alma10-greedy__5349b389bc31,slimgpt,gen,30,dir,zh-en,zh-en,False,,en-zh,False,False,,,,,,,,,,,,,,,,,,,,,,,
alma-7b-slimgpt30-gen-dir-en-cs,alma-7b-slimgpt30-gen-dir-en-cs__alma10-greedy__3c0fce88c83a,slimgpt,gen,30,dir,en-cs,en-cs,False,,cs-en,True,False,,,,,,,,,,,,,,,,,,,,,,,
alma-7b-slimgpt30-gen-dir-en-cs,alma-7b-slimgpt30-gen-dir-en-cs__alma10-greedy__3c0fce88c83a,slimgpt,gen,30,dir,en-cs,en-cs,False,,de-en,True,False,,,,,,,,,,,,,,,,,,,,,,,
alma-7b-slimgpt30-gen-dir-en-cs,alma-7b-slimgpt30-gen-dir-en-cs__alma10-greedy__3c0fce88c83a,slimgpt,gen,30,dir,en-cs,en-cs,False,,is-en,True,False,,,,,,,,,,,,,,,,,,,,,,,
alma-7b-slimgpt30-gen-dir-en-cs,alma-7b-slimgpt30-gen-dir-en-cs__alma10-greedy__3c0fce88c83a,slimgpt,gen,30,dir,en-cs,en-cs,False,,ru-en,True,False,,,,,,,,,,,,,,,,,,,,,,,
alma-7b-slimgpt30-gen-dir-en-cs,alma-7b-slimgpt30-gen-dir-en-cs__alma10-greedy__3c0fce88c83a,slimgpt,gen,30,dir,en-cs,en-cs,False,,zh-en,True,False,,,,,,,,,,,,,,,,,,,,,,,
alma-7b-slimgpt30-gen-dir-en-cs,alma-7b-slimgpt30-gen-dir-en-cs__alma10-greedy__3c0fce88c83a,slimgpt,gen,30,dir,en-cs,en-cs,False,,en-cs,False,True,2037,0.853388,23.9753,47.6508,4.29483,-0.02585,-2.437,-2.3208,0.811075,0.011742,-0.627525,0.0029,0,0.0005,0.0005,0,0.9623,0.0039,0.0093,0.0191,0.0029,0.0065,0.9904
alma-7b-slimgpt30-gen-dir-en-cs,alma-7b-slimgpt30-gen-dir-en-cs__alma10-greedy__3c0fce88c83a,slimgpt,gen,30,dir,en-cs,en-cs,False,,en-de,False,False,,,,,,,,,,,,,,,,,,,,,,,
alma-7b-slimgpt30-gen-dir-en-cs,alma-7b-slimgpt30-gen-dir-en-cs__alma10-greedy__3c0fce88c83a,slimgpt,gen,30,dir,en-cs,en-cs,False,,en-is,False,False,,,,,,,,,,,,,,,,,,,,,,,
alma-7b-slimgpt30-gen-dir-en-cs,alma-7b-slimgpt30-gen-dir-en-cs__alma10-greedy__3c0fce88c83a,slimgpt,gen,30,dir,en-cs,en-cs,False,,en-ru,False,False,,,,,,,,,,,,,,,,,,,,,,,
alma-7b-slimgpt30-gen-dir-en-cs,alma-7b-slimgpt30-gen-dir-en-cs__alma10-greedy__3c0fce88c83a,slimgpt,gen,30,dir,en-cs,en-cs,False,,en-zh,False,False,,,,,,,,,,,,,,,,,,,,,,,
alma-7b-slimgpt30-gen-dir-en-de,alma-7b-slimgpt30-gen-dir-en-de__alma10-greedy__ba161a237ad5,slimgpt,gen,30,dir,en-de,en-de,False,,cs-en,True,False,,,,,,,,,,,,,,,,,,,,,,,
alma-7b-slimgpt30-gen-dir-en-de,alma-7b-slimgpt30-gen-dir-en-de__alma10-greedy__ba161a237ad5,slimgpt,gen,30,dir,en-de,en-de,False,,de-en,True,False,,,,,,,,,,,,,,,,,,,,,,,
alma-7b-slimgpt30-gen-dir-en-de,alma-7b-slimgpt30-gen-dir-en-de__alma10-greedy__ba161a237ad5,slimgpt,gen,30,dir,en-de,en-de,False,,is-en,True,False,,,,,,,,,,,,,,,,,,,,,,,
alma-7b-slimgpt30-gen-dir-en-de,alma-7b-slimgpt30-gen-dir-en-de__alma10-greedy__ba161a237ad5,slimgpt,gen,30,dir,en-de,en-de,False,,ru-en,True,False,,,,,,,,,,,,,,,,,,,,,,,
alma-7b-slimgpt30-gen-dir-en-de,alma-7b-slimgpt30-gen-dir-en-de__alma10-greedy__ba161a237ad5,slimgpt,gen,30,dir,en-de,en-de,False,,zh-en,True,False,,,,,,,,,,,,,,,,,,,,,,,
alma-7b-slimgpt30-gen-dir-en-de,alma-7b-slimgpt30-gen-dir-en-de__alma10-greedy__ba161a237ad5,slimgpt,gen,30,dir,en-de,en-de,False,,en-cs,False,False,,,,,,,,,,,,,,,,,,,,,,,
alma-7b-slimgpt30-gen-dir-en-de,alma-7b-slimgpt30-gen-dir-en-de__alma10-greedy__ba161a237ad5,slimgpt,gen,30,dir,en-de,en-de,False,,en-de,False,True,2037,0.826882,25.3781,51.6471,1.50939,-0.021799,-2.8881,-2.8145,0.415885,0.008313,-0.122932,0.0118,0,0.002,0.002,0,0.9963,0.0098,0.0049,0.0152,0.0118,0.0139,1.006
alma-7b-slimgpt30-gen-dir-en-de,alma-7b-slimgpt30-gen-dir-en-de__alma10-greedy__ba161a237ad5,slimgpt,gen,30,dir,en-de,en-de,False,,en-is,False,False,,,,,,,,,,,,,,,,,,,,,,,
alma-7b-slimgpt30-gen-dir-en-de,alma-7b-slimgpt30-gen-dir-en-de__alma10-greedy__ba161a237ad5,slimgpt,gen,30,dir,en-de,en-de,False,,en-ru,False,False,,,,,,,,,,,,,,,,,,,,,,,
alma-7b-slimgpt30-gen-dir-en-de,alma-7b-slimgpt30-gen-dir-en-de__alma10-greedy__ba161a237ad5,slimgpt,gen,30,dir,en-de,en-de,False,,en-zh,False,False,,,,,,,,,,,,,,,,,,,,,,,
alma-7b-slimgpt30-gen-dir-en-is,alma-7b-slimgpt30-gen-dir-en-is__alma10-greedy__8a1accd52424,slimgpt,gen,30,dir,en-is,en-is,False,,cs-en,True,False,,,,,,,,,,,,,,,,,,,,,,,
alma-7b-slimgpt30-gen-dir-en-is,alma-7b-slimgpt30-gen-dir-en-is__alma10-greedy__8a1accd52424,slimgpt,gen,30,dir,en-is,en-is,False,,de-en,True,False,,,,,,,,,,,,,,,,,,,,,,,
alma-7b-slimgpt30-gen-dir-en-is,alma-7b-slimgpt30-gen-dir-en-is__alma10-greedy__8a1accd52424,slimgpt,gen,30,dir,en-is,en-is,False,,is-en,True,False,,,,,,,,,,,,,,,,,,,,,,,
alma-7b-slimgpt30-gen-dir-en-is,alma-7b-slimgpt30-gen-dir-en-is__alma10-greedy__8a1accd52424,slimgpt,gen,30,dir,en-is,en-is,False,,ru-en,True,False,,,,,,,,,,,,,,,,,,,,,,,
alma-7b-slimgpt30-gen-dir-en-is,alma-7b-slimgpt30-gen-dir-en-is__alma10-greedy__8a1accd52424,slimgpt,gen,30,dir,en-is,en-is,False,,zh-en,True,False,,,,,,,,,,,,,,,,,,,,,,,
alma-7b-slimgpt30-gen-dir-en-is,alma-7b-slimgpt30-gen-dir-en-is__alma10-greedy__8a1accd52424,slimgpt,gen,30,dir,en-is,en-is,False,,en-cs,False,False,,,,,,,,,,,,,,,,,,,,,,,
alma-7b-slimgpt30-gen-dir-en-is,alma-7b-slimgpt30-gen-dir-en-is__alma10-greedy__8a1accd52424,slimgpt,gen,30,dir,en-is,en-is,False,,en-de,False,False,,,,,,,,,,,,,,,,,,,,,,,
alma-7b-slimgpt30-gen-dir-en-is,alma-7b-slimgpt30-gen-dir-en-is__alma10-greedy__8a1accd52424,slimgpt,gen,30,dir,en-is,en-is,False,,en-is,False,True,1000,0.822645,20.8926,45.9496,5.38817,-0.022171,-3.0206,-3.1291,1.31589,0.015226,-0.944626,0,0.001,0.002,0.002,0,0.9642,0,0,0.004,0,0.0038,0.9869
alma-7b-slimgpt30-gen-dir-en-is,alma-7b-slimgpt30-gen-dir-en-is__alma10-greedy__8a1accd52424,slimgpt,gen,30,dir,en-is,en-is,False,,en-ru,False,False,,,,,,,,,,,,,,,,,,,,,,,
alma-7b-slimgpt30-gen-dir-en-is,alma-7b-slimgpt30-gen-dir-en-is__alma10-greedy__8a1accd52424,slimgpt,gen,30,dir,en-is,en-is,False,,en-zh,False,False,,,,,,,,,,,,,,,,,,,,,,,
alma-7b-slimgpt30-gen-dir-en-ru,alma-7b-slimgpt30-gen-dir-en-ru__alma10-greedy__a43abce12096,slimgpt,gen,30,dir,en-ru,en-ru,False,,cs-en,True,False,,,,,,,,,,,,,,,,,,,,,,,
alma-7b-slimgpt30-gen-dir-en-ru,alma-7b-slimgpt30-gen-dir-en-ru__alma10-greedy__a43abce12096,slimgpt,gen,30,dir,en-ru,en-ru,False,,de-en,True,False,,,,,,,,,,,,,,,,,,,,,,,
alma-7b-slimgpt30-gen-dir-en-ru,alma-7b-slimgpt30-gen-dir-en-ru__alma10-greedy__a43abce12096,slimgpt,gen,30,dir,en-ru,en-ru,False,,is-en,True,False,,,,,,,,,,,,,,,,,,,,,,,
alma-7b-slimgpt30-gen-dir-en-ru,alma-7b-slimgpt30-gen-dir-en-ru__alma10-greedy__a43abce12096,slimgpt,gen,30,dir,en-ru,en-ru,False,,ru-en,True,False,,,,,,,,,,,,,,,,,,,,,,,
alma-7b-slimgpt30-gen-dir-en-ru,alma-7b-slimgpt30-gen-dir-en-ru__alma10-greedy__a43abce12096,slimgpt,gen,30,dir,en-ru,en-ru,False,,zh-en,True,False,,,,,,,,,,,,,,,,,,,,,,,
alma-7b-slimgpt30-gen-dir-en-ru,alma-7b-slimgpt30-gen-dir-en-ru__alma10-greedy__a43abce12096,slimgpt,gen,30,dir,en-ru,en-ru,False,,en-cs,False,False,,,,,,,,,,,,,,,,,,,,,,,
alma-7b-slimgpt30-gen-dir-en-ru,alma-7b-slimgpt30-gen-dir-en-ru__alma10-greedy__a43abce12096,slimgpt,gen,30,dir,en-ru,en-ru,False,,en-de,False,False,,,,,,,,,,,,,,,,,,,,,,,
alma-7b-slimgpt30-gen-dir-en-ru,alma-7b-slimgpt30-gen-dir-en-ru__alma10-greedy__a43abce12096,slimgpt,gen,30,dir,en-ru,en-ru,False,,en-is,False,False,,,,,,,,,,,,,,,,,,,,,,,
alma-7b-slimgpt30-gen-dir-en-ru,alma-7b-slimgpt30-gen-dir-en-ru__alma10-greedy__a43abce12096,slimgpt,gen,30,dir,en-ru,en-ru,False,,en-ru,False,True,2037,0.838095,22.0215,45.9888,3.00434,-0.024933,-3.1274,-2.9921,0.733912,0.00634,-0.210125,0.0005,0.001,0.001,0.001,0,0.958,0.0005,0.0108,0.0329,0.0005,0.0117,0.997
alma-7b-slimgpt30-gen-dir-en-ru,alma-7b-slimgpt30-gen-dir-en-ru__alma10-greedy__a43abce12096,slimgpt,gen,30,dir,en-ru,en-ru,False,,en-zh,False,False,,,,,,,,,,,,,,,,,,,,,,,
alma-7b-slimgpt30-gen-dir-en-zh,alma-7b-slimgpt30-gen-dir-en-zh__alma10-greedy__ba2e58196a81,slimgpt,gen,30,dir,en-zh,en-zh,False,,cs-en,True,False,,,,,,,,,,,,,,,,,,,,,,,
alma-7b-slimgpt30-gen-dir-en-zh,alma-7b-slimgpt30-gen-dir-en-zh__alma10-greedy__ba2e58196a81,slimgpt,gen,30,dir,en-zh,en-zh,False,,de-en,True,False,,,,,,,,,,,,,,,,,,,,,,,
alma-7b-slimgpt30-gen-dir-en-zh,alma-7b-slimgpt30-gen-dir-en-zh__alma10-greedy__ba2e58196a81,slimgpt,gen,30,dir,en-zh,en-zh,False,,is-en,True,False,,,,,,,,,,,,,,,,,,,,,,,
alma-7b-slimgpt30-gen-dir-en-zh,alma-7b-slimgpt30-gen-dir-en-zh__alma10-greedy__ba2e58196a81,slimgpt,gen,30,dir,en-zh,en-zh,False,,ru-en,True,False,,,,,,,,,,,,,,,,,,,,,,,
alma-7b-slimgpt30-gen-dir-en-zh,alma-7b-slimgpt30-gen-dir-en-zh__alma10-greedy__ba2e58196a81,slimgpt,gen,30,dir,en-zh,en-zh,False,,zh-en,True,False,,,,,,,,,,,,,,,,,,,,,,,
alma-7b-slimgpt30-gen-dir-en-zh,alma-7b-slimgpt30-gen-dir-en-zh__alma10-greedy__ba2e58196a81,slimgpt,gen,30,dir,en-zh,en-zh,False,,en-cs,False,False,,,,,,,,,,,,,,,,,,,,,,,
alma-7b-slimgpt30-gen-dir-en-zh,alma-7b-slimgpt30-gen-dir-en-zh__alma10-greedy__ba2e58196a81,slimgpt,gen,30,dir,en-zh,en-zh,False,,en-de,False,False,,,,,,,,,,,,,,,,,,,,,,,
alma-7b-slimgpt30-gen-dir-en-zh,alma-7b-slimgpt30-gen-dir-en-zh__alma10-greedy__ba2e58196a81,slimgpt,gen,30,dir,en-zh,en-zh,False,,en-is,False,False,,,,,,,,,,,,,,,,,,,,,,,
alma-7b-slimgpt30-gen-dir-en-zh,alma-7b-slimgpt30-gen-dir-en-zh__alma10-greedy__ba2e58196a81,slimgpt,gen,30,dir,en-zh,en-zh,False,,en-ru,False,False,,,,,,,,,,,,,,,,,,,,,,,
alma-7b-slimgpt30-gen-dir-en-zh,alma-7b-slimgpt30-gen-dir-en-zh__alma10-greedy__ba2e58196a81,slimgpt,gen,30,dir,en-zh,en-zh,False,,en-zh,False,True,2037,0.818471,29.8253,23.4333,2.4429,-0.029203,-5.2181,-3.9588,0.58362,0.017929,-0.41467,0.0005,0,0.002,0.002,0,0.9779,0,0.1556,0.026,0.0005,0.0044,0.9832
alma-7b-flap30-ref-dir-cs-en,alma-7b-flap30-ref-dir-cs-en__alma10-greedy__7725fccfc240,flap,ref,30,dir,cs-en,cs-en,False,,cs-en,True,True,1448,0.830455,34.1236,57.1576,5.01504,-0.025392,-7.1986,-5.4805,1.10313,-0.002084,0.115573,0.0048,0,0,0,0,0.955,0,0,0.009,0.0048,0.0058,0.9761
alma-7b-flap30-ref-dir-cs-en,alma-7b-flap30-ref-dir-cs-en__alma10-greedy__7725fccfc240,flap,ref,30,dir,cs-en,cs-en,False,,de-en,True,False,,,,,,,,,,,,,,,,,,,,,,,
alma-7b-flap30-ref-dir-cs-en,alma-7b-flap30-ref-dir-cs-en__alma10-greedy__7725fccfc240,flap,ref,30,dir,cs-en,cs-en,False,,is-en,True,False,,,,,,,,,,,,,,,,,,,,,,,
alma-7b-flap30-ref-dir-cs-en,alma-7b-flap30-ref-dir-cs-en__alma10-greedy__7725fccfc240,flap,ref,30,dir,cs-en,cs-en,False,,ru-en,True,False,,,,,,,,,,,,,,,,,,,,,,,
alma-7b-flap30-ref-dir-cs-en,alma-7b-flap30-ref-dir-cs-en__alma10-greedy__7725fccfc240,flap,ref,30,dir,cs-en,cs-en,False,,zh-en,True,False,,,,,,,,,,,,,,,,,,,,,,,
alma-7b-flap30-ref-dir-cs-en,alma-7b-flap30-ref-dir-cs-en__alma10-greedy__7725fccfc240,flap,ref,30,dir,cs-en,cs-en,False,,en-cs,False,False,,,,,,,,,,,,,,,,,,,,,,,
alma-7b-flap30-ref-dir-cs-en,alma-7b-flap30-ref-dir-cs-en__alma10-greedy__7725fccfc240,flap,ref,30,dir,cs-en,cs-en,False,,en-de,False,False,,,,,,,,,,,,,,,,,,,,,,,
alma-7b-flap30-ref-dir-cs-en,alma-7b-flap30-ref-dir-cs-en__alma10-greedy__7725fccfc240,flap,ref,30,dir,cs-en,cs-en,False,,en-is,False,False,,,,,,,,,,,,,,,,,,,,,,,
alma-7b-flap30-ref-dir-cs-en,alma-7b-flap30-ref-dir-cs-en__alma10-greedy__7725fccfc240,flap,ref,30,dir,cs-en,cs-en,False,,en-ru,False,False,,,,,,,,,,,,,,,,,,,,,,,
alma-7b-flap30-ref-dir-cs-en,alma-7b-flap30-ref-dir-cs-en__alma10-greedy__7725fccfc240,flap,ref,30,dir,cs-en,cs-en,False,,en-zh,False,False,,,,,,,,,,,,,,,,,,,,,,,
alma-7b-flap30-ref-dir-de-en,alma-7b-flap30-ref-dir-de-en__alma10-greedy__bb11c5990b0e,flap,ref,30,dir,de-en,de-en,False,,cs-en,True,False,,,,,,,,,,,,,,,,,,,,,,,
alma-7b-flap30-ref-dir-de-en,alma-7b-flap30-ref-dir-de-en__alma10-greedy__bb11c5990b0e,flap,ref,30,dir,de-en,de-en,False,,de-en,True,True,1984,0.819474,26.3908,49.9719,4.16742,-0.018069,-2.6816,-2.3508,0.747835,-0.000307,-0.004162,0.0015,0.0005,0.0005,0.0005,0,0.9245,0.0005,0.0071,0.005,0.0015,0.0055,0.9481
alma-7b-flap30-ref-dir-de-en,alma-7b-flap30-ref-dir-de-en__alma10-greedy__bb11c5990b0e,flap,ref,30,dir,de-en,de-en,False,,is-en,True,False,,,,,,,,,,,,,,,,,,,,,,,
alma-7b-flap30-ref-dir-de-en,alma-7b-flap30-ref-dir-de-en__alma10-greedy__bb11c5990b0e,flap,ref,30,dir,de-en,de-en,False,,ru-en,True,False,,,,,,,,,,,,,,,,,,,,,,,
alma-7b-flap30-ref-dir-de-en,alma-7b-flap30-ref-dir-de-en__alma10-greedy__bb11c5990b0e,flap,ref,30,dir,de-en,de-en,False,,zh-en,True,False,,,,,,,,,,,,,,,,,,,,,,,
alma-7b-flap30-ref-dir-de-en,alma-7b-flap30-ref-dir-de-en__alma10-greedy__bb11c5990b0e,flap,ref,30,dir,de-en,de-en,False,,en-cs,False,False,,,,,,,,,,,,,,,,,,,,,,,
alma-7b-flap30-ref-dir-de-en,alma-7b-flap30-ref-dir-de-en__alma10-greedy__bb11c5990b0e,flap,ref,30,dir,de-en,de-en,False,,en-de,False,False,,,,,,,,,,,,,,,,,,,,,,,
alma-7b-flap30-ref-dir-de-en,alma-7b-flap30-ref-dir-de-en__alma10-greedy__bb11c5990b0e,flap,ref,30,dir,de-en,de-en,False,,en-is,False,False,,,,,,,,,,,,,,,,,,,,,,,
alma-7b-flap30-ref-dir-de-en,alma-7b-flap30-ref-dir-de-en__alma10-greedy__bb11c5990b0e,flap,ref,30,dir,de-en,de-en,False,,en-ru,False,False,,,,,,,,,,,,,,,,,,,,,,,
alma-7b-flap30-ref-dir-de-en,alma-7b-flap30-ref-dir-de-en__alma10-greedy__bb11c5990b0e,flap,ref,30,dir,de-en,de-en,False,,en-zh,False,False,,,,,,,,,,,,,,,,,,,,,,,
alma-7b-flap30-ref-dir-is-en,alma-7b-flap30-ref-dir-is-en__alma10-greedy__53f634bfcd81,flap,ref,30,dir,is-en,is-en,False,,cs-en,True,False,,,,,,,,,,,,,,,,,,,,,,,
alma-7b-flap30-ref-dir-is-en,alma-7b-flap30-ref-dir-is-en__alma10-greedy__53f634bfcd81,flap,ref,30,dir,is-en,is-en,False,,de-en,True,False,,,,,,,,,,,,,,,,,,,,,,,
alma-7b-flap30-ref-dir-is-en,alma-7b-flap30-ref-dir-is-en__alma10-greedy__53f634bfcd81,flap,ref,30,dir,is-en,is-en,False,,is-en,True,True,1000,0.834048,29.2503,51.832,4.42331,-0.022698,-5.3489,-4.2898,0.980897,0.004691,-0.189916,0.003,0,0,0,0,0.9264,0,0,0.009,0.003,0.0063,0.9563
alma-7b-flap30-ref-dir-is-en,alma-7b-flap30-ref-dir-is-en__alma10-greedy__53f634bfcd81,flap,ref,30,dir,is-en,is-en,False,,ru-en,True,False,,,,,,,,,,,,,,,,,,,,,,,
alma-7b-flap30-ref-dir-is-en,alma-7b-flap30-ref-dir-is-en__alma10-greedy__53f634bfcd81,flap,ref,30,dir,is-en,is-en,False,,zh-en,True,False,,,,,,,,,,,,,,,,,,,,,,,
alma-7b-flap30-ref-dir-is-en,alma-7b-flap30-ref-dir-is-en__alma10-greedy__53f634bfcd81,flap,ref,30,dir,is-en,is-en,False,,en-cs,False,False,,,,,,,,,,,,,,,,,,,,,,,
alma-7b-flap30-ref-dir-is-en,alma-7b-flap30-ref-dir-is-en__alma10-greedy__53f634bfcd81,flap,ref,30,dir,is-en,is-en,False,,en-de,False,False,,,,,,,,,,,,,,,,,,,,,,,
alma-7b-flap30-ref-dir-is-en,alma-7b-flap30-ref-dir-is-en__alma10-greedy__53f634bfcd81,flap,ref,30,dir,is-en,is-en,False,,en-is,False,False,,,,,,,,,,,,,,,,,,,,,,,
alma-7b-flap30-ref-dir-is-en,alma-7b-flap30-ref-dir-is-en__alma10-greedy__53f634bfcd81,flap,ref,30,dir,is-en,is-en,False,,en-ru,False,False,,,,,,,,,,,,,,,,,,,,,,,
alma-7b-flap30-ref-dir-is-en,alma-7b-flap30-ref-dir-is-en__alma10-greedy__53f634bfcd81,flap,ref,30,dir,is-en,is-en,False,,en-zh,False,False,,,,,,,,,,,,,,,,,,,,,,,
alma-7b-flap30-ref-dir-ru-en,alma-7b-flap30-ref-dir-ru-en__alma10-greedy__14f818632b66,flap,ref,30,dir,ru-en,ru-en,False,,cs-en,True,False,,,,,,,,,,,,,,,,,,,,,,,
alma-7b-flap30-ref-dir-ru-en,alma-7b-flap30-ref-dir-ru-en__alma10-greedy__14f818632b66,flap,ref,30,dir,ru-en,ru-en,False,,de-en,True,False,,,,,,,,,,,,,,,,,,,,,,,
alma-7b-flap30-ref-dir-ru-en,alma-7b-flap30-ref-dir-ru-en__alma10-greedy__14f818632b66,flap,ref,30,dir,ru-en,ru-en,False,,is-en,True,False,,,,,,,,,,,,,,,,,,,,,,,
alma-7b-flap30-ref-dir-ru-en,alma-7b-flap30-ref-dir-ru-en__alma10-greedy__14f818632b66,flap,ref,30,dir,ru-en,ru-en,False,,ru-en,True,True,2016,0.816591,32.1366,56.5547,4.25032,-0.027931,-4.8668,-3.9918,1.13768,-0.001356,0.056698,0,0.001,0.001,0.001,0,0.9963,0.0005,0.004,0.0149,0,0.0076,1.0246
alma-7b-flap30-ref-dir-ru-en,alma-7b-flap30-ref-dir-ru-en__alma10-greedy__14f818632b66,flap,ref,30,dir,ru-en,ru-en,False,,zh-en,True,False,,,,,,,,,,,,,,,,,,,,,,,
alma-7b-flap30-ref-dir-ru-en,alma-7b-flap30-ref-dir-ru-en__alma10-greedy__14f818632b66,flap,ref,30,dir,ru-en,ru-en,False,,en-cs,False,False,,,,,,,,,,,,,,,,,,,,,,,
alma-7b-flap30-ref-dir-ru-en,alma-7b-flap30-ref-dir-ru-en__alma10-greedy__14f818632b66,flap,ref,30,dir,ru-en,ru-en,False,,en-de,False,False,,,,,,,,,,,,,,,,,,,,,,,
alma-7b-flap30-ref-dir-ru-en,alma-7b-flap30-ref-dir-ru-en__alma10-greedy__14f818632b66,flap,ref,30,dir,ru-en,ru-en,False,,en-is,False,False,,,,,,,,,,,,,,,,,,,,,,,
alma-7b-flap30-ref-dir-ru-en,alma-7b-flap30-ref-dir-ru-en__alma10-greedy__14f818632b66,flap,ref,30,dir,ru-en,ru-en,False,,en-ru,False,False,,,,,,,,,,,,,,,,,,,,,,,
alma-7b-flap30-ref-dir-ru-en,alma-7b-flap30-ref-dir-ru-en__alma10-greedy__14f818632b66,flap,ref,30,dir,ru-en,ru-en,False,,en-zh,False,False,,,,,,,,,,,,,,,,,,,,,,,
alma-7b-flap30-ref-dir-zh-en,alma-7b-flap30-ref-dir-zh-en__alma10-greedy__4a42a1c3bdd1,flap,ref,30,dir,zh-en,zh-en,False,,cs-en,True,False,,,,,,,,,,,,,,,,,,,,,,,
alma-7b-flap30-ref-dir-zh-en,alma-7b-flap30-ref-dir-zh-en__alma10-greedy__4a42a1c3bdd1,flap,ref,30,dir,zh-en,zh-en,False,,de-en,True,False,,,,,,,,,,,,,,,,,,,,,,,
alma-7b-flap30-ref-dir-zh-en,alma-7b-flap30-ref-dir-zh-en__alma10-greedy__4a42a1c3bdd1,flap,ref,30,dir,zh-en,zh-en,False,,is-en,True,False,,,,,,,,,,,,,,,,,,,,,,,
alma-7b-flap30-ref-dir-zh-en,alma-7b-flap30-ref-dir-zh-en__alma10-greedy__4a42a1c3bdd1,flap,ref,30,dir,zh-en,zh-en,False,,ru-en,True,False,,,,,,,,,,,,,,,,,,,,,,,
alma-7b-flap30-ref-dir-zh-en,alma-7b-flap30-ref-dir-zh-en__alma10-greedy__4a42a1c3bdd1,flap,ref,30,dir,zh-en,zh-en,False,,zh-en,True,True,1875,0.761648,18.4707,45.0769,4.00225,-0.035046,-3.9506,-4.6674,1.29909,0.007015,-0.328569,0.0027,0.0027,0.0032,0.0032,0,0.9154,0.0011,0.0117,0.0149,0.0027,0.0045,0.9553
alma-7b-flap30-ref-dir-zh-en,alma-7b-flap30-ref-dir-zh-en__alma10-greedy__4a42a1c3bdd1,flap,ref,30,dir,zh-en,zh-en,False,,en-cs,False,False,,,,,,,,,,,,,,,,,,,,,,,
alma-7b-flap30-ref-dir-zh-en,alma-7b-flap30-ref-dir-zh-en__alma10-greedy__4a42a1c3bdd1,flap,ref,30,dir,zh-en,zh-en,False,,en-de,False,False,,,,,,,,,,,,,,,,,,,,,,,
alma-7b-flap30-ref-dir-zh-en,alma-7b-flap30-ref-dir-zh-en__alma10-greedy__4a42a1c3bdd1,flap,ref,30,dir,zh-en,zh-en,False,,en-is,False,False,,,,,,,,,,,,,,,,,,,,,,,
alma-7b-flap30-ref-dir-zh-en,alma-7b-flap30-ref-dir-zh-en__alma10-greedy__4a42a1c3bdd1,flap,ref,30,dir,zh-en,zh-en,False,,en-ru,False,False,,,,,,,,,,,,,,,,,,,,,,,
alma-7b-flap30-ref-dir-zh-en,alma-7b-flap30-ref-dir-zh-en__alma10-greedy__4a42a1c3bdd1,flap,ref,30,dir,zh-en,zh-en,False,,en-zh,False,False,,,,,,,,,,,,,,,,,,,,,,,
alma-7b-flap30-ref-dir-en-cs,alma-7b-flap30-ref-dir-en-cs__alma10-greedy__ff7abf2b3311,flap,ref,30,dir,en-cs,en-cs,False,,cs-en,True,False,,,,,,,,,,,,,,,,,,,,,,,
alma-7b-flap30-ref-dir-en-cs,alma-7b-flap30-ref-dir-en-cs__alma10-greedy__ff7abf2b3311,flap,ref,30,dir,en-cs,en-cs,False,,de-en,True,False,,,,,,,,,,,,,,,,,,,,,,,
alma-7b-flap30-ref-dir-en-cs,alma-7b-flap30-ref-dir-en-cs__alma10-greedy__ff7abf2b3311,flap,ref,30,dir,en-cs,en-cs,False,,is-en,True,False,,,,,,,,,,,,,,,,,,,,,,,
alma-7b-flap30-ref-dir-en-cs,alma-7b-flap30-ref-dir-en-cs__alma10-greedy__ff7abf2b3311,flap,ref,30,dir,en-cs,en-cs,False,,ru-en,True,False,,,,,,,,,,,,,,,,,,,,,,,
alma-7b-flap30-ref-dir-en-cs,alma-7b-flap30-ref-dir-en-cs__alma10-greedy__ff7abf2b3311,flap,ref,30,dir,en-cs,en-cs,False,,zh-en,True,False,,,,,,,,,,,,,,,,,,,,,,,
alma-7b-flap30-ref-dir-en-cs,alma-7b-flap30-ref-dir-en-cs__alma10-greedy__ff7abf2b3311,flap,ref,30,dir,en-cs,en-cs,False,,en-cs,False,True,2037,0.816625,20.2935,43.3737,5.88777,-0.062613,-6.1188,-6.5979,2.40402,0.025871,-1.11486,0.002,0.0025,0.0044,0.0044,0,0.9739,0.001,0.0108,0.0172,0.002,0.008,1.0076
alma-7b-flap30-ref-dir-en-cs,alma-7b-flap30-ref-dir-en-cs__alma10-greedy__ff7abf2b3311,flap,ref,30,dir,en-cs,en-cs,False,,en-de,False,False,,,,,,,,,,,,,,,,,,,,,,,
alma-7b-flap30-ref-dir-en-cs,alma-7b-flap30-ref-dir-en-cs__alma10-greedy__ff7abf2b3311,flap,ref,30,dir,en-cs,en-cs,False,,en-is,False,False,,,,,,,,,,,,,,,,,,,,,,,
alma-7b-flap30-ref-dir-en-cs,alma-7b-flap30-ref-dir-en-cs__alma10-greedy__ff7abf2b3311,flap,ref,30,dir,en-cs,en-cs,False,,en-ru,False,False,,,,,,,,,,,,,,,,,,,,,,,
alma-7b-flap30-ref-dir-en-cs,alma-7b-flap30-ref-dir-en-cs__alma10-greedy__ff7abf2b3311,flap,ref,30,dir,en-cs,en-cs,False,,en-zh,False,False,,,,,,,,,,,,,,,,,,,,,,,
alma-7b-flap30-ref-dir-en-de,alma-7b-flap30-ref-dir-en-de__alma10-greedy__5c5fdecf1ef4,flap,ref,30,dir,en-de,en-de,False,,cs-en,True,False,,,,,,,,,,,,,,,,,,,,,,,
alma-7b-flap30-ref-dir-en-de,alma-7b-flap30-ref-dir-en-de__alma10-greedy__5c5fdecf1ef4,flap,ref,30,dir,en-de,en-de,False,,de-en,True,False,,,,,,,,,,,,,,,,,,,,,,,
alma-7b-flap30-ref-dir-en-de,alma-7b-flap30-ref-dir-en-de__alma10-greedy__5c5fdecf1ef4,flap,ref,30,dir,en-de,en-de,False,,is-en,True,False,,,,,,,,,,,,,,,,,,,,,,,
alma-7b-flap30-ref-dir-en-de,alma-7b-flap30-ref-dir-en-de__alma10-greedy__5c5fdecf1ef4,flap,ref,30,dir,en-de,en-de,False,,ru-en,True,False,,,,,,,,,,,,,,,,,,,,,,,
alma-7b-flap30-ref-dir-en-de,alma-7b-flap30-ref-dir-en-de__alma10-greedy__5c5fdecf1ef4,flap,ref,30,dir,en-de,en-de,False,,zh-en,True,False,,,,,,,,,,,,,,,,,,,,,,,
alma-7b-flap30-ref-dir-en-de,alma-7b-flap30-ref-dir-en-de__alma10-greedy__5c5fdecf1ef4,flap,ref,30,dir,en-de,en-de,False,,en-cs,False,False,,,,,,,,,,,,,,,,,,,,,,,
alma-7b-flap30-ref-dir-en-de,alma-7b-flap30-ref-dir-en-de__alma10-greedy__5c5fdecf1ef4,flap,ref,30,dir,en-de,en-de,False,,en-de,False,True,2037,0.808108,23.644,49.5512,1.81511,-0.040573,-4.6222,-4.9104,0.721597,0.016471,-0.43209,0.0128,0.001,0.002,0.002,0,0.9909,0.0123,0.0059,0.0157,0.0128,0.015,1.0157
alma-7b-flap30-ref-dir-en-de,alma-7b-flap30-ref-dir-en-de__alma10-greedy__5c5fdecf1ef4,flap,ref,30,dir,en-de,en-de,False,,en-is,False,False,,,,,,,,,,,,,,,,,,,,,,,
alma-7b-flap30-ref-dir-en-de,alma-7b-flap30-ref-dir-en-de__alma10-greedy__5c5fdecf1ef4,flap,ref,30,dir,en-de,en-de,False,,en-ru,False,False,,,,,,,,,,,,,,,,,,,,,,,
alma-7b-flap30-ref-dir-en-de,alma-7b-flap30-ref-dir-en-de__alma10-greedy__5c5fdecf1ef4,flap,ref,30,dir,en-de,en-de,False,,en-zh,False,False,,,,,,,,,,,,,,,,,,,,,,,
alma-7b-flap30-ref-dir-en-is,alma-7b-flap30-ref-dir-en-is__alma10-greedy__a7a325b327c7,flap,ref,30,dir,en-is,en-is,False,,cs-en,True,False,,,,,,,,,,,,,,,,,,,,,,,
alma-7b-flap30-ref-dir-en-is,alma-7b-flap30-ref-dir-en-is__alma10-greedy__a7a325b327c7,flap,ref,30,dir,en-is,en-is,False,,de-en,True,False,,,,,,,,,,,,,,,,,,,,,,,
alma-7b-flap30-ref-dir-en-is,alma-7b-flap30-ref-dir-en-is__alma10-greedy__a7a325b327c7,flap,ref,30,dir,en-is,en-is,False,,is-en,True,False,,,,,,,,,,,,,,,,,,,,,,,
alma-7b-flap30-ref-dir-en-is,alma-7b-flap30-ref-dir-en-is__alma10-greedy__a7a325b327c7,flap,ref,30,dir,en-is,en-is,False,,ru-en,True,False,,,,,,,,,,,,,,,,,,,,,,,
alma-7b-flap30-ref-dir-en-is,alma-7b-flap30-ref-dir-en-is__alma10-greedy__a7a325b327c7,flap,ref,30,dir,en-is,en-is,False,,zh-en,True,False,,,,,,,,,,,,,,,,,,,,,,,
alma-7b-flap30-ref-dir-en-is,alma-7b-flap30-ref-dir-en-is__alma10-greedy__a7a325b327c7,flap,ref,30,dir,en-is,en-is,False,,en-cs,False,False,,,,,,,,,,,,,,,,,,,,,,,
alma-7b-flap30-ref-dir-en-is,alma-7b-flap30-ref-dir-en-is__alma10-greedy__a7a325b327c7,flap,ref,30,dir,en-is,en-is,False,,en-de,False,False,,,,,,,,,,,,,,,,,,,,,,,
alma-7b-flap30-ref-dir-en-is,alma-7b-flap30-ref-dir-en-is__alma10-greedy__a7a325b327c7,flap,ref,30,dir,en-is,en-is,False,,en-is,False,True,1000,0.753181,15.8189,40.1556,8.90361,-0.091635,-8.0943,-8.9231,4.83133,0.074151,-2.8307,0.002,0.002,0.009,0.009,0,0.9567,0,0,0.008,0.002,0.0043,1.0116
alma-7b-flap30-ref-dir-en-is,alma-7b-flap30-ref-dir-en-is__alma10-greedy__a7a325b327c7,flap,ref,30,dir,en-is,en-is,False,,en-ru,False,False,,,,,,,,,,,,,,,,,,,,,,,
alma-7b-flap30-ref-dir-en-is,alma-7b-flap30-ref-dir-en-is__alma10-greedy__a7a325b327c7,flap,ref,30,dir,en-is,en-is,False,,en-zh,False,False,,,,,,,,,,,,,,,,,,,,,,,
alma-7b-flap30-ref-dir-en-ru,alma-7b-flap30-ref-dir-en-ru__alma10-greedy__7e2333ed555e,flap,ref,30,dir,en-ru,en-ru,False,,cs-en,True,False,,,,,,,,,,,,,,,,,,,,,,,
alma-7b-flap30-ref-dir-en-ru,alma-7b-flap30-ref-dir-en-ru__alma10-greedy__7e2333ed555e,flap,ref,30,dir,en-ru,en-ru,False,,de-en,True,False,,,,,,,,,,,,,,,,,,,,,,,
alma-7b-flap30-ref-dir-en-ru,alma-7b-flap30-ref-dir-en-ru__alma10-greedy__7e2333ed555e,flap,ref,30,dir,en-ru,en-ru,False,,is-en,True,False,,,,,,,,,,,,,,,,,,,,,,,
alma-7b-flap30-ref-dir-en-ru,alma-7b-flap30-ref-dir-en-ru__alma10-greedy__7e2333ed555e,flap,ref,30,dir,en-ru,en-ru,False,,ru-en,True,False,,,,,,,,,,,,,,,,,,,,,,,
alma-7b-flap30-ref-dir-en-ru,alma-7b-flap30-ref-dir-en-ru__alma10-greedy__7e2333ed555e,flap,ref,30,dir,en-ru,en-ru,False,,zh-en,True,False,,,,,,,,,,,,,,,,,,,,,,,
alma-7b-flap30-ref-dir-en-ru,alma-7b-flap30-ref-dir-en-ru__alma10-greedy__7e2333ed555e,flap,ref,30,dir,en-ru,en-ru,False,,en-cs,False,False,,,,,,,,,,,,,,,,,,,,,,,
alma-7b-flap30-ref-dir-en-ru,alma-7b-flap30-ref-dir-en-ru__alma10-greedy__7e2333ed555e,flap,ref,30,dir,en-ru,en-ru,False,,en-de,False,False,,,,,,,,,,,,,,,,,,,,,,,
alma-7b-flap30-ref-dir-en-ru,alma-7b-flap30-ref-dir-en-ru__alma10-greedy__7e2333ed555e,flap,ref,30,dir,en-ru,en-ru,False,,en-is,False,False,,,,,,,,,,,,,,,,,,,,,,,
alma-7b-flap30-ref-dir-en-ru,alma-7b-flap30-ref-dir-en-ru__alma10-greedy__7e2333ed555e,flap,ref,30,dir,en-ru,en-ru,False,,en-ru,False,True,2037,0.809289,19.6522,43.2892,3.99621,-0.053739,-5.4967,-5.6917,1.72578,0.012099,-0.332576,0.001,0.0005,0.001,0.001,0,0.9438,0.001,0.0088,0.028,0.001,0.0128,0.9871
alma-7b-flap30-ref-dir-en-ru,alma-7b-flap30-ref-dir-en-ru__alma10-greedy__7e2333ed555e,flap,ref,30,dir,en-ru,en-ru,False,,en-zh,False,False,,,,,,,,,,,,,,,,,,,,,,,
alma-7b-flap30-ref-dir-en-zh,alma-7b-flap30-ref-dir-en-zh__alma10-greedy__7841e5792fb5,flap,ref,30,dir,en-zh,en-zh,False,,cs-en,True,False,,,,,,,,,,,,,,,,,,,,,,,
alma-7b-flap30-ref-dir-en-zh,alma-7b-flap30-ref-dir-en-zh__alma10-greedy__7841e5792fb5,flap,ref,30,dir,en-zh,en-zh,False,,de-en,True,False,,,,,,,,,,,,,,,,,,,,,,,
alma-7b-flap30-ref-dir-en-zh,alma-7b-flap30-ref-dir-en-zh__alma10-greedy__7841e5792fb5,flap,ref,30,dir,en-zh,en-zh,False,,is-en,True,False,,,,,,,,,,,,,,,,,,,,,,,
alma-7b-flap30-ref-dir-en-zh,alma-7b-flap30-ref-dir-en-zh__alma10-greedy__7841e5792fb5,flap,ref,30,dir,en-zh,en-zh,False,,ru-en,True,False,,,,,,,,,,,,,,,,,,,,,,,
alma-7b-flap30-ref-dir-en-zh,alma-7b-flap30-ref-dir-en-zh__alma10-greedy__7841e5792fb5,flap,ref,30,dir,en-zh,en-zh,False,,zh-en,True,False,,,,,,,,,,,,,,,,,,,,,,,
alma-7b-flap30-ref-dir-en-zh,alma-7b-flap30-ref-dir-en-zh__alma10-greedy__7841e5792fb5,flap,ref,30,dir,en-zh,en-zh,False,,en-cs,False,False,,,,,,,,,,,,,,,,,,,,,,,
alma-7b-flap30-ref-dir-en-zh,alma-7b-flap30-ref-dir-en-zh__alma10-greedy__7841e5792fb5,flap,ref,30,dir,en-zh,en-zh,False,,en-de,False,False,,,,,,,,,,,,,,,,,,,,,,,
alma-7b-flap30-ref-dir-en-zh,alma-7b-flap30-ref-dir-en-zh__alma10-greedy__7841e5792fb5,flap,ref,30,dir,en-zh,en-zh,False,,en-is,False,False,,,,,,,,,,,,,,,,,,,,,,,
alma-7b-flap30-ref-dir-en-zh,alma-7b-flap30-ref-dir-en-zh__alma10-greedy__7841e5792fb5,flap,ref,30,dir,en-zh,en-zh,False,,en-ru,False,False,,,,,,,,,,,,,,,,,,,,,,,
alma-7b-flap30-ref-dir-en-zh,alma-7b-flap30-ref-dir-en-zh__alma10-greedy__7841e5792fb5,flap,ref,30,dir,en-zh,en-zh,False,,en-zh,False,True,2037,0.775062,25.0449,20.5276,3.44507,-0.072612,-9.9985,-6.8645,1.5858,0.0563,-1.25255,0,0,0.0083,0.0083,0,0.9436,0,0.1757,0.028,0,0.0077,0.9437
alma-7b-flap30-gen-dir-cs-en,alma-7b-flap30-gen-dir-cs-en__alma10-greedy__8cacc3266d88,flap,gen,30,dir,cs-en,cs-en,False,,cs-en,True,True,1448,0.830197,34.3671,57.3579,4.96512,-0.02565,-6.9551,-5.2802,1.05321,-0.002496,0.027041,0.0055,0.0007,0.0007,0.0007,0,0.9642,0,0,0.0097,0.0055,0.0057,0.9902
alma-7b-flap30-gen-dir-cs-en,alma-7b-flap30-gen-dir-cs-en__alma10-greedy__8cacc3266d88,flap,gen,30,dir,cs-en,cs-en,False,,de-en,True,False,,,,,,,,,,,,,,,,,,,,,,,
alma-7b-flap30-gen-dir-cs-en,alma-7b-flap30-gen-dir-cs-en__alma10-greedy__8cacc3266d88,flap,gen,30,dir,cs-en,cs-en,False,,is-en,True,False,,,,,,,,,,,,,,,,,,,,,,,
alma-7b-flap30-gen-dir-cs-en,alma-7b-flap30-gen-dir-cs-en__alma10-greedy__8cacc3266d88,flap,gen,30,dir,cs-en,cs-en,False,,ru-en,True,False,,,,,,,,,,,,,,,,,,,,,,,
alma-7b-flap30-gen-dir-cs-en,alma-7b-flap30-gen-dir-cs-en__alma10-greedy__8cacc3266d88,flap,gen,30,dir,cs-en,cs-en,False,,zh-en,True,False,,,,,,,,,,,,,,,,,,,,,,,
alma-7b-flap30-gen-dir-cs-en,alma-7b-flap30-gen-dir-cs-en__alma10-greedy__8cacc3266d88,flap,gen,30,dir,cs-en,cs-en,False,,en-cs,False,False,,,,,,,,,,,,,,,,,,,,,,,
alma-7b-flap30-gen-dir-cs-en,alma-7b-flap30-gen-dir-cs-en__alma10-greedy__8cacc3266d88,flap,gen,30,dir,cs-en,cs-en,False,,en-de,False,False,,,,,,,,,,,,,,,,,,,,,,,
alma-7b-flap30-gen-dir-cs-en,alma-7b-flap30-gen-dir-cs-en__alma10-greedy__8cacc3266d88,flap,gen,30,dir,cs-en,cs-en,False,,en-is,False,False,,,,,,,,,,,,,,,,,,,,,,,
alma-7b-flap30-gen-dir-cs-en,alma-7b-flap30-gen-dir-cs-en__alma10-greedy__8cacc3266d88,flap,gen,30,dir,cs-en,cs-en,False,,en-ru,False,False,,,,,,,,,,,,,,,,,,,,,,,
alma-7b-flap30-gen-dir-cs-en,alma-7b-flap30-gen-dir-cs-en__alma10-greedy__8cacc3266d88,flap,gen,30,dir,cs-en,cs-en,False,,en-zh,False,False,,,,,,,,,,,,,,,,,,,,,,,
alma-7b-flap30-gen-dir-de-en,alma-7b-flap30-gen-dir-de-en__alma10-greedy__20650cb1bf89,flap,gen,30,dir,de-en,de-en,False,,cs-en,True,False,,,,,,,,,,,,,,,,,,,,,,,
alma-7b-flap30-gen-dir-de-en,alma-7b-flap30-gen-dir-de-en__alma10-greedy__20650cb1bf89,flap,gen,30,dir,de-en,de-en,False,,de-en,True,True,1984,0.819202,26.5175,49.8192,4.1638,-0.018341,-2.5549,-2.5035,0.744214,-3.2e-05,-0.025649,0.0015,0.0005,0.0015,0.0015,0,0.9338,0.0005,0.0066,0.0076,0.0015,0.0054,0.9526
alma-7b-flap30-gen-dir-de-en,alma-7b-flap30-gen-dir-de-en__alma10-greedy__20650cb1bf89,flap,gen,30,dir,de-en,de-en,False,,is-en,True,False,,,,,,,,,,,,,,,,,,,,,,,
alma-7b-flap30-gen-dir-de-en,alma-7b-flap30-gen-dir-de-en__alma10-greedy__20650cb1bf89,flap,gen,30,dir,de-en,de-en,False,,ru-en,True,False,,,,,,,,,,,,,,,,,,,,,,,
alma-7b-flap30-gen-dir-de-en,alma-7b-flap30-gen-dir-de-en__alma10-greedy__20650cb1bf89,flap,gen,30,dir,de-en,de-en,False,,zh-en,True,False,,,,,,,,,,,,,,,,,,,,,,,
alma-7b-flap30-gen-dir-de-en,alma-7b-flap30-gen-dir-de-en__alma10-greedy__20650cb1bf89,flap,gen,30,dir,de-en,de-en,False,,en-cs,False,False,,,,,,,,,,,,,,,,,,,,,,,
alma-7b-flap30-gen-dir-de-en,alma-7b-flap30-gen-dir-de-en__alma10-greedy__20650cb1bf89,flap,gen,30,dir,de-en,de-en,False,,en-de,False,False,,,,,,,,,,,,,,,,,,,,,,,
alma-7b-flap30-gen-dir-de-en,alma-7b-flap30-gen-dir-de-en__alma10-greedy__20650cb1bf89,flap,gen,30,dir,de-en,de-en,False,,en-is,False,False,,,,,,,,,,,,,,,,,,,,,,,
alma-7b-flap30-gen-dir-de-en,alma-7b-flap30-gen-dir-de-en__alma10-greedy__20650cb1bf89,flap,gen,30,dir,de-en,de-en,False,,en-ru,False,False,,,,,,,,,,,,,,,,,,,,,,,
alma-7b-flap30-gen-dir-de-en,alma-7b-flap30-gen-dir-de-en__alma10-greedy__20650cb1bf89,flap,gen,30,dir,de-en,de-en,False,,en-zh,False,False,,,,,,,,,,,,,,,,,,,,,,,
alma-7b-flap30-gen-dir-is-en,alma-7b-flap30-gen-dir-is-en__alma10-greedy__a0de1ea6f073,flap,gen,30,dir,is-en,is-en,False,,cs-en,True,False,,,,,,,,,,,,,,,,,,,,,,,
alma-7b-flap30-gen-dir-is-en,alma-7b-flap30-gen-dir-is-en__alma10-greedy__a0de1ea6f073,flap,gen,30,dir,is-en,is-en,False,,de-en,True,False,,,,,,,,,,,,,,,,,,,,,,,
alma-7b-flap30-gen-dir-is-en,alma-7b-flap30-gen-dir-is-en__alma10-greedy__a0de1ea6f073,flap,gen,30,dir,is-en,is-en,False,,is-en,True,True,1000,0.833598,29.2707,51.7017,4.39287,-0.023148,-5.3285,-4.4201,0.950458,0.004509,-0.197423,0.004,0.001,0.002,0.002,0,0.9353,0,0,0.009,0.004,0.0061,0.9732
alma-7b-flap30-gen-dir-is-en,alma-7b-flap30-gen-dir-is-en__alma10-greedy__a0de1ea6f073,flap,gen,30,dir,is-en,is-en,False,,ru-en,True,False,,,,,,,,,,,,,,,,,,,,,,,
alma-7b-flap30-gen-dir-is-en,alma-7b-flap30-gen-dir-is-en__alma10-greedy__a0de1ea6f073,flap,gen,30,dir,is-en,is-en,False,,zh-en,True,False,,,,,,,,,,,,,,,,,,,,,,,
alma-7b-flap30-gen-dir-is-en,alma-7b-flap30-gen-dir-is-en__alma10-greedy__a0de1ea6f073,flap,gen,30,dir,is-en,is-en,False,,en-cs,False,False,,,,,,,,,,,,,,,,,,,,,,,
alma-7b-flap30-gen-dir-is-en,alma-7b-flap30-gen-dir-is-en__alma10-greedy__a0de1ea6f073,flap,gen,30,dir,is-en,is-en,False,,en-de,False,False,,,,,,,,,,,,,,,,,,,,,,,
alma-7b-flap30-gen-dir-is-en,alma-7b-flap30-gen-dir-is-en__alma10-greedy__a0de1ea6f073,flap,gen,30,dir,is-en,is-en,False,,en-is,False,False,,,,,,,,,,,,,,,,,,,,,,,
alma-7b-flap30-gen-dir-is-en,alma-7b-flap30-gen-dir-is-en__alma10-greedy__a0de1ea6f073,flap,gen,30,dir,is-en,is-en,False,,en-ru,False,False,,,,,,,,,,,,,,,,,,,,,,,
alma-7b-flap30-gen-dir-is-en,alma-7b-flap30-gen-dir-is-en__alma10-greedy__a0de1ea6f073,flap,gen,30,dir,is-en,is-en,False,,en-zh,False,False,,,,,,,,,,,,,,,,,,,,,,,
alma-7b-flap30-gen-dir-ru-en,alma-7b-flap30-gen-dir-ru-en__alma10-greedy__d38ee83bee8a,flap,gen,30,dir,ru-en,ru-en,False,,cs-en,True,False,,,,,,,,,,,,,,,,,,,,,,,
alma-7b-flap30-gen-dir-ru-en,alma-7b-flap30-gen-dir-ru-en__alma10-greedy__d38ee83bee8a,flap,gen,30,dir,ru-en,ru-en,False,,de-en,True,False,,,,,,,,,,,,,,,,,,,,,,,
alma-7b-flap30-gen-dir-ru-en,alma-7b-flap30-gen-dir-ru-en__alma10-greedy__d38ee83bee8a,flap,gen,30,dir,ru-en,ru-en,False,,is-en,True,False,,,,,,,,,,,,,,,,,,,,,,,
alma-7b-flap30-gen-dir-ru-en,alma-7b-flap30-gen-dir-ru-en__alma10-greedy__d38ee83bee8a,flap,gen,30,dir,ru-en,ru-en,False,,ru-en,True,True,2016,0.817933,32.3309,56.6204,4.22902,-0.026589,-4.6725,-3.9261,1.11638,-0.000531,0.032872,0.0005,0.0005,0.0005,0.0005,0,0.9866,0.0005,0.0045,0.0159,0.0005,0.0078,1.0179
alma-7b-flap30-gen-dir-ru-en,alma-7b-flap30-gen-dir-ru-en__alma10-greedy__d38ee83bee8a,flap,gen,30,dir,ru-en,ru-en,False,,zh-en,True,False,,,,,,,,,,,,,,,,,,,,,,,
alma-7b-flap30-gen-dir-ru-en,alma-7b-flap30-gen-dir-ru-en__alma10-greedy__d38ee83bee8a,flap,gen,30,dir,ru-en,ru-en,False,,en-cs,False,False,,,,,,,,,,,,,,,,,,,,,,,
alma-7b-flap30-gen-dir-ru-en,alma-7b-flap30-gen-dir-ru-en__alma10-greedy__d38ee83bee8a,flap,gen,30,dir,ru-en,ru-en,False,,en-de,False,False,,,,,,,,,,,,,,,,,,,,,,,
alma-7b-flap30-gen-dir-ru-en,alma-7b-flap30-gen-dir-ru-en__alma10-greedy__d38ee83bee8a,flap,gen,30,dir,ru-en,ru-en,False,,en-is,False,False,,,,,,,,,,,,,,,,,,,,,,,
alma-7b-flap30-gen-dir-ru-en,alma-7b-flap30-gen-dir-ru-en__alma10-greedy__d38ee83bee8a,flap,gen,30,dir,ru-en,ru-en,False,,en-ru,False,False,,,,,,,,,,,,,,,,,,,,,,,
alma-7b-flap30-gen-dir-ru-en,alma-7b-flap30-gen-dir-ru-en__alma10-greedy__d38ee83bee8a,flap,gen,30,dir,ru-en,ru-en,False,,en-zh,False,False,,,,,,,,,,,,,,,,,,,,,,,
alma-7b-flap30-gen-dir-zh-en,alma-7b-flap30-gen-dir-zh-en__alma10-greedy__189709557be7,flap,gen,30,dir,zh-en,zh-en,False,,cs-en,True,False,,,,,,,,,,,,,,,,,,,,,,,
alma-7b-flap30-gen-dir-zh-en,alma-7b-flap30-gen-dir-zh-en__alma10-greedy__189709557be7,flap,gen,30,dir,zh-en,zh-en,False,,de-en,True,False,,,,,,,,,,,,,,,,,,,,,,,
alma-7b-flap30-gen-dir-zh-en,alma-7b-flap30-gen-dir-zh-en__alma10-greedy__189709557be7,flap,gen,30,dir,zh-en,zh-en,False,,is-en,True,False,,,,,,,,,,,,,,,,,,,,,,,
alma-7b-flap30-gen-dir-zh-en,alma-7b-flap30-gen-dir-zh-en__alma10-greedy__189709557be7,flap,gen,30,dir,zh-en,zh-en,False,,ru-en,True,False,,,,,,,,,,,,,,,,,,,,,,,
alma-7b-flap30-gen-dir-zh-en,alma-7b-flap30-gen-dir-zh-en__alma10-greedy__189709557be7,flap,gen,30,dir,zh-en,zh-en,False,,zh-en,True,True,1875,0.762829,18.3764,45.0612,3.97665,-0.033865,-4.0449,-4.6831,1.27348,0.00655,-0.363568,0.0027,0.0021,0.0037,0.0037,0,0.9197,0.0016,0.0123,0.0155,0.0027,0.0044,0.9552
alma-7b-flap30-gen-dir-zh-en,alma-7b-flap30-gen-dir-zh-en__alma10-greedy__189709557be7,flap,gen,30,dir,zh-en,zh-en,False,,en-cs,False,False,,,,,,,,,,,,,,,,,,,,,,,
alma-7b-flap30-gen-dir-zh-en,alma-7b-flap30-gen-dir-zh-en__alma10-greedy__189709557be7,flap,gen,30,dir,zh-en,zh-en,False,,en-de,False,False,,,,,,,,,,,,,,,,,,,,,,,
alma-7b-flap30-gen-dir-zh-en,alma-7b-flap30-gen-dir-zh-en__alma10-greedy__189709557be7,flap,gen,30,dir,zh-en,zh-en,False,,en-is,False,False,,,,,,,,,,,,,,,,,,,,,,,
alma-7b-flap30-gen-dir-zh-en,alma-7b-flap30-gen-dir-zh-en__alma10-greedy__189709557be7,flap,gen,30,dir,zh-en,zh-en,False,,en-ru,False,False,,,,,,,,,,,,,,,,,,,,,,,
alma-7b-flap30-gen-dir-zh-en,alma-7b-flap30-gen-dir-zh-en__alma10-greedy__189709557be7,flap,gen,30,dir,zh-en,zh-en,False,,en-zh,False,False,,,,,,,,,,,,,,,,,,,,,,,
alma-7b-flap30-gen-dir-en-cs,alma-7b-flap30-gen-dir-en-cs__alma10-greedy__0428cf7d9083,flap,gen,30,dir,en-cs,en-cs,False,,cs-en,True,False,,,,,,,,,,,,,,,,,,,,,,,
alma-7b-flap30-gen-dir-en-cs,alma-7b-flap30-gen-dir-en-cs__alma10-greedy__0428cf7d9083,flap,gen,30,dir,en-cs,en-cs,False,,de-en,True,False,,,,,,,,,,,,,,,,,,,,,,,
alma-7b-flap30-gen-dir-en-cs,alma-7b-flap30-gen-dir-en-cs__alma10-greedy__0428cf7d9083,flap,gen,30,dir,en-cs,en-cs,False,,is-en,True,False,,,,,,,,,,,,,,,,,,,,,,,
alma-7b-flap30-gen-dir-en-cs,alma-7b-flap30-gen-dir-en-cs__alma10-greedy__0428cf7d9083,flap,gen,30,dir,en-cs,en-cs,False,,ru-en,True,False,,,,,,,,,,,,,,,,,,,,,,,
alma-7b-flap30-gen-dir-en-cs,alma-7b-flap30-gen-dir-en-cs__alma10-greedy__0428cf7d9083,flap,gen,30,dir,en-cs,en-cs,False,,zh-en,True,False,,,,,,,,,,,,,,,,,,,,,,,
alma-7b-flap30-gen-dir-en-cs,alma-7b-flap30-gen-dir-en-cs__alma10-greedy__0428cf7d9083,flap,gen,30,dir,en-cs,en-cs,False,,en-cs,False,True,2037,0.813655,20.3994,43.4994,5.90367,-0.065583,-6.0129,-6.4722,2.41992,0.02549,-1.12831,0.0044,0.0029,0.0069,0.0069,0,0.9904,0.0015,0.0118,0.0221,0.0044,0.0081,1.0264
alma-7b-flap30-gen-dir-en-cs,alma-7b-flap30-gen-dir-en-cs__alma10-greedy__0428cf7d9083,flap,gen,30,dir,en-cs,en-cs,False,,en-de,False,False,,,,,,,,,,,,,,,,,,,,,,,
alma-7b-flap30-gen-dir-en-cs,alma-7b-flap30-gen-dir-en-cs__alma10-greedy__0428cf7d9083,flap,gen,30,dir,en-cs,en-cs,False,,en-is,False,False,,,,,,,,,,,,,,,,,,,,,,,
alma-7b-flap30-gen-dir-en-cs,alma-7b-flap30-gen-dir-en-cs__alma10-greedy__0428cf7d9083,flap,gen,30,dir,en-cs,en-cs,False,,en-ru,False,False,,,,,,,,,,,,,,,,,,,,,,,
alma-7b-flap30-gen-dir-en-cs,alma-7b-flap30-gen-dir-en-cs__alma10-greedy__0428cf7d9083,flap,gen,30,dir,en-cs,en-cs,False,,en-zh,False,False,,,,,,,,,,,,,,,,,,,,,,,
alma-7b-flap30-gen-dir-en-de,alma-7b-flap30-gen-dir-en-de__alma10-greedy__977b0518d599,flap,gen,30,dir,en-de,en-de,False,,cs-en,True,False,,,,,,,,,,,,,,,,,,,,,,,
alma-7b-flap30-gen-dir-en-de,alma-7b-flap30-gen-dir-en-de__alma10-greedy__977b0518d599,flap,gen,30,dir,en-de,en-de,False,,de-en,True,False,,,,,,,,,,,,,,,,,,,,,,,
alma-7b-flap30-gen-dir-en-de,alma-7b-flap30-gen-dir-en-de__alma10-greedy__977b0518d599,flap,gen,30,dir,en-de,en-de,False,,is-en,True,False,,,,,,,,,,,,,,,,,,,,,,,
alma-7b-flap30-gen-dir-en-de,alma-7b-flap30-gen-dir-en-de__alma10-greedy__977b0518d599,flap,gen,30,dir,en-de,en-de,False,,ru-en,True,False,,,,,,,,,,,,,,,,,,,,,,,
alma-7b-flap30-gen-dir-en-de,alma-7b-flap30-gen-dir-en-de__alma10-greedy__977b0518d599,flap,gen,30,dir,en-de,en-de,False,,zh-en,True,False,,,,,,,,,,,,,,,,,,,,,,,
alma-7b-flap30-gen-dir-en-de,alma-7b-flap30-gen-dir-en-de__alma10-greedy__977b0518d599,flap,gen,30,dir,en-de,en-de,False,,en-cs,False,False,,,,,,,,,,,,,,,,,,,,,,,
alma-7b-flap30-gen-dir-en-de,alma-7b-flap30-gen-dir-en-de__alma10-greedy__977b0518d599,flap,gen,30,dir,en-de,en-de,False,,en-de,False,True,2037,0.804363,23.7625,49.3354,1.90674,-0.044318,-4.5037,-5.1262,0.813231,0.013004,-0.33992,0.0182,0.0005,0.002,0.002,0,0.9869,0.0182,0.0059,0.0216,0.0182,0.0151,1.0122
alma-7b-flap30-gen-dir-en-de,alma-7b-flap30-gen-dir-en-de__alma10-greedy__977b0518d599,flap,gen,30,dir,en-de,en-de,False,,en-is,False,False,,,,,,,,,,,,,,,,,,,,,,,
alma-7b-flap30-gen-dir-en-de,alma-7b-flap30-gen-dir-en-de__alma10-greedy__977b0518d599,flap,gen,30,dir,en-de,en-de,False,,en-ru,False,False,,,,,,,,,,,,,,,,,,,,,,,
alma-7b-flap30-gen-dir-en-de,alma-7b-flap30-gen-dir-en-de__alma10-greedy__977b0518d599,flap,gen,30,dir,en-de,en-de,False,,en-zh,False,False,,,,,,,,,,,,,,,,,,,,,,,
alma-7b-flap30-gen-dir-en-is,alma-7b-flap30-gen-dir-en-is__alma10-greedy__93beb094d43b,flap,gen,30,dir,en-is,en-is,False,,cs-en,True,False,,,,,,,,,,,,,,,,,,,,,,,
alma-7b-flap30-gen-dir-en-is,alma-7b-flap30-gen-dir-en-is__alma10-greedy__93beb094d43b,flap,gen,30,dir,en-is,en-is,False,,de-en,True,False,,,,,,,,,,,,,,,,,,,,,,,
alma-7b-flap30-gen-dir-en-is,alma-7b-flap30-gen-dir-en-is__alma10-greedy__93beb094d43b,flap,gen,30,dir,en-is,en-is,False,,is-en,True,False,,,,,,,,,,,,,,,,,,,,,,,
alma-7b-flap30-gen-dir-en-is,alma-7b-flap30-gen-dir-en-is__alma10-greedy__93beb094d43b,flap,gen,30,dir,en-is,en-is,False,,ru-en,True,False,,,,,,,,,,,,,,,,,,,,,,,
alma-7b-flap30-gen-dir-en-is,alma-7b-flap30-gen-dir-en-is__alma10-greedy__93beb094d43b,flap,gen,30,dir,en-is,en-is,False,,zh-en,True,False,,,,,,,,,,,,,,,,,,,,,,,
alma-7b-flap30-gen-dir-en-is,alma-7b-flap30-gen-dir-en-is__alma10-greedy__93beb094d43b,flap,gen,30,dir,en-is,en-is,False,,en-cs,False,False,,,,,,,,,,,,,,,,,,,,,,,
alma-7b-flap30-gen-dir-en-is,alma-7b-flap30-gen-dir-en-is__alma10-greedy__93beb094d43b,flap,gen,30,dir,en-is,en-is,False,,en-de,False,False,,,,,,,,,,,,,,,,,,,,,,,
alma-7b-flap30-gen-dir-en-is,alma-7b-flap30-gen-dir-en-is__alma10-greedy__93beb094d43b,flap,gen,30,dir,en-is,en-is,False,,en-is,False,True,1000,0.748498,15.4654,39.8153,9.06223,-0.096318,-8.4478,-9.2634,4.98996,0.066783,-2.47025,0.001,0.007,0.018,0.018,0,0.9687,0,0,0.005,0.001,0.0041,1.0271
alma-7b-flap30-gen-dir-en-is,alma-7b-flap30-gen-dir-en-is__alma10-greedy__93beb094d43b,flap,gen,30,dir,en-is,en-is,False,,en-ru,False,False,,,,,,,,,,,,,,,,,,,,,,,
alma-7b-flap30-gen-dir-en-is,alma-7b-flap30-gen-dir-en-is__alma10-greedy__93beb094d43b,flap,gen,30,dir,en-is,en-is,False,,en-zh,False,False,,,,,,,,,,,,,,,,,,,,,,,
alma-7b-flap30-gen-dir-en-ru,alma-7b-flap30-gen-dir-en-ru__alma10-greedy__10e350eb5901,flap,gen,30,dir,en-ru,en-ru,False,,cs-en,True,False,,,,,,,,,,,,,,,,,,,,,,,
alma-7b-flap30-gen-dir-en-ru,alma-7b-flap30-gen-dir-en-ru__alma10-greedy__10e350eb5901,flap,gen,30,dir,en-ru,en-ru,False,,de-en,True,False,,,,,,,,,,,,,,,,,,,,,,,
alma-7b-flap30-gen-dir-en-ru,alma-7b-flap30-gen-dir-en-ru__alma10-greedy__10e350eb5901,flap,gen,30,dir,en-ru,en-ru,False,,is-en,True,False,,,,,,,,,,,,,,,,,,,,,,,
alma-7b-flap30-gen-dir-en-ru,alma-7b-flap30-gen-dir-en-ru__alma10-greedy__10e350eb5901,flap,gen,30,dir,en-ru,en-ru,False,,ru-en,True,False,,,,,,,,,,,,,,,,,,,,,,,
alma-7b-flap30-gen-dir-en-ru,alma-7b-flap30-gen-dir-en-ru__alma10-greedy__10e350eb5901,flap,gen,30,dir,en-ru,en-ru,False,,zh-en,True,False,,,,,,,,,,,,,,,,,,,,,,,
alma-7b-flap30-gen-dir-en-ru,alma-7b-flap30-gen-dir-en-ru__alma10-greedy__10e350eb5901,flap,gen,30,dir,en-ru,en-ru,False,,en-cs,False,False,,,,,,,,,,,,,,,,,,,,,,,
alma-7b-flap30-gen-dir-en-ru,alma-7b-flap30-gen-dir-en-ru__alma10-greedy__10e350eb5901,flap,gen,30,dir,en-ru,en-ru,False,,en-de,False,False,,,,,,,,,,,,,,,,,,,,,,,
alma-7b-flap30-gen-dir-en-ru,alma-7b-flap30-gen-dir-en-ru__alma10-greedy__10e350eb5901,flap,gen,30,dir,en-ru,en-ru,False,,en-is,False,False,,,,,,,,,,,,,,,,,,,,,,,
alma-7b-flap30-gen-dir-en-ru,alma-7b-flap30-gen-dir-en-ru__alma10-greedy__10e350eb5901,flap,gen,30,dir,en-ru,en-ru,False,,en-ru,False,True,2037,0.808647,19.6895,43.2298,3.93169,-0.054381,-5.4594,-5.7511,1.66125,0.014912,-0.491709,0.001,0.001,0.0029,0.0029,0,0.9519,0.001,0.0093,0.0285,0.001,0.013,0.9921
alma-7b-flap30-gen-dir-en-ru,alma-7b-flap30-gen-dir-en-ru__alma10-greedy__10e350eb5901,flap,gen,30,dir,en-ru,en-ru,False,,en-zh,False,False,,,,,,,,,,,,,,,,,,,,,,,
alma-7b-flap30-gen-dir-en-zh,alma-7b-flap30-gen-dir-en-zh__alma10-greedy__85ce8b0c066e,flap,gen,30,dir,en-zh,en-zh,False,,cs-en,True,False,,,,,,,,,,,,,,,,,,,,,,,
alma-7b-flap30-gen-dir-en-zh,alma-7b-flap30-gen-dir-en-zh__alma10-greedy__85ce8b0c066e,flap,gen,30,dir,en-zh,en-zh,False,,de-en,True,False,,,,,,,,,,,,,,,,,,,,,,,
alma-7b-flap30-gen-dir-en-zh,alma-7b-flap30-gen-dir-en-zh__alma10-greedy__85ce8b0c066e,flap,gen,30,dir,en-zh,en-zh,False,,is-en,True,False,,,,,,,,,,,,,,,,,,,,,,,
alma-7b-flap30-gen-dir-en-zh,alma-7b-flap30-gen-dir-en-zh__alma10-greedy__85ce8b0c066e,flap,gen,30,dir,en-zh,en-zh,False,,ru-en,True,False,,,,,,,,,,,,,,,,,,,,,,,
alma-7b-flap30-gen-dir-en-zh,alma-7b-flap30-gen-dir-en-zh__alma10-greedy__85ce8b0c066e,flap,gen,30,dir,en-zh,en-zh,False,,zh-en,True,False,,,,,,,,,,,,,,,,,,,,,,,
alma-7b-flap30-gen-dir-en-zh,alma-7b-flap30-gen-dir-en-zh__alma10-greedy__85ce8b0c066e,flap,gen,30,dir,en-zh,en-zh,False,,en-cs,False,False,,,,,,,,,,,,,,,,,,,,,,,
alma-7b-flap30-gen-dir-en-zh,alma-7b-flap30-gen-dir-en-zh__alma10-greedy__85ce8b0c066e,flap,gen,30,dir,en-zh,en-zh,False,,en-de,False,False,,,,,,,,,,,,,,,,,,,,,,,
alma-7b-flap30-gen-dir-en-zh,alma-7b-flap30-gen-dir-en-zh__alma10-greedy__85ce8b0c066e,flap,gen,30,dir,en-zh,en-zh,False,,en-is,False,False,,,,,,,,,,,,,,,,,,,,,,,
alma-7b-flap30-gen-dir-en-zh,alma-7b-flap30-gen-dir-en-zh__alma10-greedy__85ce8b0c066e,flap,gen,30,dir,en-zh,en-zh,False,,en-ru,False,False,,,,,,,,,,,,,,,,,,,,,,,
alma-7b-flap30-gen-dir-en-zh,alma-7b-flap30-gen-dir-en-zh__alma10-greedy__85ce8b0c066e,flap,gen,30,dir,en-zh,en-zh,False,,en-zh,False,True,2037,0.774908,25.0643,20.5288,3.51092,-0.072766,-9.9791,-6.8633,1.65164,0.062662,-1.30966,0,0,0.0103,0.0103,0,0.9537,0,0.1797,0.0275,0,0.0115,0.943
alma-7b-slimgpt40-ref-dir-cs-en,alma-7b-slimgpt40-ref-dir-cs-en__alma10-greedy__8a42e4c1f0a5,slimgpt,ref,40,dir,cs-en,cs-en,False,,cs-en,True,True,1448,0.836377,34.2906,57.4296,4.7309,-0.01947,-7.0316,-5.2085,0.818987,0.003835,-0.208534,0.0035,0,0,0,0,0.9506,0,0,0.0048,0.0035,0.005,0.9655
alma-7b-slimgpt40-ref-dir-cs-en,alma-7b-slimgpt40-ref-dir-cs-en__alma10-greedy__8a42e4c1f0a5,slimgpt,ref,40,dir,cs-en,cs-en,False,,de-en,True,False,,,,,,,,,,,,,,,,,,,,,,,
alma-7b-slimgpt40-ref-dir-cs-en,alma-7b-slimgpt40-ref-dir-cs-en__alma10-greedy__8a42e4c1f0a5,slimgpt,ref,40,dir,cs-en,cs-en,False,,is-en,True,False,,,,,,,,,,,,,,,,,,,,,,,
alma-7b-slimgpt40-ref-dir-cs-en,alma-7b-slimgpt40-ref-dir-cs-en__alma10-greedy__8a42e4c1f0a5,slimgpt,ref,40,dir,cs-en,cs-en,False,,ru-en,True,False,,,,,,,,,,,,,,,,,,,,,,,
alma-7b-slimgpt40-ref-dir-cs-en,alma-7b-slimgpt40-ref-dir-cs-en__alma10-greedy__8a42e4c1f0a5,slimgpt,ref,40,dir,cs-en,cs-en,False,,zh-en,True,False,,,,,,,,,,,,,,,,,,,,,,,
alma-7b-slimgpt40-ref-dir-cs-en,alma-7b-slimgpt40-ref-dir-cs-en__alma10-greedy__8a42e4c1f0a5,slimgpt,ref,40,dir,cs-en,cs-en,False,,en-cs,False,False,,,,,,,,,,,,,,,,,,,,,,,
alma-7b-slimgpt40-ref-dir-cs-en,alma-7b-slimgpt40-ref-dir-cs-en__alma10-greedy__8a42e4c1f0a5,slimgpt,ref,40,dir,cs-en,cs-en,False,,en-de,False,False,,,,,,,,,,,,,,,,,,,,,,,
alma-7b-slimgpt40-ref-dir-cs-en,alma-7b-slimgpt40-ref-dir-cs-en__alma10-greedy__8a42e4c1f0a5,slimgpt,ref,40,dir,cs-en,cs-en,False,,en-is,False,False,,,,,,,,,,,,,,,,,,,,,,,
alma-7b-slimgpt40-ref-dir-cs-en,alma-7b-slimgpt40-ref-dir-cs-en__alma10-greedy__8a42e4c1f0a5,slimgpt,ref,40,dir,cs-en,cs-en,False,,en-ru,False,False,,,,,,,,,,,,,,,,,,,,,,,
alma-7b-slimgpt40-ref-dir-cs-en,alma-7b-slimgpt40-ref-dir-cs-en__alma10-greedy__8a42e4c1f0a5,slimgpt,ref,40,dir,cs-en,cs-en,False,,en-zh,False,False,,,,,,,,,,,,,,,,,,,,,,,
alma-7b-slimgpt40-ref-dir-de-en,alma-7b-slimgpt40-ref-dir-de-en__alma10-greedy__d074b98ec95c,slimgpt,ref,40,dir,de-en,de-en,False,,cs-en,True,False,,,,,,,,,,,,,,,,,,,,,,,
alma-7b-slimgpt40-ref-dir-de-en,alma-7b-slimgpt40-ref-dir-de-en__alma10-greedy__d074b98ec95c,slimgpt,ref,40,dir,de-en,de-en,False,,de-en,True,True,1984,0.820423,24.3892,49.1403,4.11643,-0.01712,-4.6832,-3.1824,0.696845,0.006986,-0.25682,0.0015,0.0005,0.0005,0.0005,0,0.9199,0,0.0066,0.0066,0.0015,0.0048,0.9294
alma-7b-slimgpt40-ref-dir-de-en,alma-7b-slimgpt40-ref-dir-de-en__alma10-greedy__d074b98ec95c,slimgpt,ref,40,dir,de-en,de-en,False,,is-en,True,False,,,,,,,,,,,,,,,,,,,,,,,
alma-7b-slimgpt40-ref-dir-de-en,alma-7b-slimgpt40-ref-dir-de-en__alma10-greedy__d074b98ec95c,slimgpt,ref,40,dir,de-en,de-en,False,,ru-en,True,False,,,,,,,,,,,,,,,,,,,,,,,
alma-7b-slimgpt40-ref-dir-de-en,alma-7b-slimgpt40-ref-dir-de-en__alma10-greedy__d074b98ec95c,slimgpt,ref,40,dir,de-en,de-en,False,,zh-en,True,False,,,,,,,,,,,,,,,,,,,,,,,
alma-7b-slimgpt40-ref-dir-de-en,alma-7b-slimgpt40-ref-dir-de-en__alma10-greedy__d074b98ec95c,slimgpt,ref,40,dir,de-en,de-en,False,,en-cs,False,False,,,,,,,,,,,,,,,,,,,,,,,
alma-7b-slimgpt40-ref-dir-de-en,alma-7b-slimgpt40-ref-dir-de-en__alma10-greedy__d074b98ec95c,slimgpt,ref,40,dir,de-en,de-en,False,,en-de,False,False,,,,,,,,,,,,,,,,,,,,,,,
alma-7b-slimgpt40-ref-dir-de-en,alma-7b-slimgpt40-ref-dir-de-en__alma10-greedy__d074b98ec95c,slimgpt,ref,40,dir,de-en,de-en,False,,en-is,False,False,,,,,,,,,,,,,,,,,,,,,,,
alma-7b-slimgpt40-ref-dir-de-en,alma-7b-slimgpt40-ref-dir-de-en__alma10-greedy__d074b98ec95c,slimgpt,ref,40,dir,de-en,de-en,False,,en-ru,False,False,,,,,,,,,,,,,,,,,,,,,,,
alma-7b-slimgpt40-ref-dir-de-en,alma-7b-slimgpt40-ref-dir-de-en__alma10-greedy__d074b98ec95c,slimgpt,ref,40,dir,de-en,de-en,False,,en-zh,False,False,,,,,,,,,,,,,,,,,,,,,,,
alma-7b-slimgpt40-ref-dir-is-en,alma-7b-slimgpt40-ref-dir-is-en__alma10-greedy__0334d6f63c8d,slimgpt,ref,40,dir,is-en,is-en,False,,cs-en,True,False,,,,,,,,,,,,,,,,,,,,,,,
alma-7b-slimgpt40-ref-dir-is-en,alma-7b-slimgpt40-ref-dir-is-en__alma10-greedy__0334d6f63c8d,slimgpt,ref,40,dir,is-en,is-en,False,,de-en,True,False,,,,,,,,,,,,,,,,,,,,,,,
alma-7b-slimgpt40-ref-dir-is-en,alma-7b-slimgpt40-ref-dir-is-en__alma10-greedy__0334d6f63c8d,slimgpt,ref,40,dir,is-en,is-en,False,,is-en,True,True,1000,0.82724,27.0584,50.2705,4.7485,-0.029506,-7.5408,-5.8513,1.30609,-0.007629,0.303732,0.002,0,0,0,0,0.9292,0,0,0.008,0.002,0.0068,0.9555
alma-7b-slimgpt40-ref-dir-is-en,alma-7b-slimgpt40-ref-dir-is-en__alma10-greedy__0334d6f63c8d,slimgpt,ref,40,dir,is-en,is-en,False,,ru-en,True,False,,,,,,,,,,,,,,,,,,,,,,,
alma-7b-slimgpt40-ref-dir-is-en,alma-7b-slimgpt40-ref-dir-is-en__alma10-greedy__0334d6f63c8d,slimgpt,ref,40,dir,is-en,is-en,False,,zh-en,True,False,,,,,,,,,,,,,,,,,,,,,,,
alma-7b-slimgpt40-ref-dir-is-en,alma-7b-slimgpt40-ref-dir-is-en__alma10-greedy__0334d6f63c8d,slimgpt,ref,40,dir,is-en,is-en,False,,en-cs,False,False,,,,,,,,,,,,,,,,,,,,,,,
alma-7b-slimgpt40-ref-dir-is-en,alma-7b-slimgpt40-ref-dir-is-en__alma10-greedy__0334d6f63c8d,slimgpt,ref,40,dir,is-en,is-en,False,,en-de,False,False,,,,,,,,,,,,,,,,,,,,,,,
alma-7b-slimgpt40-ref-dir-is-en,alma-7b-slimgpt40-ref-dir-is-en__alma10-greedy__0334d6f63c8d,slimgpt,ref,40,dir,is-en,is-en,False,,en-is,False,False,,,,,,,,,,,,,,,,,,,,,,,
alma-7b-slimgpt40-ref-dir-is-en,alma-7b-slimgpt40-ref-dir-is-en__alma10-greedy__0334d6f63c8d,slimgpt,ref,40,dir,is-en,is-en,False,,en-ru,False,False,,,,,,,,,,,,,,,,,,,,,,,
alma-7b-slimgpt40-ref-dir-is-en,alma-7b-slimgpt40-ref-dir-is-en__alma10-greedy__0334d6f63c8d,slimgpt,ref,40,dir,is-en,is-en,False,,en-zh,False,False,,,,,,,,,,,,,,,,,,,,,,,
alma-7b-slimgpt40-ref-dir-ru-en,alma-7b-slimgpt40-ref-dir-ru-en__alma10-greedy__a4d58c3348cc,slimgpt,ref,40,dir,ru-en,ru-en,False,,cs-en,True,False,,,,,,,,,,,,,,,,,,,,,,,
alma-7b-slimgpt40-ref-dir-ru-en,alma-7b-slimgpt40-ref-dir-ru-en__alma10-greedy__a4d58c3348cc,slimgpt,ref,40,dir,ru-en,ru-en,False,,de-en,True,False,,,,,,,,,,,,,,,,,,,,,,,
alma-7b-slimgpt40-ref-dir-ru-en,alma-7b-slimgpt40-ref-dir-ru-en__alma10-greedy__a4d58c3348cc,slimgpt,ref,40,dir,ru-en,ru-en,False,,is-en,True,False,,,,,,,,,,,,,,,,,,,,,,,
alma-7b-slimgpt40-ref-dir-ru-en,alma-7b-slimgpt40-ref-dir-ru-en__alma10-greedy__a4d58c3348cc,slimgpt,ref,40,dir,ru-en,ru-en,False,,ru-en,True,True,2016,0.816924,30.724,55.4433,4.19822,-0.027598,-6.2794,-5.1032,1.08557,0.00138,-0.12833,0,0.001,0.0005,0.0005,0,0.9814,0.0005,0.0035,0.0124,0,0.0071,1.0017
alma-7b-slimgpt40-ref-dir-ru-en,alma-7b-slimgpt40-ref-dir-ru-en__alma10-greedy__a4d58c3348cc,slimgpt,ref,40,dir,ru-en,ru-en,False,,zh-en,True,False,,,,,,,,,,,,,,,,,,,,,,,
alma-7b-slimgpt40-ref-dir-ru-en,alma-7b-slimgpt40-ref-dir-ru-en__alma10-greedy__a4d58c3348cc,slimgpt,ref,40,dir,ru-en,ru-en,False,,en-cs,False,False,,,,,,,,,,,,,,,,,,,,,,,
alma-7b-slimgpt40-ref-dir-ru-en,alma-7b-slimgpt40-ref-dir-ru-en__alma10-greedy__a4d58c3348cc,slimgpt,ref,40,dir,ru-en,ru-en,False,,en-de,False,False,,,,,,,,,,,,,,,,,,,,,,,
alma-7b-slimgpt40-ref-dir-ru-en,alma-7b-slimgpt40-ref-dir-ru-en__alma10-greedy__a4d58c3348cc,slimgpt,ref,40,dir,ru-en,ru-en,False,,en-is,False,False,,,,,,,,,,,,,,,,,,,,,,,
alma-7b-slimgpt40-ref-dir-ru-en,alma-7b-slimgpt40-ref-dir-ru-en__alma10-greedy__a4d58c3348cc,slimgpt,ref,40,dir,ru-en,ru-en,False,,en-ru,False,False,,,,,,,,,,,,,,,,,,,,,,,
alma-7b-slimgpt40-ref-dir-ru-en,alma-7b-slimgpt40-ref-dir-ru-en__alma10-greedy__a4d58c3348cc,slimgpt,ref,40,dir,ru-en,ru-en,False,,en-zh,False,False,,,,,,,,,,,,,,,,,,,,,,,
alma-7b-slimgpt40-ref-dir-zh-en,alma-7b-slimgpt40-ref-dir-zh-en__alma10-greedy__3dd057ee62bf,slimgpt,ref,40,dir,zh-en,zh-en,False,,cs-en,True,False,,,,,,,,,,,,,,,,,,,,,,,
alma-7b-slimgpt40-ref-dir-zh-en,alma-7b-slimgpt40-ref-dir-zh-en__alma10-greedy__3dd057ee62bf,slimgpt,ref,40,dir,zh-en,zh-en,False,,de-en,True,False,,,,,,,,,,,,,,,,,,,,,,,
alma-7b-slimgpt40-ref-dir-zh-en,alma-7b-slimgpt40-ref-dir-zh-en__alma10-greedy__3dd057ee62bf,slimgpt,ref,40,dir,zh-en,zh-en,False,,is-en,True,False,,,,,,,,,,,,,,,,,,,,,,,
alma-7b-slimgpt40-ref-dir-zh-en,alma-7b-slimgpt40-ref-dir-zh-en__alma10-greedy__3dd057ee62bf,slimgpt,ref,40,dir,zh-en,zh-en,False,,ru-en,True,False,,,,,,,,,,,,,,,,,,,,,,,
alma-7b-slimgpt40-ref-dir-zh-en,alma-7b-slimgpt40-ref-dir-zh-en__alma10-greedy__3dd057ee62bf,slimgpt,ref,40,dir,zh-en,zh-en,False,,zh-en,True,True,1875,0.758955,17.5342,44.2919,4.01865,-0.037739,-4.8871,-5.4524,1.31548,0.00284,-0.151079,0.0005,0.0021,0.0037,0.0037,0,0.9113,0.0011,0.0069,0.0112,0.0005,0.0034,0.9395
alma-7b-slimgpt40-ref-dir-zh-en,alma-7b-slimgpt40-ref-dir-zh-en__alma10-greedy__3dd057ee62bf,slimgpt,ref,40,dir,zh-en,zh-en,False,,en-cs,False,False,,,,,,,,,,,,,,,,,,,,,,,
alma-7b-slimgpt40-ref-dir-zh-en,alma-7b-slimgpt40-ref-dir-zh-en__alma10-greedy__3dd057ee62bf,slimgpt,ref,40,dir,zh-en,zh-en,False,,en-de,False,False,,,,,,,,,,,,,,,,,,,,,,,
alma-7b-slimgpt40-ref-dir-zh-en,alma-7b-slimgpt40-ref-dir-zh-en__alma10-greedy__3dd057ee62bf,slimgpt,ref,40,dir,zh-en,zh-en,False,,en-is,False,False,,,,,,,,,,,,,,,,,,,,,,,
alma-7b-slimgpt40-ref-dir-zh-en,alma-7b-slimgpt40-ref-dir-zh-en__alma10-greedy__3dd057ee62bf,slimgpt,ref,40,dir,zh-en,zh-en,False,,en-ru,False,False,,,,,,,,,,,,,,,,,,,,,,,
alma-7b-slimgpt40-ref-dir-zh-en,alma-7b-slimgpt40-ref-dir-zh-en__alma10-greedy__3dd057ee62bf,slimgpt,ref,40,dir,zh-en,zh-en,False,,en-zh,False,False,,,,,,,,,,,,,,,,,,,,,,,
alma-7b-slimgpt40-ref-dir-en-cs,alma-7b-slimgpt40-ref-dir-en-cs__alma10-greedy__21c6dde9941b,slimgpt,ref,40,dir,en-cs,en-cs,False,,cs-en,True,False,,,,,,,,,,,,,,,,,,,,,,,
alma-7b-slimgpt40-ref-dir-en-cs,alma-7b-slimgpt40-ref-dir-en-cs__alma10-greedy__21c6dde9941b,slimgpt,ref,40,dir,en-cs,en-cs,False,,de-en,True,False,,,,,,,,,,,,,,,,,,,,,,,
alma-7b-slimgpt40-ref-dir-en-cs,alma-7b-slimgpt40-ref-dir-en-cs__alma10-greedy__21c6dde9941b,slimgpt,ref,40,dir,en-cs,en-cs,False,,is-en,True,False,,,,,,,,,,,,,,,,,,,,,,,
alma-7b-slimgpt40-ref-dir-en-cs,alma-7b-slimgpt40-ref-dir-en-cs__alma10-greedy__21c6dde9941b,slimgpt,ref,40,dir,en-cs,en-cs,False,,ru-en,True,False,,,,,,,,,,,,,,,,,,,,,,,
alma-7b-slimgpt40-ref-dir-en-cs,alma-7b-slimgpt40-ref-dir-en-cs__alma10-greedy__21c6dde9941b,slimgpt,ref,40,dir,en-cs,en-cs,False,,zh-en,True,False,,,,,,,,,,,,,,,,,,,,,,,
alma-7b-slimgpt40-ref-dir-en-cs,alma-7b-slimgpt40-ref-dir-en-cs__alma10-greedy__21c6dde9941b,slimgpt,ref,40,dir,en-cs,en-cs,False,,en-cs,False,True,2037,0.82966,20.9319,44.1517,5.39183,-0.049578,-5.4804,-5.8199,1.90808,0.032922,-1.43324,0.0044,0.0005,0.0025,0.0025,0,0.9676,0.002,0.0083,0.0221,0.0044,0.0075,0.9928
alma-7b-slimgpt40-ref-dir-en-cs,alma-7b-slimgpt40-ref-dir-en-cs__alma10-greedy__21c6dde9941b,slimgpt,ref,40,dir,en-cs,en-cs,False,,en-de,False,False,,,,,,,,,,,,,,,,,,,,,,,
alma-7b-slimgpt40-ref-dir-en-cs,alma-7b-slimgpt40-ref-dir-en-cs__alma10-greedy__21c6dde9941b,slimgpt,ref,40,dir,en-cs,en-cs,False,,en-is,False,False,,,,,,,,,,,,,,,,,,,,,,,
alma-7b-slimgpt40-ref-dir-en-cs,alma-7b-slimgpt40-ref-dir-en-cs__alma10-greedy__21c6dde9941b,slimgpt,ref,40,dir,en-cs,en-cs,False,,en-ru,False,False,,,,,,,,,,,,,,,,,,,,,,,
alma-7b-slimgpt40-ref-dir-en-cs,alma-7b-slimgpt40-ref-dir-en-cs__alma10-greedy__21c6dde9941b,slimgpt,ref,40,dir,en-cs,en-cs,False,,en-zh,False,False,,,,,,,,,,,,,,,,,,,,,,,
alma-7b-slimgpt40-ref-dir-en-de,alma-7b-slimgpt40-ref-dir-en-de__alma10-greedy__4db4ca47bce8,slimgpt,ref,40,dir,en-de,en-de,False,,cs-en,True,False,,,,,,,,,,,,,,,,,,,,,,,
alma-7b-slimgpt40-ref-dir-en-de,alma-7b-slimgpt40-ref-dir-en-de__alma10-greedy__4db4ca47bce8,slimgpt,ref,40,dir,en-de,en-de,False,,de-en,True,False,,,,,,,,,,,,,,,,,,,,,,,
alma-7b-slimgpt40-ref-dir-en-de,alma-7b-slimgpt40-ref-dir-en-de__alma10-greedy__4db4ca47bce8,slimgpt,ref,40,dir,en-de,en-de,False,,is-en,True,False,,,,,,,,,,,,,,,,,,,,,,,
alma-7b-slimgpt40-ref-dir-en-de,alma-7b-slimgpt40-ref-dir-en-de__alma10-greedy__4db4ca47bce8,slimgpt,ref,40,dir,en-de,en-de,False,,ru-en,True,False,,,,,,,,,,,,,,,,,,,,,,,
alma-7b-slimgpt40-ref-dir-en-de,alma-7b-slimgpt40-ref-dir-en-de__alma10-greedy__4db4ca47bce8,slimgpt,ref,40,dir,en-de,en-de,False,,zh-en,True,False,,,,,,,,,,,,,,,,,,,,,,,
alma-7b-slimgpt40-ref-dir-en-de,alma-7b-slimgpt40-ref-dir-en-de__alma10-greedy__4db4ca47bce8,slimgpt,ref,40,dir,en-de,en-de,False,,en-cs,False,False,,,,,,,,,,,,,,,,,,,,,,,
alma-7b-slimgpt40-ref-dir-en-de,alma-7b-slimgpt40-ref-dir-en-de__alma10-greedy__4db4ca47bce8,slimgpt,ref,40,dir,en-de,en-de,False,,en-de,False,True,2037,0.810743,23.4707,49.674,1.78225,-0.037938,-4.7955,-4.7876,0.688745,0.021799,-0.367789,0.0137,0.0005,0.0005,0.0005,0,0.9811,0.0123,0.0049,0.0182,0.0137,0.0139,1.0035
alma-7b-slimgpt40-ref-dir-en-de,alma-7b-slimgpt40-ref-dir-en-de__alma10-greedy__4db4ca47bce8,slimgpt,ref,40,dir,en-de,en-de,False,,en-is,False,False,,,,,,,,,,,,,,,,,,,,,,,
alma-7b-slimgpt40-ref-dir-en-de,alma-7b-slimgpt40-ref-dir-en-de__alma10-greedy__4db4ca47bce8,slimgpt,ref,40,dir,en-de,en-de,False,,en-ru,False,False,,,,,,,,,,,,,,,,,,,,,,,
alma-7b-slimgpt40-ref-dir-en-de,alma-7b-slimgpt40-ref-dir-en-de__alma10-greedy__4db4ca47bce8,slimgpt,ref,40,dir,en-de,en-de,False,,en-zh,False,False,,,,,,,,,,,,,,,,,,,,,,,
alma-7b-slimgpt40-ref-dir-en-is,alma-7b-slimgpt40-ref-dir-en-is__alma10-greedy__7b43e9ca57bf,slimgpt,ref,40,dir,en-is,en-is,False,,cs-en,True,False,,,,,,,,,,,,,,,,,,,,,,,
alma-7b-slimgpt40-ref-dir-en-is,alma-7b-slimgpt40-ref-dir-en-is__alma10-greedy__7b43e9ca57bf,slimgpt,ref,40,dir,en-is,en-is,False,,de-en,True,False,,,,,,,,,,,,,,,,,,,,,,,
alma-7b-slimgpt40-ref-dir-en-is,alma-7b-slimgpt40-ref-dir-en-is__alma10-greedy__7b43e9ca57bf,slimgpt,ref,40,dir,en-is,en-is,False,,is-en,True,False,,,,,,,,,,,,,,,,,,,,,,,
alma-7b-slimgpt40-ref-dir-en-is,alma-7b-slimgpt40-ref-dir-en-is__alma10-greedy__7b43e9ca57bf,slimgpt,ref,40,dir,en-is,en-is,False,,ru-en,True,False,,,,,,,,,,,,,,,,,,,,,,,
alma-7b-slimgpt40-ref-dir-en-is,alma-7b-slimgpt40-ref-dir-en-is__alma10-greedy__7b43e9ca57bf,slimgpt,ref,40,dir,en-is,en-is,False,,zh-en,True,False,,,,,,,,,,,,,,,,,,,,,,,
alma-7b-slimgpt40-ref-dir-en-is,alma-7b-slimgpt40-ref-dir-en-is__alma10-greedy__7b43e9ca57bf,slimgpt,ref,40,dir,en-is,en-is,False,,en-cs,False,False,,,,,,,,,,,,,,,,,,,,,,,
alma-7b-slimgpt40-ref-dir-en-is,alma-7b-slimgpt40-ref-dir-en-is__alma10-greedy__7b43e9ca57bf,slimgpt,ref,40,dir,en-is,en-is,False,,en-de,False,False,,,,,,,,,,,,,,,,,,,,,,,
alma-7b-slimgpt40-ref-dir-en-is,alma-7b-slimgpt40-ref-dir-en-is__alma10-greedy__7b43e9ca57bf,slimgpt,ref,40,dir,en-is,en-is,False,,en-is,False,True,1000,0.796348,17.9704,42.9072,6.76617,-0.048468,-5.9428,-6.1715,2.69389,0.049293,-2.32084,0,0.001,0.003,0.003,0,0.9441,0,0,0.006,0,0.0039,0.9804
alma-7b-slimgpt40-ref-dir-en-is,alma-7b-slimgpt40-ref-dir-en-is__alma10-greedy__7b43e9ca57bf,slimgpt,ref,40,dir,en-is,en-is,False,,en-ru,False,False,,,,,,,,,,,,,,,,,,,,,,,
alma-7b-slimgpt40-ref-dir-en-is,alma-7b-slimgpt40-ref-dir-en-is__alma10-greedy__7b43e9ca57bf,slimgpt,ref,40,dir,en-is,en-is,False,,en-zh,False,False,,,,,,,,,,,,,,,,,,,,,,,
alma-7b-slimgpt40-ref-dir-en-ru,alma-7b-slimgpt40-ref-dir-en-ru__alma10-greedy__c603957e20fc,slimgpt,ref,40,dir,en-ru,en-ru,False,,cs-en,True,False,,,,,,,,,,,,,,,,,,,,,,,
alma-7b-slimgpt40-ref-dir-en-ru,alma-7b-slimgpt40-ref-dir-en-ru__alma10-greedy__c603957e20fc,slimgpt,ref,40,dir,en-ru,en-ru,False,,de-en,True,False,,,,,,,,,,,,,,,,,,,,,,,
alma-7b-slimgpt40-ref-dir-en-ru,alma-7b-slimgpt40-ref-dir-en-ru__alma10-greedy__c603957e20fc,slimgpt,ref,40,dir,en-ru,en-ru,False,,is-en,True,False,,,,,,,,,,,,,,,,,,,,,,,
alma-7b-slimgpt40-ref-dir-en-ru,alma-7b-slimgpt40-ref-dir-en-ru__alma10-greedy__c603957e20fc,slimgpt,ref,40,dir,en-ru,en-ru,False,,ru-en,True,False,,,,,,,,,,,,,,,,,,,,,,,
alma-7b-slimgpt40-ref-dir-en-ru,alma-7b-slimgpt40-ref-dir-en-ru__alma10-greedy__c603957e20fc,slimgpt,ref,40,dir,en-ru,en-ru,False,,zh-en,True,False,,,,,,,,,,,,,,,,,,,,,,,
alma-7b-slimgpt40-ref-dir-en-ru,alma-7b-slimgpt40-ref-dir-en-ru__alma10-greedy__c603957e20fc,slimgpt,ref,40,dir,en-ru,en-ru,False,,en-cs,False,False,,,,,,,,,,,,,,,,,,,,,,,
alma-7b-slimgpt40-ref-dir-en-ru,alma-7b-slimgpt40-ref-dir-en-ru__alma10-greedy__c603957e20fc,slimgpt,ref,40,dir,en-ru,en-ru,False,,en-de,False,False,,,,,,,,,,,,,,,,,,,,,,,
alma-7b-slimgpt40-ref-dir-en-ru,alma-7b-slimgpt40-ref-dir-en-ru__alma10-greedy__c603957e20fc,slimgpt,ref,40,dir,en-ru,en-ru,False,,en-is,False,False,,,,,,,,,,,,,,,,,,,,,,,
alma-7b-slimgpt40-ref-dir-en-ru,alma-7b-slimgpt40-ref-dir-en-ru__alma10-greedy__c603957e20fc,slimgpt,ref,40,dir,en-ru,en-ru,False,,en-ru,False,True,2037,0.814397,19.3682,43.331,3.6467,-0.048631,-5.7807,-5.6499,1.37627,0.012932,-0.535625,0,0.001,0.002,0.002,0,0.9491,0,0.0103,0.0211,0,0.0126,0.9921
alma-7b-slimgpt40-ref-dir-en-ru,alma-7b-slimgpt40-ref-dir-en-ru__alma10-greedy__c603957e20fc,slimgpt,ref,40,dir,en-ru,en-ru,False,,en-zh,False,False,,,,,,,,,,,,,,,,,,,,,,,
alma-7b-slimgpt40-ref-dir-en-zh,alma-7b-slimgpt40-ref-dir-en-zh__alma10-greedy__185d6144d5d2,slimgpt,ref,40,dir,en-zh,en-zh,False,,cs-en,True,False,,,,,,,,,,,,,,,,,,,,,,,
alma-7b-slimgpt40-ref-dir-en-zh,alma-7b-slimgpt40-ref-dir-en-zh__alma10-greedy__185d6144d5d2,slimgpt,ref,40,dir,en-zh,en-zh,False,,de-en,True,False,,,,,,,,,,,,,,,,,,,,,,,
alma-7b-slimgpt40-ref-dir-en-zh,alma-7b-slimgpt40-ref-dir-en-zh__alma10-greedy__185d6144d5d2,slimgpt,ref,40,dir,en-zh,en-zh,False,,is-en,True,False,,,,,,,,,,,,,,,,,,,,,,,
alma-7b-slimgpt40-ref-dir-en-zh,alma-7b-slimgpt40-ref-dir-en-zh__alma10-greedy__185d6144d5d2,slimgpt,ref,40,dir,en-zh,en-zh,False,,ru-en,True,False,,,,,,,,,,,,,,,,,,,,,,,
alma-7b-slimgpt40-ref-dir-en-zh,alma-7b-slimgpt40-ref-dir-en-zh__alma10-greedy__185d6144d5d2,slimgpt,ref,40,dir,en-zh,en-zh,False,,zh-en,True,False,,,,,,,,,,,,,,,,,,,,,,,
alma-7b-slimgpt40-ref-dir-en-zh,alma-7b-slimgpt40-ref-dir-en-zh__alma10-greedy__185d6144d5d2,slimgpt,ref,40,dir,en-zh,en-zh,False,,en-cs,False,False,,,,,,,,,,,,,,,,,,,,,,,
alma-7b-slimgpt40-ref-dir-en-zh,alma-7b-slimgpt40-ref-dir-en-zh__alma10-greedy__185d6144d5d2,slimgpt,ref,40,dir,en-zh,en-zh,False,,en-de,False,False,,,,,,,,,,,,,,,,,,,,,,,
alma-7b-slimgpt40-ref-dir-en-zh,alma-7b-slimgpt40-ref-dir-en-zh__alma10-greedy__185d6144d5d2,slimgpt,ref,40,dir,en-zh,en-zh,False,,en-is,False,False,,,,,,,,,,,,,,,,,,,,,,,
alma-7b-slimgpt40-ref-dir-en-zh,alma-7b-slimgpt40-ref-dir-en-zh__alma10-greedy__185d6144d5d2,slimgpt,ref,40,dir,en-zh,en-zh,False,,en-ru,False,False,,,,,,,,,,,,,,,,,,,,,,,
alma-7b-slimgpt40-ref-dir-en-zh,alma-7b-slimgpt40-ref-dir-en-zh__alma10-greedy__185d6144d5d2,slimgpt,ref,40,dir,en-zh,en-zh,False,,en-zh,False,True,2037,0.78579,26.6017,21.4631,3.06271,-0.061884,-8.4417,-5.929,1.20344,0.041198,-1.01141,0,0.0005,0.0059,0.0059,0,0.9777,0,0.1502,0.0255,0,0.0017,0.9874
alma-7b-slimgpt40-gen-dir-cs-en,alma-7b-slimgpt40-gen-dir-cs-en__alma10-greedy__4d407b4978f3,slimgpt,gen,40,dir,cs-en,cs-en,False,,cs-en,True,True,1448,0.835674,34.5768,57.5973,4.80746,-0.020173,-6.7454,-5.0408,0.895548,0.00459,-0.162596,0.0035,0,0,0,0,0.9501,0,0.0021,0.0055,0.0035,0.0048,0.9648
alma-7b-slimgpt40-gen-dir-cs-en,alma-7b-slimgpt40-gen-dir-cs-en__alma10-greedy__4d407b4978f3,slimgpt,gen,40,dir,cs-en,cs-en,False,,de-en,True,False,1984,0.81857,24.1786,48.736,4.15967,-0.018973,-4.8938,-3.5867,0.74008,0.003243,-0.16214,0.002,0.0005,0.0005,0.0005,0,0.918,0.001,0.0076,0.0076,0.002,0.0042,0.9321
alma-7b-slimgpt40-gen-dir-cs-en,alma-7b-slimgpt40-gen-dir-cs-en__alma10-greedy__4d407b4978f3,slimgpt,gen,40,dir,cs-en,cs-en,False,,is-en,True,False,1000,0.831114,30.159,52.4518,4.58707,-0.025632,-4.4402,-3.67,1.14466,-0.004172,0.136277,0.006,0,0,0,0,0.9492,0,0.001,0.008,0.006,0.0053,0.9786
alma-7b-slimgpt40-gen-dir-cs-en,alma-7b-slimgpt40-gen-dir-cs-en__alma10-greedy__4d407b4978f3,slimgpt,gen,40,dir,cs-en,cs-en,False,,ru-en,True,False,2016,0.816881,30.8824,55.6162,4.18117,-0.027641,-6.121,-4.9303,1.06852,0.002796,-0.136247,0,0,0,0,0,0.9849,0.0005,0.003,0.0159,0,0.0069,1.006
alma-7b-slimgpt40-gen-dir-cs-en,alma-7b-slimgpt40-gen-dir-cs-en__alma10-greedy__4d407b4978f3,slimgpt,gen,40,dir,cs-en,cs-en,False,,zh-en,True,False,1875,0.752473,15.0304,41.2739,4.40499,-0.044221,-7.3909,-8.4704,1.70182,-0.001665,0.175191,0.0005,0.0021,0.0027,0.0027,0,0.9063,0.0005,0.008,0.008,0.0005,0.0034,0.9447
alma-7b-slimgpt40-gen-dir-cs-en,alma-7b-slimgpt40-gen-dir-cs-en__alma10-greedy__4d407b4978f3,slimgpt,gen,40,dir,cs-en,cs-en,False,,en-cs,False,False,2037,0.821226,18.0719,41.404,6.01337,-0.058012,-8.3404,-8.5676,2.52961,0.023801,-0.885953,0.0113,0,0,0,0,0.9164,0.0054,0.0108,0.0201,0.0113,0.0072,0.9598
alma-7b-slimgpt40-gen-dir-cs-en,alma-7b-slimgpt40-gen-dir-cs-en__alma10-greedy__4d407b4978f3,slimgpt,gen,40,dir,cs-en,cs-en,False,,en-de,False,False,2037,0.713032,14.0409,40.3287,4.07513,-0.135649,-14.2253,-14.1329,2.98162,-0.075962,1.94328,0.0727,0.002,0.0064,0.0064,0,1.0113,0.0349,0.0069,0.0751,0.0727,0.0146,1.0578
alma-7b-slimgpt40-gen-dir-cs-en,alma-7b-slimgpt40-gen-dir-cs-en__alma10-greedy__4d407b4978f3,slimgpt,gen,40,dir,cs-en,cs-en,False,,en-is,False,False,1000,0.527166,6.8509,25.7219,17.8486,-0.31765,-17.0623,-23.3568,13.7763,-0.223689,8.68746,0.229,0.003,0.007,0.007,0,0.9002,0.064,0.004,0.241,0.229,0.0061,0.9879
alma-7b-slimgpt40-gen-dir-cs-en,alma-7b-slimgpt40-gen-dir-cs-en__alma10-greedy__4d407b4978f3,slimgpt,gen,40,dir,cs-en,cs-en,False,,en-ru,False,False,2037,0.710666,12.4,31.287,7.29324,-0.152362,-12.7489,-17.6939,5.0228,-0.090009,3.15062,0.1654,0,0.001,0.001,0,0.8753,0.0623,0.0142,0.2013,0.1654,0.0149,0.9548
alma-7b-slimgpt40-gen-dir-cs-en,alma-7b-slimgpt40-gen-dir-cs-en__alma10-greedy__4d407b4978f3,slimgpt,gen,40,dir,cs-en,cs-en,False,,en-zh,False,False,2037,0.464574,2.9024,5.944,10.6354,-0.3831,-32.141,-21.4481,8.7761,-0.284191,6.60246,0.0098,0,0.0682,0.0682,0,1.0378,0.0029,0.5631,0.0746,0.0098,0.2965,0.3767
alma-7b-slimgpt40-gen-dir-de-en,alma-7b-slimgpt40-gen-dir-de-en__alma10-greedy__30736b036f5e,slimgpt,gen,40,dir,de-en,de-en,False,,cs-en,True,False,1448,0.830614,34.3447,57.3381,4.98073,-0.025233,-6.9775,-5.3,1.06882,-0.00047,0.010671,0.0041,0.0007,0.0014,0.0014,0,0.987,0,0.0007,0.0055,0.0041,0.0059,0.9987
alma-7b-slimgpt40-gen-dir-de-en,alma-7b-slimgpt40-gen-dir-de-en__alma10-greedy__30736b036f5e,slimgpt,gen,40,dir,de-en,de-en,False,,de-en,True,True,1984,0.819055,24.5181,48.9207,4.18029,-0.018488,-4.5543,-3.402,0.7607,0.003728,-0.14152,0.001,0.001,0.001,0.001,0,0.922,0.0005,0.0066,0.006,0.001,0.0047,0.9325
alma-7b-slimgpt40-gen-dir-de-en,alma-7b-slimgpt40-gen-dir-de-en__alma10-greedy__30736b036f5e,slimgpt,gen,40,dir,de-en,de-en,False,,is-en,True,False,1000,0.833904,30.3432,53.1322,4.44096,-0.022842,-4.256,-2.9896,0.998546,-0.001382,-0.009837,0.002,0,0.001,0.001,0,0.972,0,0.001,0.006,0.002,0.0055,1.0088
alma-7b-slimgpt40-gen-dir-de-en,alma-7b-slimgpt40-gen-dir-de-en__alma10-greedy__30736b036f5e,slimgpt,gen,40,dir,de-en,de-en,False,,ru-en,True,False,2016,0.812081,29.996,55.6976,4.39095,-0.032441,-7.0074,-4.8489,1.2783,-0.002004,0.073533,0,0.0015,0.002,0.002,0,1.0128,0.0005,0.0035,0.0129,0,0.007,1.0351
alma-7b-slimgpt40-gen-dir-de-en,alma-7b-slimgpt40-gen-dir-de-en__alma10-greedy__30736b036f5e,slimgpt,gen,40,dir,de-en,de-en,False,,zh-en,True,False,1875,0.739498,14.8932,40.9828,4.94385,-0.057196,-7.5281,-8.7615,2.24068,-0.01464,0.714051,0,0.0005,0.0016,0.0016,0,0.9003,0.0005,0.008,0.0075,0,0.0041,0.937
alma-7b-slimgpt40-gen-dir-de-en,alma-7b-slimgpt40-gen-dir-de-en__alma10-greedy__30736b036f5e,slimgpt,gen,40,dir,de-en,de-en,False,,en-cs,False,False,2037,0.617411,9.6398,30.3753,13.4719,-0.261827,-16.7725,-19.5963,9.98818,-0.180014,6.57261,0.0609,0.002,0.0123,0.0123,0,0.9463,0.0211,0.0236,0.0938,0.0609,0.0113,0.9949
alma-7b-slimgpt40-gen-dir-de-en,alma-7b-slimgpt40-gen-dir-de-en__alma10-greedy__30736b036f5e,slimgpt,gen,40,dir,de-en,de-en,False,,en-de,False,False,2037,0.800392,22.1652,47.9377,1.97504,-0.048289,-6.101,-6.5239,0.881534,0.011398,-0.156811,0.0255,0,0.0005,0.0005,0,0.9649,0.0206,0.0054,0.0314,0.0255,0.0158,0.9977
alma-7b-slimgpt40-gen-dir-de-en,alma-7b-slimgpt40-gen-dir-de-en__alma10-greedy__30736b036f5e,slimgpt,gen,40,dir,de-en,de-en,False,,en-is,False,False,1000,0.513841,6.0888,24.8253,18.0503,-0.330975,-17.8244,-24.2534,13.9781,-0.237014,8.88918,0.23,0.002,0.017,0.017,0,0.9119,0.067,0.001,0.244,0.23,0.0063,0.9871
alma-7b-slimgpt40-gen-dir-de-en,alma-7b-slimgpt40-gen-dir-de-en__alma10-greedy__30736b036f5e,slimgpt,gen,40,dir,de-en,de-en,False,,en-ru,False,False,2037,0.640191,10.9475,27.6751,9.70862,-0.222837,-14.2014,-21.3058,7.43819,-0.160484,5.566,0.2518,0.0015,0.0015,0.0015,0,0.8567,0.1168,0.0265,0.2671,0.2518,0.0145,0.9701
alma-7b-slimgpt40-gen-dir-de-en,alma-7b-slimgpt40-gen-dir-de-en__alma10-greedy__30736b036f5e,slimgpt,gen,40,dir,de-en,de-en,False,,en-zh,False,False,2037,0.478914,3.3671,6.0597,10.4995,-0.36876,-31.6763,-21.3324,8.64019,-0.269851,6.46655,0.0623,0.0005,0.0992,0.0992,0,1.4127,0.029,0.4767,0.1311,0.0623,0.3143,0.4332
alma-7b-slimgpt40-gen-dir-is-en,alma-7b-slimgpt40-gen-dir-is-en__alma10-greedy__d8852a54c23f,slimgpt,gen,40,dir,is-en,is-en,False,,cs-en,True,False,1448,0.818619,30.6386,54.2963,5.59438,-0.037228,-10.6836,-8.3418,1.68247,-0.012465,0.624326,0.0035,0,0,0,0,0.941,0,0.0007,0.0055,0.0035,0.0053,0.9543
alma-7b-slimgpt40-gen-dir-is-en,alma-7b-slimgpt40-gen-dir-is-en__alma10-greedy__d8852a54c23f,slimgpt,gen,40,dir,is-en,is-en,False,,de-en,True,False,1984,0.80977,21.9224,46.7963,4.47431,-0.027773,-7.15,-5.5264,1.05472,-0.005557,0.152502,0.002,0,0,0,0,0.8958,0,0.006,0.005,0.002,0.0052,0.907
alma-7b-slimgpt40-gen-dir-is-en,alma-7b-slimgpt40-gen-dir-is-en__alma10-greedy__d8852a54c23f,slimgpt,gen,40,dir,is-en,is-en,False,,is-en,True,True,1000,0.828404,27.8115,50.9313,4.68963,-0.028342,-6.7877,-5.1905,1.24721,-0.006882,0.23883,0.004,0.001,0,0,0,0.9327,0,0,0.009,0.004,0.0068,0.9573
alma-7b-slimgpt40-gen-dir-is-en,alma-7b-slimgpt40-gen-dir-is-en__alma10-greedy__d8852a54c23f,slimgpt,gen,40,dir,is-en,is-en,False,,ru-en,True,False,2016,0.805381,27.9953,52.8318,4.64566,-0.039141,-9.0081,-7.7147,1.53301,-0.008704,0.328244,0,0.0005,0,0,0,0.9642,0,0.0055,0.0139,0,0.0074,0.9816
alma-7b-slimgpt40-gen-dir-is-en,alma-7b-slimgpt40-gen-dir-is-en__alma10-greedy__d8852a54c23f,slimgpt,gen,40,dir,is-en,is-en,False,,zh-en,True,False,1875,0.737251,13.5421,38.7971,4.53534,-0.059443,-8.8792,-10.9472,1.83217,-0.016887,0.305542,0,0.0053,0.0059,0.0059,0,0.8982,0.0005,0.0085,0.0069,0,0.004,0.9304
alma-7b-slimgpt40-gen-dir-is-en,alma-7b-slimgpt40-gen-dir-is-en__alma10-greedy__d8852a54c23f,slimgpt,gen,40,dir,is-en,is-en,False,,en-cs,False,False,2037,0.631853,8.9816,30.2186,13.115,-0.247385,-17.4307,-19.753,9.63129,-0.165572,6.21572,0.0432,0.0049,0.0069,0.0069,0,0.949,0.0059,0.0137,0.0569,0.0432,0.0102,1.0054
alma-7b-slimgpt40-gen-dir-is-en,alma-7b-slimgpt40-gen-dir-is-en__alma10-greedy__d8852a54c23f,slimgpt,gen,40,dir,is-en,is-en,False,,en-de,False,False,2037,0.696677,12.8757,39.0044,4.49104,-0.152004,-15.3905,-15.4572,3.39753,-0.092317,2.35918,0.0682,0.001,0.0015,0.0015,0,0.9766,0.0236,0.0059,0.0692,0.0682,0.0139,1.0219
alma-7b-slimgpt40-gen-dir-is-en,alma-7b-slimgpt40-gen-dir-is-en__alma10-greedy__d8852a54c23f,slimgpt,gen,40,dir,is-en,is-en,False,,en-is,False,False,1000,0.750904,13.7805,37.0753,9.06369,-0.093912,-10.1327,-12.0034,4.99141,4.9e-05,-0.097464,0.099,0,0.001,0.001,0,0.9147,0.014,0,0.1,0.099,0.0044,0.9732
alma-7b-slimgpt40-gen-dir-is-en,alma-7b-slimgpt40-gen-dir-is-en__alma10-greedy__d8852a54c23f,slimgpt,gen,40,dir,is-en,is-en,False,,en-ru,False,False,2037,0.546823,4.6978,13.9929,11.941,-0.316205,-20.4511,-34.988,9.6706,-0.253852,7.79841,0.5484,0.001,0.002,0.002,0,0.8328,0.0987,0.0334,0.5778,0.5484,0.0144,0.938
alma-7b-slimgpt40-gen-dir-is-en,alma-7b-slimgpt40-gen-dir-is-en__alma10-greedy__d8852a54c23f,slimgpt,gen,40,dir,is-en,is-en,False,,en-zh,False,False,2037,0.458563,2.4585,5.0519,10.8689,-0.389111,-32.5849,-22.3402,9.00966,-0.290202,6.83602,0.052,0.001,0.081,0.081,0,1.2914,0.0103,0.5189,0.1183,0.052,0.3127,0.3953
alma-7b-slimgpt40-gen-dir-ru-en,alma-7b-slimgpt40-gen-dir-ru-en__alma10-greedy__0488ec14aec9,slimgpt,gen,40,dir,ru-en,ru-en,False,,cs-en,True,False,1448,0.829861,33.8235,56.886,4.97866,-0.025986,-7.4987,-5.7521,1.06674,-0.001223,0.008601,0.0028,0.0007,0.0007,0.0007,0,0.9671,0.0007,0,0.0041,0.0028,0.0046,0.9883
alma-7b-slimgpt40-gen-dir-ru-en,alma-7b-slimgpt40-gen-dir-ru-en__alma10-greedy__0488ec14aec9,slimgpt,gen,40,dir,ru-en,ru-en,False,,de-en,True,False,1984,0.816156,24.7074,48.9113,4.2577,-0.021387,-4.365,-3.4114,0.838112,0.000829,-0.064108,0.0015,0.0015,0.0015,0.0015,0,0.9285,0.0005,0.004,0.0071,0.0015,0.0042,0.9506
alma-7b-slimgpt40-gen-dir-ru-en,alma-7b-slimgpt40-gen-dir-ru-en__alma10-greedy__0488ec14aec9,slimgpt,gen,40,dir,ru-en,ru-en,False,,is-en,True,False,1000,0.824789,29.2056,51.8647,4.8701,-0.031957,-5.3936,-4.2571,1.42769,-0.010497,0.419309,0.006,0,0,0,0,0.9547,0,0,0.01,0.006,0.0048,0.9876
alma-7b-slimgpt40-gen-dir-ru-en,alma-7b-slimgpt40-gen-dir-ru-en__alma10-greedy__0488ec14aec9,slimgpt,gen,40,dir,ru-en,ru-en,False,,ru-en,True,True,2016,0.81734,31.2488,55.8072,4.2137,-0.027182,-5.7546,-4.7393,1.10105,0.003255,-0.103715,0,0.001,0.001,0.001,0,0.9839,0.0005,0.004,0.0149,0,0.0066,1.0086
alma-7b-slimgpt40-gen-dir-ru-en,alma-7b-slimgpt40-gen-dir-ru-en__alma10-greedy__0488ec14aec9,slimgpt,gen,40,dir,ru-en,ru-en,False,,zh-en,True,False,1875,0.745761,15.3935,40.8043,4.67639,-0.050933,-7.0278,-8.94,1.97322,-0.008377,0.446591,0.0005,0.0016,0.0032,0.0032,0,0.8851,0.0011,0.008,0.0085,0.0005,0.0033,0.9257
alma-7b-slimgpt40-gen-dir-ru-en,alma-7b-slimgpt40-gen-dir-ru-en__alma10-greedy__0488ec14aec9,slimgpt,gen,40,dir,ru-en,ru-en,False,,en-cs,False,False,2037,0.670462,11.0484,32.4885,11.4798,-0.208776,-15.3639,-17.4831,7.99607,-0.126963,4.5805,0.0142,0.002,0.0069,0.0069,0,0.9445,0.0064,0.0147,0.0275,0.0142,0.0099,0.9964
alma-7b-slimgpt40-gen-dir-ru-en,alma-7b-slimgpt40-gen-dir-ru-en__alma10-greedy__0488ec14aec9,slimgpt,gen,40,dir,ru-en,ru-en,False,,en-de,False,False,2037,0.678919,13.1181,38.9555,4.98568,-0.169762,-15.1481,-15.5061,3.89217,-0.110075,2.85383,0.0844,0.0059,0.0108,0.0108,0,1.0276,0.0486,0.0059,0.0874,0.0844,0.0148,1.096
alma-7b-slimgpt40-gen-dir-ru-en,alma-7b-slimgpt40-gen-dir-ru-en__alma10-greedy__0488ec14aec9,slimgpt,gen,40,dir,ru-en,ru-en,False,,en-is,False,False,1000,0.449844,4.4883,21.2264,20.1627,-0.394972,-19.4249,-27.8523,16.0904,-0.301011,11.0015,0.228,0.022,0.061,0.061,0,0.9558,0.043,0.001,0.241,0.228,0.0055,1.1031
alma-7b-slimgpt40-gen-dir-ru-en,alma-7b-slimgpt40-gen-dir-ru-en__alma10-greedy__0488ec14aec9,slimgpt,gen,40,dir,ru-en,ru-en,False,,en-ru,False,False,2037,0.807085,18.5319,42.0338,4.1175,-0.055943,-6.617,-6.9471,1.84707,0.00641,-0.025119,0.0113,0.0005,0.0015,0.0015,0,0.9271,0.0093,0.0113,0.0349,0.0113,0.0122,0.9726
alma-7b-slimgpt40-gen-dir-ru-en,alma-7b-slimgpt40-gen-dir-ru-en__alma10-greedy__0488ec14aec9,slimgpt,gen,40,dir,ru-en,ru-en,False,,en-zh,False,False,2037,0.54814,8.5149,9.3316,8.97931,-0.299534,-26.5285,-18.0605,7.12004,-0.200625,4.9464,0.0064,0,0.0776,0.0776,0,1.3008,0.0044,0.3108,0.0687,0.0064,0.2651,0.5511
alma-7b-slimgpt40-gen-dir-zh-en,alma-7b-slimgpt40-gen-dir-zh-en__alma10-greedy__77b3cdba7b45,slimgpt,gen,40,dir,zh-en,zh-en,False,,cs-en,True,False,1448,0.812224,29.5735,53.9422,5.87228,-0.043623,-11.7487,-8.6959,1.96036,-0.01886,0.902217,0.0028,0,0,0,0,0.9432,0,0,0.0041,0.0028,0.0057,0.9561
alma-7b-slimgpt40-gen-dir-zh-en,alma-7b-slimgpt40-gen-dir-zh-en__alma10-greedy__77b3cdba7b45,slimgpt,gen,40,dir,zh-en,zh-en,False,,de-en,True,False,1984,0.80661,22.7606,47.6729,4.6882,-0.030933,-6.3118,-4.6498,1.26861,-0.008717,0.366395,0.0015,0,0,0,0,0.9077,0,0.0066,0.0071,0.0015,0.0043,0.9229
alma-7b-slimgpt40-gen-dir-zh-en,alma-7b-slimgpt40-gen-dir-zh-en__alma10-greedy__77b3cdba7b45,slimgpt,gen,40,dir,zh-en,zh-en,False,,is-en,True,False,1000,0.801025,25.4151,48.6961,5.78284,-0.055721,-9.1841,-7.4257,2.34043,-0.034261,1.33204,0.002,0.002,0.002,0.002,0,0.9465,0,0.001,0.005,0.002,0.0055,0.9824
alma-7b-slimgpt40-gen-dir-zh-en,alma-7b-slimgpt40-gen-dir-zh-en__alma10-greedy__77b3cdba7b45,slimgpt,gen,40,dir,zh-en,zh-en,False,,ru-en,True,False,2016,0.803134,29.7114,54.5767,4.81842,-0.041388,-7.292,-5.9698,1.70577,-0.010951,0.501006,0.0005,0.001,0.0015,0.0015,0,0.9782,0.0005,0.005,0.0188,0.0005,0.007,0.9978
alma-7b-slimgpt40-gen-dir-zh-en,alma-7b-slimgpt40-gen-dir-zh-en__alma10-greedy__77b3cdba7b45,slimgpt,gen,40,dir,zh-en,zh-en,False,,zh-en,True,True,1875,0.758861,17.641,44.587,4.06404,-0.037833,-4.7803,-5.1573,1.36088,0.004723,-0.165757,0,0.0032,0.0032,0.0032,0,0.9109,0.0005,0.008,0.0112,0,0.0034,0.9418
alma-7b-slimgpt40-gen-dir-zh-en,alma-7b-slimgpt40-gen-dir-zh-en__alma10-greedy__77b3cdba7b45,slimgpt,gen,40,dir,zh-en,zh-en,False,,en-cs,False,False,2037,0.551005,4.751,23.5219,16.9836,-0.328233,-21.6613,-26.4497,13.4998,-0.24642,10.0842,0.2739,0.0049,0.0128,0.0128,0,0.938,0.079,0.0231,0.2838,0.2739,0.0094,1.0109
alma-7b-slimgpt40-gen-dir-zh-en,alma-7b-slimgpt40-gen-dir-zh-en__alma10-greedy__77b3cdba7b45,slimgpt,gen,40,dir,zh-en,zh-en,False,,en-de,False,False,2037,0.585459,4.6094,23.8596,11.254,-0.263222,-23.6568,-30.602,10.1605,-0.203535,9.12214,0.6053,0.0059,0.0069,0.0069,0,0.9188,0.1669,0.0113,0.6063,0.6053,0.012,1.048
alma-7b-slimgpt40-gen-dir-zh-en,alma-7b-slimgpt40-gen-dir-zh-en__alma10-greedy__77b3cdba7b45,slimgpt,gen,40,dir,zh-en,zh-en,False,,en-is,False,False,1000,0.529054,1.8079,15.8348,18.4414,-0.315762,-22.1053,-33.2439,14.3691,-0.221801,9.28022,0.989,0.003,0.004,0.004,0,0.9562,0.25,0,0.99,0.989,0.0068,1.0529
alma-7b-slimgpt40-gen-dir-zh-en,alma-7b-slimgpt40-gen-dir-zh-en__alma10-greedy__77b3cdba7b45,slimgpt,gen,40,dir,zh-en,zh-en,False,,en-ru,False,False,2037,0.647238,9.2485,32.1464,9.19526,-0.21579,-15.9004,-16.8345,6.92482,-0.153437,5.05264,0.137,0.0025,0.0039,0.0039,0,0.8976,0.0687,0.0142,0.1576,0.137,0.015,0.9689
alma-7b-slimgpt40-gen-dir-zh-en,alma-7b-slimgpt40-gen-dir-zh-en__alma10-greedy__77b3cdba7b45,slimgpt,gen,40,dir,zh-en,zh-en,False,,en-zh,False,False,2037,0.765199,22.8727,18.7834,3.67591,-0.082475,-12.1707,-8.6087,1.81664,0.016434,-0.357001,0.0393,0,0.0074,0.0074,0,1.0337,0.0108,0.1728,0.0677,0.0393,0.0065,0.9146
alma-7b-slimgpt40-gen-dir-en-cs,alma-7b-slimgpt40-gen-dir-en-cs__alma10-greedy__ca165b4b8ce4,slimgpt,gen,40,dir,en-cs,en-cs,False,,cs-en,True,False,1448,0.833011,33.2715,56.9955,4.96888,-0.022836,-8.0507,-5.6426,1.05696,0.001927,-0.001181,0.0083,0.0007,0.0007,0.0007,0,0.9654,0.0007,0,0.0097,0.0083,0.0047,0.9741
alma-7b-slimgpt40-gen-dir-en-cs,alma-7b-slimgpt40-gen-dir-en-cs__alma10-greedy__ca165b4b8ce4,slimgpt,gen,40,dir,en-cs,en-cs,False,,de-en,True,False,1984,0.812834,24.1708,48.9398,4.40026,-0.024709,-4.9016,-3.3829,0.980672,-0.002493,0.078452,0.002,0.0005,0.0005,0.0005,0,0.9248,0,0.0066,0.0096,0.002,0.0041,0.9269
alma-7b-slimgpt40-gen-dir-en-cs,alma-7b-slimgpt40-gen-dir-en-cs__alma10-greedy__ca165b4b8ce4,slimgpt,gen,40,dir,en-cs,en-cs,False,,is-en,True,False,1000,0.823863,29.0087,51.5721,4.9369,-0.032883,-5.5905,-4.5497,1.49449,-0.011423,0.486103,0.011,0.001,0.001,0.001,0,0.9606,0,0.001,0.011,0.011,0.0045,0.9873
alma-7b-slimgpt40-gen-dir-en-cs,alma-7b-slimgpt40-gen-dir-en-cs__alma10-greedy__ca165b4b8ce4,slimgpt,gen,40,dir,en-cs,en-cs,False,,ru-en,True,False,2016,0.812039,30.0126,55.6718,4.39889,-0.032483,-6.9908,-4.8747,1.28624,-0.002046,0.081476,0,0.0005,0.001,0.001,0,1.0015,0.0005,0.0045,0.0174,0,0.0061,1.0149
alma-7b-slimgpt40-gen-dir-en-cs,alma-7b-slimgpt40-gen-dir-en-cs__alma10-greedy__ca165b4b8ce4,slimgpt,gen,40,dir,en-cs,en-cs,False,,zh-en,True,False,1875,0.743727,14.8159,40.9205,4.71751,-0.052967,-7.6054,-8.8238,2.01434,-0.010411,0.487711,0.0053,0.0048,0.0107,0.0107,0,0.9852,0.0011,0.0075,0.0144,0.0053,0.0031,1.0085
alma-7b-slimgpt40-gen-dir-en-cs,alma-7b-slimgpt40-gen-dir-en-cs__alma10-greedy__ca165b4b8ce4,slimgpt,gen,40,dir,en-cs,en-cs,False,,en-cs,False,True,2037,0.829337,20.978,44.5713,5.35517,-0.049901,-5.4343,-5.4003,1.87142,0.031912,-1.54415,0.0025,0.0005,0.002,0.002,0,0.9604,0.001,0.0128,0.0167,0.0025,0.0072,0.9848
alma-7b-slimgpt40-gen-dir-en-cs,alma-7b-slimgpt40-gen-dir-en-cs__alma10-greedy__ca165b4b8ce4,slimgpt,gen,40,dir,en-cs,en-cs,False,,en-de,False,False,2037,0.735114,16.7114,43.1041,3.37611,-0.113567,-11.5548,-11.3575,2.2826,-0.05388,1.24426,0.0231,0.0029,0.0054,0.0054,0,1.0257,0.0167,0.0029,0.0304,0.0231,0.0144,1.0241
alma-7b-slimgpt40-gen-dir-en-cs,alma-7b-slimgpt40-gen-dir-en-cs__alma10-greedy__ca165b4b8ce4,slimgpt,gen,40,dir,en-cs,en-cs,False,,en-is,False,False,1000,0.540506,8.69,29.6601,17.0066,-0.30431,-15.2232,-19.4186,12.9343,-0.210349,7.84545,0.006,0.012,0.03,0.03,0,0.962,0.001,0.004,0.023,0.006,0.0048,1.057
alma-7b-slimgpt40-gen-dir-en-cs,alma-7b-slimgpt40-gen-dir-en-cs__alma10-greedy__ca165b4b8ce4,slimgpt,gen,40,dir,en-cs,en-cs,False,,en-ru,False,False,2037,0.767878,16.1522,38.3681,5.23964,-0.09515,-8.9967,-10.6128,2.96921,-0.032797,1.09703,0.002,0.0025,0.0034,0.0034,0,0.9204,0,0.0167,0.0349,0.002,0.0137,0.9654
alma-7b-slimgpt40-gen-dir-en-cs,alma-7b-slimgpt40-gen-dir-en-cs__alma10-greedy__ca165b4b8ce4,slimgpt,gen,40,dir,en-cs,en-cs,False,,en-zh,False,False,2037,0.470113,3.9296,6.418,10.5379,-0.377561,-31.1138,-20.9741,8.67863,-0.278652,6.50499,0.0079,0.0015,0.0972,0.0972,0,1.2887,0.0015,0.5312,0.0967,0.0079,0.3098,0.4267
alma-7b-slimgpt40-gen-dir-en-de,alma-7b-slimgpt40-gen-dir-en-de__alma10-greedy__7ada704355d7,slimgpt,gen,40,dir,en-de,en-de,False,,cs-en,True,False,1448,0.825295,33.7399,57.3324,5.12716,-0.030552,-7.5823,-5.3057,1.21525,-0.005789,0.157103,0.0041,0.0007,0,0,0,0.9822,0.0007,0,0.0048,0.0041,0.0051,0.9954
alma-7b-slimgpt40-gen-dir-en-de,alma-7b-slimgpt40-gen-dir-en-de__alma10-greedy__7ada704355d7,slimgpt,gen,40,dir,en-de,en-de,False,,de-en,True,False,1984,0.816833,25.2369,49.5687,4.32732,-0.02071,-3.8355,-2.754,0.907729,0.001506,0.005509,0.0055,0.0005,0.0005,0.0005,0,0.9228,0.002,0.006,0.0116,0.0055,0.0051,0.9294
alma-7b-slimgpt40-gen-dir-en-de,alma-7b-slimgpt40-gen-dir-en-de__alma10-greedy__7ada704355d7,slimgpt,gen,40,dir,en-de,en-de,False,,is-en,True,False,1000,0.827824,30.4161,52.8456,4.68054,-0.028922,-4.1831,-3.2762,1.23813,-0.007462,0.229747,0.004,0,0,0,0,0.9686,0,0.001,0.01,0.004,0.0049,0.9973
alma-7b-slimgpt40-gen-dir-en-de,alma-7b-slimgpt40-gen-dir-en-de__alma10-greedy__7ada704355d7,slimgpt,gen,40,dir,en-de,en-de,False,,ru-en,True,False,2016,0.810592,30.9037,56.5122,4.44318,-0.03393,-6.0997,-4.0343,1.33053,-0.003493,0.125764,0,0,0.001,0.001,0,1.0107,0.0005,0.004,0.0159,0,0.0072,1.0298
alma-7b-slimgpt40-gen-dir-en-de,alma-7b-slimgpt40-gen-dir-en-de__alma10-greedy__7ada704355d7,slimgpt,gen,40,dir,en-de,en-de,False,,zh-en,True,False,1875,0.731222,14.2197,40.5517,5.20632,-0.065472,-8.2016,-9.1926,2.50315,-0.022916,0.976517,0,0.0112,0.0176,0.0176,0,1.0042,0.0005,0.008,0.0075,0,0.0034,1.057
alma-7b-slimgpt40-gen-dir-en-de,alma-7b-slimgpt40-gen-dir-en-de__alma10-greedy__7ada704355d7,slimgpt,gen,40,dir,en-de,en-de,False,,en-cs,False,False,2037,0.582069,3.9335,20.707,11.6251,-0.297169,-22.4788,-29.2646,8.14136,-0.215356,4.72579,0.3014,0.0113,0.0373,0.0373,0,1.2404,0.0098,0.0088,0.4816,0.3014,0.0117,1.2375
alma-7b-slimgpt40-gen-dir-en-de,alma-7b-slimgpt40-gen-dir-en-de__alma10-greedy__7ada704355d7,slimgpt,gen,40,dir,en-de,en-de,False,,en-de,False,True,2037,0.811009,23.6541,49.9174,1.79235,-0.037672,-4.6121,-4.5442,0.698844,0.022015,-0.339501,0.0167,0.0005,0.001,0.001,0,0.9861,0.0162,0.0059,0.0211,0.0167,0.0141,1.0057
alma-7b-slimgpt40-gen-dir-en-de,alma-7b-slimgpt40-gen-dir-en-de__alma10-greedy__7ada704355d7,slimgpt,gen,40,dir,en-de,en-de,False,,en-is,False,False,1000,0.566681,3.3349,19.7669,10.5072,-0.278135,-20.5783,-29.3118,6.43489,-0.184174,1.34602,0.554,0.002,0.009,0.009,0,1.0327,0.001,0,0.666,0.554,0.0081,1.0285
alma-7b-slimgpt40-gen-dir-en-de,alma-7b-slimgpt40-gen-dir-en-de__alma10-greedy__7ada704355d7,slimgpt,gen,40,dir,en-de,en-de,False,,en-ru,False,False,2037,0.616425,6.1866,16.3398,5.02406,-0.246603,-18.9623,-32.6411,2.75363,-0.18425,0.881443,0.5199,0.0034,0.0044,0.0044,0,0.9969,0.0142,0.0211,0.5582,0.5199,0.0161,1.0515
alma-7b-slimgpt40-gen-dir-en-de,alma-7b-slimgpt40-gen-dir-en-de__alma10-greedy__7ada704355d7,slimgpt,gen,40,dir,en-de,en-de,False,,en-zh,False,False,2037,0.506636,3.778,6.1874,8.39781,-0.341038,-31.2654,-21.2047,6.53854,-0.242129,4.3649,0.2332,0.0005,0.0972,0.0972,0,2.1505,0.0054,0.3819,0.3098,0.2332,0.2554,0.5353
alma-7b-slimgpt40-gen-dir-en-is,alma-7b-slimgpt40-gen-dir-en-is__alma10-greedy__c38a4a80db2f,slimgpt,gen,40,dir,en-is,en-is,False,,cs-en,True,False,1448,0.819221,29.9793,54.4897,5.42578,-0.036626,-11.3429,-8.1484,1.51386,-0.011863,0.45572,0.011,0,0.0007,0.0007,0,0.9581,0.0007,0.0007,0.0131,0.011,0.0056,0.9617
alma-7b-slimgpt40-gen-dir-en-is,alma-7b-slimgpt40-gen-dir-en-is__alma10-greedy__c38a4a80db2f,slimgpt,gen,40,dir,en-is,en-is,False,,de-en,True,False,1984,0.811404,22.9672,47.9189,4.34539,-0.026139,-6.1052,-4.4038,0.925803,-0.003923,0.023583,0.0035,0.0005,0.0005,0.0005,0,0.9198,0.0025,0.005,0.0091,0.0035,0.0043,0.9295
alma-7b-slimgpt40-gen-dir-en-is,alma-7b-slimgpt40-gen-dir-en-is__alma10-greedy__c38a4a80db2f,slimgpt,gen,40,dir,en-is,en-is,False,,is-en,True,False,1000,0.826966,27.6062,50.6769,4.68094,-0.02978,-6.993,-5.4449,1.23853,-0.00832,0.230143,0.008,0.001,0.002,0.002,0,0.9457,0,0,0.015,0.008,0.0056,0.9624
alma-7b-slimgpt40-gen-dir-en-is,alma-7b-slimgpt40-gen-dir-en-is__alma10-greedy__c38a4a80db2f,slimgpt,gen,40,dir,en-is,en-is,False,,ru-en,True,False,2016,0.803909,28.0044,53.8879,4.57855,-0.040613,-8.999,-6.6586,1.4659,-0.010176,0.261133,0.0005,0.0035,0.0035,0.0035,0,1.0193,0.0005,0.004,0.0159,0.0005,0.0068,1.0322
alma-7b-slimgpt40-gen-dir-en-is,alma-7b-slimgpt40-gen-dir-en-is__alma10-greedy__c38a4a80db2f,slimgpt,gen,40,dir,en-is,en-is,False,,zh-en,True,False,1875,0.72733,13.1557,38.527,5.11666,-0.069364,-9.2656,-11.2173,2.41349,-0.026808,0.886856,0.0027,0.0123,0.0171,0.0171,0,0.9944,0.0011,0.0064,0.0123,0.0027,0.0033,1.0329
alma-7b-slimgpt40-gen-dir-en-is,alma-7b-slimgpt40-gen-dir-en-is__alma10-greedy__c38a4a80db2f,slimgpt,gen,40,dir,en-is,en-is,False,,en-cs,False,False,2037,0.654885,9.6447,32.3021,11.8209,-0.224353,-16.7676,-17.6695,8.33715,-0.14254,4.92158,0.0147,0.0074,0.027,0.027,0,1.0775,0.0054,0.0128,0.0275,0.0147,0.0094,1.0979
alma-7b-slimgpt40-gen-dir-en-is,alma-7b-slimgpt40-gen-dir-en-is__alma10-greedy__c38a4a80db2f,slimgpt,gen,40,dir,en-is,en-is,False,,en-de,False,False,2037,0.72569,15.8218,42.8962,3.4888,-0.122991,-12.4444,-11.5654,2.39529,-0.063304,1.35694,0.025,0.0005,0.0029,0.0029,0,1.0282,0.0241,0.0069,0.0275,0.025,0.0141,1.0335
alma-7b-slimgpt40-gen-dir-en-is,alma-7b-slimgpt40-gen-dir-en-is__alma10-greedy__c38a4a80db2f,slimgpt,gen,40,dir,en-is,en-is,False,,en-is,False,True,1000,0.795985,17.8966,43.1227,6.90066,-0.048831,-6.0166,-5.956,2.82839,0.04513,-2.26049,0,0.001,0.002,0.002,0,0.9512,0,0,0.005,0,0.004,0.9855
alma-7b-slimgpt40-gen-dir-en-is,alma-7b-slimgpt40-gen-dir-en-is__alma10-greedy__c38a4a80db2f,slimgpt,gen,40,dir,en-is,en-is,False,,en-ru,False,False,2037,0.638041,10.1495,28.6163,9.42679,-0.224987,-14.9994,-20.3646,7.15636,-0.162634,5.28418,0.0427,0.0029,0.0054,0.0054,0,0.7788,0.0133,0.0437,0.0933,0.0427,0.0183,0.8227
alma-7b-slimgpt40-gen-dir-en-is,alma-7b-slimgpt40-gen-dir-en-is__alma10-greedy__c38a4a80db2f,slimgpt,gen,40,dir,en-is,en-is,False,,en-zh,False,False,2037,0.44924,2.7946,4.578,10.8367,-0.398434,-32.2488,-22.8141,8.97738,-0.299525,6.80374,0.0025,0,0.1443,0.1443,0,1.5827,0,0.5322,0.0908,0.0025,0.3665,0.4008
alma-7b-slimgpt40-gen-dir-en-ru,alma-7b-slimgpt40-gen-dir-en-ru__alma10-greedy__f3c1f9edeb2f,slimgpt,gen,40,dir,en-ru,en-ru,False,,cs-en,True,False,1448,0.830472,32.8088,56.6981,5.08079,-0.025375,-8.5134,-5.94,1.16888,-0.000612,0.110734,0.0048,0,0.0007,0.0007,0,0.9702,0,0,0.0062,0.0048,0.0055,0.9822
alma-7b-slimgpt40-gen-dir-en-ru,alma-7b-slimgpt40-gen-dir-en-ru__alma10-greedy__f3c1f9edeb2f,slimgpt,gen,40,dir,en-ru,en-ru,False,,de-en,True,False,1984,0.812898,24.3959,48.7249,4.43511,-0.024645,-4.6765,-3.5978,1.01552,-0.002429,0.113299,0.0025,0.001,0.0015,0.0015,0,0.9211,0.001,0.006,0.0076,0.0025,0.0042,0.9339
alma-7b-slimgpt40-gen-dir-en-ru,alma-7b-slimgpt40-gen-dir-en-ru__alma10-greedy__f3c1f9edeb2f,slimgpt,gen,40,dir,en-ru,en-ru,False,,is-en,True,False,1000,0.823643,29.1429,51.7957,4.83999,-0.033103,-5.4563,-4.3261,1.39757,-0.011643,0.389189,0.008,0,0,0,0,0.9545,0,0.001,0.011,0.008,0.0055,0.9872
alma-7b-slimgpt40-gen-dir-en-ru,alma-7b-slimgpt40-gen-dir-en-ru__alma10-greedy__f3c1f9edeb2f,slimgpt,gen,40,dir,en-ru,en-ru,False,,ru-en,True,False,2016,0.815699,31.3512,56.3616,4.31001,-0.028823,-5.6522,-4.1849,1.19737,0.001614,-0.007401,0,0.0005,0.0005,0.0005,0,0.985,0.0005,0.004,0.0179,0,0.0074,1.0086
alma-7b-slimgpt40-gen-dir-en-ru,alma-7b-slimgpt40-gen-dir-en-ru__alma10-greedy__f3c1f9edeb2f,slimgpt,gen,40,dir,en-ru,en-ru,False,,zh-en,True,False,1875,0.740023,14.7492,40.073,4.71449,-0.056671,-7.6721,-9.6713,2.01133,-0.014115,0.484694,0.0016,0.0032,0.0059,0.0059,0,0.9003,0.0005,0.0101,0.0117,0.0016,0.0036,0.9418
alma-7b-slimgpt40-gen-dir-en-ru,alma-7b-slimgpt40-gen-dir-en-ru__alma10-greedy__f3c1f9edeb2f,slimgpt,gen,40,dir,en-ru,en-ru,False,,en-cs,False,False,2037,0.706989,13.3158,36.4923,9.89469,-0.172249,-13.0965,-13.4793,6.41094,-0.090436,2.99537,0.0049,0.0015,0.0029,0.0029,0,0.9664,0.0025,0.0133,0.0162,0.0049,0.0104,0.9982
alma-7b-slimgpt40-gen-dir-en-ru,alma-7b-slimgpt40-gen-dir-en-ru__alma10-greedy__f3c1f9edeb2f,slimgpt,gen,40,dir,en-ru,en-ru,False,,en-de,False,False,2037,0.699318,14.9244,41.4173,4.26908,-0.149363,-13.3418,-13.0443,3.17557,-0.089676,2.13722,0.026,0.0049,0.0118,0.0118,0,1.0696,0.0187,0.0025,0.0388,0.026,0.015,1.0979
alma-7b-slimgpt40-gen-dir-en-ru,alma-7b-slimgpt40-gen-dir-en-ru__alma10-greedy__f3c1f9edeb2f,slimgpt,gen,40,dir,en-ru,en-ru,False,,en-is,False,False,1000,0.459532,5.303,22.0288,19.1595,-0.385284,-18.6102,-27.0499,15.0872,-0.291323,9.99833,0.061,0.018,0.056,0.056,0,0.9576,0.005,0.002,0.14,0.061,0.006,1.0921
alma-7b-slimgpt40-gen-dir-en-ru,alma-7b-slimgpt40-gen-dir-en-ru__alma10-greedy__f3c1f9edeb2f,slimgpt,gen,40,dir,en-ru,en-ru,False,,en-ru,False,True,2037,0.815611,19.6763,43.5997,3.69507,-0.047417,-5.4726,-5.3812,1.42464,0.014936,-0.447543,0,0.001,0.0015,0.0015,0,0.9463,0,0.0083,0.0187,0,0.0127,0.9889
alma-7b-slimgpt40-gen-dir-en-ru,alma-7b-slimgpt40-gen-dir-en-ru__alma10-greedy__f3c1f9edeb2f,slimgpt,gen,40,dir,en-ru,en-ru,False,,en-zh,False,False,2037,0.554511,6.8603,6.8608,7.80233,-0.293163,-28.1831,-20.5313,5.94305,-0.194254,3.76941,0.0128,0,0.0545,0.0545,0,1.8849,0.0025,0.2533,0.354,0.0128,0.1958,0.6177
alma-7b-slimgpt40-gen-dir-en-zh,alma-7b-slimgpt40-gen-dir-en-zh__alma10-greedy__d42253efcb5c,slimgpt,gen,40,dir,en-zh,en-zh,False,,cs-en,True,False,1448,0.810747,28.3681,52.9369,5.88808,-0.0451,-12.9541,-9.7012,1.97617,-0.020337,0.918022,0.0097,0.0007,0.0007,0.0007,0,0.9579,0.0007,0,0.011,0.0097,0.0054,0.9715
alma-7b-slimgpt40-gen-dir-en-zh,alma-7b-slimgpt40-gen-dir-en-zh__alma10-greedy__d42253efcb5c,slimgpt,gen,40,dir,en-zh,en-zh,False,,de-en,True,False,1984,0.802932,22.533,47.3743,4.81608,-0.034611,-6.5394,-4.9484,1.39649,-0.012395,0.49427,0.0055,0.001,0.001,0.001,0,0.9177,0.0015,0.0066,0.0111,0.0055,0.0047,0.9436
alma-7b-slimgpt40-gen-dir-en-zh,alma-7b-slimgpt40-gen-dir-en-zh__alma10-greedy__d42253efcb5c,slimgpt,gen,40,dir,en-zh,en-zh,False,,is-en,True,False,1000,0.801124,24.8933,48.0003,5.93144,-0.055622,-9.7059,-8.1215,2.48903,-0.034162,1.48064,0.006,0.001,0.001,0.001,0,0.9458,0.001,0.001,0.013,0.006,0.0055,0.9817
alma-7b-slimgpt40-gen-dir-en-zh,alma-7b-slimgpt40-gen-dir-en-zh__alma10-greedy__d42253efcb5c,slimgpt,gen,40,dir,en-zh,en-zh,False,,ru-en,True,False,2016,0.800986,28.465,53.4273,4.89045,-0.043536,-8.5384,-7.1192,1.7778,-0.013099,0.573034,0.003,0.0005,0.002,0.002,0,0.9872,0,0.004,0.0228,0.003,0.0073,1.0086
alma-7b-slimgpt40-gen-dir-en-zh,alma-7b-slimgpt40-gen-dir-en-zh__alma10-greedy__d42253efcb5c,slimgpt,gen,40,dir,en-zh,en-zh,False,,zh-en,True,False,1875,0.752294,15.9304,41.4104,4.25895,-0.0444,-6.4909,-8.3339,1.55578,-0.001844,0.029146,0.0347,0.0027,0.0037,0.0037,0,0.8601,0.0192,0.0123,0.0443,0.0347,0.0048,0.8908
alma-7b-slimgpt40-gen-dir-en-zh,alma-7b-slimgpt40-gen-dir-en-zh__alma10-greedy__d42253efcb5c,slimgpt,gen,40,dir,en-zh,en-zh,False,,en-cs,False,False,2037,0.533927,5.8905,25.4339,16.1099,-0.345311,-20.5218,-24.5377,12.6261,-0.263498,9.21054,0.0785,0.0152,0.0407,0.0407,0,1.0277,0.0201,0.0265,0.1134,0.0785,0.0092,1.0713
alma-7b-slimgpt40-gen-dir-en-zh,alma-7b-slimgpt40-gen-dir-en-zh__alma10-greedy__d42253efcb5c,slimgpt,gen,40,dir,en-zh,en-zh,False,,en-de,False,False,2037,0.562473,7.0943,29.4383,8.84495,-0.286208,-21.1719,-25.0233,7.75144,-0.226521,6.71309,0.2003,0.0201,0.0319,0.0319,0,1.0555,0.0565,0.0108,0.2386,0.2003,0.0118,1.1499
alma-7b-slimgpt40-gen-dir-en-zh,alma-7b-slimgpt40-gen-dir-en-zh__alma10-greedy__d42253efcb5c,slimgpt,gen,40,dir,en-zh,en-zh,False,,en-is,False,False,1000,0.489178,0.2657,4.1005,11.6755,-0.355638,-23.6475,-44.9782,7.60326,-0.261677,2.51439,0.884,0.011,0.042,0.042,0,0.4458,0.011,0.015,0.913,0.884,0.0065,0.2936
alma-7b-slimgpt40-gen-dir-en-zh,alma-7b-slimgpt40-gen-dir-en-zh__alma10-greedy__d42253efcb5c,slimgpt,gen,40,dir,en-zh,en-zh,False,,en-ru,False,False,2037,0.641928,7.7752,28.5048,7.38085,-0.2211,-17.3737,-20.4761,5.11042,-0.158747,3.23823,0.137,0.0029,0.0059,0.0059,0,0.7658,0.0005,0.0461,0.187,0.137,0.0127,0.7682
alma-7b-slimgpt40-gen-dir-en-zh,alma-7b-slimgpt40-gen-dir-en-zh__alma10-greedy__d42253efcb5c,slimgpt,gen,40,dir,en-zh,en-zh,False,,en-zh,False,True,2037,0.785058,26.4215,21.4932,3.08591,-0.062616,-8.6219,-5.8989,1.22663,0.036293,-0.947005,0.0005,0.0005,0.0108,0.0108,0,0.9949,0.0005,0.1512,0.028,0.0005,0.0068,0.992
alma-7b-flap40-ref-dir-cs-en,alma-7b-flap40-ref-dir-cs-en__alma10-greedy__57a171bb924f,flap,ref,40,dir,cs-en,cs-en,False,,cs-en,True,True,1448,0.809155,30.1185,53.2654,6.05124,-0.046692,-11.2037,-9.3727,2.13932,-0.002812,0.111195,0.0048,0,0,0,0,0.9349,0.0007,0,0.009,0.0048,0.0062,0.9669
alma-7b-flap40-ref-dir-cs-en,alma-7b-flap40-ref-dir-cs-en__alma10-greedy__57a171bb924f,flap,ref,40,dir,cs-en,cs-en,False,,de-en,True,False,,,,,,,,,,,,,,,,,,,,,,,
alma-7b-flap40-ref-dir-cs-en,alma-7b-flap40-ref-dir-cs-en__alma10-greedy__57a171bb924f,flap,ref,40,dir,cs-en,cs-en,False,,is-en,True,False,,,,,,,,,,,,,,,,,,,,,,,
alma-7b-flap40-ref-dir-cs-en,alma-7b-flap40-ref-dir-cs-en__alma10-greedy__57a171bb924f,flap,ref,40,dir,cs-en,cs-en,False,,ru-en,True,False,,,,,,,,,,,,,,,,,,,,,,,
alma-7b-flap40-ref-dir-cs-en,alma-7b-flap40-ref-dir-cs-en__alma10-greedy__57a171bb924f,flap,ref,40,dir,cs-en,cs-en,False,,zh-en,True,False,,,,,,,,,,,,,,,,,,,,,,,
alma-7b-flap40-ref-dir-cs-en,alma-7b-flap40-ref-dir-cs-en__alma10-greedy__57a171bb924f,flap,ref,40,dir,cs-en,cs-en,False,,en-cs,False,False,,,,,,,,,,,,,,,,,,,,,,,
alma-7b-flap40-ref-dir-cs-en,alma-7b-flap40-ref-dir-cs-en__alma10-greedy__57a171bb924f,flap,ref,40,dir,cs-en,cs-en,False,,en-de,False,False,,,,,,,,,,,,,,,,,,,,,,,
alma-7b-flap40-ref-dir-cs-en,alma-7b-flap40-ref-dir-cs-en__alma10-greedy__57a171bb924f,flap,ref,40,dir,cs-en,cs-en,False,,en-is,False,False,,,,,,,,,,,,,,,,,,,,,,,
alma-7b-flap40-ref-dir-cs-en,alma-7b-flap40-ref-dir-cs-en__alma10-greedy__57a171bb924f,flap,ref,40,dir,cs-en,cs-en,False,,en-ru,False,False,,,,,,,,,,,,,,,,,,,,,,,
alma-7b-flap40-ref-dir-cs-en,alma-7b-flap40-ref-dir-cs-en__alma10-greedy__57a171bb924f,flap,ref,40,dir,cs-en,cs-en,False,,en-zh,False,False,,,,,,,,,,,,,,,,,,,,,,,
alma-7b-flap40-ref-dir-de-en,alma-7b-flap40-ref-dir-de-en__alma10-greedy__9e470f5efae5,flap,ref,40,dir,de-en,de-en,False,,cs-en,True,False,,,,,,,,,,,,,,,,,,,,,,,
alma-7b-flap40-ref-dir-de-en,alma-7b-flap40-ref-dir-de-en__alma10-greedy__9e470f5efae5,flap,ref,40,dir,de-en,de-en,False,,de-en,True,True,1984,0.79969,22.8628,46.5471,5.10879,-0.037853,-6.2096,-5.7756,1.6892,-0.001916,0.181057,0.001,0,0,0,0,0.8926,0.0005,0.0055,0.0035,0.001,0.0052,0.9258
alma-7b-flap40-ref-dir-de-en,alma-7b-flap40-ref-dir-de-en__alma10-greedy__9e470f5efae5,flap,ref,40,dir,de-en,de-en,False,,is-en,True,False,,,,,,,,,,,,,,,,,,,,,,,
alma-7b-flap40-ref-dir-de-en,alma-7b-flap40-ref-dir-de-en__alma10-greedy__9e470f5efae5,flap,ref,40,dir,de-en,de-en,False,,ru-en,True,False,,,,,,,,,,,,,,,,,,,,,,,
alma-7b-flap40-ref-dir-de-en,alma-7b-flap40-ref-dir-de-en__alma10-greedy__9e470f5efae5,flap,ref,40,dir,de-en,de-en,False,,zh-en,True,False,,,,,,,,,,,,,,,,,,,,,,,
alma-7b-flap40-ref-dir-de-en,alma-7b-flap40-ref-dir-de-en__alma10-greedy__9e470f5efae5,flap,ref,40,dir,de-en,de-en,False,,en-cs,False,False,,,,,,,,,,,,,,,,,,,,,,,
alma-7b-flap40-ref-dir-de-en,alma-7b-flap40-ref-dir-de-en__alma10-greedy__9e470f5efae5,flap,ref,40,dir,de-en,de-en,False,,en-de,False,False,,,,,,,,,,,,,,,,,,,,,,,
alma-7b-flap40-ref-dir-de-en,alma-7b-flap40-ref-dir-de-en__alma10-greedy__9e470f5efae5,flap,ref,40,dir,de-en,de-en,False,,en-is,False,False,,,,,,,,,,,,,,,,,,,,,,,
alma-7b-flap40-ref-dir-de-en,alma-7b-flap40-ref-dir-de-en__alma10-greedy__9e470f5efae5,flap,ref,40,dir,de-en,de-en,False,,en-ru,False,False,,,,,,,,,,,,,,,,,,,,,,,
alma-7b-flap40-ref-dir-de-en,alma-7b-flap40-ref-dir-de-en__alma10-greedy__9e470f5efae5,flap,ref,40,dir,de-en,de-en,False,,en-zh,False,False,,,,,,,,,,,,,,,,,,,,,,,
alma-7b-flap40-ref-dir-is-en,alma-7b-flap40-ref-dir-is-en__alma10-greedy__90bd20eb7f73,flap,ref,40,dir,is-en,is-en,False,,cs-en,True,False,,,,,,,,,,,,,,,,,,,,,,,
alma-7b-flap40-ref-dir-is-en,alma-7b-flap40-ref-dir-is-en__alma10-greedy__90bd20eb7f73,flap,ref,40,dir,is-en,is-en,False,,de-en,True,False,,,,,,,,,,,,,,,,,,,,,,,
alma-7b-flap40-ref-dir-is-en,alma-7b-flap40-ref-dir-is-en__alma10-greedy__90bd20eb7f73,flap,ref,40,dir,is-en,is-en,False,,is-en,True,True,1000,0.806012,24.3914,47.1968,5.56811,-0.050734,-10.2078,-8.925,2.1257,-0.000397,-0.068655,0.003,0.005,0.005,0.005,0,0.9455,0,0.001,0.01,0.003,0.0058,0.9826
alma-7b-flap40-ref-dir-is-en,alma-7b-flap40-ref-dir-is-en__alma10-greedy__90bd20eb7f73,flap,ref,40,dir,is-en,is-en,False,,ru-en,True,False,,,,,,,,,,,,,,,,,,,,,,,
alma-7b-flap40-ref-dir-is-en,alma-7b-flap40-ref-dir-is-en__alma10-greedy__90bd20eb7f73,flap,ref,40,dir,is-en,is-en,False,,zh-en,True,False,,,,,,,,,,,,,,,,,,,,,,,
alma-7b-flap40-ref-dir-is-en,alma-7b-flap40-ref-dir-is-en__alma10-greedy__90bd20eb7f73,flap,ref,40,dir,is-en,is-en,False,,en-cs,False,False,,,,,,,,,,,,,,,,,,,,,,,
alma-7b-flap40-ref-dir-is-en,alma-7b-flap40-ref-dir-is-en__alma10-greedy__90bd20eb7f73,flap,ref,40,dir,is-en,is-en,False,,en-de,False,False,,,,,,,,,,,,,,,,,,,,,,,
alma-7b-flap40-ref-dir-is-en,alma-7b-flap40-ref-dir-is-en__alma10-greedy__90bd20eb7f73,flap,ref,40,dir,is-en,is-en,False,,en-is,False,False,,,,,,,,,,,,,,,,,,,,,,,
alma-7b-flap40-ref-dir-is-en,alma-7b-flap40-ref-dir-is-en__alma10-greedy__90bd20eb7f73,flap,ref,40,dir,is-en,is-en,False,,en-ru,False,False,,,,,,,,,,,,,,,,,,,,,,,
alma-7b-flap40-ref-dir-is-en,alma-7b-flap40-ref-dir-is-en__alma10-greedy__90bd20eb7f73,flap,ref,40,dir,is-en,is-en,False,,en-zh,False,False,,,,,,,,,,,,,,,,,,,,,,,
alma-7b-flap40-ref-dir-ru-en,alma-7b-flap40-ref-dir-ru-en__alma10-greedy__45da86fd0af1,flap,ref,40,dir,ru-en,ru-en,False,,cs-en,True,False,,,,,,,,,,,,,,,,,,,,,,,
alma-7b-flap40-ref-dir-ru-en,alma-7b-flap40-ref-dir-ru-en__alma10-greedy__45da86fd0af1,flap,ref,40,dir,ru-en,ru-en,False,,de-en,True,False,,,,,,,,,,,,,,,,,,,,,,,
alma-7b-flap40-ref-dir-ru-en,alma-7b-flap40-ref-dir-ru-en__alma10-greedy__45da86fd0af1,flap,ref,40,dir,ru-en,ru-en,False,,is-en,True,False,,,,,,,,,,,,,,,,,,,,,,,
alma-7b-flap40-ref-dir-ru-en,alma-7b-flap40-ref-dir-ru-en__alma10-greedy__45da86fd0af1,flap,ref,40,dir,ru-en,ru-en,False,,ru-en,True,True,2016,0.79654,28.3722,53.5653,5.09233,-0.047982,-8.6312,-6.9812,1.97968,-0.001289,-0.010048,0,0.003,0.0025,0.0025,0,1.0235,0.0005,0.004,0.0124,0,0.0063,1.0616
alma-7b-flap40-ref-dir-ru-en,alma-7b-flap40-ref-dir-ru-en__alma10-greedy__45da86fd0af1,flap,ref,40,dir,ru-en,ru-en,False,,zh-en,True,False,,,,,,,,,,,,,,,,,,,,,,,
alma-7b-flap40-ref-dir-ru-en,alma-7b-flap40-ref-dir-ru-en__alma10-greedy__45da86fd0af1,flap,ref,40,dir,ru-en,ru-en,False,,en-cs,False,False,,,,,,,,,,,,,,,,,,,,,,,
alma-7b-flap40-ref-dir-ru-en,alma-7b-flap40-ref-dir-ru-en__alma10-greedy__45da86fd0af1,flap,ref,40,dir,ru-en,ru-en,False,,en-de,False,False,,,,,,,,,,,,,,,,,,,,,,,
alma-7b-flap40-ref-dir-ru-en,alma-7b-flap40-ref-dir-ru-en__alma10-greedy__45da86fd0af1,flap,ref,40,dir,ru-en,ru-en,False,,en-is,False,False,,,,,,,,,,,,,,,,,,,,,,,
alma-7b-flap40-ref-dir-ru-en,alma-7b-flap40-ref-dir-ru-en__alma10-greedy__45da86fd0af1,flap,ref,40,dir,ru-en,ru-en,False,,en-ru,False,False,,,,,,,,,,,,,,,,,,,,,,,
alma-7b-flap40-ref-dir-ru-en,alma-7b-flap40-ref-dir-ru-en__alma10-greedy__45da86fd0af1,flap,ref,40,dir,ru-en,ru-en,False,,en-zh,False,False,,,,,,,,,,,,,,,,,,,,,,,
alma-7b-flap40-ref-dir-zh-en,alma-7b-flap40-ref-dir-zh-en__alma10-greedy__8e87497e36ef,flap,ref,40,dir,zh-en,zh-en,False,,cs-en,True,False,,,,,,,,,,,,,,,,,,,,,,,
alma-7b-flap40-ref-dir-zh-en,alma-7b-flap40-ref-dir-zh-en__alma10-greedy__8e87497e36ef,flap,ref,40,dir,zh-en,zh-en,False,,de-en,True,False,,,,,,,,,,,,,,,,,,,,,,,
alma-7b-flap40-ref-dir-zh-en,alma-7b-flap40-ref-dir-zh-en__alma10-greedy__8e87497e36ef,flap,ref,40,dir,zh-en,zh-en,False,,is-en,True,False,,,,,,,,,,,,,,,,,,,,,,,
alma-7b-flap40-ref-dir-zh-en,alma-7b-flap40-ref-dir-zh-en__alma10-greedy__8e87497e36ef,flap,ref,40,dir,zh-en,zh-en,False,,ru-en,True,False,,,,,,,,,,,,,,,,,,,,,,,
alma-7b-flap40-ref-dir-zh-en,alma-7b-flap40-ref-dir-zh-en__alma10-greedy__8e87497e36ef,flap,ref,40,dir,zh-en,zh-en,False,,zh-en,True,True,1875,0.734731,15.2253,40.7803,5.05225,-0.061963,-7.196,-8.964,2.34908,0.002865,-0.161344,0.0085,0.0037,0.0053,0.0053,0,0.8657,0.0037,0.0144,0.0197,0.0085,0.0044,0.9118
alma-7b-flap40-ref-dir-zh-en,alma-7b-flap40-ref-dir-zh-en__alma10-greedy__8e87497e36ef,flap,ref,40,dir,zh-en,zh-en,False,,en-cs,False,False,,,,,,,,,,,,,,,,,,,,,,,
alma-7b-flap40-ref-dir-zh-en,alma-7b-flap40-ref-dir-zh-en__alma10-greedy__8e87497e36ef,flap,ref,40,dir,zh-en,zh-en,False,,en-de,False,False,,,,,,,,,,,,,,,,,,,,,,,
alma-7b-flap40-ref-dir-zh-en,alma-7b-flap40-ref-dir-zh-en__alma10-greedy__8e87497e36ef,flap,ref,40,dir,zh-en,zh-en,False,,en-is,False,False,,,,,,,,,,,,,,,,,,,,,,,
alma-7b-flap40-ref-dir-zh-en,alma-7b-flap40-ref-dir-zh-en__alma10-greedy__8e87497e36ef,flap,ref,40,dir,zh-en,zh-en,False,,en-ru,False,False,,,,,,,,,,,,,,,,,,,,,,,
alma-7b-flap40-ref-dir-zh-en,alma-7b-flap40-ref-dir-zh-en__alma10-greedy__8e87497e36ef,flap,ref,40,dir,zh-en,zh-en,False,,en-zh,False,False,,,,,,,,,,,,,,,,,,,,,,,
alma-7b-flap40-ref-dir-en-cs,alma-7b-flap40-ref-dir-en-cs__alma10-greedy__2dbaaa6f69a6,flap,ref,40,dir,en-cs,en-cs,False,,cs-en,True,False,,,,,,,,,,,,,,,,,,,,,,,
alma-7b-flap40-ref-dir-en-cs,alma-7b-flap40-ref-dir-en-cs__alma10-greedy__2dbaaa6f69a6,flap,ref,40,dir,en-cs,en-cs,False,,de-en,True,False,,,,,,,,,,,,,,,,,,,,,,,
alma-7b-flap40-ref-dir-en-cs,alma-7b-flap40-ref-dir-en-cs__alma10-greedy__2dbaaa6f69a6,flap,ref,40,dir,en-cs,en-cs,False,,is-en,True,False,,,,,,,,,,,,,,,,,,,,,,,
alma-7b-flap40-ref-dir-en-cs,alma-7b-flap40-ref-dir-en-cs__alma10-greedy__2dbaaa6f69a6,flap,ref,40,dir,en-cs,en-cs,False,,ru-en,True,False,,,,,,,,,,,,,,,,,,,,,,,
alma-7b-flap40-ref-dir-en-cs,alma-7b-flap40-ref-dir-en-cs__alma10-greedy__2dbaaa6f69a6,flap,ref,40,dir,en-cs,en-cs,False,,zh-en,True,False,,,,,,,,,,,,,,,,,,,,,,,
alma-7b-flap40-ref-dir-en-cs,alma-7b-flap40-ref-dir-en-cs__alma10-greedy__2dbaaa6f69a6,flap,ref,40,dir,en-cs,en-cs,False,,en-cs,False,True,2037,0.749556,16.1548,38.6545,8.54974,-0.129682,-10.2575,-11.3171,5.06599,0.027287,-1.03457,0.0015,0.0029,0.0074,0.0074,0,0.9444,0.0005,0.0152,0.0182,0.0015,0.01,0.9869
alma-7b-flap40-ref-dir-en-cs,alma-7b-flap40-ref-dir-en-cs__alma10-greedy__2dbaaa6f69a6,flap,ref,40,dir,en-cs,en-cs,False,,en-de,False,False,,,,,,,,,,,,,,,,,,,,,,,
alma-7b-flap40-ref-dir-en-cs,alma-7b-flap40-ref-dir-en-cs__alma10-greedy__2dbaaa6f69a6,flap,ref,40,dir,en-cs,en-cs,False,,en-is,False,False,,,,,,,,,,,,,,,,,,,,,,,
alma-7b-flap40-ref-dir-en-cs,alma-7b-flap40-ref-dir-en-cs__alma10-greedy__2dbaaa6f69a6,flap,ref,40,dir,en-cs,en-cs,False,,en-ru,False,False,,,,,,,,,,,,,,,,,,,,,,,
alma-7b-flap40-ref-dir-en-cs,alma-7b-flap40-ref-dir-en-cs__alma10-greedy__2dbaaa6f69a6,flap,ref,40,dir,en-cs,en-cs,False,,en-zh,False,False,,,,,,,,,,,,,,,,,,,,,,,
alma-7b-flap40-ref-dir-en-de,alma-7b-flap40-ref-dir-en-de__alma10-greedy__b57061ea3406,flap,ref,40,dir,en-de,en-de,False,,cs-en,True,False,,,,,,,,,,,,,,,,,,,,,,,
alma-7b-flap40-ref-dir-en-de,alma-7b-flap40-ref-dir-en-de__alma10-greedy__b57061ea3406,flap,ref,40,dir,en-de,en-de,False,,de-en,True,False,,,,,,,,,,,,,,,,,,,,,,,
alma-7b-flap40-ref-dir-en-de,alma-7b-flap40-ref-dir-en-de__alma10-greedy__b57061ea3406,flap,ref,40,dir,en-de,en-de,False,,is-en,True,False,,,,,,,,,,,,,,,,,,,,,,,
alma-7b-flap40-ref-dir-en-de,alma-7b-flap40-ref-dir-en-de__alma10-greedy__b57061ea3406,flap,ref,40,dir,en-de,en-de,False,,ru-en,True,False,,,,,,,,,,,,,,,,,,,,,,,
alma-7b-flap40-ref-dir-en-de,alma-7b-flap40-ref-dir-en-de__alma10-greedy__b57061ea3406,flap,ref,40,dir,en-de,en-de,False,,zh-en,True,False,,,,,,,,,,,,,,,,,,,,,,,
alma-7b-flap40-ref-dir-en-de,alma-7b-flap40-ref-dir-en-de__alma10-greedy__b57061ea3406,flap,ref,40,dir,en-de,en-de,False,,en-cs,False,False,,,,,,,,,,,,,,,,,,,,,,,
alma-7b-flap40-ref-dir-en-de,alma-7b-flap40-ref-dir-en-de__alma10-greedy__b57061ea3406,flap,ref,40,dir,en-de,en-de,False,,en-de,False,True,2037,0.76952,20.9334,46.4307,2.70119,-0.079161,-7.3328,-8.0309,1.60768,0.011006,-0.061018,0.0275,0,0.0025,0.0025,0,0.9554,0.025,0.0049,0.0309,0.0275,0.0158,0.9865
alma-7b-flap40-ref-dir-en-de,alma-7b-flap40-ref-dir-en-de__alma10-greedy__b57061ea3406,flap,ref,40,dir,en-de,en-de,False,,en-is,False,False,,,,,,,,,,,,,,,,,,,,,,,
alma-7b-flap40-ref-dir-en-de,alma-7b-flap40-ref-dir-en-de__alma10-greedy__b57061ea3406,flap,ref,40,dir,en-de,en-de,False,,en-ru,False,False,,,,,,,,,,,,,,,,,,,,,,,
alma-7b-flap40-ref-dir-en-de,alma-7b-flap40-ref-dir-en-de__alma10-greedy__b57061ea3406,flap,ref,40,dir,en-de,en-de,False,,en-zh,False,False,,,,,,,,,,,,,,,,,,,,,,,
alma-7b-flap40-ref-dir-en-is,alma-7b-flap40-ref-dir-en-is__alma10-greedy__af1efa65e4ee,flap,ref,40,dir,en-is,en-is,False,,cs-en,True,False,,,,,,,,,,,,,,,,,,,,,,,
alma-7b-flap40-ref-dir-en-is,alma-7b-flap40-ref-dir-en-is__alma10-greedy__af1efa65e4ee,flap,ref,40,dir,en-is,en-is,False,,de-en,True,False,,,,,,,,,,,,,,,,,,,,,,,
alma-7b-flap40-ref-dir-en-is,alma-7b-flap40-ref-dir-en-is__alma10-greedy__af1efa65e4ee,flap,ref,40,dir,en-is,en-is,False,,is-en,True,False,,,,,,,,,,,,,,,,,,,,,,,
alma-7b-flap40-ref-dir-en-is,alma-7b-flap40-ref-dir-en-is__alma10-greedy__af1efa65e4ee,flap,ref,40,dir,en-is,en-is,False,,ru-en,True,False,,,,,,,,,,,,,,,,,,,,,,,
alma-7b-flap40-ref-dir-en-is,alma-7b-flap40-ref-dir-en-is__alma10-greedy__af1efa65e4ee,flap,ref,40,dir,en-is,en-is,False,,zh-en,True,False,,,,,,,,,,,,,,,,,,,,,,,
alma-7b-flap40-ref-dir-en-is,alma-7b-flap40-ref-dir-en-is__alma10-greedy__af1efa65e4ee,flap,ref,40,dir,en-is,en-is,False,,en-cs,False,False,,,,,,,,,,,,,,,,,,,,,,,
alma-7b-flap40-ref-dir-en-is,alma-7b-flap40-ref-dir-en-is__alma10-greedy__af1efa65e4ee,flap,ref,40,dir,en-is,en-is,False,,en-de,False,False,,,,,,,,,,,,,,,,,,,,,,,
alma-7b-flap40-ref-dir-en-is,alma-7b-flap40-ref-dir-en-is__alma10-greedy__af1efa65e4ee,flap,ref,40,dir,en-is,en-is,False,,en-is,False,True,1000,0.657234,11.5911,33.7276,12.9052,-0.187582,-12.3221,-15.3511,8.83289,0.076572,-2.80077,0.002,0.011,0.037,0.037,0,0.9509,0,0.001,0.007,0.002,0.0042,1.0252
alma-7b-flap40-ref-dir-en-is,alma-7b-flap40-ref-dir-en-is__alma10-greedy__af1efa65e4ee,flap,ref,40,dir,en-is,en-is,False,,en-ru,False,False,,,,,,,,,,,,,,,,,,,,,,,
alma-7b-flap40-ref-dir-en-is,alma-7b-flap40-ref-dir-en-is__alma10-greedy__af1efa65e4ee,flap,ref,40,dir,en-is,en-is,False,,en-zh,False,False,,,,,,,,,,,,,,,,,,,,,,,
alma-7b-flap40-ref-dir-en-ru,alma-7b-flap40-ref-dir-en-ru__alma10-greedy__c071d80cfbaf,flap,ref,40,dir,en-ru,en-ru,False,,cs-en,True,False,,,,,,,,,,,,,,,,,,,,,,,
alma-7b-flap40-ref-dir-en-ru,alma-7b-flap40-ref-dir-en-ru__alma10-greedy__c071d80cfbaf,flap,ref,40,dir,en-ru,en-ru,False,,de-en,True,False,,,,,,,,,,,,,,,,,,,,,,,
alma-7b-flap40-ref-dir-en-ru,alma-7b-flap40-ref-dir-en-ru__alma10-greedy__c071d80cfbaf,flap,ref,40,dir,en-ru,en-ru,False,,is-en,True,False,,,,,,,,,,,,,,,,,,,,,,,
alma-7b-flap40-ref-dir-en-ru,alma-7b-flap40-ref-dir-en-ru__alma10-greedy__c071d80cfbaf,flap,ref,40,dir,en-ru,en-ru,False,,ru-en,True,False,,,,,,,,,,,,,,,,,,,,,,,
alma-7b-flap40-ref-dir-en-ru,alma-7b-flap40-ref-dir-en-ru__alma10-greedy__c071d80cfbaf,flap,ref,40,dir,en-ru,en-ru,False,,zh-en,True,False,,,,,,,,,,,,,,,,,,,,,,,
alma-7b-flap40-ref-dir-en-ru,alma-7b-flap40-ref-dir-en-ru__alma10-greedy__c071d80cfbaf,flap,ref,40,dir,en-ru,en-ru,False,,en-cs,False,False,,,,,,,,,,,,,,,,,,,,,,,
alma-7b-flap40-ref-dir-en-ru,alma-7b-flap40-ref-dir-en-ru__alma10-greedy__c071d80cfbaf,flap,ref,40,dir,en-ru,en-ru,False,,en-de,False,False,,,,,,,,,,,,,,,,,,,,,,,
alma-7b-flap40-ref-dir-en-ru,alma-7b-flap40-ref-dir-en-ru__alma10-greedy__c071d80cfbaf,flap,ref,40,dir,en-ru,en-ru,False,,en-is,False,False,,,,,,,,,,,,,,,,,,,,,,,
alma-7b-flap40-ref-dir-en-ru,alma-7b-flap40-ref-dir-en-ru__alma10-greedy__c071d80cfbaf,flap,ref,40,dir,en-ru,en-ru,False,,en-ru,False,True,2037,0.75694,16.1285,39.5524,5.55015,-0.106088,-9.0204,-9.4285,3.27971,0.004925,-0.242845,0.0005,0.0025,0.0079,0.0079,0,0.9448,0.0005,0.0162,0.0349,0.0005,0.0138,0.9922
alma-7b-flap40-ref-dir-en-ru,alma-7b-flap40-ref-dir-en-ru__alma10-greedy__c071d80cfbaf,flap,ref,40,dir,en-ru,en-ru,False,,en-zh,False,False,,,,,,,,,,,,,,,,,,,,,,,
alma-7b-flap40-ref-dir-en-zh,alma-7b-flap40-ref-dir-en-zh__alma10-greedy__a4bfa8c5d624,flap,ref,40,dir,en-zh,en-zh,False,,cs-en,True,False,,,,,,,,,,,,,,,,,,,,,,,
alma-7b-flap40-ref-dir-en-zh,alma-7b-flap40-ref-dir-en-zh__alma10-greedy__a4bfa8c5d624,flap,ref,40,dir,en-zh,en-zh,False,,de-en,True,False,,,,,,,,,,,,,,,,,,,,,,,
alma-7b-flap40-ref-dir-en-zh,alma-7b-flap40-ref-dir-en-zh__alma10-greedy__a4bfa8c5d624,flap,ref,40,dir,en-zh,en-zh,False,,is-en,True,False,,,,,,,,,,,,,,,,,,,,,,,
alma-7b-flap40-ref-dir-en-zh,alma-7b-flap40-ref-dir-en-zh__alma10-greedy__a4bfa8c5d624,flap,ref,40,dir,en-zh,en-zh,False,,ru-en,True,False,,,,,,,,,,,,,,,,,,,,,,,
alma-7b-flap40-ref-dir-en-zh,alma-7b-flap40-ref-dir-en-zh__alma10-greedy__a4bfa8c5d624,flap,ref,40,dir,en-zh,en-zh,False,,zh-en,True,False,,,,,,,,,,,,,,,,,,,,,,,
alma-7b-flap40-ref-dir-en-zh,alma-7b-flap40-ref-dir-en-zh__alma10-greedy__a4bfa8c5d624,flap,ref,40,dir,en-zh,en-zh,False,,en-cs,False,False,,,,,,,,,,,,,,,,,,,,,,,
alma-7b-flap40-ref-dir-en-zh,alma-7b-flap40-ref-dir-en-zh__alma10-greedy__a4bfa8c5d624,flap,ref,40,dir,en-zh,en-zh,False,,en-de,False,False,,,,,,,,,,,,,,,,,,,,,,,
alma-7b-flap40-ref-dir-en-zh,alma-7b-flap40-ref-dir-en-zh__alma10-greedy__a4bfa8c5d624,flap,ref,40,dir,en-zh,en-zh,False,,en-is,False,False,,,,,,,,,,,,,,,,,,,,,,,
alma-7b-flap40-ref-dir-en-zh,alma-7b-flap40-ref-dir-en-zh__alma10-greedy__a4bfa8c5d624,flap,ref,40,dir,en-zh,en-zh,False,,en-ru,False,False,,,,,,,,,,,,,,,,,,,,,,,
alma-7b-flap40-ref-dir-en-zh,alma-7b-flap40-ref-dir-en-zh__alma10-greedy__a4bfa8c5d624,flap,ref,40,dir,en-zh,en-zh,False,,en-zh,False,True,2037,0.712667,18.7087,14.7541,4.96023,-0.135007,-16.3347,-12.638,3.10095,0.062148,-1.34146,0,0,0.0064,0.0064,0,0.8637,0,0.2121,0.028,0,0.0081,0.8757
alma-7b-flap40-gen-dir-cs-en,alma-7b-flap40-gen-dir-cs-en__alma10-greedy__3ac83709edf5,flap,gen,40,dir,cs-en,cs-en,False,,cs-en,True,True,1448,0.80894,30.2235,53.5478,6.12586,-0.046907,-11.0987,-9.0903,2.21394,-0.002662,0.254068,0.0041,0.0007,0.0007,0.0007,0,0.9408,0.0007,0,0.009,0.0041,0.0062,0.971
alma-7b-flap40-gen-dir-cs-en,alma-7b-flap40-gen-dir-cs-en__alma10-greedy__3ac83709edf5,flap,gen,40,dir,cs-en,cs-en,False,,de-en,True,False,,,,,,,,,,,,,,,,,,,,,,,
alma-7b-flap40-gen-dir-cs-en,alma-7b-flap40-gen-dir-cs-en__alma10-greedy__3ac83709edf5,flap,gen,40,dir,cs-en,cs-en,False,,is-en,True,False,,,,,,,,,,,,,,,,,,,,,,,
alma-7b-flap40-gen-dir-cs-en,alma-7b-flap40-gen-dir-cs-en__alma10-greedy__3ac83709edf5,flap,gen,40,dir,cs-en,cs-en,False,,ru-en,True,False,,,,,,,,,,,,,,,,,,,,,,,
alma-7b-flap40-gen-dir-cs-en,alma-7b-flap40-gen-dir-cs-en__alma10-greedy__3ac83709edf5,flap,gen,40,dir,cs-en,cs-en,False,,zh-en,True,False,,,,,,,,,,,,,,,,,,,,,,,
alma-7b-flap40-gen-dir-cs-en,alma-7b-flap40-gen-dir-cs-en__alma10-greedy__3ac83709edf5,flap,gen,40,dir,cs-en,cs-en,False,,en-cs,False,False,,,,,,,,,,,,,,,,,,,,,,,
alma-7b-flap40-gen-dir-cs-en,alma-7b-flap40-gen-dir-cs-en__alma10-greedy__3ac83709edf5,flap,gen,40,dir,cs-en,cs-en,False,,en-de,False,False,,,,,,,,,,,,,,,,,,,,,,,
alma-7b-flap40-gen-dir-cs-en,alma-7b-flap40-gen-dir-cs-en__alma10-greedy__3ac83709edf5,flap,gen,40,dir,cs-en,cs-en,False,,en-is,False,False,,,,,,,,,,,,,,,,,,,,,,,
alma-7b-flap40-gen-dir-cs-en,alma-7b-flap40-gen-dir-cs-en__alma10-greedy__3ac83709edf5,flap,gen,40,dir,cs-en,cs-en,False,,en-ru,False,False,,,,,,,,,,,,,,,,,,,,,,,
alma-7b-flap40-gen-dir-cs-en,alma-7b-flap40-gen-dir-cs-en__alma10-greedy__3ac83709edf5,flap,gen,40,dir,cs-en,cs-en,False,,en-zh,False,False,,,,,,,,,,,,,,,,,,,,,,,
alma-7b-flap40-gen-dir-de-en,alma-7b-flap40-gen-dir-de-en__alma10-greedy__55faccecab3b,flap,gen,40,dir,de-en,de-en,False,,cs-en,True,False,,,,,,,,,,,,,,,,,,,,,,,
alma-7b-flap40-gen-dir-de-en,alma-7b-flap40-gen-dir-de-en__alma10-greedy__55faccecab3b,flap,gen,40,dir,de-en,de-en,False,,de-en,True,True,1984,0.799916,22.9368,46.5189,5.11843,-0.037627,-6.1356,-5.8038,1.69884,-0.00145,0.169956,0.002,0.0005,0.0005,0.0005,0,0.899,0.001,0.005,0.0045,0.002,0.0053,0.9291
alma-7b-flap40-gen-dir-de-en,alma-7b-flap40-gen-dir-de-en__alma10-greedy__55faccecab3b,flap,gen,40,dir,de-en,de-en,False,,is-en,True,False,,,,,,,,,,,,,,,,,,,,,,,
alma-7b-flap40-gen-dir-de-en,alma-7b-flap40-gen-dir-de-en__alma10-greedy__55faccecab3b,flap,gen,40,dir,de-en,de-en,False,,ru-en,True,False,,,,,,,,,,,,,,,,,,,,,,,
alma-7b-flap40-gen-dir-de-en,alma-7b-flap40-gen-dir-de-en__alma10-greedy__55faccecab3b,flap,gen,40,dir,de-en,de-en,False,,zh-en,True,False,,,,,,,,,,,,,,,,,,,,,,,
alma-7b-flap40-gen-dir-de-en,alma-7b-flap40-gen-dir-de-en__alma10-greedy__55faccecab3b,flap,gen,40,dir,de-en,de-en,False,,en-cs,False,False,,,,,,,,,,,,,,,,,,,,,,,
alma-7b-flap40-gen-dir-de-en,alma-7b-flap40-gen-dir-de-en__alma10-greedy__55faccecab3b,flap,gen,40,dir,de-en,de-en,False,,en-de,False,False,,,,,,,,,,,,,,,,,,,,,,,
alma-7b-flap40-gen-dir-de-en,alma-7b-flap40-gen-dir-de-en__alma10-greedy__55faccecab3b,flap,gen,40,dir,de-en,de-en,False,,en-is,False,False,,,,,,,,,,,,,,,,,,,,,,,
alma-7b-flap40-gen-dir-de-en,alma-7b-flap40-gen-dir-de-en__alma10-greedy__55faccecab3b,flap,gen,40,dir,de-en,de-en,False,,en-ru,False,False,,,,,,,,,,,,,,,,,,,,,,,
alma-7b-flap40-gen-dir-de-en,alma-7b-flap40-gen-dir-de-en__alma10-greedy__55faccecab3b,flap,gen,40,dir,de-en,de-en,False,,en-zh,False,False,,,,,,,,,,,,,,,,,,,,,,,
alma-7b-flap40-gen-dir-is-en,alma-7b-flap40-gen-dir-is-en__alma10-greedy__120f8829a1f4,flap,gen,40,dir,is-en,is-en,False,,cs-en,True,False,,,,,,,,,,,,,,,,,,,,,,,
alma-7b-flap40-gen-dir-is-en,alma-7b-flap40-gen-dir-is-en__alma10-greedy__120f8829a1f4,flap,gen,40,dir,is-en,is-en,False,,de-en,True,False,,,,,,,,,,,,,,,,,,,,,,,
alma-7b-flap40-gen-dir-is-en,alma-7b-flap40-gen-dir-is-en__alma10-greedy__120f8829a1f4,flap,gen,40,dir,is-en,is-en,False,,is-en,True,True,1000,0.80804,24.8549,47.6096,5.44266,-0.048706,-9.7443,-8.5122,2.00025,0.002753,-0.221398,0.003,0.004,0.004,0.004,0,0.9501,0,0.001,0.013,0.003,0.0059,0.9757
alma-7b-flap40-gen-dir-is-en,alma-7b-flap40-gen-dir-is-en__alma10-greedy__120f8829a1f4,flap,gen,40,dir,is-en,is-en,False,,ru-en,True,False,,,,,,,,,,,,,,,,,,,,,,,
alma-7b-flap40-gen-dir-is-en,alma-7b-flap40-gen-dir-is-en__alma10-greedy__120f8829a1f4,flap,gen,40,dir,is-en,is-en,False,,zh-en,True,False,,,,,,,,,,,,,,,,,,,,,,,
alma-7b-flap40-gen-dir-is-en,alma-7b-flap40-gen-dir-is-en__alma10-greedy__120f8829a1f4,flap,gen,40,dir,is-en,is-en,False,,en-cs,False,False,,,,,,,,,,,,,,,,,,,,,,,
alma-7b-flap40-gen-dir-is-en,alma-7b-flap40-gen-dir-is-en__alma10-greedy__120f8829a1f4,flap,gen,40,dir,is-en,is-en,False,,en-de,False,False,,,,,,,,,,,,,,,,,,,,,,,
alma-7b-flap40-gen-dir-is-en,alma-7b-flap40-gen-dir-is-en__alma10-greedy__120f8829a1f4,flap,gen,40,dir,is-en,is-en,False,,en-is,False,False,,,,,,,,,,,,,,,,,,,,,,,
alma-7b-flap40-gen-dir-is-en,alma-7b-flap40-gen-dir-is-en__alma10-greedy__120f8829a1f4,flap,gen,40,dir,is-en,is-en,False,,en-ru,False,False,,,,,,,,,,,,,,,,,,,,,,,
alma-7b-flap40-gen-dir-is-en,alma-7b-flap40-gen-dir-is-en__alma10-greedy__120f8829a1f4,flap,gen,40,dir,is-en,is-en,False,,en-zh,False,False,,,,,,,,,,,,,,,,,,,,,,,
alma-7b-flap40-gen-dir-ru-en,alma-7b-flap40-gen-dir-ru-en__alma10-greedy__43358da0f5cb,flap,gen,40,dir,ru-en,ru-en,False,,cs-en,True,False,,,,,,,,,,,,,,,,,,,,,,,
alma-7b-flap40-gen-dir-ru-en,alma-7b-flap40-gen-dir-ru-en__alma10-greedy__43358da0f5cb,flap,gen,40,dir,ru-en,ru-en,False,,de-en,True,False,,,,,,,,,,,,,,,,,,,,,,,
alma-7b-flap40-gen-dir-ru-en,alma-7b-flap40-gen-dir-ru-en__alma10-greedy__43358da0f5cb,flap,gen,40,dir,ru-en,ru-en,False,,is-en,True,False,,,,,,,,,,,,,,,,,,,,,,,
alma-7b-flap40-gen-dir-ru-en,alma-7b-flap40-gen-dir-ru-en__alma10-greedy__43358da0f5cb,flap,gen,40,dir,ru-en,ru-en,False,,ru-en,True,True,2016,0.795659,28.8182,53.8919,5.15257,-0.048863,-8.1852,-6.6546,2.03992,-0.000824,0.03737,0,0.0035,0.002,0.002,0,1.0093,0.0005,0.0045,0.0129,0,0.0066,1.0533
alma-7b-flap40-gen-dir-ru-en,alma-7b-flap40-gen-dir-ru-en__alma10-greedy__43358da0f5cb,flap,gen,40,dir,ru-en,ru-en,False,,zh-en,True,False,,,,,,,,,,,,,,,,,,,,,,,
alma-7b-flap40-gen-dir-ru-en,alma-7b-flap40-gen-dir-ru-en__alma10-greedy__43358da0f5cb,flap,gen,40,dir,ru-en,ru-en,False,,en-cs,False,False,,,,,,,,,,,,,,,,,,,,,,,
alma-7b-flap40-gen-dir-ru-en,alma-7b-flap40-gen-dir-ru-en__alma10-greedy__43358da0f5cb,flap,gen,40,dir,ru-en,ru-en,False,,en-de,False,False,,,,,,,,,,,,,,,,,,,,,,,
alma-7b-flap40-gen-dir-ru-en,alma-7b-flap40-gen-dir-ru-en__alma10-greedy__43358da0f5cb,flap,gen,40,dir,ru-en,ru-en,False,,en-is,False,False,,,,,,,,,,,,,,,,,,,,,,,
alma-7b-flap40-gen-dir-ru-en,alma-7b-flap40-gen-dir-ru-en__alma10-greedy__43358da0f5cb,flap,gen,40,dir,ru-en,ru-en,False,,en-ru,False,False,,,,,,,,,,,,,,,,,,,,,,,
alma-7b-flap40-gen-dir-ru-en,alma-7b-flap40-gen-dir-ru-en__alma10-greedy__43358da0f5cb,flap,gen,40,dir,ru-en,ru-en,False,,en-zh,False,False,,,,,,,,,,,,,,,,,,,,,,,
alma-7b-flap40-gen-dir-zh-en,alma-7b-flap40-gen-dir-zh-en__alma10-greedy__87878d1d197b,flap,gen,40,dir,zh-en,zh-en,False,,cs-en,True,False,,,,,,,,,,,,,,,,,,,,,,,
alma-7b-flap40-gen-dir-zh-en,alma-7b-flap40-gen-dir-zh-en__alma10-greedy__87878d1d197b,flap,gen,40,dir,zh-en,zh-en,False,,de-en,True,False,,,,,,,,,,,,,,,,,,,,,,,
alma-7b-flap40-gen-dir-zh-en,alma-7b-flap40-gen-dir-zh-en__alma10-greedy__87878d1d197b,flap,gen,40,dir,zh-en,zh-en,False,,is-en,True,False,,,,,,,,,,,,,,,,,,,,,,,
alma-7b-flap40-gen-dir-zh-en,alma-7b-flap40-gen-dir-zh-en__alma10-greedy__87878d1d197b,flap,gen,40,dir,zh-en,zh-en,False,,ru-en,True,False,,,,,,,,,,,,,,,,,,,,,,,
alma-7b-flap40-gen-dir-zh-en,alma-7b-flap40-gen-dir-zh-en__alma10-greedy__87878d1d197b,flap,gen,40,dir,zh-en,zh-en,False,,zh-en,True,True,1875,0.733709,15.2508,41.0189,5.07569,-0.062985,-7.1705,-8.7254,2.37253,0.00489,-0.180583,0.008,0.0032,0.0059,0.0059,0,0.8758,0.0043,0.0101,0.0181,0.008,0.0043,0.9195
alma-7b-flap40-gen-dir-zh-en,alma-7b-flap40-gen-dir-zh-en__alma10-greedy__87878d1d197b,flap,gen,40,dir,zh-en,zh-en,False,,en-cs,False,False,,,,,,,,,,,,,,,,,,,,,,,
alma-7b-flap40-gen-dir-zh-en,alma-7b-flap40-gen-dir-zh-en__alma10-greedy__87878d1d197b,flap,gen,40,dir,zh-en,zh-en,False,,en-de,False,False,,,,,,,,,,,,,,,,,,,,,,,
alma-7b-flap40-gen-dir-zh-en,alma-7b-flap40-gen-dir-zh-en__alma10-greedy__87878d1d197b,flap,gen,40,dir,zh-en,zh-en,False,,en-is,False,False,,,,,,,,,,,,,,,,,,,,,,,
alma-7b-flap40-gen-dir-zh-en,alma-7b-flap40-gen-dir-zh-en__alma10-greedy__87878d1d197b,flap,gen,40,dir,zh-en,zh-en,False,,en-ru,False,False,,,,,,,,,,,,,,,,,,,,,,,
alma-7b-flap40-gen-dir-zh-en,alma-7b-flap40-gen-dir-zh-en__alma10-greedy__87878d1d197b,flap,gen,40,dir,zh-en,zh-en,False,,en-zh,False,False,,,,,,,,,,,,,,,,,,,,,,,
alma-7b-flap40-gen-dir-en-cs,alma-7b-flap40-gen-dir-en-cs__alma10-greedy__cf04f99519d2,flap,gen,40,dir,en-cs,en-cs,False,,cs-en,True,False,,,,,,,,,,,,,,,,,,,,,,,
alma-7b-flap40-gen-dir-en-cs,alma-7b-flap40-gen-dir-en-cs__alma10-greedy__cf04f99519d2,flap,gen,40,dir,en-cs,en-cs,False,,de-en,True,False,,,,,,,,,,,,,,,,,,,,,,,
alma-7b-flap40-gen-dir-en-cs,alma-7b-flap40-gen-dir-en-cs__alma10-greedy__cf04f99519d2,flap,gen,40,dir,en-cs,en-cs,False,,is-en,True,False,,,,,,,,,,,,,,,,,,,,,,,
alma-7b-flap40-gen-dir-en-cs,alma-7b-flap40-gen-dir-en-cs__alma10-greedy__cf04f99519d2,flap,gen,40,dir,en-cs,en-cs,False,,ru-en,True,False,,,,,,,,,,,,,,,,,,,,,,,
alma-7b-flap40-gen-dir-en-cs,alma-7b-flap40-gen-dir-en-cs__alma10-greedy__cf04f99519d2,flap,gen,40,dir,en-cs,en-cs,False,,zh-en,True,False,,,,,,,,,,,,,,,,,,,,,,,
alma-7b-flap40-gen-dir-en-cs,alma-7b-flap40-gen-dir-en-cs__alma10-greedy__cf04f99519d2,flap,gen,40,dir,en-cs,en-cs,False,,en-cs,False,True,2037,0.748353,16.1847,38.3506,8.51389,-0.130885,-10.2276,-11.621,5.03013,0.022044,-0.803458,0.0029,0.0049,0.0118,0.0118,0,0.9744,0,0.0152,0.0245,0.0029,0.0099,1.0106
alma-7b-flap40-gen-dir-en-cs,alma-7b-flap40-gen-dir-en-cs__alma10-greedy__cf04f99519d2,flap,gen,40,dir,en-cs,en-cs,False,,en-de,False,False,,,,,,,,,,,,,,,,,,,,,,,
alma-7b-flap40-gen-dir-en-cs,alma-7b-flap40-gen-dir-en-cs__alma10-greedy__cf04f99519d2,flap,gen,40,dir,en-cs,en-cs,False,,en-is,False,False,,,,,,,,,,,,,,,,,,,,,,,
alma-7b-flap40-gen-dir-en-cs,alma-7b-flap40-gen-dir-en-cs__alma10-greedy__cf04f99519d2,flap,gen,40,dir,en-cs,en-cs,False,,en-ru,False,False,,,,,,,,,,,,,,,,,,,,,,,
alma-7b-flap40-gen-dir-en-cs,alma-7b-flap40-gen-dir-en-cs__alma10-greedy__cf04f99519d2,flap,gen,40,dir,en-cs,en-cs,False,,en-zh,False,False,,,,,,,,,,,,,,,,,,,,,,,
alma-7b-flap40-gen-dir-en-de,alma-7b-flap40-gen-dir-en-de__alma10-greedy__12f60370960c,flap,gen,40,dir,en-de,en-de,False,,cs-en,True,False,,,,,,,,,,,,,,,,,,,,,,,
alma-7b-flap40-gen-dir-en-de,alma-7b-flap40-gen-dir-en-de__alma10-greedy__12f60370960c,flap,gen,40,dir,en-de,en-de,False,,de-en,True,False,,,,,,,,,,,,,,,,,,,,,,,
alma-7b-flap40-gen-dir-en-de,alma-7b-flap40-gen-dir-en-de__alma10-greedy__12f60370960c,flap,gen,40,dir,en-de,en-de,False,,is-en,True,False,,,,,,,,,,,,,,,,,,,,,,,
alma-7b-flap40-gen-dir-en-de,alma-7b-flap40-gen-dir-en-de__alma10-greedy__12f60370960c,flap,gen,40,dir,en-de,en-de,False,,ru-en,True,False,,,,,,,,,,,,,,,,,,,,,,,
alma-7b-flap40-gen-dir-en-de,alma-7b-flap40-gen-dir-en-de__alma10-greedy__12f60370960c,flap,gen,40,dir,en-de,en-de,False,,zh-en,True,False,,,,,,,,,,,,,,,,,,,,,,,
alma-7b-flap40-gen-dir-en-de,alma-7b-flap40-gen-dir-en-de__alma10-greedy__12f60370960c,flap,gen,40,dir,en-de,en-de,False,,en-cs,False,False,,,,,,,,,,,,,,,,,,,,,,,
alma-7b-flap40-gen-dir-en-de,alma-7b-flap40-gen-dir-en-de__alma10-greedy__12f60370960c,flap,gen,40,dir,en-de,en-de,False,,en-de,False,True,2037,0.766948,20.8198,46.3135,2.61977,-0.081733,-7.4464,-8.1481,1.52626,0.008173,-0.128565,0.0137,0.0005,0.0029,0.0029,0,0.9599,0.0133,0.0059,0.0167,0.0137,0.0157,0.9923
alma-7b-flap40-gen-dir-en-de,alma-7b-flap40-gen-dir-en-de__alma10-greedy__12f60370960c,flap,gen,40,dir,en-de,en-de,False,,en-is,False,False,,,,,,,,,,,,,,,,,,,,,,,
alma-7b-flap40-gen-dir-en-de,alma-7b-flap40-gen-dir-en-de__alma10-greedy__12f60370960c,flap,gen,40,dir,en-de,en-de,False,,en-ru,False,False,,,,,,,,,,,,,,,,,,,,,,,
alma-7b-flap40-gen-dir-en-de,alma-7b-flap40-gen-dir-en-de__alma10-greedy__12f60370960c,flap,gen,40,dir,en-de,en-de,False,,en-zh,False,False,,,,,,,,,,,,,,,,,,,,,,,
alma-7b-flap40-gen-dir-en-is,alma-7b-flap40-gen-dir-en-is__alma10-greedy__1d3cbba99aad,flap,gen,40,dir,en-is,en-is,False,,cs-en,True,False,,,,,,,,,,,,,,,,,,,,,,,
alma-7b-flap40-gen-dir-en-is,alma-7b-flap40-gen-dir-en-is__alma10-greedy__1d3cbba99aad,flap,gen,40,dir,en-is,en-is,False,,de-en,True,False,,,,,,,,,,,,,,,,,,,,,,,
alma-7b-flap40-gen-dir-en-is,alma-7b-flap40-gen-dir-en-is__alma10-greedy__1d3cbba99aad,flap,gen,40,dir,en-is,en-is,False,,is-en,True,False,,,,,,,,,,,,,,,,,,,,,,,
alma-7b-flap40-gen-dir-en-is,alma-7b-flap40-gen-dir-en-is__alma10-greedy__1d3cbba99aad,flap,gen,40,dir,en-is,en-is,False,,ru-en,True,False,,,,,,,,,,,,,,,,,,,,,,,
alma-7b-flap40-gen-dir-en-is,alma-7b-flap40-gen-dir-en-is__alma10-greedy__1d3cbba99aad,flap,gen,40,dir,en-is,en-is,False,,zh-en,True,False,,,,,,,,,,,,,,,,,,,,,,,
alma-7b-flap40-gen-dir-en-is,alma-7b-flap40-gen-dir-en-is__alma10-greedy__1d3cbba99aad,flap,gen,40,dir,en-is,en-is,False,,en-cs,False,False,,,,,,,,,,,,,,,,,,,,,,,
alma-7b-flap40-gen-dir-en-is,alma-7b-flap40-gen-dir-en-is__alma10-greedy__1d3cbba99aad,flap,gen,40,dir,en-is,en-is,False,,en-de,False,False,,,,,,,,,,,,,,,,,,,,,,,
alma-7b-flap40-gen-dir-en-is,alma-7b-flap40-gen-dir-en-is__alma10-greedy__1d3cbba99aad,flap,gen,40,dir,en-is,en-is,False,,en-is,False,True,1000,0.650054,11.3985,33.5697,13.026,-0.194762,-12.5147,-15.509,8.95371,0.067889,-2.68676,0.002,0.018,0.039,0.039,0,0.96,0,0.003,0.007,0.002,0.0043,1.0277
alma-7b-flap40-gen-dir-en-is,alma-7b-flap40-gen-dir-en-is__alma10-greedy__1d3cbba99aad,flap,gen,40,dir,en-is,en-is,False,,en-ru,False,False,,,,,,,,,,,,,,,,,,,,,,,
alma-7b-flap40-gen-dir-en-is,alma-7b-flap40-gen-dir-en-is__alma10-greedy__1d3cbba99aad,flap,gen,40,dir,en-is,en-is,False,,en-zh,False,False,,,,,,,,,,,,,,,,,,,,,,,
alma-7b-flap40-gen-dir-en-ru,alma-7b-flap40-gen-dir-en-ru__alma10-greedy__db0733f6cb8d,flap,gen,40,dir,en-ru,en-ru,False,,cs-en,True,False,,,,,,,,,,,,,,,,,,,,,,,
alma-7b-flap40-gen-dir-en-ru,alma-7b-flap40-gen-dir-en-ru__alma10-greedy__db0733f6cb8d,flap,gen,40,dir,en-ru,en-ru,False,,de-en,True,False,,,,,,,,,,,,,,,,,,,,,,,
alma-7b-flap40-gen-dir-en-ru,alma-7b-flap40-gen-dir-en-ru__alma10-greedy__db0733f6cb8d,flap,gen,40,dir,en-ru,en-ru,False,,is-en,True,False,,,,,,,,,,,,,,,,,,,,,,,
alma-7b-flap40-gen-dir-en-ru,alma-7b-flap40-gen-dir-en-ru__alma10-greedy__db0733f6cb8d,flap,gen,40,dir,en-ru,en-ru,False,,ru-en,True,False,,,,,,,,,,,,,,,,,,,,,,,
alma-7b-flap40-gen-dir-en-ru,alma-7b-flap40-gen-dir-en-ru__alma10-greedy__db0733f6cb8d,flap,gen,40,dir,en-ru,en-ru,False,,zh-en,True,False,,,,,,,,,,,,,,,,,,,,,,,
alma-7b-flap40-gen-dir-en-ru,alma-7b-flap40-gen-dir-en-ru__alma10-greedy__db0733f6cb8d,flap,gen,40,dir,en-ru,en-ru,False,,en-cs,False,False,,,,,,,,,,,,,,,,,,,,,,,
alma-7b-flap40-gen-dir-en-ru,alma-7b-flap40-gen-dir-en-ru__alma10-greedy__db0733f6cb8d,flap,gen,40,dir,en-ru,en-ru,False,,en-de,False,False,,,,,,,,,,,,,,,,,,,,,,,
alma-7b-flap40-gen-dir-en-ru,alma-7b-flap40-gen-dir-en-ru__alma10-greedy__db0733f6cb8d,flap,gen,40,dir,en-ru,en-ru,False,,en-is,False,False,,,,,,,,,,,,,,,,,,,,,,,
alma-7b-flap40-gen-dir-en-ru,alma-7b-flap40-gen-dir-en-ru__alma10-greedy__db0733f6cb8d,flap,gen,40,dir,en-ru,en-ru,False,,en-ru,False,True,2037,0.757552,16.0762,39.448,5.5461,-0.105476,-9.0727,-9.5329,3.27567,0.006576,-0.246272,0.001,0.002,0.0064,0.0064,0,0.9337,0.001,0.0182,0.0329,0.001,0.0139,0.9881
alma-7b-flap40-gen-dir-en-ru,alma-7b-flap40-gen-dir-en-ru__alma10-greedy__db0733f6cb8d,flap,gen,40,dir,en-ru,en-ru,False,,en-zh,False,False,,,,,,,,,,,,,,,,,,,,,,,
alma-7b-flap40-gen-dir-en-zh,alma-7b-flap40-gen-dir-en-zh__alma10-greedy__f25e39927a48,flap,gen,40,dir,en-zh,en-zh,False,,cs-en,True,False,,,,,,,,,,,,,,,,,,,,,,,
alma-7b-flap40-gen-dir-en-zh,alma-7b-flap40-gen-dir-en-zh__alma10-greedy__f25e39927a48,flap,gen,40,dir,en-zh,en-zh,False,,de-en,True,False,,,,,,,,,,,,,,,,,,,,,,,
alma-7b-flap40-gen-dir-en-zh,alma-7b-flap40-gen-dir-en-zh__alma10-greedy__f25e39927a48,flap,gen,40,dir,en-zh,en-zh,False,,is-en,True,False,,,,,,,,,,,,,,,,,,,,,,,
alma-7b-flap40-gen-dir-en-zh,alma-7b-flap40-gen-dir-en-zh__alma10-greedy__f25e39927a48,flap,gen,40,dir,en-zh,en-zh,False,,ru-en,True,False,,,,,,,,,,,,,,,,,,,,,,,
alma-7b-flap40-gen-dir-en-zh,alma-7b-flap40-gen-dir-en-zh__alma10-greedy__f25e39927a48,flap,gen,40,dir,en-zh,en-zh,False,,zh-en,True,False,,,,,,,,,,,,,,,,,,,,,,,
alma-7b-flap40-gen-dir-en-zh,alma-7b-flap40-gen-dir-en-zh__alma10-greedy__f25e39927a48,flap,gen,40,dir,en-zh,en-zh,False,,en-cs,False,False,,,,,,,,,,,,,,,,,,,,,,,
alma-7b-flap40-gen-dir-en-zh,alma-7b-flap40-gen-dir-en-zh__alma10-greedy__f25e39927a48,flap,gen,40,dir,en-zh,en-zh,False,,en-de,False,False,,,,,,,,,,,,,,,,,,,,,,,
alma-7b-flap40-gen-dir-en-zh,alma-7b-flap40-gen-dir-en-zh__alma10-greedy__f25e39927a48,flap,gen,40,dir,en-zh,en-zh,False,,en-is,False,False,,,,,,,,,,,,,,,,,,,,,,,
alma-7b-flap40-gen-dir-en-zh,alma-7b-flap40-gen-dir-en-zh__alma10-greedy__f25e39927a48,flap,gen,40,dir,en-zh,en-zh,False,,en-ru,False,False,,,,,,,,,,,,,,,,,,,,,,,
alma-7b-flap40-gen-dir-en-zh,alma-7b-flap40-gen-dir-en-zh__alma10-greedy__f25e39927a48,flap,gen,40,dir,en-zh,en-zh,False,,en-zh,False,True,2037,0.707765,18.7985,14.9874,5.17098,-0.139909,-16.2449,-12.4047,3.3117,0.052392,-1.05347,0,0,0.0172,0.0172,0,0.8985,0,0.2101,0.026,0,0.0167,0.8869
alma-7b-flap30-gen-multi-lora,alma-7b-flap30-gen-multi-lora__alma10-greedy__ed3049e3b83b,flap,gen,30,multi,,cs-en+de-en+is-en+ru-en+zh-en+en-cs+en-de+en-is+en-ru+en-zh,True,alma-7b-flap30-gen-multi,cs-en,True,True,1448,0.841354,38.105,59.9168,4.44211,-0.014493,-3.2172,-2.7213,0.530191,0.008661,-0.495977,0.0041,0.0007,0.0014,0.0014,0,0.9841,0,0,0.0062,0.0041,0.0051,1.0025
alma-7b-flap30-gen-multi-lora,alma-7b-flap30-gen-multi-lora__alma10-greedy__ed3049e3b83b,flap,gen,30,multi,,cs-en+de-en+is-en+ru-en+zh-en+en-cs+en-de+en-is+en-ru+en-zh,True,alma-7b-flap30-gen-multi,de-en,True,True,1984,0.828084,27.3978,50.8203,3.85619,-0.009459,-1.6746,-1.5024,0.436601,0.00885,-0.333262,0.0005,0,0,0,0,0.9227,0.0005,0.0066,0.006,0.0005,0.0052,0.9473
alma-7b-flap30-gen-multi-lora,alma-7b-flap30-gen-multi-lora__alma10-greedy__ed3049e3b83b,flap,gen,30,multi,,cs-en+de-en+is-en+ru-en+zh-en+en-cs+en-de+en-is+en-ru+en-zh,True,alma-7b-flap30-gen-multi,is-en,True,True,1000,0.836664,29.8194,51.9714,4.23592,-0.020082,-4.7798,-4.1504,0.793512,0.007575,-0.354369,0.005,0.001,0.001,0.001,0,0.9332,0,0.001,0.008,0.005,0.0058,0.9642
alma-7b-flap30-gen-multi-lora,alma-7b-flap30-gen-multi-lora__alma10-greedy__ed3049e3b83b,flap,gen,30,multi,,cs-en+de-en+is-en+ru-en+zh-en+en-cs+en-de+en-is+en-ru+en-zh,True,alma-7b-flap30-gen-multi,ru-en,True,True,2016,0.830795,34.127,58.2899,3.63712,-0.013727,-2.8764,-2.2566,0.524477,0.012331,-0.559027,0.0005,0,0,0,0,0.9919,0.0005,0.0045,0.0198,0.0005,0.0073,1.0128
alma-7b-flap30-gen-multi-lora,alma-7b-flap30-gen-multi-lora__alma10-greedy__ed3049e3b83b,flap,gen,30,multi,,cs-en+de-en+is-en+ru-en+zh-en+en-cs+en-de+en-is+en-ru+en-zh,True,alma-7b-flap30-gen-multi,zh-en,True,True,1875,0.77691,20.1775,47.3257,3.2916,-0.019784,-2.2438,-2.4186,0.58843,0.020631,-1.04862,0,0.0027,0.0059,0.0059,0,0.9684,0.0005,0.0139,0.0096,0,0.004,0.9986
alma-7b-flap30-gen-multi-lora,alma-7b-flap30-gen-multi-lora__alma10-greedy__ed3049e3b83b,flap,gen,30,multi,,cs-en+de-en+is-en+ru-en+zh-en+en-cs+en-de+en-is+en-ru+en-zh,True,alma-7b-flap30-gen-multi,en-cs,False,True,2037,0.844986,23.3541,46.387,4.77901,-0.034252,-3.0582,-3.5846,1.29526,0.056821,-2.25297,0.0029,0.001,0.0034,0.0034,0,0.9689,0.0015,0.0108,0.0167,0.0029,0.0069,1.0005
alma-7b-flap30-gen-multi-lora,alma-7b-flap30-gen-multi-lora__alma10-greedy__ed3049e3b83b,flap,gen,30,multi,,cs-en+de-en+is-en+ru-en+zh-en+en-cs+en-de+en-is+en-ru+en-zh,True,alma-7b-flap30-gen-multi,en-de,False,True,2037,0.822083,25.3963,51.2882,1.58827,-0.026598,-2.8699,-3.1734,0.494763,0.030724,-0.658388,0.0079,0.001,0.001,0.001,0,0.9971,0.0049,0.0039,0.0118,0.0079,0.0138,1.0148
alma-7b-flap30-gen-multi-lora,alma-7b-flap30-gen-multi-lora__alma10-greedy__ed3049e3b83b,flap,gen,30,multi,,cs-en+de-en+is-en+ru-en+zh-en+en-cs+en-de+en-is+en-ru+en-zh,True,alma-7b-flap30-gen-multi,en-is,False,True,1000,0.797653,18.658,43.2976,6.95682,-0.047163,-5.2552,-5.7811,2.88454,0.115938,-4.57566,0,0,0.004,0.004,0,0.9537,0,0,0.004,0,0.0041,0.9909
alma-7b-flap30-gen-multi-lora,alma-7b-flap30-gen-multi-lora__alma10-greedy__ed3049e3b83b,flap,gen,30,multi,,cs-en+de-en+is-en+ru-en+zh-en+en-cs+en-de+en-is+en-ru+en-zh,True,alma-7b-flap30-gen-multi,en-ru,False,True,2037,0.840076,22.2383,45.9804,3.09456,-0.022952,-2.9106,-3.0005,0.82413,0.046341,-1.32883,0.001,0.0005,0.002,0.002,0,0.9671,0.001,0.0079,0.0368,0.001,0.0112,1.0014
alma-7b-flap30-gen-multi-lora,alma-7b-flap30-gen-multi-lora__alma10-greedy__ed3049e3b83b,flap,gen,30,multi,,cs-en+de-en+is-en+ru-en+zh-en+en-cs+en-de+en-is+en-ru+en-zh,True,alma-7b-flap30-gen-multi,en-zh,False,True,2037,0.820155,31.205,25.6338,2.42634,-0.027519,-3.8384,-1.7583,0.567061,0.107909,-2.39424,0.0015,0.0005,0.0064,0.0064,0,1.0003,0.001,0.1522,0.0319,0.0015,0.0003,1.0136
alma-7b-flap30-gen-pair-cs-lora,alma-7b-flap30-gen-pair-cs-lora__alma10-greedy__87904a4e5057,flap,gen,30,pair,cs,cs-en+en-cs,True,alma-7b-flap30-gen-pair-cs,cs-en,True,True,1448,0.84209,37.9444,59.965,4.47366,-0.013757,-3.3778,-2.6731,0.561748,0.009397,-0.46442,0.0048,0,0,0,0,0.9672,0,0.0007,0.0076,0.0048,0.0056,0.987
alma-7b-flap30-gen-pair-cs-lora,alma-7b-flap30-gen-pair-cs-lora__alma10-greedy__87904a4e5057,flap,gen,30,pair,cs,cs-en+en-cs,True,alma-7b-flap30-gen-pair-cs,de-en,True,False,,,,,,,,,,,,,,,,,,,,,,,
alma-7b-flap30-gen-pair-cs-lora,alma-7b-flap30-gen-pair-cs-lora__alma10-greedy__87904a4e5057,flap,gen,30,pair,cs,cs-en+en-cs,True,alma-7b-flap30-gen-pair-cs,is-en,True,False,,,,,,,,,,,,,,,,,,,,,,,
alma-7b-flap30-gen-pair-cs-lora,alma-7b-flap30-gen-pair-cs-lora__alma10-greedy__87904a4e5057,flap,gen,30,pair,cs,cs-en+en-cs,True,alma-7b-flap30-gen-pair-cs,ru-en,True,False,,,,,,,,,,,,,,,,,,,,,,,
alma-7b-flap30-gen-pair-cs-lora,alma-7b-flap30-gen-pair-cs-lora__alma10-greedy__87904a4e5057,flap,gen,30,pair,cs,cs-en+en-cs,True,alma-7b-flap30-gen-pair-cs,zh-en,True,False,,,,,,,,,,,,,,,,,,,,,,,
alma-7b-flap30-gen-pair-cs-lora,alma-7b-flap30-gen-pair-cs-lora__alma10-greedy__87904a4e5057,flap,gen,30,pair,cs,cs-en+en-cs,True,alma-7b-flap30-gen-pair-cs,en-cs,False,True,2037,0.850279,24.0663,47.168,4.61168,-0.028959,-2.346,-2.8036,1.12792,0.062114,-2.42031,0.0044,0.001,0.0015,0.0015,0,0.9768,0.001,0.0133,0.0196,0.0044,0.0065,1
alma-7b-flap30-gen-pair-cs-lora,alma-7b-flap30-gen-pair-cs-lora__alma10-greedy__87904a4e5057,flap,gen,30,pair,cs,cs-en+en-cs,True,alma-7b-flap30-gen-pair-cs,en-de,False,False,,,,,,,,,,,,,,,,,,,,,,,
alma-7b-flap30-gen-pair-cs-lora,alma-7b-flap30-gen-pair-cs-lora__alma10-greedy__87904a4e5057,flap,gen,30,pair,cs,cs-en+en-cs,True,alma-7b-flap30-gen-pair-cs,en-is,False,False,,,,,,,,,,,,,,,,,,,,,,,
alma-7b-flap30-gen-pair-cs-lora,alma-7b-flap30-gen-pair-cs-lora__alma10-greedy__87904a4e5057,flap,gen,30,pair,cs,cs-en+en-cs,True,alma-7b-flap30-gen-pair-cs,en-ru,False,False,,,,,,,,,,,,,,,,,,,,,,,
alma-7b-flap30-gen-pair-cs-lora,alma-7b-flap30-gen-pair-cs-lora__alma10-greedy__87904a4e5057,flap,gen,30,pair,cs,cs-en+en-cs,True,alma-7b-flap30-gen-pair-cs,en-zh,False,False,,,,,,,,,,,,,,,,,,,,,,,
alma-7b-flap30-gen-pair-de-lora,alma-7b-flap30-gen-pair-de-lora__alma10-greedy__1384d7a9c3ea,flap,gen,30,pair,de,de-en+en-de,True,alma-7b-flap30-gen-pair-de,cs-en,True,False,,,,,,,,,,,,,,,,,,,,,,,
alma-7b-flap30-gen-pair-de-lora,alma-7b-flap30-gen-pair-de-lora__alma10-greedy__1384d7a9c3ea,flap,gen,30,pair,de,de-en+en-de,True,alma-7b-flap30-gen-pair-de,de-en,True,True,1984,0.829651,27.8097,51.3296,3.79261,-0.007892,-1.2627,-0.9931,0.373019,0.010417,-0.396844,0.0015,0.0005,0.0005,0.0005,0,0.9243,0.0005,0.0055,0.0076,0.0015,0.0054,0.9391
alma-7b-flap30-gen-pair-de-lora,alma-7b-flap30-gen-pair-de-lora__alma10-greedy__1384d7a9c3ea,flap,gen,30,pair,de,de-en+en-de,True,alma-7b-flap30-gen-pair-de,is-en,True,False,,,,,,,,,,,,,,,,,,,,,,,
alma-7b-flap30-gen-pair-de-lora,alma-7b-flap30-gen-pair-de-lora__alma10-greedy__1384d7a9c3ea,flap,gen,30,pair,de,de-en+en-de,True,alma-7b-flap30-gen-pair-de,ru-en,True,False,,,,,,,,,,,,,,,,,,,,,,,
alma-7b-flap30-gen-pair-de-lora,alma-7b-flap30-gen-pair-de-lora__alma10-greedy__1384d7a9c3ea,flap,gen,30,pair,de,de-en+en-de,True,alma-7b-flap30-gen-pair-de,zh-en,True,False,,,,,,,,,,,,,,,,,,,,,,,
alma-7b-flap30-gen-pair-de-lora,alma-7b-flap30-gen-pair-de-lora__alma10-greedy__1384d7a9c3ea,flap,gen,30,pair,de,de-en+en-de,True,alma-7b-flap30-gen-pair-de,en-cs,False,False,,,,,,,,,,,,,,,,,,,,,,,
alma-7b-flap30-gen-pair-de-lora,alma-7b-flap30-gen-pair-de-lora__alma10-greedy__1384d7a9c3ea,flap,gen,30,pair,de,de-en+en-de,True,alma-7b-flap30-gen-pair-de,en-de,False,True,2037,0.828988,26.7322,52.2012,1.4477,-0.019693,-1.534,-2.2604,0.354194,0.037629,-0.798957,0.0128,0,0.0005,0.0005,0,0.9852,0.0103,0.0049,0.0167,0.0128,0.0138,1.0028
alma-7b-flap30-gen-pair-de-lora,alma-7b-flap30-gen-pair-de-lora__alma10-greedy__1384d7a9c3ea,flap,gen,30,pair,de,de-en+en-de,True,alma-7b-flap30-gen-pair-de,en-is,False,False,,,,,,,,,,,,,,,,,,,,,,,
alma-7b-flap30-gen-pair-de-lora,alma-7b-flap30-gen-pair-de-lora__alma10-greedy__1384d7a9c3ea,flap,gen,30,pair,de,de-en+en-de,True,alma-7b-flap30-gen-pair-de,en-ru,False,False,,,,,,,,,,,,,,,,,,,,,,,
alma-7b-flap30-gen-pair-de-lora,alma-7b-flap30-gen-pair-de-lora__alma10-greedy__1384d7a9c3ea,flap,gen,30,pair,de,de-en+en-de,True,alma-7b-flap30-gen-pair-de,en-zh,False,False,,,,,,,,,,,,,,,,,,,,,,,
alma-7b-flap30-gen-pair-is-lora,alma-7b-flap30-gen-pair-is-lora__alma10-greedy__76013276e2fa,flap,gen,30,pair,is,en-is+is-en,True,alma-7b-flap30-gen-pair-is,cs-en,True,False,,,,,,,,,,,,,,,,,,,,,,,
alma-7b-flap30-gen-pair-is-lora,alma-7b-flap30-gen-pair-is-lora__alma10-greedy__76013276e2fa,flap,gen,30,pair,is,en-is+is-en,True,alma-7b-flap30-gen-pair-is,de-en,True,False,,,,,,,,,,,,,,,,,,,,,,,
alma-7b-flap30-gen-pair-is-lora,alma-7b-flap30-gen-pair-is-lora__alma10-greedy__76013276e2fa,flap,gen,30,pair,is,en-is+is-en,True,alma-7b-flap30-gen-pair-is,is-en,True,True,1000,0.839902,29.408,51.8705,4.19818,-0.016844,-5.1912,-4.2513,0.755768,0.010813,-0.392113,0.006,0,0,0,0,0.9161,0,0,0.01,0.006,0.0061,0.9473
alma-7b-flap30-gen-pair-is-lora,alma-7b-flap30-gen-pair-is-lora__alma10-greedy__76013276e2fa,flap,gen,30,pair,is,en-is+is-en,True,alma-7b-flap30-gen-pair-is,ru-en,True,False,,,,,,,,,,,,,,,,,,,,,,,
alma-7b-flap30-gen-pair-is-lora,alma-7b-flap30-gen-pair-is-lora__alma10-greedy__76013276e2fa,flap,gen,30,pair,is,en-is+is-en,True,alma-7b-flap30-gen-pair-is,zh-en,True,False,,,,,,,,,,,,,,,,,,,,,,,
alma-7b-flap30-gen-pair-is-lora,alma-7b-flap30-gen-pair-is-lora__alma10-greedy__76013276e2fa,flap,gen,30,pair,is,en-is+is-en,True,alma-7b-flap30-gen-pair-is,en-cs,False,False,,,,,,,,,,,,,,,,,,,,,,,
alma-7b-flap30-gen-pair-is-lora,alma-7b-flap30-gen-pair-is-lora__alma10-greedy__76013276e2fa,flap,gen,30,pair,is,en-is+is-en,True,alma-7b-flap30-gen-pair-is,en-de,False,False,,,,,,,,,,,,,,,,,,,,,,,
alma-7b-flap30-gen-pair-is-lora,alma-7b-flap30-gen-pair-is-lora__alma10-greedy__76013276e2fa,flap,gen,30,pair,is,en-is+is-en,True,alma-7b-flap30-gen-pair-is,en-is,False,True,1000,0.803375,18.1858,43.341,6.52891,-0.041441,-5.7274,-5.7377,2.45664,0.12166,-5.00357,0,0.001,0.007,0.007,0,0.9822,0,0.001,0.006,0,0.0037,1.0131
alma-7b-flap30-gen-pair-is-lora,alma-7b-flap30-gen-pair-is-lora__alma10-greedy__76013276e2fa,flap,gen,30,pair,is,en-is+is-en,True,alma-7b-flap30-gen-pair-is,en-ru,False,False,,,,,,,,,,,,,,,,,,,,,,,
alma-7b-flap30-gen-pair-is-lora,alma-7b-flap30-gen-pair-is-lora__alma10-greedy__76013276e2fa,flap,gen,30,pair,is,en-is+is-en,True,alma-7b-flap30-gen-pair-is,en-zh,False,False,,,,,,,,,,,,,,,,,,,,,,,
alma-7b-flap30-gen-pair-ru-lora,alma-7b-flap30-gen-pair-ru-lora__alma10-greedy__ac79285f2234,flap,gen,30,pair,ru,en-ru+ru-en,True,alma-7b-flap30-gen-pair-ru,cs-en,True,False,,,,,,,,,,,,,,,,,,,,,,,
alma-7b-flap30-gen-pair-ru-lora,alma-7b-flap30-gen-pair-ru-lora__alma10-greedy__ac79285f2234,flap,gen,30,pair,ru,en-ru+ru-en,True,alma-7b-flap30-gen-pair-ru,de-en,True,False,,,,,,,,,,,,,,,,,,,,,,,
alma-7b-flap30-gen-pair-ru-lora,alma-7b-flap30-gen-pair-ru-lora__alma10-greedy__ac79285f2234,flap,gen,30,pair,ru,en-ru+ru-en,True,alma-7b-flap30-gen-pair-ru,is-en,True,False,,,,,,,,,,,,,,,,,,,,,,,
alma-7b-flap30-gen-pair-ru-lora,alma-7b-flap30-gen-pair-ru-lora__alma10-greedy__ac79285f2234,flap,gen,30,pair,ru,en-ru+ru-en,True,alma-7b-flap30-gen-pair-ru,ru-en,True,True,2016,0.826107,33.256,57.4624,3.8089,-0.018415,-3.7474,-3.0841,0.696251,0.007643,-0.387253,0.0005,0.001,0.001,0.001,0,0.9974,0.0005,0.005,0.0179,0.0005,0.0078,1.0208
alma-7b-flap30-gen-pair-ru-lora,alma-7b-flap30-gen-pair-ru-lora__alma10-greedy__ac79285f2234,flap,gen,30,pair,ru,en-ru+ru-en,True,alma-7b-flap30-gen-pair-ru,zh-en,True,False,,,,,,,,,,,,,,,,,,,,,,,
alma-7b-flap30-gen-pair-ru-lora,alma-7b-flap30-gen-pair-ru-lora__alma10-greedy__ac79285f2234,flap,gen,30,pair,ru,en-ru+ru-en,True,alma-7b-flap30-gen-pair-ru,en-cs,False,False,,,,,,,,,,,,,,,,,,,,,,,
alma-7b-flap30-gen-pair-ru-lora,alma-7b-flap30-gen-pair-ru-lora__alma10-greedy__ac79285f2234,flap,gen,30,pair,ru,en-ru+ru-en,True,alma-7b-flap30-gen-pair-ru,en-de,False,False,,,,,,,,,,,,,,,,,,,,,,,
alma-7b-flap30-gen-pair-ru-lora,alma-7b-flap30-gen-pair-ru-lora__alma10-greedy__ac79285f2234,flap,gen,30,pair,ru,en-ru+ru-en,True,alma-7b-flap30-gen-pair-ru,en-is,False,False,,,,,,,,,,,,,,,,,,,,,,,
alma-7b-flap30-gen-pair-ru-lora,alma-7b-flap30-gen-pair-ru-lora__alma10-greedy__ac79285f2234,flap,gen,30,pair,ru,en-ru+ru-en,True,alma-7b-flap30-gen-pair-ru,en-ru,False,True,2037,0.836266,22.4058,46.1689,3.10164,-0.026762,-2.7431,-2.812,0.831209,0.042531,-1.32175,0.0015,0,0.0015,0.0015,0,0.9628,0.0025,0.0113,0.0275,0.0015,0.0118,0.9943
alma-7b-flap30-gen-pair-ru-lora,alma-7b-flap30-gen-pair-ru-lora__alma10-greedy__ac79285f2234,flap,gen,30,pair,ru,en-ru+ru-en,True,alma-7b-flap30-gen-pair-ru,en-zh,False,False,,,,,,,,,,,,,,,,,,,,,,,
alma-7b-flap30-gen-pair-zh-lora,alma-7b-flap30-gen-pair-zh-lora__alma10-greedy__051dae588967,flap,gen,30,pair,zh,en-zh+zh-en,True,alma-7b-flap30-gen-pair-zh,cs-en,True,False,,,,,,,,,,,,,,,,,,,,,,,
alma-7b-flap30-gen-pair-zh-lora,alma-7b-flap30-gen-pair-zh-lora__alma10-greedy__051dae588967,flap,gen,30,pair,zh,en-zh+zh-en,True,alma-7b-flap30-gen-pair-zh,de-en,True,False,,,,,,,,,,,,,,,,,,,,,,,
alma-7b-flap30-gen-pair-zh-lora,alma-7b-flap30-gen-pair-zh-lora__alma10-greedy__051dae588967,flap,gen,30,pair,zh,en-zh+zh-en,True,alma-7b-flap30-gen-pair-zh,is-en,True,False,,,,,,,,,,,,,,,,,,,,,,,
alma-7b-flap30-gen-pair-zh-lora,alma-7b-flap30-gen-pair-zh-lora__alma10-greedy__051dae588967,flap,gen,30,pair,zh,en-zh+zh-en,True,alma-7b-flap30-gen-pair-zh,ru-en,True,False,,,,,,,,,,,,,,,,,,,,,,,
alma-7b-flap30-gen-pair-zh-lora,alma-7b-flap30-gen-pair-zh-lora__alma10-greedy__051dae588967,flap,gen,30,pair,zh,en-zh+zh-en,True,alma-7b-flap30-gen-pair-zh,zh-en,True,True,1875,0.781059,21.1533,48.2602,3.27932,-0.015635,-1.268,-1.4841,0.576156,0.02478,-1.06089,0.0027,0.0011,0.0032,0.0032,0,0.9568,0.0011,0.0128,0.0128,0.0027,0.0038,0.9821
alma-7b-flap30-gen-pair-zh-lora,alma-7b-flap30-gen-pair-zh-lora__alma10-greedy__051dae588967,flap,gen,30,pair,zh,en-zh+zh-en,True,alma-7b-flap30-gen-pair-zh,en-cs,False,False,,,,,,,,,,,,,,,,,,,,,,,
alma-7b-flap30-gen-pair-zh-lora,alma-7b-flap30-gen-pair-zh-lora__alma10-greedy__051dae588967,flap,gen,30,pair,zh,en-zh+zh-en,True,alma-7b-flap30-gen-pair-zh,en-de,False,False,,,,,,,,,,,,,,,,,,,,,,,
alma-7b-flap30-gen-pair-zh-lora,alma-7b-flap30-gen-pair-zh-lora__alma10-greedy__051dae588967,flap,gen,30,pair,zh,en-zh+zh-en,True,alma-7b-flap30-gen-pair-zh,en-is,False,False,,,,,,,,,,,,,,,,,,,,,,,
alma-7b-flap30-gen-pair-zh-lora,alma-7b-flap30-gen-pair-zh-lora__alma10-greedy__051dae588967,flap,gen,30,pair,zh,en-zh+zh-en,True,alma-7b-flap30-gen-pair-zh,en-ru,False,False,,,,,,,,,,,,,,,,,,,,,,,
alma-7b-flap30-gen-pair-zh-lora,alma-7b-flap30-gen-pair-zh-lora__alma10-greedy__051dae588967,flap,gen,30,pair,zh,en-zh+zh-en,True,alma-7b-flap30-gen-pair-zh,en-zh,False,True,2037,0.823183,31.2517,25.5465,2.33787,-0.024491,-3.7917,-1.8456,0.478599,0.110937,-2.48271,0,0,0.0064,0.0064,0,1.0214,0,0.1527,0.0265,0,0.004,1.0243
alma-7b-flap40-gen-multi-lora,alma-7b-flap40-gen-multi-lora__alma10-greedy__0cec6ff70988,flap,gen,40,multi,,cs-en+de-en+is-en+ru-en+zh-en+en-cs+en-de+en-is+en-ru+en-zh,True,alma-7b-flap40-gen-multi,cs-en,True,True,1448,0.834788,37.1333,59.1449,4.76059,-0.021059,-4.1889,-3.4932,0.848673,0.023186,-1.1112,0.0048,0,0,0,0,0.9758,0.0007,0,0.0062,0.0048,0.0053,0.9972
alma-7b-flap40-gen-multi-lora,alma-7b-flap40-gen-multi-lora__alma10-greedy__0cec6ff70988,flap,gen,40,multi,,cs-en+de-en+is-en+ru-en+zh-en+en-cs+en-de+en-is+en-ru+en-zh,True,alma-7b-flap40-gen-multi,de-en,True,True,1984,0.820777,26.8158,50.2053,4.09921,-0.016766,-2.2566,-2.1174,0.679621,0.019411,-0.849259,0.0005,0,0.0005,0.0005,0,0.9244,0.0005,0.0071,0.004,0.0005,0.0051,0.9481
alma-7b-flap40-gen-multi-lora,alma-7b-flap40-gen-multi-lora__alma10-greedy__0cec6ff70988,flap,gen,40,multi,,cs-en+de-en+is-en+ru-en+zh-en+en-cs+en-de+en-is+en-ru+en-zh,True,alma-7b-flap40-gen-multi,is-en,True,True,1000,0.82964,29.2602,51.4116,4.55092,-0.027106,-5.339,-4.7102,1.10851,0.024353,-1.11314,0.004,0,0.001,0.001,0,0.9431,0,0.001,0.01,0.004,0.0057,0.9741
alma-7b-flap40-gen-multi-lora,alma-7b-flap40-gen-multi-lora__alma10-greedy__0cec6ff70988,flap,gen,40,multi,,cs-en+de-en+is-en+ru-en+zh-en+en-cs+en-de+en-is+en-ru+en-zh,True,alma-7b-flap40-gen-multi,ru-en,True,True,2016,0.823559,33.0242,57.3575,3.89174,-0.020963,-3.9792,-3.189,0.779098,0.027076,-1.22345,0,0,0.0005,0.0005,0,0.9995,0.0005,0.005,0.0179,0,0.0076,1.0169
alma-7b-flap40-gen-multi-lora,alma-7b-flap40-gen-multi-lora__alma10-greedy__0cec6ff70988,flap,gen,40,multi,,cs-en+de-en+is-en+ru-en+zh-en+en-cs+en-de+en-is+en-ru+en-zh,True,alma-7b-flap40-gen-multi,zh-en,True,True,1875,0.766425,18.9485,46.2895,3.66075,-0.030269,-3.4728,-3.4548,0.957585,0.037606,-1.59553,0.0005,0.0027,0.0117,0.0117,0,1.0028,0.0005,0.0123,0.0091,0.0005,0.0071,1.0335
alma-7b-flap40-gen-multi-lora,alma-7b-flap40-gen-multi-lora__alma10-greedy__0cec6ff70988,flap,gen,40,multi,,cs-en+de-en+is-en+ru-en+zh-en+en-cs+en-de+en-is+en-ru+en-zh,True,alma-7b-flap40-gen-multi,en-cs,False,True,2037,0.831832,22.1483,45.3166,5.25584,-0.047406,-4.264,-4.655,1.77209,0.105523,-4.0615,0.0044,0.001,0.0015,0.0015,0,0.9551,0.0025,0.0098,0.0201,0.0044,0.0069,0.9858
alma-7b-flap40-gen-multi-lora,alma-7b-flap40-gen-multi-lora__alma10-greedy__0cec6ff70988,flap,gen,40,multi,,cs-en+de-en+is-en+ru-en+zh-en+en-cs+en-de+en-is+en-ru+en-zh,True,alma-7b-flap40-gen-multi,en-de,False,True,2037,0.812312,24.536,50.3986,1.84213,-0.036369,-3.7302,-4.063,0.748622,0.053537,-0.906199,0.0142,0,0.001,0.001,0,0.9826,0.0123,0.0059,0.0187,0.0142,0.0137,0.9947
alma-7b-flap40-gen-multi-lora,alma-7b-flap40-gen-multi-lora__alma10-greedy__0cec6ff70988,flap,gen,40,multi,,cs-en+de-en+is-en+ru-en+zh-en+en-cs+en-de+en-is+en-ru+en-zh,True,alma-7b-flap40-gen-multi,en-is,False,True,1000,0.770634,17.0277,41.1358,8.11132,-0.074182,-6.8855,-7.9429,4.03905,0.188469,-7.60142,0,0.001,0.008,0.008,0,0.9602,0,0,0.005,0,0.0038,0.9989
alma-7b-flap40-gen-multi-lora,alma-7b-flap40-gen-multi-lora__alma10-greedy__0cec6ff70988,flap,gen,40,multi,,cs-en+de-en+is-en+ru-en+zh-en+en-cs+en-de+en-is+en-ru+en-zh,True,alma-7b-flap40-gen-multi,en-ru,False,True,2037,0.824875,21.4406,45.2207,3.49846,-0.038153,-3.7083,-3.7602,1.22803,0.073899,-2.29391,0.001,0,0.0015,0.0015,0,0.967,0.001,0.0093,0.0216,0.001,0.0114,0.9947
alma-7b-flap40-gen-multi-lora,alma-7b-flap40-gen-multi-lora__alma10-greedy__0cec6ff70988,flap,gen,40,multi,,cs-en+de-en+is-en+ru-en+zh-en+en-cs+en-de+en-is+en-ru+en-zh,True,alma-7b-flap40-gen-multi,en-zh,False,True,2037,0.797915,28.7728,23.817,2.84507,-0.049759,-6.2706,-3.5751,0.985792,0.142542,-3.37938,0,0,0.0088,0.0088,0,1.0199,0,0.1507,0.0304,0,0.0064,1.0265
alma-7b-flap40-gen-pair-cs-lora,alma-7b-flap40-gen-pair-cs-lora__alma10-greedy__616f333b55e4,flap,gen,40,pair,cs,cs-en+en-cs,True,alma-7b-flap40-gen-pair-cs,cs-en,True,True,1448,0.827406,35.1766,57.5985,5.10507,-0.028441,-6.1456,-5.0396,1.19315,0.015804,-0.766722,0.0055,0,0,0,0,0.953,0.0007,0,0.0083,0.0055,0.0056,0.9756
alma-7b-flap40-gen-pair-cs-lora,alma-7b-flap40-gen-pair-cs-lora__alma10-greedy__616f333b55e4,flap,gen,40,pair,cs,cs-en+en-cs,True,alma-7b-flap40-gen-pair-cs,de-en,True,False,,,,,,,,,,,,,,,,,,,,,,,
alma-7b-flap40-gen-pair-cs-lora,alma-7b-flap40-gen-pair-cs-lora__alma10-greedy__616f333b55e4,flap,gen,40,pair,cs,cs-en+en-cs,True,alma-7b-flap40-gen-pair-cs,is-en,True,False,,,,,,,,,,,,,,,,,,,,,,,
alma-7b-flap40-gen-pair-cs-lora,alma-7b-flap40-gen-pair-cs-lora__alma10-greedy__616f333b55e4,flap,gen,40,pair,cs,cs-en+en-cs,True,alma-7b-flap40-gen-pair-cs,ru-en,True,False,,,,,,,,,,,,,,,,,,,,,,,
alma-7b-flap40-gen-pair-cs-lora,alma-7b-flap40-gen-pair-cs-lora__alma10-greedy__616f333b55e4,flap,gen,40,pair,cs,cs-en+en-cs,True,alma-7b-flap40-gen-pair-cs,zh-en,True,False,,,,,,,,,,,,,,,,,,,,,,,
alma-7b-flap40-gen-pair-cs-lora,alma-7b-flap40-gen-pair-cs-lora__alma10-greedy__616f333b55e4,flap,gen,40,pair,cs,cs-en+en-cs,True,alma-7b-flap40-gen-pair-cs,en-cs,False,True,2037,0.835084,22.1794,45.9627,5.20601,-0.044154,-4.2329,-4.0089,1.72226,0.108775,-4.11133,0.0044,0,0.001,0.001,0,0.9722,0.0039,0.0128,0.0196,0.0044,0.0068,0.9957
alma-7b-flap40-gen-pair-cs-lora,alma-7b-flap40-gen-pair-cs-lora__alma10-greedy__616f333b55e4,flap,gen,40,pair,cs,cs-en+en-cs,True,alma-7b-flap40-gen-pair-cs,en-de,False,False,,,,,,,,,,,,,,,,,,,,,,,
alma-7b-flap40-gen-pair-cs-lora,alma-7b-flap40-gen-pair-cs-lora__alma10-greedy__616f333b55e4,flap,gen,40,pair,cs,cs-en+en-cs,True,alma-7b-flap40-gen-pair-cs,en-is,False,False,,,,,,,,,,,,,,,,,,,,,,,
alma-7b-flap40-gen-pair-cs-lora,alma-7b-flap40-gen-pair-cs-lora__alma10-greedy__616f333b55e4,flap,gen,40,pair,cs,cs-en+en-cs,True,alma-7b-flap40-gen-pair-cs,en-ru,False,False,,,,,,,,,,,,,,,,,,,,,,,
alma-7b-flap40-gen-pair-cs-lora,alma-7b-flap40-gen-pair-cs-lora__alma10-greedy__616f333b55e4,flap,gen,40,pair,cs,cs-en+en-cs,True,alma-7b-flap40-gen-pair-cs,en-zh,False,False,,,,,,,,,,,,,,,,,,,,,,,
alma-7b-flap40-gen-pair-de-lora,alma-7b-flap40-gen-pair-de-lora__alma10-greedy__7c0b1d71dec3,flap,gen,40,pair,de,de-en+en-de,True,alma-7b-flap40-gen-pair-de,cs-en,True,False,,,,,,,,,,,,,,,,,,,,,,,
alma-7b-flap40-gen-pair-de-lora,alma-7b-flap40-gen-pair-de-lora__alma10-greedy__7c0b1d71dec3,flap,gen,40,pair,de,de-en+en-de,True,alma-7b-flap40-gen-pair-de,de-en,True,True,1984,0.821004,25.888,49.7861,4.15915,-0.016539,-3.1844,-2.5366,0.739563,0.019638,-0.789317,0.001,0.001,0.001,0.001,0,0.9198,0.0005,0.006,0.0081,0.001,0.0052,0.9351
alma-7b-flap40-gen-pair-de-lora,alma-7b-flap40-gen-pair-de-lora__alma10-greedy__7c0b1d71dec3,flap,gen,40,pair,de,de-en+en-de,True,alma-7b-flap40-gen-pair-de,is-en,True,False,,,,,,,,,,,,,,,,,,,,,,,
alma-7b-flap40-gen-pair-de-lora,alma-7b-flap40-gen-pair-de-lora__alma10-greedy__7c0b1d71dec3,flap,gen,40,pair,de,de-en+en-de,True,alma-7b-flap40-gen-pair-de,ru-en,True,False,,,,,,,,,,,,,,,,,,,,,,,
alma-7b-flap40-gen-pair-de-lora,alma-7b-flap40-gen-pair-de-lora__alma10-greedy__7c0b1d71dec3,flap,gen,40,pair,de,de-en+en-de,True,alma-7b-flap40-gen-pair-de,zh-en,True,False,,,,,,,,,,,,,,,,,,,,,,,
alma-7b-flap40-gen-pair-de-lora,alma-7b-flap40-gen-pair-de-lora__alma10-greedy__7c0b1d71dec3,flap,gen,40,pair,de,de-en+en-de,True,alma-7b-flap40-gen-pair-de,en-cs,False,False,,,,,,,,,,,,,,,,,,,,,,,
alma-7b-flap40-gen-pair-de-lora,alma-7b-flap40-gen-pair-de-lora__alma10-greedy__7c0b1d71dec3,flap,gen,40,pair,de,de-en+en-de,True,alma-7b-flap40-gen-pair-de,en-de,False,True,2037,0.81424,25.0418,50.7667,1.79344,-0.034441,-3.2244,-3.6949,0.699928,0.055465,-0.954893,0.0137,0,0,0,0,0.9766,0.0108,0.0044,0.0216,0.0137,0.0137,0.9939
alma-7b-flap40-gen-pair-de-lora,alma-7b-flap40-gen-pair-de-lora__alma10-greedy__7c0b1d71dec3,flap,gen,40,pair,de,de-en+en-de,True,alma-7b-flap40-gen-pair-de,en-is,False,False,,,,,,,,,,,,,,,,,,,,,,,
alma-7b-flap40-gen-pair-de-lora,alma-7b-flap40-gen-pair-de-lora__alma10-greedy__7c0b1d71dec3,flap,gen,40,pair,de,de-en+en-de,True,alma-7b-flap40-gen-pair-de,en-ru,False,False,,,,,,,,,,,,,,,,,,,,,,,
alma-7b-flap40-gen-pair-de-lora,alma-7b-flap40-gen-pair-de-lora__alma10-greedy__7c0b1d71dec3,flap,gen,40,pair,de,de-en+en-de,True,alma-7b-flap40-gen-pair-de,en-zh,False,False,,,,,,,,,,,,,,,,,,,,,,,
alma-7b-flap40-gen-pair-is-lora,alma-7b-flap40-gen-pair-is-lora__alma10-greedy__f003903604b5,flap,gen,40,pair,is,en-is+is-en,True,alma-7b-flap40-gen-pair-is,cs-en,True,False,,,,,,,,,,,,,,,,,,,,,,,
alma-7b-flap40-gen-pair-is-lora,alma-7b-flap40-gen-pair-is-lora__alma10-greedy__f003903604b5,flap,gen,40,pair,is,en-is+is-en,True,alma-7b-flap40-gen-pair-is,de-en,True,False,,,,,,,,,,,,,,,,,,,,,,,
alma-7b-flap40-gen-pair-is-lora,alma-7b-flap40-gen-pair-is-lora__alma10-greedy__f003903604b5,flap,gen,40,pair,is,en-is+is-en,True,alma-7b-flap40-gen-pair-is,is-en,True,True,1000,0.824406,27.0017,49.4559,4.75173,-0.03234,-7.5975,-6.6659,1.30932,0.019119,-0.912333,0.002,0.004,0.006,0.006,0,0.9701,0,0.001,0.005,0.002,0.009,1.0019
alma-7b-flap40-gen-pair-is-lora,alma-7b-flap40-gen-pair-is-lora__alma10-greedy__f003903604b5,flap,gen,40,pair,is,en-is+is-en,True,alma-7b-flap40-gen-pair-is,ru-en,True,False,,,,,,,,,,,,,,,,,,,,,,,
alma-7b-flap40-gen-pair-is-lora,alma-7b-flap40-gen-pair-is-lora__alma10-greedy__f003903604b5,flap,gen,40,pair,is,en-is+is-en,True,alma-7b-flap40-gen-pair-is,zh-en,True,False,,,,,,,,,,,,,,,,,,,,,,,
alma-7b-flap40-gen-pair-is-lora,alma-7b-flap40-gen-pair-is-lora__alma10-greedy__f003903604b5,flap,gen,40,pair,is,en-is+is-en,True,alma-7b-flap40-gen-pair-is,en-cs,False,False,,,,,,,,,,,,,,,,,,,,,,,
alma-7b-flap40-gen-pair-is-lora,alma-7b-flap40-gen-pair-is-lora__alma10-greedy__f003903604b5,flap,gen,40,pair,is,en-is+is-en,True,alma-7b-flap40-gen-pair-is,en-de,False,False,,,,,,,,,,,,,,,,,,,,,,,
alma-7b-flap40-gen-pair-is-lora,alma-7b-flap40-gen-pair-is-lora__alma10-greedy__f003903604b5,flap,gen,40,pair,is,en-is+is-en,True,alma-7b-flap40-gen-pair-is,en-is,False,True,1000,0.779285,16.1151,40.8588,7.73955,-0.065531,-7.7981,-8.2199,3.66728,0.19712,-7.97319,0,0.001,0.006,0.006,0,0.9543,0,0,0.004,0,0.0037,0.9901
alma-7b-flap40-gen-pair-is-lora,alma-7b-flap40-gen-pair-is-lora__alma10-greedy__f003903604b5,flap,gen,40,pair,is,en-is+is-en,True,alma-7b-flap40-gen-pair-is,en-ru,False,False,,,,,,,,,,,,,,,,,,,,,,,
alma-7b-flap40-gen-pair-is-lora,alma-7b-flap40-gen-pair-is-lora__alma10-greedy__f003903604b5,flap,gen,40,pair,is,en-is+is-en,True,alma-7b-flap40-gen-pair-is,en-zh,False,False,,,,,,,,,,,,,,,,,,,,,,,
alma-7b-flap40-gen-pair-ru-lora,alma-7b-flap40-gen-pair-ru-lora__alma10-greedy__28a9e01f13a0,flap,gen,40,pair,ru,en-ru+ru-en,True,alma-7b-flap40-gen-pair-ru,cs-en,True,False,,,,,,,,,,,,,,,,,,,,,,,
alma-7b-flap40-gen-pair-ru-lora,alma-7b-flap40-gen-pair-ru-lora__alma10-greedy__28a9e01f13a0,flap,gen,40,pair,ru,en-ru+ru-en,True,alma-7b-flap40-gen-pair-ru,de-en,True,False,,,,,,,,,,,,,,,,,,,,,,,
alma-7b-flap40-gen-pair-ru-lora,alma-7b-flap40-gen-pair-ru-lora__alma10-greedy__28a9e01f13a0,flap,gen,40,pair,ru,en-ru+ru-en,True,alma-7b-flap40-gen-pair-ru,is-en,True,False,,,,,,,,,,,,,,,,,,,,,,,
alma-7b-flap40-gen-pair-ru-lora,alma-7b-flap40-gen-pair-ru-lora__alma10-greedy__28a9e01f13a0,flap,gen,40,pair,ru,en-ru+ru-en,True,alma-7b-flap40-gen-pair-ru,ru-en,True,True,2016,0.813928,31.4455,55.9448,4.30081,-0.030594,-5.5579,-4.6017,1.18816,0.017445,-0.814392,0,0.001,0.0025,0.0025,0,1.001,0.0005,0.005,0.0208,0,0.0075,1.0239
alma-7b-flap40-gen-pair-ru-lora,alma-7b-flap40-gen-pair-ru-lora__alma10-greedy__28a9e01f13a0,flap,gen,40,pair,ru,en-ru+ru-en,True,alma-7b-flap40-gen-pair-ru,zh-en,True,False,,,,,,,,,,,,,,,,,,,,,,,
alma-7b-flap40-gen-pair-ru-lora,alma-7b-flap40-gen-pair-ru-lora__alma10-greedy__28a9e01f13a0,flap,gen,40,pair,ru,en-ru+ru-en,True,alma-7b-flap40-gen-pair-ru,en-cs,False,False,,,,,,,,,,,,,,,,,,,,,,,
alma-7b-flap40-gen-pair-ru-lora,alma-7b-flap40-gen-pair-ru-lora__alma10-greedy__28a9e01f13a0,flap,gen,40,pair,ru,en-ru+ru-en,True,alma-7b-flap40-gen-pair-ru,en-de,False,False,,,,,,,,,,,,,,,,,,,,,,,
alma-7b-flap40-gen-pair-ru-lora,alma-7b-flap40-gen-pair-ru-lora__alma10-greedy__28a9e01f13a0,flap,gen,40,pair,ru,en-ru+ru-en,True,alma-7b-flap40-gen-pair-ru,en-is,False,False,,,,,,,,,,,,,,,,,,,,,,,
alma-7b-flap40-gen-pair-ru-lora,alma-7b-flap40-gen-pair-ru-lora__alma10-greedy__28a9e01f13a0,flap,gen,40,pair,ru,en-ru+ru-en,True,alma-7b-flap40-gen-pair-ru,en-ru,False,True,2037,0.822325,20.9862,44.9438,3.62478,-0.040703,-4.1627,-4.0371,1.35435,0.071349,-2.16759,0.0015,0.0005,0.0034,0.0034,0,0.971,0.002,0.0079,0.029,0.0015,0.0124,0.9979
alma-7b-flap40-gen-pair-ru-lora,alma-7b-flap40-gen-pair-ru-lora__alma10-greedy__28a9e01f13a0,flap,gen,40,pair,ru,en-ru+ru-en,True,alma-7b-flap40-gen-pair-ru,en-zh,False,False,,,,,,,,,,,,,,,,,,,,,,,
alma-7b-flap40-gen-pair-zh-lora,alma-7b-flap40-gen-pair-zh-lora__alma10-greedy__0be74239f053,flap,gen,40,pair,zh,en-zh+zh-en,True,alma-7b-flap40-gen-pair-zh,cs-en,True,False,,,,,,,,,,,,,,,,,,,,,,,
alma-7b-flap40-gen-pair-zh-lora,alma-7b-flap40-gen-pair-zh-lora__alma10-greedy__0be74239f053,flap,gen,40,pair,zh,en-zh+zh-en,True,alma-7b-flap40-gen-pair-zh,de-en,True,False,,,,,,,,,,,,,,,,,,,,,,,
alma-7b-flap40-gen-pair-zh-lora,alma-7b-flap40-gen-pair-zh-lora__alma10-greedy__0be74239f053,flap,gen,40,pair,zh,en-zh+zh-en,True,alma-7b-flap40-gen-pair-zh,is-en,True,False,,,,,,,,,,,,,,,,,,,,,,,
alma-7b-flap40-gen-pair-zh-lora,alma-7b-flap40-gen-pair-zh-lora__alma10-greedy__0be74239f053,flap,gen,40,pair,zh,en-zh+zh-en,True,alma-7b-flap40-gen-pair-zh,ru-en,True,False,,,,,,,,,,,,,,,,,,,,,,,
alma-7b-flap40-gen-pair-zh-lora,alma-7b-flap40-gen-pair-zh-lora__alma10-greedy__0be74239f053,flap,gen,40,pair,zh,en-zh+zh-en,True,alma-7b-flap40-gen-pair-zh,zh-en,True,True,1875,0.769525,20.0759,47.0273,3.68324,-0.027169,-2.3454,-2.717,0.980072,0.040706,-1.57304,0.0005,0.0016,0.0064,0.0064,0,0.9647,0.0005,0.0144,0.0107,0.0005,0.0037,0.99
alma-7b-flap40-gen-pair-zh-lora,alma-7b-flap40-gen-pair-zh-lora__alma10-greedy__0be74239f053,flap,gen,40,pair,zh,en-zh+zh-en,True,alma-7b-flap40-gen-pair-zh,en-cs,False,False,,,,,,,,,,,,,,,,,,,,,,,
alma-7b-flap40-gen-pair-zh-lora,alma-7b-flap40-gen-pair-zh-lora__alma10-greedy__0be74239f053,flap,gen,40,pair,zh,en-zh+zh-en,True,alma-7b-flap40-gen-pair-zh,en-de,False,False,,,,,,,,,,,,,,,,,,,,,,,
alma-7b-flap40-gen-pair-zh-lora,alma-7b-flap40-gen-pair-zh-lora__alma10-greedy__0be74239f053,flap,gen,40,pair,zh,en-zh+zh-en,True,alma-7b-flap40-gen-pair-zh,en-is,False,False,,,,,,,,,,,,,,,,,,,,,,,
alma-7b-flap40-gen-pair-zh-lora,alma-7b-flap40-gen-pair-zh-lora__alma10-greedy__0be74239f053,flap,gen,40,pair,zh,en-zh+zh-en,True,alma-7b-flap40-gen-pair-zh,en-ru,False,False,,,,,,,,,,,,,,,,,,,,,,,
alma-7b-flap40-gen-pair-zh-lora,alma-7b-flap40-gen-pair-zh-lora__alma10-greedy__0be74239f053,flap,gen,40,pair,zh,en-zh+zh-en,True,alma-7b-flap40-gen-pair-zh,en-zh,False,True,2037,0.811228,29.8629,24.5121,2.51909,-0.036446,-5.1805,-2.88,0.659811,0.155855,-3.70536,0,0,0.0034,0.0034,0,1.0147,0,0.1532,0.028,0,0.0055,1.005
alma-7b-flap40-ref-multi-lora,alma-7b-flap40-ref-multi-lora__alma10-greedy__0fa3963cbbff,flap,ref,40,multi,,cs-en+de-en+is-en+ru-en+zh-en+en-cs+en-de+en-is+en-ru+en-zh,True,alma-7b-flap40-ref-multi,cs-en,True,True,1448,0.83462,36.9839,59.1583,4.70738,-0.021227,-4.3383,-3.4798,0.795468,0.022653,-1.23266,0.0055,0,0,0,0,0.9793,0.0007,0.0007,0.0069,0.0055,0.0054,1.0022
alma-7b-flap40-ref-multi-lora,alma-7b-flap40-ref-multi-lora__alma10-greedy__0fa3963cbbff,flap,ref,40,multi,,cs-en+de-en+is-en+ru-en+zh-en+en-cs+en-de+en-is+en-ru+en-zh,True,alma-7b-flap40-ref-multi,de-en,True,True,1984,0.821123,26.8021,50.0916,4.05548,-0.01642,-2.2703,-2.2311,0.635889,0.019517,-0.872258,0.001,0.0005,0.001,0.001,0,0.9322,0.0005,0.005,0.006,0.001,0.0049,0.9598
alma-7b-flap40-ref-multi-lora,alma-7b-flap40-ref-multi-lora__alma10-greedy__0fa3963cbbff,flap,ref,40,multi,,cs-en+de-en+is-en+ru-en+zh-en+en-cs+en-de+en-is+en-ru+en-zh,True,alma-7b-flap40-ref-multi,is-en,True,True,1000,0.82912,28.857,51.2524,4.5718,-0.027626,-5.7422,-4.8694,1.12939,0.022711,-1.06496,0.005,0,0,0,0,0.9293,0,0.001,0.009,0.005,0.0059,0.963
alma-7b-flap40-ref-multi-lora,alma-7b-flap40-ref-multi-lora__alma10-greedy__0fa3963cbbff,flap,ref,40,multi,,cs-en+de-en+is-en+ru-en+zh-en+en-cs+en-de+en-is+en-ru+en-zh,True,alma-7b-flap40-ref-multi,ru-en,True,True,2016,0.821738,32.5262,56.9701,3.93077,-0.022784,-4.4772,-3.5764,0.818126,0.023909,-1.17161,0,0,0.001,0.001,0,1.0002,0.0005,0.006,0.0184,0,0.0074,1.0196
alma-7b-flap40-ref-multi-lora,alma-7b-flap40-ref-multi-lora__alma10-greedy__0fa3963cbbff,flap,ref,40,multi,,cs-en+de-en+is-en+ru-en+zh-en+en-cs+en-de+en-is+en-ru+en-zh,True,alma-7b-flap40-ref-multi,zh-en,True,True,1875,0.767794,18.9597,46.0446,3.63528,-0.0289,-3.4616,-3.6997,0.93211,0.035928,-1.57832,0,0.0048,0.0107,0.0107,0,0.9986,0.0005,0.0117,0.0117,0,0.004,1.0286
alma-7b-flap40-ref-multi-lora,alma-7b-flap40-ref-multi-lora__alma10-greedy__0fa3963cbbff,flap,ref,40,multi,,cs-en+de-en+is-en+ru-en+zh-en+en-cs+en-de+en-is+en-ru+en-zh,True,alma-7b-flap40-ref-multi,en-cs,False,True,2037,0.823906,21.9127,45.1163,5.47343,-0.055332,-4.4996,-4.8553,1.98968,0.101637,-4.11088,0.0044,0.0005,0.0025,0.0025,0,0.9628,0.002,0.0108,0.0211,0.0044,0.0099,0.9952
alma-7b-flap40-ref-multi-lora,alma-7b-flap40-ref-multi-lora__alma10-greedy__0fa3963cbbff,flap,ref,40,multi,,cs-en+de-en+is-en+ru-en+zh-en+en-cs+en-de+en-is+en-ru+en-zh,True,alma-7b-flap40-ref-multi,en-de,False,True,2037,0.808388,24.4654,50.4318,1.77147,-0.040293,-3.8008,-4.0298,0.677958,0.049874,-0.990738,0.0142,0.0005,0.0005,0.0005,0,0.9797,0.0133,0.0064,0.0167,0.0142,0.0143,0.9966
alma-7b-flap40-ref-multi-lora,alma-7b-flap40-ref-multi-lora__alma10-greedy__0fa3963cbbff,flap,ref,40,multi,,cs-en+de-en+is-en+ru-en+zh-en+en-cs+en-de+en-is+en-ru+en-zh,True,alma-7b-flap40-ref-multi,en-is,False,True,1000,0.774998,16.6766,41.302,7.85146,-0.069818,-7.2366,-7.7767,3.77919,0.194336,-7.85448,0,0.002,0.014,0.014,0,0.9838,0,0,0.007,0,0.0037,1.0201
alma-7b-flap40-ref-multi-lora,alma-7b-flap40-ref-multi-lora__alma10-greedy__0fa3963cbbff,flap,ref,40,multi,,cs-en+de-en+is-en+ru-en+zh-en+en-cs+en-de+en-is+en-ru+en-zh,True,alma-7b-flap40-ref-multi,en-ru,False,True,2037,0.824514,20.977,44.7747,3.46539,-0.038514,-4.1719,-4.2062,1.19496,0.072499,-2.3276,0.0005,0.001,0.0059,0.0059,0,0.9798,0.0005,0.0108,0.0196,0.0005,0.0111,1.0077
alma-7b-flap40-ref-multi-lora,alma-7b-flap40-ref-multi-lora__alma10-greedy__0fa3963cbbff,flap,ref,40,multi,,cs-en+de-en+is-en+ru-en+zh-en+en-cs+en-de+en-is+en-ru+en-zh,True,alma-7b-flap40-ref-multi,en-zh,False,True,2037,0.804693,29.0761,23.9014,2.70154,-0.042981,-5.9673,-3.4907,0.842269,0.154174,-3.60014,0.0005,0,0.0064,0.0064,0,1.0125,0,0.1527,0.0314,0.0005,0.0014,1.0222
alma-7b-slimgpt20-ref-multi-lora,alma-7b-slimgpt20-ref-multi-lora__alma10-greedy__967924b6a16d,slimgpt,ref,20,multi,,cs-en+de-en+is-en+ru-en+zh-en+en-cs+en-de+en-is+en-ru+en-zh,True,alma-7b-slimgpt20-ref-multi,cs-en,True,True,1448,0.848997,39.3505,61.0581,4.10632,-0.00685,-1.9717,-1.58,0.194406,-0.000618,-0.022863,0.0062,0,0,0,0,0.9803,0.0007,0,0.0083,0.0062,0.0055,1.0002
alma-7b-slimgpt20-ref-multi-lora,alma-7b-slimgpt20-ref-multi-lora__alma10-greedy__967924b6a16d,slimgpt,ref,20,multi,,cs-en+de-en+is-en+ru-en+zh-en+en-cs+en-de+en-is+en-ru+en-zh,True,alma-7b-slimgpt20-ref-multi,de-en,True,True,1984,0.835382,27.628,51.1842,3.5082,-0.002161,-1.4444,-1.1385,0.088606,0.002283,-0.085811,0.001,0.001,0.001,0.001,0,0.9426,0.0005,0.006,0.0055,0.001,0.0049,0.9611
alma-7b-slimgpt20-ref-multi-lora,alma-7b-slimgpt20-ref-multi-lora__alma10-greedy__967924b6a16d,slimgpt,ref,20,multi,,cs-en+de-en+is-en+ru-en+zh-en+en-cs+en-de+en-is+en-ru+en-zh,True,alma-7b-slimgpt20-ref-multi,is-en,True,True,1000,0.844655,29.7963,52.2333,4.08263,-0.012091,-4.8029,-3.8885,0.640214,-0.008581,0.520672,0.005,0,0,0,0,0.9308,0,0.001,0.007,0.005,0.006,0.9618
alma-7b-slimgpt20-ref-multi-lora,alma-7b-slimgpt20-ref-multi-lora__alma10-greedy__967924b6a16d,slimgpt,ref,20,multi,,cs-en+de-en+is-en+ru-en+zh-en+en-cs+en-de+en-is+en-ru+en-zh,True,alma-7b-slimgpt20-ref-multi,ru-en,True,True,2016,0.838455,34.9409,59.1452,3.27498,-0.006067,-2.0625,-1.4013,0.16233,0.002165,-0.103853,0,0,0,0,0,0.9988,0.0005,0.005,0.0184,0,0.0069,1.0186
alma-7b-slimgpt20-ref-multi-lora,alma-7b-slimgpt20-ref-multi-lora__alma10-greedy__967924b6a16d,slimgpt,ref,20,multi,,cs-en+de-en+is-en+ru-en+zh-en+en-cs+en-de+en-is+en-ru+en-zh,True,alma-7b-slimgpt20-ref-multi,zh-en,True,True,1875,0.790738,21.5823,48.6902,2.86171,-0.005956,-0.839,-1.0541,0.158544,0.003919,-0.193604,0.0011,0,0.0016,0.0016,0,0.9439,0.0005,0.0117,0.0107,0.0011,0.0042,0.9698
alma-7b-slimgpt20-ref-multi-lora,alma-7b-slimgpt20-ref-multi-lora__alma10-greedy__967924b6a16d,slimgpt,ref,20,multi,,cs-en+de-en+is-en+ru-en+zh-en+en-cs+en-de+en-is+en-ru+en-zh,True,alma-7b-slimgpt20-ref-multi,en-cs,False,True,2037,0.865042,24.9715,48.198,3.93453,-0.014196,-1.4408,-1.7736,0.450773,0.005258,-0.207244,0.001,0.001,0.0029,0.0029,0,0.9774,0,0.0083,0.0172,0.001,0.0067,1.0013
alma-7b-slimgpt20-ref-multi-lora,alma-7b-slimgpt20-ref-multi-lora__alma10-greedy__967924b6a16d,slimgpt,ref,20,multi,,cs-en+de-en+is-en+ru-en+zh-en+en-cs+en-de+en-is+en-ru+en-zh,True,alma-7b-slimgpt20-ref-multi,en-de,False,True,2037,0.83899,27.4373,53.1478,1.27147,-0.009691,-0.8289,-1.3138,0.17796,0.005661,-0.153899,0.0118,0.0005,0.0005,0.0005,0,0.9909,0.0108,0.0039,0.0142,0.0118,0.0146,1.0044
alma-7b-slimgpt20-ref-multi-lora,alma-7b-slimgpt20-ref-multi-lora__alma10-greedy__967924b6a16d,slimgpt,ref,20,multi,,cs-en+de-en+is-en+ru-en+zh-en+en-cs+en-de+en-is+en-ru+en-zh,True,alma-7b-slimgpt20-ref-multi,en-is,False,True,1000,0.834147,21.3345,46.6833,4.75275,-0.010669,-2.5787,-2.3954,0.680474,0.003277,-0.478844,0.002,0,0,0,0,0.9648,0,0,0.002,0.002,0.0038,0.9951
alma-7b-slimgpt20-ref-multi-lora,alma-7b-slimgpt20-ref-multi-lora__alma10-greedy__967924b6a16d,slimgpt,ref,20,multi,,cs-en+de-en+is-en+ru-en+zh-en+en-cs+en-de+en-is+en-ru+en-zh,True,alma-7b-slimgpt20-ref-multi,en-ru,False,True,2037,0.855782,24.0575,47.7566,2.48603,-0.007246,-1.0914,-1.2243,0.215596,0.007653,-0.261636,0,0,0.0005,0.0005,0,0.9657,0,0.0108,0.0216,0,0.0111,0.9951
alma-7b-slimgpt20-ref-multi-lora,alma-7b-slimgpt20-ref-multi-lora__alma10-greedy__967924b6a16d,slimgpt,ref,20,multi,,cs-en+de-en+is-en+ru-en+zh-en+en-cs+en-de+en-is+en-ru+en-zh,True,alma-7b-slimgpt20-ref-multi,en-zh,False,True,2037,0.838328,33.97,27.4197,2.05764,-0.009346,-1.0734,0.0276,0.198365,0.00884,-0.236421,0,0,0.0025,0.0025,0,1.0087,0,0.1468,0.0226,0,0.0043,1.0074
alma-7b-slimgpt30-gen-multi-lora,alma-7b-slimgpt30-gen-multi-lora__alma10-greedy__f62632506779,slimgpt,gen,30,multi,,cs-en+de-en+is-en+ru-en+zh-en+en-cs+en-de+en-is+en-ru+en-zh,True,alma-7b-slimgpt30-gen-multi,cs-en,True,True,1448,0.844462,37.9076,59.8308,4.33709,-0.011385,-3.4146,-2.8073,0.425171,0.000333,-0.101974,0.0048,0,0,0,0,0.9719,0.0007,0,0.0048,0.0048,0.0053,0.9937
alma-7b-slimgpt30-gen-multi-lora,alma-7b-slimgpt30-gen-multi-lora__alma10-greedy__f62632506779,slimgpt,gen,30,multi,,cs-en+de-en+is-en+ru-en+zh-en+en-cs+en-de+en-is+en-ru+en-zh,True,alma-7b-slimgpt30-gen-multi,de-en,True,True,1984,0.830081,26.3648,50.2649,3.65967,-0.007462,-2.7076,-2.0578,0.240079,0.003573,-0.179214,0.002,0.0005,0.0005,0.0005,0,0.9337,0.001,0.006,0.0055,0.002,0.0051,0.9519
alma-7b-slimgpt30-gen-multi-lora,alma-7b-slimgpt30-gen-multi-lora__alma10-greedy__f62632506779,slimgpt,gen,30,multi,,cs-en+de-en+is-en+ru-en+zh-en+en-cs+en-de+en-is+en-ru+en-zh,True,alma-7b-slimgpt30-gen-multi,is-en,True,True,1000,0.841553,29.6851,51.9837,4.04484,-0.015193,-4.9141,-4.1381,0.602424,-0.00702,0.236193,0.005,0,0,0,0,0.9392,0,0.001,0.009,0.005,0.0059,0.9675
alma-7b-slimgpt30-gen-multi-lora,alma-7b-slimgpt30-gen-multi-lora__alma10-greedy__f62632506779,slimgpt,gen,30,multi,,cs-en+de-en+is-en+ru-en+zh-en+en-cs+en-de+en-is+en-ru+en-zh,True,alma-7b-slimgpt30-gen-multi,ru-en,True,True,2016,0.834157,34.0378,58.5635,3.45895,-0.010365,-2.9656,-1.983,0.346301,0.004688,-0.202401,0.0005,0,0.0005,0.0005,0,1.0025,0.0005,0.0045,0.0184,0.0005,0.0071,1.0245
alma-7b-slimgpt30-gen-multi-lora,alma-7b-slimgpt30-gen-multi-lora__alma10-greedy__f62632506779,slimgpt,gen,30,multi,,cs-en+de-en+is-en+ru-en+zh-en+en-cs+en-de+en-is+en-ru+en-zh,True,alma-7b-slimgpt30-gen-multi,zh-en,True,True,1875,0.783393,20.4658,47.5873,3.07386,-0.013301,-1.9555,-2.157,0.370688,0.00466,-0.368148,0.0011,0.0011,0.0053,0.0053,0,0.9652,0.0005,0.0117,0.0117,0.0011,0.0041,0.9915
alma-7b-slimgpt30-gen-multi-lora,alma-7b-slimgpt30-gen-multi-lora__alma10-greedy__f62632506779,slimgpt,gen,30,multi,,cs-en+de-en+is-en+ru-en+zh-en+en-cs+en-de+en-is+en-ru+en-zh,True,alma-7b-slimgpt30-gen-multi,en-cs,False,True,2037,0.85664,24.6496,47.5448,4.2387,-0.022598,-1.7627,-2.4268,0.754947,0.014994,-0.683653,0.002,0,0.0005,0.0005,0,0.9577,0.0005,0.0098,0.0187,0.002,0.0067,0.9867
alma-7b-slimgpt30-gen-multi-lora,alma-7b-slimgpt30-gen-multi-lora__alma10-greedy__f62632506779,slimgpt,gen,30,multi,,cs-en+de-en+is-en+ru-en+zh-en+en-cs+en-de+en-is+en-ru+en-zh,True,alma-7b-slimgpt30-gen-multi,en-de,False,True,2037,0.827758,26.5317,51.9011,1.43717,-0.020923,-1.7345,-2.5605,0.343663,0.009189,-0.195154,0.0187,0.001,0.001,0.001,0,0.9855,0.0147,0.0025,0.0226,0.0187,0.0142,0.9994
alma-7b-slimgpt30-gen-multi-lora,alma-7b-slimgpt30-gen-multi-lora__alma10-greedy__f62632506779,slimgpt,gen,30,multi,,cs-en+de-en+is-en+ru-en+zh-en+en-cs+en-de+en-is+en-ru+en-zh,True,alma-7b-slimgpt30-gen-multi,en-is,False,True,1000,0.820362,20.1019,44.907,5.53105,-0.024454,-3.8113,-4.1717,1.45878,0.012943,-0.801744,0,0,0.003,0.003,0,0.9584,0,0,0.004,0,0.0037,0.9901
alma-7b-slimgpt30-gen-multi-lora,alma-7b-slimgpt30-gen-multi-lora__alma10-greedy__f62632506779,slimgpt,gen,30,multi,,cs-en+de-en+is-en+ru-en+zh-en+en-cs+en-de+en-is+en-ru+en-zh,True,alma-7b-slimgpt30-gen-multi,en-ru,False,True,2037,0.845665,22.7739,46.3635,2.74782,-0.017363,-2.375,-2.6174,0.477388,0.01391,-0.466649,0,0.0005,0.0005,0.0005,0,0.9579,0,0.0083,0.0304,0,0.011,0.9933
alma-7b-slimgpt30-gen-multi-lora,alma-7b-slimgpt30-gen-multi-lora__alma10-greedy__f62632506779,slimgpt,gen,30,multi,,cs-en+de-en+is-en+ru-en+zh-en+en-cs+en-de+en-is+en-ru+en-zh,True,alma-7b-slimgpt30-gen-multi,en-zh,False,True,2037,0.82804,32.2906,26.49,2.21431,-0.019634,-2.7528,-0.9021,0.355033,0.027498,-0.643257,0,0,0.0029,0.0029,0,1.0036,0,0.1433,0.025,0,0.0001,1.0187
alma-7b-slimgpt30-gen-pair-cs-lora,alma-7b-slimgpt30-gen-pair-cs-lora__alma10-greedy__7a864e50529b,slimgpt,gen,30,pair,cs,cs-en+en-cs,True,alma-7b-slimgpt30-gen-pair-cs,cs-en,True,True,1448,0.850171,39.2234,60.8671,4.15381,-0.005676,-2.0988,-1.771,0.241897,0.006042,-0.285248,0.0069,0,0,0,0,0.966,0.0007,0.0007,0.0083,0.0069,0.0055,0.9857
alma-7b-slimgpt30-gen-pair-cs-lora,alma-7b-slimgpt30-gen-pair-cs-lora__alma10-greedy__7a864e50529b,slimgpt,gen,30,pair,cs,cs-en+en-cs,True,alma-7b-slimgpt30-gen-pair-cs,de-en,True,False,,,,,,,,,,,,,,,,,,,,,,,
alma-7b-slimgpt30-gen-pair-cs-lora,alma-7b-slimgpt30-gen-pair-cs-lora__alma10-greedy__7a864e50529b,slimgpt,gen,30,pair,cs,cs-en+en-cs,True,alma-7b-slimgpt30-gen-pair-cs,is-en,True,False,,,,,,,,,,,,,,,,,,,,,,,
alma-7b-slimgpt30-gen-pair-cs-lora,alma-7b-slimgpt30-gen-pair-cs-lora__alma10-greedy__7a864e50529b,slimgpt,gen,30,pair,cs,cs-en+en-cs,True,alma-7b-slimgpt30-gen-pair-cs,ru-en,True,False,,,,,,,,,,,,,,,,,,,,,,,
alma-7b-slimgpt30-gen-pair-cs-lora,alma-7b-slimgpt30-gen-pair-cs-lora__alma10-greedy__7a864e50529b,slimgpt,gen,30,pair,cs,cs-en+en-cs,True,alma-7b-slimgpt30-gen-pair-cs,zh-en,True,False,,,,,,,,,,,,,,,,,,,,,,,
alma-7b-slimgpt30-gen-pair-cs-lora,alma-7b-slimgpt30-gen-pair-cs-lora__alma10-greedy__7a864e50529b,slimgpt,gen,30,pair,cs,cs-en+en-cs,True,alma-7b-slimgpt30-gen-pair-cs,en-cs,False,True,2037,0.862965,24.1746,48.1749,4.01097,-0.016273,-2.2377,-1.7967,0.527216,0.021319,-0.911384,0.0029,0,0,0,0,0.9675,0.0005,0.0098,0.0172,0.0029,0.0063,0.9914
alma-7b-slimgpt30-gen-pair-cs-lora,alma-7b-slimgpt30-gen-pair-cs-lora__alma10-greedy__7a864e50529b,slimgpt,gen,30,pair,cs,cs-en+en-cs,True,alma-7b-slimgpt30-gen-pair-cs,en-de,False,False,,,,,,,,,,,,,,,,,,,,,,,
alma-7b-slimgpt30-gen-pair-cs-lora,alma-7b-slimgpt30-gen-pair-cs-lora__alma10-greedy__7a864e50529b,slimgpt,gen,30,pair,cs,cs-en+en-cs,True,alma-7b-slimgpt30-gen-pair-cs,en-is,False,False,,,,,,,,,,,,,,,,,,,,,,,
alma-7b-slimgpt30-gen-pair-cs-lora,alma-7b-slimgpt30-gen-pair-cs-lora__alma10-greedy__7a864e50529b,slimgpt,gen,30,pair,cs,cs-en+en-cs,True,alma-7b-slimgpt30-gen-pair-cs,en-ru,False,False,,,,,,,,,,,,,,,,,,,,,,,
alma-7b-slimgpt30-gen-pair-cs-lora,alma-7b-slimgpt30-gen-pair-cs-lora__alma10-greedy__7a864e50529b,slimgpt,gen,30,pair,cs,cs-en+en-cs,True,alma-7b-slimgpt30-gen-pair-cs,en-zh,False,False,,,,,,,,,,,,,,,,,,,,,,,
alma-7b-slimgpt30-gen-pair-de-lora,alma-7b-slimgpt30-gen-pair-de-lora__alma10-greedy__6cbbe58b9416,slimgpt,gen,30,pair,de,de-en+en-de,True,alma-7b-slimgpt30-gen-pair-de,cs-en,True,False,,,,,,,,,,,,,,,,,,,,,,,
alma-7b-slimgpt30-gen-pair-de-lora,alma-7b-slimgpt30-gen-pair-de-lora__alma10-greedy__6cbbe58b9416,slimgpt,gen,30,pair,de,de-en+en-de,True,alma-7b-slimgpt30-gen-pair-de,de-en,True,True,1984,0.833334,27.7807,51.7444,3.60818,-0.004209,-1.2917,-0.5783,0.188595,0.006826,-0.230698,0.001,0.0005,0.0005,0.0005,0,0.932,0.0005,0.006,0.0066,0.001,0.0054,0.9437
alma-7b-slimgpt30-gen-pair-de-lora,alma-7b-slimgpt30-gen-pair-de-lora__alma10-greedy__6cbbe58b9416,slimgpt,gen,30,pair,de,de-en+en-de,True,alma-7b-slimgpt30-gen-pair-de,is-en,True,False,,,,,,,,,,,,,,,,,,,,,,,
alma-7b-slimgpt30-gen-pair-de-lora,alma-7b-slimgpt30-gen-pair-de-lora__alma10-greedy__6cbbe58b9416,slimgpt,gen,30,pair,de,de-en+en-de,True,alma-7b-slimgpt30-gen-pair-de,ru-en,True,False,,,,,,,,,,,,,,,,,,,,,,,
alma-7b-slimgpt30-gen-pair-de-lora,alma-7b-slimgpt30-gen-pair-de-lora__alma10-greedy__6cbbe58b9416,slimgpt,gen,30,pair,de,de-en+en-de,True,alma-7b-slimgpt30-gen-pair-de,zh-en,True,False,,,,,,,,,,,,,,,,,,,,,,,
alma-7b-slimgpt30-gen-pair-de-lora,alma-7b-slimgpt30-gen-pair-de-lora__alma10-greedy__6cbbe58b9416,slimgpt,gen,30,pair,de,de-en+en-de,True,alma-7b-slimgpt30-gen-pair-de,en-cs,False,False,,,,,,,,,,,,,,,,,,,,,,,
alma-7b-slimgpt30-gen-pair-de-lora,alma-7b-slimgpt30-gen-pair-de-lora__alma10-greedy__6cbbe58b9416,slimgpt,gen,30,pair,de,de-en+en-de,True,alma-7b-slimgpt30-gen-pair-de,en-de,False,True,2037,0.837252,27.1077,52.8932,1.33272,-0.011429,-1.1585,-1.5684,0.239211,0.018683,-0.299606,0.0123,0,0,0,0,0.9877,0.0113,0.0039,0.0142,0.0123,0.0142,1.0017
alma-7b-slimgpt30-gen-pair-de-lora,alma-7b-slimgpt30-gen-pair-de-lora__alma10-greedy__6cbbe58b9416,slimgpt,gen,30,pair,de,de-en+en-de,True,alma-7b-slimgpt30-gen-pair-de,en-is,False,False,,,,,,,,,,,,,,,,,,,,,,,
alma-7b-slimgpt30-gen-pair-de-lora,alma-7b-slimgpt30-gen-pair-de-lora__alma10-greedy__6cbbe58b9416,slimgpt,gen,30,pair,de,de-en+en-de,True,alma-7b-slimgpt30-gen-pair-de,en-ru,False,False,,,,,,,,,,,,,,,,,,,,,,,
alma-7b-slimgpt30-gen-pair-de-lora,alma-7b-slimgpt30-gen-pair-de-lora__alma10-greedy__6cbbe58b9416,slimgpt,gen,30,pair,de,de-en+en-de,True,alma-7b-slimgpt30-gen-pair-de,en-zh,False,False,,,,,,,,,,,,,,,,,,,,,,,
alma-7b-slimgpt30-gen-pair-is-lora,alma-7b-slimgpt30-gen-pair-is-lora__alma10-greedy__b7ec140a3239,slimgpt,gen,30,pair,is,en-is+is-en,True,alma-7b-slimgpt30-gen-pair-is,cs-en,True,False,,,,,,,,,,,,,,,,,,,,,,,
alma-7b-slimgpt30-gen-pair-is-lora,alma-7b-slimgpt30-gen-pair-is-lora__alma10-greedy__b7ec140a3239,slimgpt,gen,30,pair,is,en-is+is-en,True,alma-7b-slimgpt30-gen-pair-is,de-en,True,False,,,,,,,,,,,,,,,,,,,,,,,
alma-7b-slimgpt30-gen-pair-is-lora,alma-7b-slimgpt30-gen-pair-is-lora__alma10-greedy__b7ec140a3239,slimgpt,gen,30,pair,is,en-is+is-en,True,alma-7b-slimgpt30-gen-pair-is,is-en,True,True,1000,0.845151,30.3646,52.5286,3.95178,-0.011595,-4.2346,-3.5932,0.509368,-0.003422,0.143137,0.005,0.001,0.003,0.003,0,0.952,0,0.001,0.008,0.005,0.0057,0.9795
alma-7b-slimgpt30-gen-pair-is-lora,alma-7b-slimgpt30-gen-pair-is-lora__alma10-greedy__b7ec140a3239,slimgpt,gen,30,pair,is,en-is+is-en,True,alma-7b-slimgpt30-gen-pair-is,ru-en,True,False,,,,,,,,,,,,,,,,,,,,,,,
alma-7b-slimgpt30-gen-pair-is-lora,alma-7b-slimgpt30-gen-pair-is-lora__alma10-greedy__b7ec140a3239,slimgpt,gen,30,pair,is,en-is+is-en,True,alma-7b-slimgpt30-gen-pair-is,zh-en,True,False,,,,,,,,,,,,,,,,,,,,,,,
alma-7b-slimgpt30-gen-pair-is-lora,alma-7b-slimgpt30-gen-pair-is-lora__alma10-greedy__b7ec140a3239,slimgpt,gen,30,pair,is,en-is+is-en,True,alma-7b-slimgpt30-gen-pair-is,en-cs,False,False,,,,,,,,,,,,,,,,,,,,,,,
alma-7b-slimgpt30-gen-pair-is-lora,alma-7b-slimgpt30-gen-pair-is-lora__alma10-greedy__b7ec140a3239,slimgpt,gen,30,pair,is,en-is+is-en,True,alma-7b-slimgpt30-gen-pair-is,en-de,False,False,,,,,,,,,,,,,,,,,,,,,,,
alma-7b-slimgpt30-gen-pair-is-lora,alma-7b-slimgpt30-gen-pair-is-lora__alma10-greedy__b7ec140a3239,slimgpt,gen,30,pair,is,en-is+is-en,True,alma-7b-slimgpt30-gen-pair-is,en-is,False,True,1000,0.827784,20.5685,46.0084,5.22895,-0.017032,-3.3447,-3.0703,1.15667,0.020365,-1.10385,0,0.001,0.001,0.001,0,0.9688,0,0,0.004,0,0.0038,0.9961
alma-7b-slimgpt30-gen-pair-is-lora,alma-7b-slimgpt30-gen-pair-is-lora__alma10-greedy__b7ec140a3239,slimgpt,gen,30,pair,is,en-is+is-en,True,alma-7b-slimgpt30-gen-pair-is,en-ru,False,False,,,,,,,,,,,,,,,,,,,,,,,
alma-7b-slimgpt30-gen-pair-is-lora,alma-7b-slimgpt30-gen-pair-is-lora__alma10-greedy__b7ec140a3239,slimgpt,gen,30,pair,is,en-is+is-en,True,alma-7b-slimgpt30-gen-pair-is,en-zh,False,False,,,,,,,,,,,,,,,,,,,,,,,
alma-7b-slimgpt30-gen-pair-ru-lora,alma-7b-slimgpt30-gen-pair-ru-lora__alma10-greedy__ec0ed68184df,slimgpt,gen,30,pair,ru,en-ru+ru-en,True,alma-7b-slimgpt30-gen-pair-ru,cs-en,True,False,,,,,,,,,,,,,,,,,,,,,,,
alma-7b-slimgpt30-gen-pair-ru-lora,alma-7b-slimgpt30-gen-pair-ru-lora__alma10-greedy__ec0ed68184df,slimgpt,gen,30,pair,ru,en-ru+ru-en,True,alma-7b-slimgpt30-gen-pair-ru,de-en,True,False,,,,,,,,,,,,,,,,,,,,,,,
alma-7b-slimgpt30-gen-pair-ru-lora,alma-7b-slimgpt30-gen-pair-ru-lora__alma10-greedy__ec0ed68184df,slimgpt,gen,30,pair,ru,en-ru+ru-en,True,alma-7b-slimgpt30-gen-pair-ru,is-en,True,False,,,,,,,,,,,,,,,,,,,,,,,
alma-7b-slimgpt30-gen-pair-ru-lora,alma-7b-slimgpt30-gen-pair-ru-lora__alma10-greedy__ec0ed68184df,slimgpt,gen,30,pair,ru,en-ru+ru-en,True,alma-7b-slimgpt30-gen-pair-ru,ru-en,True,True,2016,0.833133,34.459,58.7164,3.51936,-0.011389,-2.5444,-1.8301,0.406711,0.003664,-0.141991,0,0,0,0,0,0.9933,0.0005,0.0045,0.0213,0,0.0078,1.0127
alma-7b-slimgpt30-gen-pair-ru-lora,alma-7b-slimgpt30-gen-pair-ru-lora__alma10-greedy__ec0ed68184df,slimgpt,gen,30,pair,ru,en-ru+ru-en,True,alma-7b-slimgpt30-gen-pair-ru,zh-en,True,False,,,,,,,,,,,,,,,,,,,,,,,
alma-7b-slimgpt30-gen-pair-ru-lora,alma-7b-slimgpt30-gen-pair-ru-lora__alma10-greedy__ec0ed68184df,slimgpt,gen,30,pair,ru,en-ru+ru-en,True,alma-7b-slimgpt30-gen-pair-ru,en-cs,False,False,,,,,,,,,,,,,,,,,,,,,,,
alma-7b-slimgpt30-gen-pair-ru-lora,alma-7b-slimgpt30-gen-pair-ru-lora__alma10-greedy__ec0ed68184df,slimgpt,gen,30,pair,ru,en-ru+ru-en,True,alma-7b-slimgpt30-gen-pair-ru,en-de,False,False,,,,,,,,,,,,,,,,,,,,,,,
alma-7b-slimgpt30-gen-pair-ru-lora,alma-7b-slimgpt30-gen-pair-ru-lora__alma10-greedy__ec0ed68184df,slimgpt,gen,30,pair,ru,en-ru+ru-en,True,alma-7b-slimgpt30-gen-pair-ru,en-is,False,False,,,,,,,,,,,,,,,,,,,,,,,
alma-7b-slimgpt30-gen-pair-ru-lora,alma-7b-slimgpt30-gen-pair-ru-lora__alma10-greedy__ec0ed68184df,slimgpt,gen,30,pair,ru,en-ru+ru-en,True,alma-7b-slimgpt30-gen-pair-ru,en-ru,False,True,2037,0.845941,23.0277,47.2854,2.77455,-0.017087,-2.1212,-1.6955,0.504117,0.014186,-0.43992,0,0,0.0005,0.0005,0,0.9692,0,0.0098,0.0255,0,0.0114,0.9982
alma-7b-slimgpt30-gen-pair-ru-lora,alma-7b-slimgpt30-gen-pair-ru-lora__alma10-greedy__ec0ed68184df,slimgpt,gen,30,pair,ru,en-ru+ru-en,True,alma-7b-slimgpt30-gen-pair-ru,en-zh,False,False,,,,,,,,,,,,,,,,,,,,,,,
alma-7b-slimgpt30-gen-pair-zh-lora,alma-7b-slimgpt30-gen-pair-zh-lora__alma10-greedy__e66a68f0350f,slimgpt,gen,30,pair,zh,en-zh+zh-en,True,alma-7b-slimgpt30-gen-pair-zh,cs-en,True,False,,,,,,,,,,,,,,,,,,,,,,,
alma-7b-slimgpt30-gen-pair-zh-lora,alma-7b-slimgpt30-gen-pair-zh-lora__alma10-greedy__e66a68f0350f,slimgpt,gen,30,pair,zh,en-zh+zh-en,True,alma-7b-slimgpt30-gen-pair-zh,de-en,True,False,,,,,,,,,,,,,,,,,,,,,,,
alma-7b-slimgpt30-gen-pair-zh-lora,alma-7b-slimgpt30-gen-pair-zh-lora__alma10-greedy__e66a68f0350f,slimgpt,gen,30,pair,zh,en-zh+zh-en,True,alma-7b-slimgpt30-gen-pair-zh,is-en,True,False,,,,,,,,,,,,,,,,,,,,,,,
alma-7b-slimgpt30-gen-pair-zh-lora,alma-7b-slimgpt30-gen-pair-zh-lora__alma10-greedy__e66a68f0350f,slimgpt,gen,30,pair,zh,en-zh+zh-en,True,alma-7b-slimgpt30-gen-pair-zh,ru-en,True,False,,,,,,,,,,,,,,,,,,,,,,,
alma-7b-slimgpt30-gen-pair-zh-lora,alma-7b-slimgpt30-gen-pair-zh-lora__alma10-greedy__e66a68f0350f,slimgpt,gen,30,pair,zh,en-zh+zh-en,True,alma-7b-slimgpt30-gen-pair-zh,zh-en,True,True,1875,0.785636,21.1941,48.4299,3.01395,-0.011058,-1.2272,-1.3144,0.310779,0.006903,-0.428057,0.0011,0.0005,0.0043,0.0043,0,0.9603,0.0005,0.0144,0.0139,0.0011,0.0036,0.9814
alma-7b-slimgpt30-gen-pair-zh-lora,alma-7b-slimgpt30-gen-pair-zh-lora__alma10-greedy__e66a68f0350f,slimgpt,gen,30,pair,zh,en-zh+zh-en,True,alma-7b-slimgpt30-gen-pair-zh,en-cs,False,False,,,,,,,,,,,,,,,,,,,,,,,
alma-7b-slimgpt30-gen-pair-zh-lora,alma-7b-slimgpt30-gen-pair-zh-lora__alma10-greedy__e66a68f0350f,slimgpt,gen,30,pair,zh,en-zh+zh-en,True,alma-7b-slimgpt30-gen-pair-zh,en-de,False,False,,,,,,,,,,,,,,,,,,,,,,,
alma-7b-slimgpt30-gen-pair-zh-lora,alma-7b-slimgpt30-gen-pair-zh-lora__alma10-greedy__e66a68f0350f,slimgpt,gen,30,pair,zh,en-zh+zh-en,True,alma-7b-slimgpt30-gen-pair-zh,en-is,False,False,,,,,,,,,,,,,,,,,,,,,,,
alma-7b-slimgpt30-gen-pair-zh-lora,alma-7b-slimgpt30-gen-pair-zh-lora__alma10-greedy__e66a68f0350f,slimgpt,gen,30,pair,zh,en-zh+zh-en,True,alma-7b-slimgpt30-gen-pair-zh,en-ru,False,False,,,,,,,,,,,,,,,,,,,,,,,
alma-7b-slimgpt30-gen-pair-zh-lora,alma-7b-slimgpt30-gen-pair-zh-lora__alma10-greedy__e66a68f0350f,slimgpt,gen,30,pair,zh,en-zh+zh-en,True,alma-7b-slimgpt30-gen-pair-zh,en-zh,False,True,2037,0.831723,32.53,25.614,2.11814,-0.015951,-2.5134,-1.7781,0.258861,0.031181,-0.739429,0,0,0.002,0.002,0,0.9946,0,0.1522,0.0295,0,0.003,1.0051
alma-7b-slimgpt40-gen-multi-lora,alma-7b-slimgpt40-gen-multi-lora__alma10-greedy__ce1ac2d78003,slimgpt,gen,40,multi,,cs-en+de-en+is-en+ru-en+zh-en+en-cs+en-de+en-is+en-ru+en-zh,True,alma-7b-slimgpt40-gen-multi,cs-en,True,True,1448,0.839448,36.9406,59.0051,4.50574,-0.016399,-4.3816,-3.633,0.593826,0.008364,-0.464318,0.0048,0,0.0007,0.0007,0,0.9772,0.0007,0.0014,0.0055,0.0048,0.0053,1.0028
alma-7b-slimgpt40-gen-multi-lora,alma-7b-slimgpt40-gen-multi-lora__alma10-greedy__ce1ac2d78003,slimgpt,gen,40,multi,,cs-en+de-en+is-en+ru-en+zh-en+en-cs+en-de+en-is+en-ru+en-zh,True,alma-7b-slimgpt40-gen-multi,de-en,True,True,1984,0.825713,26.1669,50.0443,3.9211,-0.01183,-2.9055,-2.2784,0.501513,0.010386,-0.400707,0.002,0,0,0,0,0.9205,0.0005,0.0055,0.0091,0.002,0.0047,0.9431
alma-7b-slimgpt40-gen-multi-lora,alma-7b-slimgpt40-gen-multi-lora__alma10-greedy__ce1ac2d78003,slimgpt,gen,40,multi,,cs-en+de-en+is-en+ru-en+zh-en+en-cs+en-de+en-is+en-ru+en-zh,True,alma-7b-slimgpt40-gen-multi,is-en,True,True,1000,0.836388,29.7461,51.6943,4.3002,-0.020358,-4.8531,-4.4275,0.857786,0.001102,-0.150597,0.006,0,0,0,0,0.935,0,0.001,0.007,0.006,0.0053,0.9688
alma-7b-slimgpt40-gen-multi-lora,alma-7b-slimgpt40-gen-multi-lora__alma10-greedy__ce1ac2d78003,slimgpt,gen,40,multi,,cs-en+de-en+is-en+ru-en+zh-en+en-cs+en-de+en-is+en-ru+en-zh,True,alma-7b-slimgpt40-gen-multi,ru-en,True,True,2016,0.827812,33.2351,57.6781,3.78515,-0.01671,-3.7683,-2.8684,0.672503,0.013727,-0.532264,0.0005,0,0,0,0,0.9969,0.0005,0.0045,0.0164,0.0005,0.007,1.0201
alma-7b-slimgpt40-gen-multi-lora,alma-7b-slimgpt40-gen-multi-lora__alma10-greedy__ce1ac2d78003,slimgpt,gen,40,multi,,cs-en+de-en+is-en+ru-en+zh-en+en-cs+en-de+en-is+en-ru+en-zh,True,alma-7b-slimgpt40-gen-multi,zh-en,True,True,1875,0.774873,19.9498,46.9287,3.30731,-0.021821,-2.4715,-2.8156,0.604147,0.020735,-0.922486,0.0021,0.0021,0.008,0.008,0,0.9765,0.0011,0.0107,0.0128,0.0021,0.0037,1.0042
alma-7b-slimgpt40-gen-multi-lora,alma-7b-slimgpt40-gen-multi-lora__alma10-greedy__ce1ac2d78003,slimgpt,gen,40,multi,,cs-en+de-en+is-en+ru-en+zh-en+en-cs+en-de+en-is+en-ru+en-zh,True,alma-7b-slimgpt40-gen-multi,en-cs,False,True,2037,0.832368,21.626,44.6281,5.21222,-0.04687,-4.7863,-5.3435,1.72847,0.034943,-1.6871,0.0034,0.001,0.0025,0.0025,0,0.9742,0,0.0118,0.0187,0.0034,0.0069,1.0032
alma-7b-slimgpt40-gen-multi-lora,alma-7b-slimgpt40-gen-multi-lora__alma10-greedy__ce1ac2d78003,slimgpt,gen,40,multi,,cs-en+de-en+is-en+ru-en+zh-en+en-cs+en-de+en-is+en-ru+en-zh,True,alma-7b-slimgpt40-gen-multi,en-de,False,True,2037,0.818252,25.152,50.6395,1.72017,-0.030429,-3.1142,-3.8221,0.626657,0.029258,-0.411688,0.0172,0,0.0005,0.0005,0,0.9889,0.0167,0.0049,0.0201,0.0172,0.014,1.0054
alma-7b-slimgpt40-gen-multi-lora,alma-7b-slimgpt40-gen-multi-lora__alma10-greedy__ce1ac2d78003,slimgpt,gen,40,multi,,cs-en+de-en+is-en+ru-en+zh-en+en-cs+en-de+en-is+en-ru+en-zh,True,alma-7b-slimgpt40-gen-multi,en-is,False,True,1000,0.797091,18.1328,43.0656,6.7215,-0.047725,-5.7804,-6.0131,2.64922,0.046236,-2.43965,0.001,0.001,0.004,0.004,0,0.9813,0.001,0.001,0.007,0.001,0.0039,1.018
alma-7b-slimgpt40-gen-multi-lora,alma-7b-slimgpt40-gen-multi-lora__alma10-greedy__ce1ac2d78003,slimgpt,gen,40,multi,,cs-en+de-en+is-en+ru-en+zh-en+en-cs+en-de+en-is+en-ru+en-zh,True,alma-7b-slimgpt40-gen-multi,en-ru,False,True,2037,0.834722,21.3845,44.9647,3.12884,-0.028306,-3.7644,-4.0162,0.858406,0.034047,-1.01378,0.001,0.0005,0.0005,0.0005,0,0.9655,0,0.0098,0.026,0.001,0.0118,1.0013
alma-7b-slimgpt40-gen-multi-lora,alma-7b-slimgpt40-gen-multi-lora__alma10-greedy__ce1ac2d78003,slimgpt,gen,40,multi,,cs-en+de-en+is-en+ru-en+zh-en+en-cs+en-de+en-is+en-ru+en-zh,True,alma-7b-slimgpt40-gen-multi,en-zh,False,True,2037,0.809183,29.2502,24.0802,2.55065,-0.038491,-5.7932,-3.3119,0.691373,0.060418,-1.48227,0.0005,0.0005,0.0103,0.0103,0,1.0564,0.0005,0.1502,0.0275,0.0005,0.0043,1.0411
alma-7b-slimgpt40-gen-pair-cs-lora,alma-7b-slimgpt40-gen-pair-cs-lora__alma10-greedy__303b1c9ddd20,slimgpt,gen,40,pair,cs,cs-en+en-cs,True,alma-7b-slimgpt40-gen-pair-cs,cs-en,True,True,1448,0.839356,36.8421,58.8431,4.53817,-0.016491,-4.4801,-3.795,0.626254,0.008272,-0.43189,0.0055,0.0007,0.0007,0.0007,0,0.965,0,0.0014,0.0062,0.0055,0.005,0.9882
alma-7b-slimgpt40-gen-pair-cs-lora,alma-7b-slimgpt40-gen-pair-cs-lora__alma10-greedy__303b1c9ddd20,slimgpt,gen,40,pair,cs,cs-en+en-cs,True,alma-7b-slimgpt40-gen-pair-cs,de-en,True,False,,,,,,,,,,,,,,,,,,,,,,,
alma-7b-slimgpt40-gen-pair-cs-lora,alma-7b-slimgpt40-gen-pair-cs-lora__alma10-greedy__303b1c9ddd20,slimgpt,gen,40,pair,cs,cs-en+en-cs,True,alma-7b-slimgpt40-gen-pair-cs,is-en,True,False,,,,,,,,,,,,,,,,,,,,,,,
alma-7b-slimgpt40-gen-pair-cs-lora,alma-7b-slimgpt40-gen-pair-cs-lora__alma10-greedy__303b1c9ddd20,slimgpt,gen,40,pair,cs,cs-en+en-cs,True,alma-7b-slimgpt40-gen-pair-cs,ru-en,True,False,,,,,,,,,,,,,,,,,,,,,,,
alma-7b-slimgpt40-gen-pair-cs-lora,alma-7b-slimgpt40-gen-pair-cs-lora__alma10-greedy__303b1c9ddd20,slimgpt,gen,40,pair,cs,cs-en+en-cs,True,alma-7b-slimgpt40-gen-pair-cs,zh-en,True,False,,,,,,,,,,,,,,,,,,,,,,,
alma-7b-slimgpt40-gen-pair-cs-lora,alma-7b-slimgpt40-gen-pair-cs-lora__alma10-greedy__303b1c9ddd20,slimgpt,gen,40,pair,cs,cs-en+en-cs,True,alma-7b-slimgpt40-gen-pair-cs,en-cs,False,True,2037,0.850072,22.6896,46.5735,4.49964,-0.029166,-3.7227,-3.3981,1.01589,0.052647,-2.39968,0.0039,0.0005,0.0005,0.0005,0,0.9647,0.0025,0.0098,0.0152,0.0039,0.0066,0.9843
alma-7b-slimgpt40-gen-pair-cs-lora,alma-7b-slimgpt40-gen-pair-cs-lora__alma10-greedy__303b1c9ddd20,slimgpt,gen,40,pair,cs,cs-en+en-cs,True,alma-7b-slimgpt40-gen-pair-cs,en-de,False,False,,,,,,,,,,,,,,,,,,,,,,,
alma-7b-slimgpt40-gen-pair-cs-lora,alma-7b-slimgpt40-gen-pair-cs-lora__alma10-greedy__303b1c9ddd20,slimgpt,gen,40,pair,cs,cs-en+en-cs,True,alma-7b-slimgpt40-gen-pair-cs,en-is,False,False,,,,,,,,,,,,,,,,,,,,,,,
alma-7b-slimgpt40-gen-pair-cs-lora,alma-7b-slimgpt40-gen-pair-cs-lora__alma10-greedy__303b1c9ddd20,slimgpt,gen,40,pair,cs,cs-en+en-cs,True,alma-7b-slimgpt40-gen-pair-cs,en-ru,False,False,,,,,,,,,,,,,,,,,,,,,,,
alma-7b-slimgpt40-gen-pair-cs-lora,alma-7b-slimgpt40-gen-pair-cs-lora__alma10-greedy__303b1c9ddd20,slimgpt,gen,40,pair,cs,cs-en+en-cs,True,alma-7b-slimgpt40-gen-pair-cs,en-zh,False,False,,,,,,,,,,,,,,,,,,,,,,,
alma-7b-slimgpt40-gen-pair-de-lora,alma-7b-slimgpt40-gen-pair-de-lora__alma10-greedy__3b859bc37dd8,slimgpt,gen,40,pair,de,de-en+en-de,True,alma-7b-slimgpt40-gen-pair-de,cs-en,True,False,,,,,,,,,,,,,,,,,,,,,,,
alma-7b-slimgpt40-gen-pair-de-lora,alma-7b-slimgpt40-gen-pair-de-lora__alma10-greedy__3b859bc37dd8,slimgpt,gen,40,pair,de,de-en+en-de,True,alma-7b-slimgpt40-gen-pair-de,de-en,True,True,1984,0.829115,26.9838,51.0365,3.81625,-0.008428,-2.0886,-1.2862,0.396661,0.013788,-0.505559,0.0015,0,0,0,0,0.9208,0.0005,0.006,0.0066,0.0015,0.0053,0.9371
alma-7b-slimgpt40-gen-pair-de-lora,alma-7b-slimgpt40-gen-pair-de-lora__alma10-greedy__3b859bc37dd8,slimgpt,gen,40,pair,de,de-en+en-de,True,alma-7b-slimgpt40-gen-pair-de,is-en,True,False,,,,,,,,,,,,,,,,,,,,,,,
alma-7b-slimgpt40-gen-pair-de-lora,alma-7b-slimgpt40-gen-pair-de-lora__alma10-greedy__3b859bc37dd8,slimgpt,gen,40,pair,de,de-en+en-de,True,alma-7b-slimgpt40-gen-pair-de,ru-en,True,False,,,,,,,,,,,,,,,,,,,,,,,
alma-7b-slimgpt40-gen-pair-de-lora,alma-7b-slimgpt40-gen-pair-de-lora__alma10-greedy__3b859bc37dd8,slimgpt,gen,40,pair,de,de-en+en-de,True,alma-7b-slimgpt40-gen-pair-de,zh-en,True,False,,,,,,,,,,,,,,,,,,,,,,,
alma-7b-slimgpt40-gen-pair-de-lora,alma-7b-slimgpt40-gen-pair-de-lora__alma10-greedy__3b859bc37dd8,slimgpt,gen,40,pair,de,de-en+en-de,True,alma-7b-slimgpt40-gen-pair-de,en-cs,False,False,,,,,,,,,,,,,,,,,,,,,,,
alma-7b-slimgpt40-gen-pair-de-lora,alma-7b-slimgpt40-gen-pair-de-lora__alma10-greedy__3b859bc37dd8,slimgpt,gen,40,pair,de,de-en+en-de,True,alma-7b-slimgpt40-gen-pair-de,en-de,False,True,2037,0.828324,25.4917,51.603,1.55561,-0.020357,-2.7745,-2.8586,0.4621,0.03933,-0.576245,0.0113,0.0005,0,0,0,0.9884,0.0103,0.0034,0.0152,0.0113,0.0132,1.011
alma-7b-slimgpt40-gen-pair-de-lora,alma-7b-slimgpt40-gen-pair-de-lora__alma10-greedy__3b859bc37dd8,slimgpt,gen,40,pair,de,de-en+en-de,True,alma-7b-slimgpt40-gen-pair-de,en-is,False,False,,,,,,,,,,,,,,,,,,,,,,,
alma-7b-slimgpt40-gen-pair-de-lora,alma-7b-slimgpt40-gen-pair-de-lora__alma10-greedy__3b859bc37dd8,slimgpt,gen,40,pair,de,de-en+en-de,True,alma-7b-slimgpt40-gen-pair-de,en-ru,False,False,,,,,,,,,,,,,,,,,,,,,,,
alma-7b-slimgpt40-gen-pair-de-lora,alma-7b-slimgpt40-gen-pair-de-lora__alma10-greedy__3b859bc37dd8,slimgpt,gen,40,pair,de,de-en+en-de,True,alma-7b-slimgpt40-gen-pair-de,en-zh,False,False,,,,,,,,,,,,,,,,,,,,,,,
alma-7b-slimgpt40-gen-pair-is-lora,alma-7b-slimgpt40-gen-pair-is-lora__alma10-greedy__54dfbd63e14b,slimgpt,gen,40,pair,is,en-is+is-en,True,alma-7b-slimgpt40-gen-pair-is,cs-en,True,False,,,,,,,,,,,,,,,,,,,,,,,
alma-7b-slimgpt40-gen-pair-is-lora,alma-7b-slimgpt40-gen-pair-is-lora__alma10-greedy__54dfbd63e14b,slimgpt,gen,40,pair,is,en-is+is-en,True,alma-7b-slimgpt40-gen-pair-is,de-en,True,False,,,,,,,,,,,,,,,,,,,,,,,
alma-7b-slimgpt40-gen-pair-is-lora,alma-7b-slimgpt40-gen-pair-is-lora__alma10-greedy__54dfbd63e14b,slimgpt,gen,40,pair,is,en-is+is-en,True,alma-7b-slimgpt40-gen-pair-is,is-en,True,True,1000,0.83675,28.3405,51.3423,4.35956,-0.019996,-6.2587,-4.7795,0.917147,0.001464,-0.091236,0.005,0,0,0,0,0.9316,0,0,0.009,0.005,0.0058,0.958
alma-7b-slimgpt40-gen-pair-is-lora,alma-7b-slimgpt40-gen-pair-is-lora__alma10-greedy__54dfbd63e14b,slimgpt,gen,40,pair,is,en-is+is-en,True,alma-7b-slimgpt40-gen-pair-is,ru-en,True,False,,,,,,,,,,,,,,,,,,,,,,,
alma-7b-slimgpt40-gen-pair-is-lora,alma-7b-slimgpt40-gen-pair-is-lora__alma10-greedy__54dfbd63e14b,slimgpt,gen,40,pair,is,en-is+is-en,True,alma-7b-slimgpt40-gen-pair-is,zh-en,True,False,,,,,,,,,,,,,,,,,,,,,,,
alma-7b-slimgpt40-gen-pair-is-lora,alma-7b-slimgpt40-gen-pair-is-lora__alma10-greedy__54dfbd63e14b,slimgpt,gen,40,pair,is,en-is+is-en,True,alma-7b-slimgpt40-gen-pair-is,en-cs,False,False,,,,,,,,,,,,,,,,,,,,,,,
alma-7b-slimgpt40-gen-pair-is-lora,alma-7b-slimgpt40-gen-pair-is-lora__alma10-greedy__54dfbd63e14b,slimgpt,gen,40,pair,is,en-is+is-en,True,alma-7b-slimgpt40-gen-pair-is,en-de,False,False,,,,,,,,,,,,,,,,,,,,,,,
alma-7b-slimgpt40-gen-pair-is-lora,alma-7b-slimgpt40-gen-pair-is-lora__alma10-greedy__54dfbd63e14b,slimgpt,gen,40,pair,is,en-is+is-en,True,alma-7b-slimgpt40-gen-pair-is,en-is,False,True,1000,0.813727,18.7258,43.8412,6.14176,-0.031089,-5.1874,-5.2375,2.06949,0.062872,-3.01939,0.001,0,0.002,0.002,0,0.959,0,0,0.003,0.001,0.0039,0.9839
alma-7b-slimgpt40-gen-pair-is-lora,alma-7b-slimgpt40-gen-pair-is-lora__alma10-greedy__54dfbd63e14b,slimgpt,gen,40,pair,is,en-is+is-en,True,alma-7b-slimgpt40-gen-pair-is,en-ru,False,False,,,,,,,,,,,,,,,,,,,,,,,
alma-7b-slimgpt40-gen-pair-is-lora,alma-7b-slimgpt40-gen-pair-is-lora__alma10-greedy__54dfbd63e14b,slimgpt,gen,40,pair,is,en-is+is-en,True,alma-7b-slimgpt40-gen-pair-is,en-zh,False,False,,,,,,,,,,,,,,,,,,,,,,,
alma-7b-slimgpt40-gen-pair-ru-lora,alma-7b-slimgpt40-gen-pair-ru-lora__alma10-greedy__f7a99a30dfed,slimgpt,gen,40,pair,ru,en-ru+ru-en,True,alma-7b-slimgpt40-gen-pair-ru,cs-en,True,False,,,,,,,,,,,,,,,,,,,,,,,
alma-7b-slimgpt40-gen-pair-ru-lora,alma-7b-slimgpt40-gen-pair-ru-lora__alma10-greedy__f7a99a30dfed,slimgpt,gen,40,pair,ru,en-ru+ru-en,True,alma-7b-slimgpt40-gen-pair-ru,de-en,True,False,,,,,,,,,,,,,,,,,,,,,,,
alma-7b-slimgpt40-gen-pair-ru-lora,alma-7b-slimgpt40-gen-pair-ru-lora__alma10-greedy__f7a99a30dfed,slimgpt,gen,40,pair,ru,en-ru+ru-en,True,alma-7b-slimgpt40-gen-pair-ru,is-en,True,False,,,,,,,,,,,,,,,,,,,,,,,
alma-7b-slimgpt40-gen-pair-ru-lora,alma-7b-slimgpt40-gen-pair-ru-lora__alma10-greedy__f7a99a30dfed,slimgpt,gen,40,pair,ru,en-ru+ru-en,True,alma-7b-slimgpt40-gen-pair-ru,ru-en,True,True,2016,0.825984,33.1437,57.8518,3.82513,-0.018538,-3.8597,-2.6947,0.712486,0.011899,-0.492281,0.0005,0,0.0005,0.0005,0,0.9986,0.0005,0.0045,0.0198,0.0005,0.0073,1.0209
alma-7b-slimgpt40-gen-pair-ru-lora,alma-7b-slimgpt40-gen-pair-ru-lora__alma10-greedy__f7a99a30dfed,slimgpt,gen,40,pair,ru,en-ru+ru-en,True,alma-7b-slimgpt40-gen-pair-ru,zh-en,True,False,,,,,,,,,,,,,,,,,,,,,,,
alma-7b-slimgpt40-gen-pair-ru-lora,alma-7b-slimgpt40-gen-pair-ru-lora__alma10-greedy__f7a99a30dfed,slimgpt,gen,40,pair,ru,en-ru+ru-en,True,alma-7b-slimgpt40-gen-pair-ru,en-cs,False,False,,,,,,,,,,,,,,,,,,,,,,,
alma-7b-slimgpt40-gen-pair-ru-lora,alma-7b-slimgpt40-gen-pair-ru-lora__alma10-greedy__f7a99a30dfed,slimgpt,gen,40,pair,ru,en-ru+ru-en,True,alma-7b-slimgpt40-gen-pair-ru,en-de,False,False,,,,,,,,,,,,,,,,,,,,,,,
alma-7b-slimgpt40-gen-pair-ru-lora,alma-7b-slimgpt40-gen-pair-ru-lora__alma10-greedy__f7a99a30dfed,slimgpt,gen,40,pair,ru,en-ru+ru-en,True,alma-7b-slimgpt40-gen-pair-ru,en-is,False,False,,,,,,,,,,,,,,,,,,,,,,,
alma-7b-slimgpt40-gen-pair-ru-lora,alma-7b-slimgpt40-gen-pair-ru-lora__alma10-greedy__f7a99a30dfed,slimgpt,gen,40,pair,ru,en-ru+ru-en,True,alma-7b-slimgpt40-gen-pair-ru,en-ru,False,True,2037,0.83525,21.1189,45.568,3.15517,-0.027778,-4.03,-3.4129,0.884733,0.034575,-0.987452,0.0005,0,0,0,0,0.9654,0.0005,0.0093,0.0319,0.0005,0.012,0.994
alma-7b-slimgpt40-gen-pair-ru-lora,alma-7b-slimgpt40-gen-pair-ru-lora__alma10-greedy__f7a99a30dfed,slimgpt,gen,40,pair,ru,en-ru+ru-en,True,alma-7b-slimgpt40-gen-pair-ru,en-zh,False,False,,,,,,,,,,,,,,,,,,,,,,,
alma-7b-slimgpt40-gen-pair-zh-lora,alma-7b-slimgpt40-gen-pair-zh-lora__alma10-greedy__1cb20c54b2c2,slimgpt,gen,40,pair,zh,en-zh+zh-en,True,alma-7b-slimgpt40-gen-pair-zh,cs-en,True,False,,,,,,,,,,,,,,,,,,,,,,,
alma-7b-slimgpt40-gen-pair-zh-lora,alma-7b-slimgpt40-gen-pair-zh-lora__alma10-greedy__1cb20c54b2c2,slimgpt,gen,40,pair,zh,en-zh+zh-en,True,alma-7b-slimgpt40-gen-pair-zh,de-en,True,False,,,,,,,,,,,,,,,,,,,,,,,
alma-7b-slimgpt40-gen-pair-zh-lora,alma-7b-slimgpt40-gen-pair-zh-lora__alma10-greedy__1cb20c54b2c2,slimgpt,gen,40,pair,zh,en-zh+zh-en,True,alma-7b-slimgpt40-gen-pair-zh,is-en,True,False,,,,,,,,,,,,,,,,,,,,,,,
alma-7b-slimgpt40-gen-pair-zh-lora,alma-7b-slimgpt40-gen-pair-zh-lora__alma10-greedy__1cb20c54b2c2,slimgpt,gen,40,pair,zh,en-zh+zh-en,True,alma-7b-slimgpt40-gen-pair-zh,ru-en,True,False,,,,,,,,,,,,,,,,,,,,,,,
alma-7b-slimgpt40-gen-pair-zh-lora,alma-7b-slimgpt40-gen-pair-zh-lora__alma10-greedy__1cb20c54b2c2,slimgpt,gen,40,pair,zh,en-zh+zh-en,True,alma-7b-slimgpt40-gen-pair-zh,zh-en,True,True,1875,0.772281,20.1338,47.0079,3.48556,-0.024413,-2.2875,-2.7364,0.782398,0.018143,-0.744235,0.0011,0.0005,0.0043,0.0043,0,0.956,0.0005,0.0123,0.0133,0.0011,0.0038,0.9851
alma-7b-slimgpt40-gen-pair-zh-lora,alma-7b-slimgpt40-gen-pair-zh-lora__alma10-greedy__1cb20c54b2c2,slimgpt,gen,40,pair,zh,en-zh+zh-en,True,alma-7b-slimgpt40-gen-pair-zh,en-cs,False,False,,,,,,,,,,,,,,,,,,,,,,,
alma-7b-slimgpt40-gen-pair-zh-lora,alma-7b-slimgpt40-gen-pair-zh-lora__alma10-greedy__1cb20c54b2c2,slimgpt,gen,40,pair,zh,en-zh+zh-en,True,alma-7b-slimgpt40-gen-pair-zh,en-de,False,False,,,,,,,,,,,,,,,,,,,,,,,
alma-7b-slimgpt40-gen-pair-zh-lora,alma-7b-slimgpt40-gen-pair-zh-lora__alma10-greedy__1cb20c54b2c2,slimgpt,gen,40,pair,zh,en-zh+zh-en,True,alma-7b-slimgpt40-gen-pair-zh,en-is,False,False,,,,,,,,,,,,,,,,,,,,,,,
alma-7b-slimgpt40-gen-pair-zh-lora,alma-7b-slimgpt40-gen-pair-zh-lora__alma10-greedy__1cb20c54b2c2,slimgpt,gen,40,pair,zh,en-zh+zh-en,True,alma-7b-slimgpt40-gen-pair-zh,en-ru,False,False,,,,,,,,,,,,,,,,,,,,,,,
alma-7b-slimgpt40-gen-pair-zh-lora,alma-7b-slimgpt40-gen-pair-zh-lora__alma10-greedy__1cb20c54b2c2,slimgpt,gen,40,pair,zh,en-zh+zh-en,True,alma-7b-slimgpt40-gen-pair-zh,en-zh,False,True,2037,0.817253,29.8881,24.1063,2.45707,-0.030421,-5.1553,-3.2858,0.597797,0.068488,-1.57584,0,0,0.0059,0.0059,0,1.011,0,0.1473,0.0245,0,0.0024,1.0153
alma-7b-slimgpt40-ref-multi-lora,alma-7b-slimgpt40-ref-multi-lora__alma10-greedy__3ecc19b7d210,slimgpt,ref,40,multi,,cs-en+de-en+is-en+ru-en+zh-en+en-cs+en-de+en-is+en-ru+en-zh,True,alma-7b-slimgpt40-ref-multi,cs-en,True,True,1448,0.839274,37.3758,59.4357,4.50478,-0.016573,-3.9464,-3.2024,0.592862,0.006732,-0.434659,0.0055,0,0.0007,0.0007,0,0.9887,0.0007,0.0007,0.0062,0.0055,0.0048,1.0093
alma-7b-slimgpt40-ref-multi-lora,alma-7b-slimgpt40-ref-multi-lora__alma10-greedy__3ecc19b7d210,slimgpt,ref,40,multi,,cs-en+de-en+is-en+ru-en+zh-en+en-cs+en-de+en-is+en-ru+en-zh,True,alma-7b-slimgpt40-ref-multi,de-en,True,True,1984,0.826679,26.1296,50.0851,3.86492,-0.010864,-2.9428,-2.2376,0.445335,0.013242,-0.50833,0.0015,0,0,0,0,0.9243,0.0005,0.0066,0.0081,0.0015,0.0043,0.9461
alma-7b-slimgpt40-ref-multi-lora,alma-7b-slimgpt40-ref-multi-lora__alma10-greedy__3ecc19b7d210,slimgpt,ref,40,multi,,cs-en+de-en+is-en+ru-en+zh-en+en-cs+en-de+en-is+en-ru+en-zh,True,alma-7b-slimgpt40-ref-multi,is-en,True,True,1000,0.837097,29.5008,51.5947,4.32884,-0.019649,-5.0984,-4.5271,0.886431,0.002228,-0.115927,0.004,0,0,0,0,0.9262,0,0.001,0.009,0.004,0.0052,0.9612
alma-7b-slimgpt40-ref-multi-lora,alma-7b-slimgpt40-ref-multi-lora__alma10-greedy__3ecc19b7d210,slimgpt,ref,40,multi,,cs-en+de-en+is-en+ru-en+zh-en+en-cs+en-de+en-is+en-ru+en-zh,True,alma-7b-slimgpt40-ref-multi,ru-en,True,True,2016,0.827147,32.8633,57.5399,3.75579,-0.017375,-4.1401,-3.0066,0.643144,0.011603,-0.570759,0,0,0.0005,0.0005,0,1.0034,0.0005,0.0035,0.0169,0,0.0069,1.0261
alma-7b-slimgpt40-ref-multi-lora,alma-7b-slimgpt40-ref-multi-lora__alma10-greedy__3ecc19b7d210,slimgpt,ref,40,multi,,cs-en+de-en+is-en+ru-en+zh-en+en-cs+en-de+en-is+en-ru+en-zh,True,alma-7b-slimgpt40-ref-multi,zh-en,True,True,1875,0.777401,20.022,47.0596,3.25046,-0.019293,-2.3993,-2.6847,0.547291,0.021286,-0.919267,0.0016,0.0027,0.0064,0.0064,0,0.9803,0.0005,0.0096,0.0117,0.0016,0.0035,1.0057
alma-7b-slimgpt40-ref-multi-lora,alma-7b-slimgpt40-ref-multi-lora__alma10-greedy__3ecc19b7d210,slimgpt,ref,40,multi,,cs-en+de-en+is-en+ru-en+zh-en+en-cs+en-de+en-is+en-ru+en-zh,True,alma-7b-slimgpt40-ref-multi,en-cs,False,True,2037,0.83371,21.5673,44.5642,5.19404,-0.045528,-4.845,-5.4074,1.71029,0.036972,-1.63103,0.0039,0.001,0.0039,0.0039,0,0.9714,0.0005,0.0103,0.0167,0.0039,0.0068,0.9936
alma-7b-slimgpt40-ref-multi-lora,alma-7b-slimgpt40-ref-multi-lora__alma10-greedy__3ecc19b7d210,slimgpt,ref,40,multi,,cs-en+de-en+is-en+ru-en+zh-en+en-cs+en-de+en-is+en-ru+en-zh,True,alma-7b-slimgpt40-ref-multi,en-de,False,True,2037,0.817047,24.8809,50.5055,1.71035,-0.031634,-3.3853,-3.9561,0.61684,0.028103,-0.439694,0.0187,0,0.0005,0.0005,0,0.99,0.0172,0.0059,0.026,0.0187,0.0138,1.006
alma-7b-slimgpt40-ref-multi-lora,alma-7b-slimgpt40-ref-multi-lora__alma10-greedy__3ecc19b7d210,slimgpt,ref,40,multi,,cs-en+de-en+is-en+ru-en+zh-en+en-cs+en-de+en-is+en-ru+en-zh,True,alma-7b-slimgpt40-ref-multi,en-is,False,True,1000,0.796142,17.9873,42.9955,6.83594,-0.048674,-5.9259,-6.0832,2.76367,0.049087,-2.25106,0.001,0.001,0.005,0.005,0,0.9738,0,0,0.008,0.001,0.004,1.0116
alma-7b-slimgpt40-ref-multi-lora,alma-7b-slimgpt40-ref-multi-lora__alma10-greedy__3ecc19b7d210,slimgpt,ref,40,multi,,cs-en+de-en+is-en+ru-en+zh-en+en-cs+en-de+en-is+en-ru+en-zh,True,alma-7b-slimgpt40-ref-multi,en-ru,False,True,2037,0.83131,21.2037,44.9431,3.13793,-0.031718,-3.9452,-4.0378,0.867497,0.029845,-1.0444,0.0005,0.001,0.0015,0.0015,0,0.9747,0.0005,0.0088,0.0314,0.0005,0.012,1.007
alma-7b-slimgpt40-ref-multi-lora,alma-7b-slimgpt40-ref-multi-lora__alma10-greedy__3ecc19b7d210,slimgpt,ref,40,multi,,cs-en+de-en+is-en+ru-en+zh-en+en-cs+en-de+en-is+en-ru+en-zh,True,alma-7b-slimgpt40-ref-multi,en-zh,False,True,2037,0.808754,29.4894,24.8551,2.57364,-0.03892,-5.554,-2.537,0.714362,0.064162,-1.50048,0,0,0.0064,0.0064,0,1.0201,0,0.1527,0.0226,0,0.0002,1.0353
